record_id,vehicle,community,community_url,post_id,comment_id,parent_id,source_type,author_id,author_pseudonym,date,text_raw,url,scraped_at,_origin,dedup_key,is_duplicate,text_clean,text_normalized,vehicle_v2,vehicle_confidence,vehicle_reason,candidate_adas,matched_keywords,layer_hit,feature_names_hit,generic_adas_only,adas_relevance,relevance_reason,relevance_confidence,feature,subfeature,driving_scenario,evidence_type,sentiment,smoothness,expectation_mismatch,feature_confidence
rec_dd12ce1ad469c7dd,Toyota Zenix,Toyota Zenix owners Indonesia,https://www.facebook.com/groups/921208719233043,post_2,post_2_comment_42,post_2,comment,,,,TOYOTA VELOZ Q Modelista HYBRID… Lihat selengkapnya,https://www.facebook.com/groups/921208719233043,2026-09-18T03:19:10Z,raw_data_run_20260918_101715_601a04.csv,rec_dd12ce1ad469c7dd,False,TOYOTA VELOZ Q Modelista HYBRID… Lihat selengkapnya,toyota veloz q modelista hybrid… lihat selengkapnya,Toyota Veloz,medium,explicit_text_alias_strong_but_context_Toyota_Zenix,False,,,,False,not_relevant,no_adas_keyword,,UNKNOWN,,,,,,,
rec_7c948904fa4a17a8,Toyota Zenix,Toyota Zenix owners Indonesia,https://www.facebook.com/groups/921208719233043,post_3,post_3_comment_42,post_3,comment,,,,TOYOTA VELOZ Q Modelista HYBRID… Lihat selengkapnya,https://www.facebook.com/groups/921208719233043,2026-09-18T03:19:59Z,raw_data_run_20260918_101715_601a04.csv,rec_7c948904fa4a17a8,False,TOYOTA VELOZ Q Modelista HYBRID… Lihat selengkapnya,toyota veloz q modelista hybrid… lihat selengkapnya,Toyota Veloz,medium,explicit_text_alias_strong_but_context_Toyota_Zenix,False,,,,False,not_relevant,no_adas_keyword,,UNKNOWN,,,,,,,
rec_ea003c88e06da3a1,Toyota Zenix,Toyota Zenix owners Indonesia,https://www.facebook.com/groups/921208719233043,post_4,post_4_comment_42,post_4,comment,,,,TOYOTA VELOZ Q Modelista HYBRID… Lihat selengkapnya,https://www.facebook.com/groups/921208719233043,2026-09-18T03:20:38Z,raw_data_run_20260918_101715_601a04.csv,rec_ea003c88e06da3a1,False,TOYOTA VELOZ Q Modelista HYBRID… Lihat selengkapnya,toyota veloz q modelista hybrid… lihat selengkapnya,Toyota Veloz,medium,explicit_text_alias_strong_but_context_Toyota_Zenix,False,,,,False,not_relevant,no_adas_keyword,,UNKNOWN,,,,,,,
rec_bf17bcb2dc0fdfdc,Toyota Zenix,Toyota Zenix owners Indonesia,https://www.facebook.com/groups/921208719233043,post_5,post_5_comment_42,post_5,comment,,,,TOYOTA VELOZ Q Modelista HYBRID… Lihat selengkapnya,https://www.facebook.com/groups/921208719233043,2026-09-18T03:21:17Z,raw_data_run_20260918_101715_601a04.csv,rec_bf17bcb2dc0fdfdc,False,TOYOTA VELOZ Q Modelista HYBRID… Lihat selengkapnya,toyota veloz q modelista hybrid… lihat selengkapnya,Toyota Veloz,medium,explicit_text_alias_strong_but_context_Toyota_Zenix,False,,,,False,not_relevant,no_adas_keyword,,UNKNOWN,,,,,,,
rec_3f7656dc581be9f1,Toyota Zenix,Toyota Zenix owners Indonesia,https://www.facebook.com/groups/921208719233043,post_6,post_6_comment_42,post_6,comment,,,,TOYOTA VELOZ Q Modelista HYBRID… Lihat selengkapnya,https://www.facebook.com/groups/921208719233043,2026-09-18T03:21:56Z,raw_data_run_20260918_101715_601a04.csv,rec_3f7656dc581be9f1,False,TOYOTA VELOZ Q Modelista HYBRID… Lihat selengkapnya,toyota veloz q modelista hybrid… lihat selengkapnya,Toyota Veloz,medium,explicit_text_alias_strong_but_context_Toyota_Zenix,False,,,,False,not_relevant,no_adas_keyword,,UNKNOWN,,,,,,,
rec_752a637f15925f20,Toyota Zenix,Toyota Zenix owners Indonesia,https://www.facebook.com/groups/921208719233043,post_7,post_7_comment_42,post_7,comment,,,,TOYOTA VELOZ Q Modelista HYBRID… Lihat selengkapnya,https://www.facebook.com/groups/921208719233043,2026-09-18T03:22:34Z,raw_data_run_20260918_101715_601a04.csv,rec_752a637f15925f20,False,TOYOTA VELOZ Q Modelista HYBRID… Lihat selengkapnya,toyota veloz q modelista hybrid… lihat selengkapnya,Toyota Veloz,medium,explicit_text_alias_strong_but_context_Toyota_Zenix,False,,,,False,not_relevant,no_adas_keyword,,UNKNOWN,,,,,,,
rec_791896f09db3f09c,Toyota Zenix,Toyota Zenix owners Indonesia,https://www.facebook.com/groups/921208719233043,post_8,post_8_comment_42,post_8,comment,,,,TOYOTA VELOZ Q Modelista HYBRID… Lihat selengkapnya,https://www.facebook.com/groups/921208719233043,2026-09-18T03:23:13Z,raw_data_run_20260918_101715_601a04.csv,rec_791896f09db3f09c,False,TOYOTA VELOZ Q Modelista HYBRID… Lihat selengkapnya,toyota veloz q modelista hybrid… lihat selengkapnya,Toyota Veloz,medium,explicit_text_alias_strong_but_context_Toyota_Zenix,False,,,,False,not_relevant,no_adas_keyword,,UNKNOWN,,,,,,,
rec_c975a655d033c4d8,Toyota Zenix,Toyota Zenix owners Indonesia,https://www.facebook.com/groups/921208719233043,post_9,post_9_comment_42,post_9,comment,,,,TOYOTA VELOZ Q Modelista HYBRID… Lihat selengkapnya,https://www.facebook.com/groups/921208719233043,2026-09-18T03:24:07Z,raw_data_run_20260918_101715_601a04.csv,rec_c975a655d033c4d8,False,TOYOTA VELOZ Q Modelista HYBRID… Lihat selengkapnya,toyota veloz q modelista hybrid… lihat selengkapnya,Toyota Veloz,medium,explicit_text_alias_strong_but_context_Toyota_Zenix,False,,,,False,not_relevant,no_adas_keyword,,UNKNOWN,,,,,,,
rec_0a8cb794c39b3fc7,Toyota Zenix,Toyota Zenix owners Indonesia,https://www.facebook.com/groups/921208719233043,post_10,post_10_comment_42,post_10,comment,,,,TOYOTA VELOZ Q Modelista HYBRID… Lihat selengkapnya,https://www.facebook.com/groups/921208719233043,2026-09-18T03:25:06Z,raw_data_run_20260918_101715_601a04.csv,rec_0a8cb794c39b3fc7,False,TOYOTA VELOZ Q Modelista HYBRID… Lihat selengkapnya,toyota veloz q modelista hybrid… lihat selengkapnya,Toyota Veloz,medium,explicit_text_alias_strong_but_context_Toyota_Zenix,False,,,,False,not_relevant,no_adas_keyword,,UNKNOWN,,,,,,,
rec_7729f1bab79ba9a3,Toyota Zenix,Toyota Zenix owners Indonesia,https://www.facebook.com/groups/921208719233043,post_11,post_11_comment_42,post_11,comment,,,,TOYOTA VELOZ Q Modelista HYBRID… Lihat selengkapnya,https://www.facebook.com/groups/921208719233043,2026-09-18T03:25:45Z,raw_data_run_20260918_101715_601a04.csv,rec_7729f1bab79ba9a3,False,TOYOTA VELOZ Q Modelista HYBRID… Lihat selengkapnya,toyota veloz q modelista hybrid… lihat selengkapnya,Toyota Veloz,medium,explicit_text_alias_strong_but_context_Toyota_Zenix,False,,,,False,not_relevant,no_adas_keyword,,UNKNOWN,,,,,,,
rec_3240d0c6390228f3,Toyota Veloz,VELOZ HYBRID INDONESIA,https://www.facebook.com/groups/1564504984994701,1809622023816328,,,post,,,,"Frazz Fernanda
  ·
9 jam
bisa nyala tanpa mesin, tp tdk sampai 1 jam jg... intinya saat baterai sisa 40% atau 3 bar mesin akan menyala utk mengisi bate… Lihat selengkapnya
Balas
Bagikan
3",https://web.facebook.com/groups/1564504984994701/posts/1809622023816328/?comment_id=1809699887141875&__cft__[0]=AZjZlJukv_iBnt3sMsEfPpLenyt28WVZBX_1cp0aYuTtWu4-seENoRXqavn3_NqReiAnWvwJxpe-6a6dsMSp-B2bU--gdVcrbnDG9-joksNAuUl3TPTS931UhfdeGRNlTOUqt5NnmIUTHMKBKxA4Sl77ddj4NCUn7RNrcfiGQcmZmYh2RAvket61FQ&__tn__=R-R,2026-09-18T03:29:58Z,raw_data_run_20260918_102948_3d1b49.csv,rec_3240d0c6390228f3,False,"Frazz Fernanda · 9 jam bisa nyala tanpa mesin, tp tdk sampai 1 jam jg... intinya saat baterai sisa 40% atau 3 bar mesin akan menyala utk mengisi bate… Lihat selengkapnya Balas Bagikan 3","frazz fernanda · 9 jam bisa nyala tanpa mesin, tp tdk sampai 1 jam jg... intinya saat baterai sisa 40% atau 3 bar mesin akan menyala utk mengisi bate… lihat selengkapnya balas bagikan 3",Toyota Veloz,medium,community_context,False,,,,False,not_relevant,no_adas_keyword,,UNKNOWN,,,,,,,
rec_a525060cb83da54f,Toyota Veloz,VELOZ HYBRID INDONESIA,https://www.facebook.com/groups/1564504984994701,1809622023816328,1809622023816328_comment_1,1809622023816328,comment,,,,"Ijin geng, mobil lama ga jalan. Pas cek , pada rembes... Pencegahan",https://web.facebook.com/groups/1564504984994701/posts/1809622023816328/?comment_id=1809699887141875&__cft__[0]=AZjZlJukv_iBnt3sMsEfPpLenyt28WVZBX_1cp0aYuTtWu4-seENoRXqavn3_NqReiAnWvwJxpe-6a6dsMSp-B2bU--gdVcrbnDG9-joksNAuUl3TPTS931UhfdeGRNlTOUqt5NnmIUTHMKBKxA4Sl77ddj4NCUn7RNrcfiGQcmZmYh2RAvket61FQ&__tn__=R-R,2026-09-18T03:30:03Z,raw_data_run_20260918_102948_3d1b49.csv,rec_a525060cb83da54f,False,"Ijin geng, mobil lama ga jalan. Pas cek , pada rembes... Pencegahan","ijin geng, mobil lama ga jalan. pas cek , pada rembes... pencegahan",Toyota Veloz,medium,community_context,False,,,,False,not_relevant,no_adas_keyword,,UNKNOWN,,,,,,,
rec_5de827ce094b387d,Toyota Veloz,VELOZ HYBRID INDONESIA,https://www.facebook.com/groups/1564504984994701,1809622023816328,1809622023816328_comment_2,1809622023816328,comment,,,,"mau tanya om, ac nya veloz hybrid bisa nyala tanpa mesin bensin nyala gak ya? misal untuk istirahat di rest area selama 1 jam gitu",https://web.facebook.com/groups/1564504984994701/posts/1809622023816328/?comment_id=1809699887141875&__cft__[0]=AZjZlJukv_iBnt3sMsEfPpLenyt28WVZBX_1cp0aYuTtWu4-seENoRXqavn3_NqReiAnWvwJxpe-6a6dsMSp-B2bU--gdVcrbnDG9-joksNAuUl3TPTS931UhfdeGRNlTOUqt5NnmIUTHMKBKxA4Sl77ddj4NCUn7RNrcfiGQcmZmYh2RAvket61FQ&__tn__=R-R,2026-09-18T03:30:03Z,raw_data_run_20260918_102948_3d1b49.csv,rec_5de827ce094b387d,False,"mau tanya om, ac nya veloz hybrid bisa nyala tanpa mesin bensin nyala gak ya? misal untuk istirahat di rest area selama 1 jam gitu","mau tanya om, ac nya veloz hybrid bisa nyala tanpa mesin bensin nyala gak ya? misal untuk istirahat di rest area selama 1 jam gitu",Toyota Veloz,high,explicit_text_alias_strong,False,,,,False,not_relevant,no_adas_keyword,,UNKNOWN,,,,,,,
rec_fd3d181682fd6b7f,Toyota Veloz,VELOZ HYBRID INDONESIA,https://www.facebook.com/groups/1564504984994701,1809622023816328,1809622023816328_comment_3,1809622023816328,comment,,,,"bisa nyala tanpa mesin, tp tdk sampai 1 jam jg... intinya saat baterai sisa 40% atau 3 bar mesin akan menyala utk mengisi baterai, setelah baterai terisi sekitar 4 bar mesin akan mati dan ac pastinya tetap hidup, sampai balik lagi sisa 3 bar balik lagi hidup tu mesin dan begitu seterusnya...",https://web.facebook.com/groups/1564504984994701/posts/1809622023816328/?comment_id=1809699887141875&__cft__[0]=AZjZlJukv_iBnt3sMsEfPpLenyt28WVZBX_1cp0aYuTtWu4-seENoRXqavn3_NqReiAnWvwJxpe-6a6dsMSp-B2bU--gdVcrbnDG9-joksNAuUl3TPTS931UhfdeGRNlTOUqt5NnmIUTHMKBKxA4Sl77ddj4NCUn7RNrcfiGQcmZmYh2RAvket61FQ&__tn__=R-R,2026-09-18T03:30:03Z,raw_data_run_20260918_102948_3d1b49.csv,rec_fd3d181682fd6b7f,False,"bisa nyala tanpa mesin, tp tdk sampai 1 jam jg... intinya saat baterai sisa 40% atau 3 bar mesin akan menyala utk mengisi baterai, setelah baterai terisi sekitar 4 bar mesin akan mati dan ac pastinya tetap hidup, sampai balik lagi sisa 3 bar balik lagi hidup tu mesin dan begitu seterusnya...","bisa nyala tanpa mesin, tp tdk sampai 1 jam jg... intinya saat baterai sisa 40% atau 3 bar mesin akan menyala utk mengisi baterai, setelah baterai terisi sekitar 4 bar mesin akan mati dan ac pastinya tetap hidup, sampai balik lagi sisa 3 bar balik lagi hidup tu mesin dan begitu seterusnya...",Toyota Veloz,medium,community_context,False,,,,False,not_relevant,no_adas_keyword,,UNKNOWN,,,,,,,
rec_e8a519545f553ac1,Toyota Veloz,VELOZ HYBRID INDONESIA,https://www.facebook.com/groups/1564504984994701,1809622023816328,1809622023816328_comment_4,1809622023816328,comment,,,,"Frazz Fernanda
berapa menit ya estimasi om?",https://web.facebook.com/groups/1564504984994701/posts/1809622023816328/?comment_id=1809699887141875&__cft__[0]=AZjZlJukv_iBnt3sMsEfPpLenyt28WVZBX_1cp0aYuTtWu4-seENoRXqavn3_NqReiAnWvwJxpe-6a6dsMSp-B2bU--gdVcrbnDG9-joksNAuUl3TPTS931UhfdeGRNlTOUqt5NnmIUTHMKBKxA4Sl77ddj4NCUn7RNrcfiGQcmZmYh2RAvket61FQ&__tn__=R-R,2026-09-18T03:30:03Z,raw_data_run_20260918_102948_3d1b49.csv,rec_e8a519545f553ac1,False,Frazz Fernanda berapa menit ya estimasi om?,frazz fernanda berapa menit ya estimasi om?,Toyota Veloz,medium,community_context,False,,,,False,not_relevant,no_adas_keyword,,UNKNOWN,,,,,,,
rec_62675e958f9c4727,Toyota Veloz,VELOZ HYBRID INDONESIA,https://www.facebook.com/groups/1564504984994701,1809622023816328,1809622023816328_comment_5,1809622023816328,comment,,,,"Frazz Fernanda
makasih om infonya",https://web.facebook.com/groups/1564504984994701/posts/1809622023816328/?comment_id=1809699887141875&__cft__[0]=AZjZlJukv_iBnt3sMsEfPpLenyt28WVZBX_1cp0aYuTtWu4-seENoRXqavn3_NqReiAnWvwJxpe-6a6dsMSp-B2bU--gdVcrbnDG9-joksNAuUl3TPTS931UhfdeGRNlTOUqt5NnmIUTHMKBKxA4Sl77ddj4NCUn7RNrcfiGQcmZmYh2RAvket61FQ&__tn__=R-R,2026-09-18T03:30:03Z,raw_data_run_20260918_102948_3d1b49.csv,rec_62675e958f9c4727,False,Frazz Fernanda makasih om infonya,frazz fernanda makasih om infonya,Toyota Veloz,medium,community_context,False,,,,False,not_relevant,no_adas_keyword,,UNKNOWN,,,,,,,
rec_8150d8f37a7fb692,Toyota Veloz,VELOZ HYBRID INDONESIA,https://www.facebook.com/groups/1564504984994701,post_2,,,post,,,,"Fufu Fafa
  ·
13 jam
Ambil cash aja harga OTR...dapat cash back... free asuransi All risk 1 tahun...free asesoris...yang punya dana cash adalah raja...bebas open Nego
Balas
Bagikan",https://www.facebook.com/groups/1564504984994701,2026-09-18T03:31:07Z,raw_data_run_20260918_102948_3d1b49.csv,rec_8150d8f37a7fb692,False,Fufu Fafa · 13 jam Ambil cash aja harga OTR...dapat cash back... free asuransi All risk 1 tahun...free asesoris...yang punya dana cash adalah raja...bebas open Nego Balas Bagikan,fufu fafa · 13 jam ambil cash aja harga otr...dapat cash back... free asuransi all risk 1 tahun...free asesoris...yang punya dana cash adalah raja...bebas open nego balas bagikan,Toyota Veloz,medium,community_context,False,,,,False,not_relevant,no_adas_keyword,,UNKNOWN,,,,,,,
rec_a494d1e02a2ca656,Toyota Veloz,VELOZ HYBRID INDONESIA,https://www.facebook.com/groups/1564504984994701,post_2,post_2_comment_1,post_2,comment,,,,"mau tanya om, ac nya veloz hybrid bisa nyala tanpa mesin bensin nyala gak ya? misal untuk istirahat di rest area selama 1 jam gitu",https://www.facebook.com/groups/1564504984994701,2026-09-18T03:31:11Z,raw_data_run_20260918_102948_3d1b49.csv,rec_a494d1e02a2ca656,False,"mau tanya om, ac nya veloz hybrid bisa nyala tanpa mesin bensin nyala gak ya? misal untuk istirahat di rest area selama 1 jam gitu","mau tanya om, ac nya veloz hybrid bisa nyala tanpa mesin bensin nyala gak ya? misal untuk istirahat di rest area selama 1 jam gitu",Toyota Veloz,high,explicit_text_alias_strong,False,,,,False,not_relevant,no_adas_keyword,,UNKNOWN,,,,,,,
rec_af0a5725b80ff32e,Toyota Veloz,VELOZ HYBRID INDONESIA,https://www.facebook.com/groups/1564504984994701,post_2,post_2_comment_2,post_2,comment,,,,"bisa nyala tanpa mesin, tp tdk sampai 1 jam jg... intinya saat baterai sisa 40% atau 3 bar mesin akan menyala utk mengisi bate… Lihat selengkapnya",https://www.facebook.com/groups/1564504984994701,2026-09-18T03:31:11Z,raw_data_run_20260918_102948_3d1b49.csv,rec_af0a5725b80ff32e,False,"bisa nyala tanpa mesin, tp tdk sampai 1 jam jg... intinya saat baterai sisa 40% atau 3 bar mesin akan menyala utk mengisi bate… Lihat selengkapnya","bisa nyala tanpa mesin, tp tdk sampai 1 jam jg... intinya saat baterai sisa 40% atau 3 bar mesin akan menyala utk mengisi bate… lihat selengkapnya",Toyota Veloz,medium,community_context,False,,,,False,not_relevant,no_adas_keyword,,UNKNOWN,,,,,,,
rec_03ff8bf1ded5ae23,Toyota Veloz,VELOZ HYBRID INDONESIA,https://www.facebook.com/groups/1564504984994701,post_2,post_2_comment_3,post_2,comment,,,,"Permisi om, mau tanya. Ada yg pernah pake skema cash bertahap om? Pembayaran nya sesuai OTR / ada tambahan lain ya?",https://www.facebook.com/groups/1564504984994701,2026-09-18T03:31:11Z,raw_data_run_20260918_102948_3d1b49.csv,rec_03ff8bf1ded5ae23,False,"Permisi om, mau tanya. Ada yg pernah pake skema cash bertahap om? Pembayaran nya sesuai OTR / ada tambahan lain ya?","permisi om, mau tanya. ada yg pernah pake skema cash bertahap om? pembayaran nya sesuai otr / ada tambahan lain ya?",Toyota Veloz,medium,community_context,False,,,,False,not_relevant,no_adas_keyword,,UNKNOWN,,,,,,,
rec_3ae54a6d341dc403,Toyota Veloz,VELOZ HYBRID INDONESIA,https://www.facebook.com/groups/1564504984994701,post_2,post_2_comment_4,post_2,comment,,,,Ambil cash aja harga OTR...dapat cash back... free asuransi All risk 1 tahun...free asesoris...yang punya dana cash adalah raja...bebas open Nego,https://www.facebook.com/groups/1564504984994701,2026-09-18T03:31:11Z,raw_data_run_20260918_102948_3d1b49.csv,rec_3ae54a6d341dc403,False,Ambil cash aja harga OTR...dapat cash back... free asuransi All risk 1 tahun...free asesoris...yang punya dana cash adalah raja...bebas open Nego,ambil cash aja harga otr...dapat cash back... free asuransi all risk 1 tahun...free asesoris...yang punya dana cash adalah raja...bebas open nego,Toyota Veloz,medium,community_context,False,,,,False,not_relevant,no_adas_keyword,,UNKNOWN,,,,,,,
rec_0e2008b68015556f,Toyota Veloz,VELOZ HYBRID INDONESIA,https://www.facebook.com/groups/1564504984994701,post_2,post_2_comment_5,post_2,comment,,,,"Aku kmrn nanya veloz q mau cash bertahap yang 0%, misalkan cicilan 12 bulan, kena cas asuransi sekitar 14jtan, dari 336 ditota… Lihat selengkapnya",https://www.facebook.com/groups/1564504984994701,2026-09-18T03:31:11Z,raw_data_run_20260918_102948_3d1b49.csv,rec_0e2008b68015556f,False,"Aku kmrn nanya veloz q mau cash bertahap yang 0%, misalkan cicilan 12 bulan, kena cas asuransi sekitar 14jtan, dari 336 ditota… Lihat selengkapnya","aku kmrn nanya veloz q mau cash bertahap yang 0%, misalkan cicilan 12 bulan, kena cas asuransi sekitar 14jtan, dari 336 ditota… lihat selengkapnya",Toyota Veloz,high,explicit_text_alias_strong,False,,,,False,not_relevant,no_adas_keyword,,UNKNOWN,,,,,,,
rec_0f99543f908f43ce,Toyota Veloz,VELOZ HYBRID INDONESIA,https://www.facebook.com/groups/1564504984994701,post_2,post_2_comment_6,post_2,comment,,,,Forum Sharing Seputar dan Jual Beli Veloz Hybrid,https://www.facebook.com/groups/1564504984994701,2026-09-18T03:31:11Z,raw_data_run_20260918_102948_3d1b49.csv,rec_0f99543f908f43ce,False,Forum Sharing Seputar dan Jual Beli Veloz Hybrid,forum sharing seputar dan jual beli veloz hybrid,Toyota Veloz,high,explicit_text_alias_strong,False,,,,False,not_relevant,no_adas_keyword,,UNKNOWN,,,,,,,
rec_9b8865cb32982392,Toyota Veloz,VELOZ HYBRID INDONESIA,https://www.facebook.com/groups/1564504984994701,post_2,post_2_comment_7,post_2,comment,,,,More Info: 0812 9324 1292 (Fadly),https://www.facebook.com/groups/1564504984994701,2026-09-18T03:31:11Z,raw_data_run_20260918_102948_3d1b49.csv,rec_9b8865cb32982392,False,More Info: 0812 9324 1292 (Fadly),more info: 0812 9324 1292 (fadly),Toyota Veloz,medium,community_context,False,,,,False,not_relevant,no_adas_keyword,,UNKNOWN,,,,,,,
rec_5394785efb8f09f3,Toyota Veloz,VELOZ HYBRID INDONESIA,https://www.facebook.com/groups/1564504984994701,post_2,post_2_comment_8,post_2,comment,,,,"Om  kalau tekan dan lepas pedal rem kaki @sering bunyi krrekkk.krekkk terutama ketika Veloz hev baru jalan n parkir. Apakah itu wajar ya atau punya kondisi yang sama 
 Terimakasih kasih sudah mw menjawab.",https://www.facebook.com/groups/1564504984994701,2026-09-18T03:31:13Z,raw_data_run_20260918_102948_3d1b49.csv,rec_5394785efb8f09f3,False,Om kalau tekan dan lepas pedal rem kaki [mention] bunyi krrekkk.krekkk terutama ketika Veloz hev baru jalan n parkir. Apakah itu wajar ya atau punya kondisi yang sama Terimakasih kasih sudah mw menjawab.,om kalau tekan dan lepas pedal rem kaki [mention] bunyi krrekkk.krekkk terutama ketika veloz hev baru jalan n parkir. apakah itu wajar ya atau punya kondisi yang sama terimakasih kasih sudah mw menjawab.,Toyota Veloz,high,explicit_text_alias_strong,False,,,,False,not_relevant,no_adas_keyword,,UNKNOWN,,,,,,,
rec_fd28b344253f9824,Toyota Veloz,VELOZ HYBRID INDONESIA,https://www.facebook.com/groups/1564504984994701,post_2,post_2_comment_9,post_2,comment,,,,Wajar,https://www.facebook.com/groups/1564504984994701,2026-09-18T03:31:13Z,raw_data_run_20260918_102948_3d1b49.csv,rec_fd28b344253f9824,False,Wajar,wajar,Toyota Veloz,medium,community_context,False,,,,False,not_relevant,no_adas_keyword,,UNKNOWN,,,,,,,
rec_59daeb707dc66613,Toyota Veloz,VELOZ HYBRID INDONESIA,https://www.facebook.com/groups/1564504984994701,post_2,post_2_comment_10,post_2,comment,,,,Punyaku smooth,https://www.facebook.com/groups/1564504984994701,2026-09-18T03:31:13Z,raw_data_run_20260918_102948_3d1b49.csv,rec_59daeb707dc66613,False,Punyaku smooth,punyaku smooth,Toyota Veloz,medium,community_context,True,smooth,layer_c_indonesian,,False,uncertain,functional_keywords_no_behavioural_context,low,ACC,ACC:smoothness,not_stated,uncertain,positive,smooth,unclear,medium
rec_684f9c8d282eef62,Toyota Veloz,VELOZ HYBRID INDONESIA,https://www.facebook.com/groups/1564504984994701,post_2,post_2_comment_11,post_2,comment,,,,"Yang mau kredit & cash unit baru toyota dp mulai dari 5jtan dan udh coll 5 bisa dibantu untuk proses , minat bisa hubungi 0895336681497 chatherina",https://www.facebook.com/groups/1564504984994701,2026-09-18T03:31:13Z,raw_data_run_20260918_102948_3d1b49.csv,rec_684f9c8d282eef62,False,"Yang mau kredit & cash unit baru toyota dp mulai dari 5jtan dan udh coll 5 bisa dibantu untuk proses , minat bisa hubungi 0895336681497 chatherina","yang mau kredit & cash unit baru toyota dp mulai dari 5jtan dan udh coll 5 bisa dibantu untuk proses , minat bisa hubungi 0895336681497 chatherina",Toyota Veloz,medium,community_context,False,,,,False,not_relevant,no_adas_keyword,,UNKNOWN,,,,,,,
rec_95bc4b83ce5b5cc6,Toyota Veloz,VELOZ HYBRID INDONESIA,https://www.facebook.com/groups/1564504984994701,post_2,post_2_comment_12,post_2,comment,,,,"Paket kredit bunga super murah se-jawa timur!!!
Raffi Auto200 Surabaya : 0851-9666-2274
Veloz Q HV Modelista TSS Two Tone 
dp 107.504jt… Lihat selengkapnya",https://www.facebook.com/groups/1564504984994701,2026-09-18T03:31:15Z,raw_data_run_20260918_102948_3d1b49.csv,rec_95bc4b83ce5b5cc6,False,Paket kredit bunga super murah se-jawa timur!!! Raffi Auto200 Surabaya : 0851-9666-2274 Veloz Q HV Modelista TSS Two Tone dp 107.504jt… Lihat selengkapnya,paket kredit bunga super murah se-jawa timur!!! raffi auto200 surabaya : 0851-9666-2274 veloz q hv modelista tss two tone dp 107.504jt… lihat selengkapnya,Toyota Veloz,high,explicit_text_alias_strong,True,TSS,combined_adas,,True,uncertain,generic_adas_terms_only,low,UNKNOWN,not_stated,not_stated,uncertain,neutral,not_stated,unclear,low
rec_d38cd9727a2df545,Toyota Veloz,VELOZ HYBRID INDONESIA,https://www.facebook.com/groups/1564504984994701,post_2,post_2_comment_13,post_2,comment,,,,Paket kredit bunga super murah se-jawa timur!!!,https://www.facebook.com/groups/1564504984994701,2026-09-18T03:31:15Z,raw_data_run_20260918_102948_3d1b49.csv,rec_d38cd9727a2df545,False,Paket kredit bunga super murah se-jawa timur!!!,paket kredit bunga super murah se-jawa timur!!!,Toyota Veloz,medium,community_context,False,,,,False,not_relevant,no_adas_keyword,,UNKNOWN,,,,,,,
rec_43d3591a3a9869d1,Toyota Veloz,VELOZ HYBRID INDONESIA,https://www.facebook.com/groups/1564504984994701,post_2,post_2_comment_14,post_2,comment,,,,Raffi Auto200 Surabaya : 0851-9666-2274,https://www.facebook.com/groups/1564504984994701,2026-09-18T03:31:15Z,raw_data_run_20260918_102948_3d1b49.csv,rec_43d3591a3a9869d1,False,Raffi Auto200 Surabaya : 0851-9666-2274,raffi auto200 surabaya : 0851-9666-2274,Toyota Veloz,medium,community_context,False,,,,False,not_relevant,no_adas_keyword,,UNKNOWN,,,,,,,
rec_f6eef3b42e67a35c,Toyota Veloz,VELOZ HYBRID INDONESIA,https://www.facebook.com/groups/1564504984994701,post_2,post_2_comment_15,post_2,comment,,,,Veloz Q HV Modelista TSS Two Tone,https://www.facebook.com/groups/1564504984994701,2026-09-18T03:31:15Z,raw_data_run_20260918_102948_3d1b49.csv,rec_f6eef3b42e67a35c,False,Veloz Q HV Modelista TSS Two Tone,veloz q hv modelista tss two tone,Toyota Veloz,high,explicit_text_alias_strong,True,TSS,combined_adas,,True,uncertain,generic_adas_terms_only,low,UNKNOWN,not_stated,not_stated,uncertain,neutral,not_stated,unclear,low
rec_af673546b21c68d0,Toyota Veloz,VELOZ HYBRID INDONESIA,https://www.facebook.com/groups/1564504984994701,post_2,post_2_comment_16,post_2,comment,,,,dp 107.504jt… Lihat selengkapnya,https://www.facebook.com/groups/1564504984994701,2026-09-18T03:31:15Z,raw_data_run_20260918_102948_3d1b49.csv,rec_af673546b21c68d0,False,dp 107.504jt… Lihat selengkapnya,dp 107.504jt… lihat selengkapnya,Toyota Veloz,medium,community_context,False,,,,False,not_relevant,no_adas_keyword,,UNKNOWN,,,,,,,
rec_e8f7daa66a2212ee,Toyota Veloz,VELOZ HYBRID INDONESIA,https://www.facebook.com/groups/1564504984994701,post_2,post_2_comment_17,post_2,comment,,,,"TESTDRIVE VELOZ HYBRID & YARIS CROSS HYBRID
Lokasi : SUMMARECON CROWN GADING (BELAKANG HI )
WAKTU : 08.00 - SELESAI
TANGGAL : 29 AGUSTUS 2026
HARI : SABTU
Lihat selengkapnya",https://www.facebook.com/groups/1564504984994701,2026-09-18T03:31:15Z,raw_data_run_20260918_102948_3d1b49.csv,rec_e8f7daa66a2212ee,False,TESTDRIVE VELOZ HYBRID & YARIS CROSS HYBRID Lokasi : SUMMARECON CROWN GADING (BELAKANG HI ) WAKTU : 08.00 - SELESAI TANGGAL : 29 AGUSTUS 2026 HARI : SABTU Lihat selengkapnya,testdrive veloz hybrid & yaris cross hybrid lokasi : summarecon crown gading (belakang hi ) waktu : 08.00 - selesai tanggal : 29 agustus 2026 hari : sabtu lihat selengkapnya,Toyota Veloz,medium,multiple_mentions_context_vehicle,False,,,,False,not_relevant,no_adas_keyword,,UNKNOWN,,,,,,,
rec_01c3d4ea6057464b,Toyota Veloz,VELOZ HYBRID INDONESIA,https://www.facebook.com/groups/1564504984994701,post_2,post_2_comment_18,post_2,comment,,,,"Upgrade mobil mu, untuk upgrade hidupmu. 
Hubungi 088227756129 #hubungikami #toyota",https://www.facebook.com/groups/1564504984994701,2026-09-18T03:31:15Z,raw_data_run_20260918_102948_3d1b49.csv,rec_01c3d4ea6057464b,False,"Upgrade mobil mu, untuk upgrade hidupmu. Hubungi 088227756129 #hubungikami #toyota","upgrade mobil mu, untuk upgrade hidupmu. hubungi 088227756129 #hubungikami #toyota",Toyota Veloz,medium,community_context,False,,,,False,not_relevant,no_adas_keyword,,UNKNOWN,,,,,,,
rec_1f1c7a2c1776c2df,Toyota Veloz,VELOZ HYBRID INDONESIA,https://www.facebook.com/groups/1564504984994701,post_2,post_2_comment_19,post_2,comment,,,,"Upgrade mobil mu, untuk upgrade hidupmu.",https://www.facebook.com/groups/1564504984994701,2026-09-18T03:31:15Z,raw_data_run_20260918_102948_3d1b49.csv,rec_1f1c7a2c1776c2df,False,"Upgrade mobil mu, untuk upgrade hidupmu.","upgrade mobil mu, untuk upgrade hidupmu.",Toyota Veloz,medium,community_context,False,,,,False,not_relevant,no_adas_keyword,,UNKNOWN,,,,,,,
rec_b8859996f366f272,Toyota Veloz,VELOZ HYBRID INDONESIA,https://www.facebook.com/groups/1564504984994701,post_2,post_2_comment_20,post_2,comment,,,,Hubungi 088227756129 #hubungikami #toyota,https://www.facebook.com/groups/1564504984994701,2026-09-18T03:31:15Z,raw_data_run_20260918_102948_3d1b49.csv,rec_b8859996f366f272,False,Hubungi 088227756129 #hubungikami #toyota,hubungi 088227756129 #hubungikami #toyota,Toyota Veloz,medium,community_context,False,,,,False,not_relevant,no_adas_keyword,,UNKNOWN,,,,,,,
rec_72e5beee1539a6d0,Toyota Veloz,VELOZ HYBRID INDONESIA,https://www.facebook.com/groups/1564504984994701,post_2,post_2_comment_21,post_2,comment,,,,Ijin share suhu suhu,https://www.facebook.com/groups/1564504984994701,2026-09-18T03:31:17Z,raw_data_run_20260918_102948_3d1b49.csv,rec_72e5beee1539a6d0,False,Ijin share suhu suhu,ijin share suhu suhu,Toyota Veloz,medium,community_context,False,,,,False,not_relevant,no_adas_keyword,,UNKNOWN,,,,,,,
rec_8e22b219b841cd8b,Toyota Veloz,VELOZ HYBRID INDONESIA,https://www.facebook.com/groups/1564504984994701,post_2,post_2_comment_22,post_2,comment,,,,"Bisa Trade in dari semua merk ke Veloz Hybrid.
New Veloz V HEV 2026
Harga : Rp303.000.000*
DP : Mulai dari 15%
Hubungi sekarang untuk jadwal Test Drive.
Lihat selengkapnya",https://www.facebook.com/groups/1564504984994701,2026-09-18T03:31:18Z,raw_data_run_20260918_102948_3d1b49.csv,rec_8e22b219b841cd8b,False,Bisa Trade in dari semua merk ke Veloz Hybrid. New Veloz V HEV 2026 Harga : Rp303.000.000* DP : Mulai dari 15% Hubungi sekarang untuk jadwal Test Drive. Lihat selengkapnya,bisa trade in dari semua merk ke veloz hybrid. new veloz v hev 2026 harga : rp303.000.000* dp : mulai dari 15% hubungi sekarang untuk jadwal test drive. lihat selengkapnya,Toyota Veloz,high,explicit_text_alias_strong,False,,,,False,not_relevant,no_adas_keyword,,UNKNOWN,,,,,,,
rec_dc1127de58031689,Toyota Veloz,VELOZ HYBRID INDONESIA,https://www.facebook.com/groups/1564504984994701,post_2,post_2_comment_23,post_2,comment,,,,Siang om Abang smua. Info dong. Sya 10 th pke av Veloz manual 1.5.rencana pngen buat dp Veloz hybrd. Niatnya klo jd 100 buat DP.sisanya buat kbutuhan rmah. klo ambil 4 th estimasi  cicilan kena brp? Dan baiknya pake tipe apa. Sebelum nya terimakasih klo mau berbagi  informasi,https://www.facebook.com/groups/1564504984994701,2026-09-18T03:31:18Z,raw_data_run_20260918_102948_3d1b49.csv,rec_dc1127de58031689,False,Siang om Abang smua. Info dong. Sya 10 th pke av Veloz manual 1.5.rencana pngen buat dp Veloz hybrd. Niatnya klo jd 100 buat DP.sisanya buat kbutuhan rmah. klo ambil 4 th estimasi cicilan kena brp? Dan baiknya pake tipe apa. Sebelum nya terimakasih klo mau berbagi informasi,siang om abang smua. info dong. sya 10 th pke av veloz manual 1.5.rencana pngen buat dp veloz hybrd. niatnya klo jd 100 buat dp.sisanya buat kbutuhan rmah. klo ambil 4 th estimasi cicilan kena brp? dan baiknya pake tipe apa. sebelum nya terimakasih klo mau berbagi informasi,Toyota Veloz,high,explicit_text_alias_strong,False,,,,False,not_relevant,no_adas_keyword,,UNKNOWN,,,,,,,
rec_2180262a9ff97ed0,Toyota Veloz,VELOZ HYBRID INDONESIA,https://www.facebook.com/groups/1564504984994701,post_2,post_2_comment_24,post_2,comment,,,,Mksdnya tipe apanya pak?? Apa sudah dpt??,https://www.facebook.com/groups/1564504984994701,2026-09-18T03:31:18Z,raw_data_run_20260918_102948_3d1b49.csv,rec_2180262a9ff97ed0,False,Mksdnya tipe apanya pak?? Apa sudah dpt??,mksdnya tipe apanya pak?? apa sudah dpt??,Toyota Veloz,medium,community_context,False,,,,False,not_relevant,no_adas_keyword,,UNKNOWN,,,,,,,
rec_fed84e702da94a00,Toyota Veloz,VELOZ HYBRID INDONESIA,https://www.facebook.com/groups/1564504984994701,post_2,post_2_comment_25,post_2,comment,,,,Bisa balas inbox pak,https://www.facebook.com/groups/1564504984994701,2026-09-18T03:31:18Z,raw_data_run_20260918_102948_3d1b49.csv,rec_fed84e702da94a00,False,Bisa balas inbox pak,bisa balas inbox pak,Toyota Veloz,medium,community_context,False,,,,False,not_relevant,no_adas_keyword,,UNKNOWN,,,,,,,
rec_f782924377c42512,Toyota Veloz,VELOZ HYBRID INDONESIA,https://www.facebook.com/groups/1564504984994701,post_2,post_2_comment_26,post_2,comment,,,,"Izin beregabung
Sebelumnya perkenalkan anggota baru
Terimakasih Abg Admin yg izinkan bergabung digrup
Unit Veloz hybrid type V
Lihat selengkapnya",https://www.facebook.com/groups/1564504984994701,2026-09-18T03:31:20Z,raw_data_run_20260918_102948_3d1b49.csv,rec_f782924377c42512,False,Izin beregabung Sebelumnya perkenalkan anggota baru Terimakasih Abg Admin yg izinkan bergabung digrup Unit Veloz hybrid type V Lihat selengkapnya,izin beregabung sebelumnya perkenalkan anggota baru terimakasih abg admin yg izinkan bergabung digrup unit veloz hybrid type v lihat selengkapnya,Toyota Veloz,high,explicit_text_alias_strong,False,,,,False,not_relevant,no_adas_keyword,,UNKNOWN,,,,,,,
rec_7298dd9e2e10bbde,Toyota Veloz,VELOZ HYBRID INDONESIA,https://www.facebook.com/groups/1564504984994701,post_2,post_2_comment_27,post_2,comment,,,,Berpengaruh..,https://www.facebook.com/groups/1564504984994701,2026-09-18T03:31:20Z,raw_data_run_20260918_102948_3d1b49.csv,rec_7298dd9e2e10bbde,False,Berpengaruh..,berpengaruh..,Toyota Veloz,medium,community_context,False,,,,False,not_relevant,no_adas_keyword,,UNKNOWN,,,,,,,
rec_d642c50df7992ef1,Toyota Veloz,VELOZ HYBRID INDONESIA,https://www.facebook.com/groups/1564504984994701,post_2,post_2_comment_28,post_2,comment,,,,"Sya kmarin tanya2 mau gantu HU yg di tengah, walau dikerjain di beres, ttap batalin garansi jika suatu ada masal… Lihat selengkapnya",https://www.facebook.com/groups/1564504984994701,2026-09-18T03:31:20Z,raw_data_run_20260918_102948_3d1b49.csv,rec_d642c50df7992ef1,False,"Sya kmarin tanya2 mau gantu HU yg di tengah, walau dikerjain di beres, ttap batalin garansi jika suatu ada masal… Lihat selengkapnya","sya kmarin tanya2 mau gantu hu yg di tengah, walau dikerjain di beres, ttap batalin garansi jika suatu ada masal… lihat selengkapnya",Toyota Veloz,medium,community_context,False,,,,False,not_relevant,no_adas_keyword,,UNKNOWN,,,,,,,
rec_d501dd9bef4c7b0b,Toyota Veloz,VELOZ HYBRID INDONESIA,https://www.facebook.com/groups/1564504984994701,post_2,post_2_comment_29,post_2,comment,,,,masa segini?,https://www.facebook.com/groups/1564504984994701,2026-09-18T03:31:20Z,raw_data_run_20260918_102948_3d1b49.csv,rec_d501dd9bef4c7b0b,False,masa segini?,masa segini?,Toyota Veloz,medium,community_context,False,,,,False,not_relevant,no_adas_keyword,,UNKNOWN,,,,,,,
rec_7276e1f14044394e,Toyota Veloz,VELOZ HYBRID INDONESIA,https://www.facebook.com/groups/1564504984994701,post_2,post_2_comment_30,post_2,comment,,,,"Biasa habis isi bensin itu om
coba bawa 1 jam pasti normal lagi.",https://www.facebook.com/groups/1564504984994701,2026-09-18T03:31:20Z,raw_data_run_20260918_102948_3d1b49.csv,rec_7276e1f14044394e,False,Biasa habis isi bensin itu om coba bawa 1 jam pasti normal lagi.,biasa habis isi bensin itu om coba bawa 1 jam pasti normal lagi.,Toyota Veloz,medium,community_context,False,,,,False,not_relevant,no_adas_keyword,,UNKNOWN,,,,,,,
rec_2098cf687c6b5630,Toyota Veloz,VELOZ HYBRID INDONESIA,https://www.facebook.com/groups/1564504984994701,post_2,post_2_comment_31,post_2,comment,,,,Jaln menurun,https://www.facebook.com/groups/1564504984994701,2026-09-18T03:31:20Z,raw_data_run_20260918_102948_3d1b49.csv,rec_2098cf687c6b5630,False,Jaln menurun,jaln menurun,Toyota Veloz,medium,community_context,False,,,,False,not_relevant,no_adas_keyword,,UNKNOWN,,,,,,,
rec_bf1792c1af69b80e,Toyota Veloz,VELOZ HYBRID INDONESIA,https://www.facebook.com/groups/1564504984994701,post_2,post_2_comment_32,post_2,comment,,,,"Pertalite
mau bertanya gan.. karena keadaan di Makassar saat ini sangat kesulitan untuk mencari BBM, saya tadi antri di SPBU pertamina hampir 2 jam, dan pertamax nya habis hanya ada pertalite.. akhirnya saya isi saja pertalite krn bensinnya sisa 2 batang...
apakah tidak masalah gan?
Dan jika Hal ini terus terus terjadi dalam waktu lama, apakah itu akan merusak mesin dsb?",https://www.facebook.com/groups/1564504984994701,2026-09-18T03:31:22Z,raw_data_run_20260918_102948_3d1b49.csv,rec_bf1792c1af69b80e,False,"Pertalite mau bertanya gan.. karena keadaan di Makassar saat ini sangat kesulitan untuk mencari BBM, saya tadi antri di SPBU pertamina hampir 2 jam, dan pertamax nya habis hanya ada pertalite.. akhirnya saya isi saja pertalite krn bensinnya sisa 2 batang... apakah tidak masalah gan? Dan jika Hal ini terus terus terjadi dalam waktu lama, apakah itu akan merusak mesin dsb?","pertalite mau bertanya gan.. karena keadaan di makassar saat ini sangat kesulitan untuk mencari bbm, saya tadi antri di spbu pertamina hampir 2 jam, dan pertamax nya habis hanya ada pertalite.. akhirnya saya isi saja pertalite krn bensinnya sisa 2 batang... apakah tidak masalah gan? dan jika hal ini terus terus terjadi dalam waktu lama, apakah itu akan merusak mesin dsb?",Toyota Veloz,medium,community_context,False,,,,False,not_relevant,no_adas_keyword,,UNKNOWN,,,,,,,
rec_66c4d7d784345363,Toyota Veloz,VELOZ HYBRID INDONESIA,https://www.facebook.com/groups/1564504984994701,post_2,post_2_comment_33,post_2,comment,,,,Gamasalah om,https://www.facebook.com/groups/1564504984994701,2026-09-18T03:31:22Z,raw_data_run_20260918_102948_3d1b49.csv,rec_66c4d7d784345363,False,Gamasalah om,gamasalah om,Toyota Veloz,medium,community_context,False,,,,False,not_relevant,no_adas_keyword,,UNKNOWN,,,,,,,
rec_b13465c58d70aae3,Toyota Veloz,VELOZ HYBRID INDONESIA,https://www.facebook.com/groups/1564504984994701,post_2,post_2_comment_34,post_2,comment,,,,Gak masalah,https://www.facebook.com/groups/1564504984994701,2026-09-18T03:31:22Z,raw_data_run_20260918_102948_3d1b49.csv,rec_b13465c58d70aae3,False,Gak masalah,gak masalah,Toyota Veloz,medium,community_context,False,,,,False,not_relevant,no_adas_keyword,,UNKNOWN,,,,,,,
rec_3aaac83d9065daf7,Toyota Veloz,VELOZ HYBRID INDONESIA,https://www.facebook.com/groups/1564504984994701,post_2,post_2_comment_35,post_2,comment,,,,"Buat yang pake veloz hybrid tipe Q modelista, kalo lagi jalan trus di depan tiba2 berhenti apakah otomatis ngerem apa hanya khusus Tss sja ?",https://www.facebook.com/groups/1564504984994701,2026-09-18T03:31:24Z,raw_data_run_20260918_102948_3d1b49.csv,rec_3aaac83d9065daf7,False,"Buat yang pake veloz hybrid tipe Q modelista, kalo lagi jalan trus di depan tiba2 berhenti apakah otomatis ngerem apa hanya khusus Tss sja ?","buat yang pake veloz hybrid tipe q modelista, kalo lagi jalan trus di depan tiba2 berhenti apakah otomatis ngerem apa hanya khusus tss sja ?",Toyota Veloz,high,explicit_text_alias_strong,True,TSS;otomatis ngerem,"layer_c_indonesian,combined_adas",,False,relevant,functional_keywords_with_context,medium,PDA,PDA:braking,not_stated,question,neutral,not_stated,unclear,medium
rec_c7eb4de45ac47e05,Toyota Veloz,VELOZ HYBRID INDONESIA,https://www.facebook.com/groups/1564504984994701,post_2,post_2_comment_36,post_2,comment,,,,Iya om tss nya gt.kadang klo depan bhnti kt remnya kurg injek dia nge rem sndiri.ngeselin,https://www.facebook.com/groups/1564504984994701,2026-09-18T03:31:24Z,raw_data_run_20260918_102948_3d1b49.csv,rec_c7eb4de45ac47e05,False,Iya om tss nya gt.kadang klo depan bhnti kt remnya kurg injek dia nge rem sndiri.ngeselin,iya om tss nya gt.kadang klo depan bhnti kt remnya kurg injek dia nge rem sndiri.ngeselin,Toyota Veloz,medium,community_context,True,TSS,combined_adas,,True,uncertain,generic_adas_terms_only,low,UNKNOWN,not_stated,not_stated,uncertain,neutral,not_stated,unclear,low
rec_8f4e037b4a55aea4,Toyota Veloz,VELOZ HYBRID INDONESIA,https://www.facebook.com/groups/1564504984994701,post_2,post_2_comment_37,post_2,comment,,,,Fitur yg membantu di jalanan jakarta khusunya pemotor yang tiba tiba nyalip dan berhenti di depan.,https://www.facebook.com/groups/1564504984994701,2026-09-18T03:31:24Z,raw_data_run_20260918_102948_3d1b49.csv,rec_8f4e037b4a55aea4,False,Fitur yg membantu di jalanan jakarta khusunya pemotor yang tiba tiba nyalip dan berhenti di depan.,fitur yg membantu di jalanan jakarta khusunya pemotor yang tiba tiba nyalip dan berhenti di depan.,Toyota Veloz,medium,community_context,False,,,,False,not_relevant,no_adas_keyword,,UNKNOWN,,,,,,,
rec_7855285ff71a3b24,Toyota Veloz,VELOZ HYBRID INDONESIA,https://www.facebook.com/groups/1564504984994701,post_2,post_2_comment_38,post_2,comment,,,,"Toyota Veloz Q CVT 2023
Harga Cash 228 jt Nego
An Pribadi
Pajak Panjang 8-2027
KM 53 rb
Lihat selengkapnya",https://www.facebook.com/groups/1564504984994701,2026-09-18T03:31:24Z,raw_data_run_20260918_102948_3d1b49.csv,rec_7855285ff71a3b24,False,Toyota Veloz Q CVT 2023 Harga Cash 228 jt Nego An Pribadi Pajak Panjang 8-2027 KM 53 rb Lihat selengkapnya,toyota veloz q cvt 2023 harga cash 228 jt nego an pribadi pajak panjang 8-2027 km 53 rb lihat selengkapnya,Toyota Veloz,high,explicit_text_alias_strong,False,,,,False,not_relevant,no_adas_keyword,,UNKNOWN,,,,,,,
rec_442feea0874b0af5,Toyota Veloz,VELOZ HYBRID INDONESIA,https://www.facebook.com/groups/1564504984994701,post_2,post_2_comment_39,post_2,comment,,,,Lokasi,https://www.facebook.com/groups/1564504984994701,2026-09-18T03:31:24Z,raw_data_run_20260918_102948_3d1b49.csv,rec_442feea0874b0af5,False,Lokasi,lokasi,Toyota Veloz,medium,community_context,False,,,,False,not_relevant,no_adas_keyword,,UNKNOWN,,,,,,,
rec_a0e228557f8b63c0,Toyota Veloz,VELOZ HYBRID INDONESIA,https://www.facebook.com/groups/1564504984994701,post_2,post_2_comment_40,post_2,comment,,,,"halo, aman gx ya cuci mobil hybrid di car wash biasa?",https://www.facebook.com/groups/1564504984994701,2026-09-18T03:31:25Z,raw_data_run_20260918_102948_3d1b49.csv,rec_a0e228557f8b63c0,False,"halo, aman gx ya cuci mobil hybrid di car wash biasa?","halo, aman gx ya cuci mobil hybrid di car wash biasa?",Toyota Veloz,medium,community_context,False,,,,False,not_relevant,no_adas_keyword,,UNKNOWN,,,,,,,
rec_8d45c923dac35ffe,Toyota Veloz,VELOZ HYBRID INDONESIA,https://www.facebook.com/groups/1564504984994701,post_2,post_2_comment_41,post_2,comment,,,,Aman omm,https://www.facebook.com/groups/1564504984994701,2026-09-18T03:31:25Z,raw_data_run_20260918_102948_3d1b49.csv,rec_8d45c923dac35ffe,False,Aman omm,aman omm,Toyota Veloz,medium,community_context,False,,,,False,not_relevant,no_adas_keyword,,UNKNOWN,,,,,,,
rec_25b6aaee7a31ea22,Toyota Veloz,VELOZ HYBRID INDONESIA,https://www.facebook.com/groups/1564504984994701,post_2,post_2_comment_42,post_2,comment,,,,amannn,https://www.facebook.com/groups/1564504984994701,2026-09-18T03:31:25Z,raw_data_run_20260918_102948_3d1b49.csv,rec_25b6aaee7a31ea22,False,amannn,amannn,Toyota Veloz,medium,community_context,False,,,,False,not_relevant,no_adas_keyword,,UNKNOWN,,,,,,,
rec_733dba28eef77ad7,Toyota Veloz,VELOZ HYBRID INDONESIA,https://www.facebook.com/groups/1564504984994701,post_2,post_2_comment_43,post_2,comment,,,,Ada yang ngojol pake veloz hybrid gak??,https://www.facebook.com/groups/1564504984994701,2026-09-18T03:31:27Z,raw_data_run_20260918_102948_3d1b49.csv,rec_733dba28eef77ad7,False,Ada yang ngojol pake veloz hybrid gak??,ada yang ngojol pake veloz hybrid gak??,Toyota Veloz,high,explicit_text_alias_strong,False,,,,False,not_relevant,no_adas_keyword,,UNKNOWN,,,,,,,
rec_820d26b0fd543b54,Toyota Veloz,VELOZ HYBRID INDONESIA,https://www.facebook.com/groups/1564504984994701,post_2,post_2_comment_44,post_2,comment,,,,Ada nih emang kenapa lurr?,https://www.facebook.com/groups/1564504984994701,2026-09-18T03:31:27Z,raw_data_run_20260918_102948_3d1b49.csv,rec_820d26b0fd543b54,False,Ada nih emang kenapa lurr?,ada nih emang kenapa lurr?,Toyota Veloz,medium,community_context,False,,,,False,not_relevant,no_adas_keyword,,UNKNOWN,,,,,,,
rec_a89f8fdfd3d88fe8,Toyota Veloz,VELOZ HYBRID INDONESIA,https://www.facebook.com/groups/1564504984994701,post_2,post_2_comment_45,post_2,comment,,,,"Setiap berkendara pakai Veloz saya, BBM dari dalam tangki berisik, terguncang-guncang, apa ada yg dengar juga ya, apa memang Veloz begitu ya",https://www.facebook.com/groups/1564504984994701,2026-09-18T03:31:27Z,raw_data_run_20260918_102948_3d1b49.csv,rec_a89f8fdfd3d88fe8,False,"Setiap berkendara pakai Veloz saya, BBM dari dalam tangki berisik, terguncang-guncang, apa ada yg dengar juga ya, apa memang Veloz begitu ya","setiap berkendara pakai veloz saya, bbm dari dalam tangki berisik, terguncang-guncang, apa ada yg dengar juga ya, apa memang veloz begitu ya",Toyota Veloz,high,explicit_text_alias_strong,False,,,,False,not_relevant,no_adas_keyword,,UNKNOWN,,,,,,,
rec_33654a9d02c42623,Toyota Veloz,VELOZ HYBRID INDONESIA,https://www.facebook.com/groups/1564504984994701,post_2,post_2_comment_46,post_2,comment,,,,"tlg pencerahan.a dong om2, asuransi apa yg bagus dan gampang claim.a untuk mobil baru",https://www.facebook.com/groups/1564504984994701,2026-09-18T03:31:27Z,raw_data_run_20260918_102948_3d1b49.csv,rec_33654a9d02c42623,False,"tlg pencerahan.a dong om2, asuransi apa yg bagus dan gampang claim.a untuk mobil baru","tlg pencerahan.a dong om2, asuransi apa yg bagus dan gampang claim.a untuk mobil baru",Toyota Veloz,medium,community_context,False,,,,False,not_relevant,no_adas_keyword,,UNKNOWN,,,,,,,
rec_eb2da4074f4aea05,Toyota Veloz,VELOZ HYBRID INDONESIA,https://www.facebook.com/groups/1564504984994701,post_2,post_2_comment_47,post_2,comment,,,,Saya pake triva,https://www.facebook.com/groups/1564504984994701,2026-09-18T03:31:27Z,raw_data_run_20260918_102948_3d1b49.csv,rec_eb2da4074f4aea05,False,Saya pake triva,saya pake triva,Toyota Veloz,medium,community_context,False,,,,False,not_relevant,no_adas_keyword,,UNKNOWN,,,,,,,
rec_2e72c4f5c19f3726,Toyota Veloz,VELOZ HYBRID INDONESIA,https://www.facebook.com/groups/1564504984994701,post_2,post_2_comment_48,post_2,comment,,,,Daerah mana pak?,https://www.facebook.com/groups/1564504984994701,2026-09-18T03:31:27Z,raw_data_run_20260918_102948_3d1b49.csv,rec_2e72c4f5c19f3726,False,Daerah mana pak?,daerah mana pak?,Toyota Veloz,medium,community_context,False,,,,False,not_relevant,no_adas_keyword,,UNKNOWN,,,,,,,
rec_10611d25ce515f32,Toyota Veloz,VELOZ HYBRID INDONESIA,https://www.facebook.com/groups/1564504984994701,post_2,post_2_comment_49,post_2,comment,,,,"Pertanyaan yg paling mendasar dan bikin penasaran cara berkendaraan mobil hybrid....
Adakah tombol untuk memindahkan penggunaan mesin aja atau listrik aja secara manual… Lihat selengkapnya",https://www.facebook.com/groups/1564504984994701,2026-09-18T03:31:29Z,raw_data_run_20260918_102948_3d1b49.csv,rec_10611d25ce515f32,False,Pertanyaan yg paling mendasar dan bikin penasaran cara berkendaraan mobil hybrid.... Adakah tombol untuk memindahkan penggunaan mesin aja atau listrik aja secara manual… Lihat selengkapnya,pertanyaan yg paling mendasar dan bikin penasaran cara berkendaraan mobil hybrid.... adakah tombol untuk memindahkan penggunaan mesin aja atau listrik aja secara manual… lihat selengkapnya,Toyota Veloz,medium,community_context,False,,,,False,not_relevant,no_adas_keyword,,UNKNOWN,,,,,,,
rec_784b542642930290,Toyota Veloz,VELOZ HYBRID INDONESIA,https://www.facebook.com/groups/1564504984994701,post_2,post_2_comment_50,post_2,comment,,,,Pertanyaan yg paling mendasar dan bikin penasaran cara berkendaraan mobil hybrid....,https://www.facebook.com/groups/1564504984994701,2026-09-18T03:31:29Z,raw_data_run_20260918_102948_3d1b49.csv,rec_784b542642930290,False,Pertanyaan yg paling mendasar dan bikin penasaran cara berkendaraan mobil hybrid....,pertanyaan yg paling mendasar dan bikin penasaran cara berkendaraan mobil hybrid....,Toyota Veloz,medium,community_context,False,,,,False,not_relevant,no_adas_keyword,,UNKNOWN,,,,,,,
rec_b3239d9aa5b134fb,Toyota Veloz,VELOZ HYBRID INDONESIA,https://www.facebook.com/groups/1564504984994701,post_2,post_2_comment_51,post_2,comment,,,,Adakah tombol untuk memindahkan penggunaan mesin aja atau listrik aja secara manual… Lihat selengkapnya,https://www.facebook.com/groups/1564504984994701,2026-09-18T03:31:29Z,raw_data_run_20260918_102948_3d1b49.csv,rec_b3239d9aa5b134fb,False,Adakah tombol untuk memindahkan penggunaan mesin aja atau listrik aja secara manual… Lihat selengkapnya,adakah tombol untuk memindahkan penggunaan mesin aja atau listrik aja secara manual… lihat selengkapnya,Toyota Veloz,medium,community_context,False,,,,False,not_relevant,no_adas_keyword,,UNKNOWN,,,,,,,
rec_5532cd455c309674,Toyota Veloz,VELOZ HYBRID INDONESIA,https://www.facebook.com/groups/1564504984994701,post_2,post_2_comment_52,post_2,comment,,,,"Otomatis om, udah canggih Fiture nya KLO hybrid. Tinggal gas saja KLO batrei 3 bar nanti mesin yg nyala dan Cars baterai nya",https://www.facebook.com/groups/1564504984994701,2026-09-18T03:31:29Z,raw_data_run_20260918_102948_3d1b49.csv,rec_5532cd455c309674,False,"Otomatis om, udah canggih Fiture nya KLO hybrid. Tinggal gas saja KLO batrei 3 bar nanti mesin yg nyala dan Cars baterai nya","otomatis om, udah canggih fiture nya klo hybrid. tinggal gas saja klo batrei 3 bar nanti mesin yg nyala dan cars baterai nya",Toyota Veloz,medium,community_context,False,,,,False,not_relevant,no_adas_keyword,,UNKNOWN,,,,,,,
rec_24ca51996bcc904e,Toyota Veloz,VELOZ HYBRID INDONESIA,https://www.facebook.com/groups/1564504984994701,post_2,post_2_comment_53,post_2,comment,,,,"Bawah stir sebelah kanan tu ada tombol ""eco mode"". Kalau ditekan pesannya selalu baterai tidak cukup. Apakah memang bisa dipak… Lihat selengkapnya",https://www.facebook.com/groups/1564504984994701,2026-09-18T03:31:29Z,raw_data_run_20260918_102948_3d1b49.csv,rec_24ca51996bcc904e,False,"Bawah stir sebelah kanan tu ada tombol ""eco mode"". Kalau ditekan pesannya selalu baterai tidak cukup. Apakah memang bisa dipak… Lihat selengkapnya","bawah stir sebelah kanan tu ada tombol ""eco mode"". kalau ditekan pesannya selalu baterai tidak cukup. apakah memang bisa dipak… lihat selengkapnya",Toyota Veloz,medium,community_context,False,,,,False,not_relevant,no_adas_keyword,,UNKNOWN,,,,,,,
rec_c9e49f6d68a0e821,Toyota Veloz,VELOZ HYBRID INDONESIA,https://www.facebook.com/groups/1564504984994701,post_2,post_2_comment_54,post_2,comment,,,,"Owning Experience
Nanya suhu, kalau punya dana 220jt, prefer beli Veloz second thn 2023-2024 atau Stargzazer baru tipe tengah (Non-Adas)..
Mohon masukannya user Veloz, gimana owning experiencenya",https://www.facebook.com/groups/1564504984994701,2026-09-18T03:31:30Z,raw_data_run_20260918_102948_3d1b49.csv,rec_c9e49f6d68a0e821,False,"Owning Experience Nanya suhu, kalau punya dana 220jt, prefer beli Veloz second thn 2023-2024 atau Stargzazer baru tipe tengah (Non-Adas).. Mohon masukannya user Veloz, gimana owning experiencenya","owning experience nanya suhu, kalau punya dana 220jt, prefer beli veloz second thn 2023-2024 atau stargzazer baru tipe tengah (non-adas).. mohon masukannya user veloz, gimana owning experiencenya",Toyota Veloz,high,explicit_text_alias_strong,True,ADAS,combined_adas,,True,uncertain,generic_adas_terms_only,low,UNKNOWN,not_stated,not_stated,uncertain,positive,not_stated,unclear,low
rec_d1387290c55e6ffb,Toyota Veloz,VELOZ HYBRID INDONESIA,https://www.facebook.com/groups/1564504984994701,post_2,post_2_comment_55,post_2,comment,,,,Mobil baru lahh,https://www.facebook.com/groups/1564504984994701,2026-09-18T03:31:30Z,raw_data_run_20260918_102948_3d1b49.csv,rec_d1387290c55e6ffb,False,Mobil baru lahh,mobil baru lahh,Toyota Veloz,medium,community_context,False,,,,False,not_relevant,no_adas_keyword,,UNKNOWN,,,,,,,
rec_0218a03a274469ca,Toyota Veloz,VELOZ HYBRID INDONESIA,https://www.facebook.com/groups/1564504984994701,post_2,post_2_comment_56,post_2,comment,,,,Hyundai stargazer harga pasaran bekasnya hancur karena barunya aja diskonnya gede banget,https://www.facebook.com/groups/1564504984994701,2026-09-18T03:31:30Z,raw_data_run_20260918_102948_3d1b49.csv,rec_0218a03a274469ca,False,Hyundai stargazer harga pasaran bekasnya hancur karena barunya aja diskonnya gede banget,hyundai stargazer harga pasaran bekasnya hancur karena barunya aja diskonnya gede banget,Toyota Veloz,medium,community_context,False,,,,False,not_relevant,no_adas_keyword,,UNKNOWN,,,,,,,
rec_192ee16eda362107,Toyota Veloz,VELOZ HYBRID INDONESIA,https://www.facebook.com/groups/1564504984994701,post_2,post_2_comment_57,post_2,comment,,,,Mau tanya pake velos hybrid perliter biasanya berpa km ya mampunya untuk dalam kota,https://www.facebook.com/groups/1564504984994701,2026-09-18T03:31:30Z,raw_data_run_20260918_102948_3d1b49.csv,rec_192ee16eda362107,False,Mau tanya pake velos hybrid perliter biasanya berpa km ya mampunya untuk dalam kota,mau tanya pake velos hybrid perliter biasanya berpa km ya mampunya untuk dalam kota,Toyota Veloz,medium,community_context,False,,,,False,not_relevant,no_adas_keyword,,UNKNOWN,,,,,,,
rec_14366675b7d11c3e,Toyota Veloz,VELOZ HYBRID INDONESIA,https://www.facebook.com/groups/1564504984994701,post_2,post_2_comment_58,post_2,comment,,,,"Asal speed gak sering diatas 110 KM/jam dapat lah 1 : 19 - 24 kadang bisa sampe 26, cuma klo sering main sped diatas itu 1 : 1… Lihat selengkapnya",https://www.facebook.com/groups/1564504984994701,2026-09-18T03:31:30Z,raw_data_run_20260918_102948_3d1b49.csv,rec_14366675b7d11c3e,False,"Asal speed gak sering diatas 110 KM/jam dapat lah 1 : 19 - 24 kadang bisa sampe 26, cuma klo sering main sped diatas itu 1 : 1… Lihat selengkapnya","asal speed gak sering diatas 110 km/jam dapat lah 1 : 19 - 24 kadang bisa sampe 26, cuma klo sering main sped diatas itu 1 : 1… lihat selengkapnya",Toyota Veloz,medium,community_context,False,,,,False,not_relevant,no_adas_keyword,,UNKNOWN,,,,,,,
rec_0c97bbd9f6ff6d3f,Toyota Veloz,VELOZ HYBRID INDONESIA,https://www.facebook.com/groups/1564504984994701,post_2,post_2_comment_59,post_2,comment,,,,Dalam kota klo bwanya santai sering mode ev rata2 1 : 20-22,https://www.facebook.com/groups/1564504984994701,2026-09-18T03:31:30Z,raw_data_run_20260918_102948_3d1b49.csv,rec_0c97bbd9f6ff6d3f,False,Dalam kota klo bwanya santai sering mode ev rata2 1 : 20-22,dalam kota klo bwanya santai sering mode ev rata2 1 : 20-22,Toyota Veloz,medium,community_context,False,,,,False,not_relevant,no_adas_keyword,,UNKNOWN,,,,,,,
rec_b5b74c868dce55d0,Toyota Veloz,VELOZ HYBRID INDONESIA,https://www.facebook.com/groups/1564504984994701,post_2,post_2_comment_60,post_2,comment,,,,Kenapa diganti? Kalau beli yg hybrid kan udah dapet dr sananya?,https://www.facebook.com/groups/1564504984994701,2026-09-18T03:31:32Z,raw_data_run_20260918_102948_3d1b49.csv,rec_b5b74c868dce55d0,False,Kenapa diganti? Kalau beli yg hybrid kan udah dapet dr sananya?,kenapa diganti? kalau beli yg hybrid kan udah dapet dr sananya?,Toyota Veloz,medium,community_context,False,,,,False,not_relevant,no_adas_keyword,,UNKNOWN,,,,,,,
rec_99f9cd6e7734a439,Toyota Veloz,VELOZ HYBRID INDONESIA,https://www.facebook.com/groups/1564504984994701,post_2,post_2_comment_61,post_2,comment,,,,yg mana sih maksud nya?,https://www.facebook.com/groups/1564504984994701,2026-09-18T03:31:32Z,raw_data_run_20260918_102948_3d1b49.csv,rec_99f9cd6e7734a439,False,yg mana sih maksud nya?,yg mana sih maksud nya?,Toyota Veloz,medium,community_context,False,,,,False,not_relevant,no_adas_keyword,,UNKNOWN,,,,,,,
rec_88290a0f9c8c6cc5,Toyota Veloz,VELOZ HYBRID INDONESIA,https://www.facebook.com/groups/1564504984994701,post_3,,,post,,,,"Dimas Pangestu
  ·
13 jam
Aku kmrn nanya veloz q mau cash bertahap yang 0%, misalkan cicilan 12 bulan, kena cas asuransi sekitar 14jtan, dari 336 ditota… Lihat selengkapnya
Balas
Bagikan",https://www.facebook.com/groups/1564504984994701,2026-09-18T03:31:32Z,raw_data_run_20260918_102948_3d1b49.csv,rec_88290a0f9c8c6cc5,False,"Dimas Pangestu · 13 jam Aku kmrn nanya veloz q mau cash bertahap yang 0%, misalkan cicilan 12 bulan, kena cas asuransi sekitar 14jtan, dari 336 ditota… Lihat selengkapnya Balas Bagikan","dimas pangestu · 13 jam aku kmrn nanya veloz q mau cash bertahap yang 0%, misalkan cicilan 12 bulan, kena cas asuransi sekitar 14jtan, dari 336 ditota… lihat selengkapnya balas bagikan",Toyota Veloz,high,explicit_text_alias_strong,False,,,,False,not_relevant,no_adas_keyword,,UNKNOWN,,,,,,,
rec_188fc32f4a93ce82,Toyota Veloz,VELOZ HYBRID INDONESIA,https://www.facebook.com/groups/1564504984994701,post_3,post_3_comment_1,post_3,comment,,,,"mau tanya om, ac nya veloz hybrid bisa nyala tanpa mesin bensin nyala gak ya? misal untuk istirahat di rest area selama 1 jam gitu",https://www.facebook.com/groups/1564504984994701,2026-09-18T03:31:36Z,raw_data_run_20260918_102948_3d1b49.csv,rec_188fc32f4a93ce82,False,"mau tanya om, ac nya veloz hybrid bisa nyala tanpa mesin bensin nyala gak ya? misal untuk istirahat di rest area selama 1 jam gitu","mau tanya om, ac nya veloz hybrid bisa nyala tanpa mesin bensin nyala gak ya? misal untuk istirahat di rest area selama 1 jam gitu",Toyota Veloz,high,explicit_text_alias_strong,False,,,,False,not_relevant,no_adas_keyword,,UNKNOWN,,,,,,,
rec_fbfac99949541601,Toyota Veloz,VELOZ HYBRID INDONESIA,https://www.facebook.com/groups/1564504984994701,post_3,post_3_comment_2,post_3,comment,,,,"bisa nyala tanpa mesin, tp tdk sampai 1 jam jg... intinya saat baterai sisa 40% atau 3 bar mesin akan menyala utk mengisi bate… Lihat selengkapnya",https://www.facebook.com/groups/1564504984994701,2026-09-18T03:31:36Z,raw_data_run_20260918_102948_3d1b49.csv,rec_fbfac99949541601,False,"bisa nyala tanpa mesin, tp tdk sampai 1 jam jg... intinya saat baterai sisa 40% atau 3 bar mesin akan menyala utk mengisi bate… Lihat selengkapnya","bisa nyala tanpa mesin, tp tdk sampai 1 jam jg... intinya saat baterai sisa 40% atau 3 bar mesin akan menyala utk mengisi bate… lihat selengkapnya",Toyota Veloz,medium,community_context,False,,,,False,not_relevant,no_adas_keyword,,UNKNOWN,,,,,,,
rec_87d10e28df544a99,Toyota Veloz,VELOZ HYBRID INDONESIA,https://www.facebook.com/groups/1564504984994701,post_3,post_3_comment_3,post_3,comment,,,,"Permisi om, mau tanya. Ada yg pernah pake skema cash bertahap om? Pembayaran nya sesuai OTR / ada tambahan lain ya?",https://www.facebook.com/groups/1564504984994701,2026-09-18T03:31:36Z,raw_data_run_20260918_102948_3d1b49.csv,rec_87d10e28df544a99,False,"Permisi om, mau tanya. Ada yg pernah pake skema cash bertahap om? Pembayaran nya sesuai OTR / ada tambahan lain ya?","permisi om, mau tanya. ada yg pernah pake skema cash bertahap om? pembayaran nya sesuai otr / ada tambahan lain ya?",Toyota Veloz,medium,community_context,False,,,,False,not_relevant,no_adas_keyword,,UNKNOWN,,,,,,,
rec_9cd3682537aeefe1,Toyota Veloz,VELOZ HYBRID INDONESIA,https://www.facebook.com/groups/1564504984994701,post_3,post_3_comment_4,post_3,comment,,,,Ambil cash aja harga OTR...dapat cash back... free asuransi All risk 1 tahun...free asesoris...yang punya dana cash adalah raja...bebas open Nego,https://www.facebook.com/groups/1564504984994701,2026-09-18T03:31:36Z,raw_data_run_20260918_102948_3d1b49.csv,rec_9cd3682537aeefe1,False,Ambil cash aja harga OTR...dapat cash back... free asuransi All risk 1 tahun...free asesoris...yang punya dana cash adalah raja...bebas open Nego,ambil cash aja harga otr...dapat cash back... free asuransi all risk 1 tahun...free asesoris...yang punya dana cash adalah raja...bebas open nego,Toyota Veloz,medium,community_context,False,,,,False,not_relevant,no_adas_keyword,,UNKNOWN,,,,,,,
rec_f9cf1f73eea553ad,Toyota Veloz,VELOZ HYBRID INDONESIA,https://www.facebook.com/groups/1564504984994701,post_3,post_3_comment_5,post_3,comment,,,,"Aku kmrn nanya veloz q mau cash bertahap yang 0%, misalkan cicilan 12 bulan, kena cas asuransi sekitar 14jtan, dari 336 ditota… Lihat selengkapnya",https://www.facebook.com/groups/1564504984994701,2026-09-18T03:31:36Z,raw_data_run_20260918_102948_3d1b49.csv,rec_f9cf1f73eea553ad,False,"Aku kmrn nanya veloz q mau cash bertahap yang 0%, misalkan cicilan 12 bulan, kena cas asuransi sekitar 14jtan, dari 336 ditota… Lihat selengkapnya","aku kmrn nanya veloz q mau cash bertahap yang 0%, misalkan cicilan 12 bulan, kena cas asuransi sekitar 14jtan, dari 336 ditota… lihat selengkapnya",Toyota Veloz,high,explicit_text_alias_strong,False,,,,False,not_relevant,no_adas_keyword,,UNKNOWN,,,,,,,
rec_d7bb08d6c4207f4e,Toyota Veloz,VELOZ HYBRID INDONESIA,https://www.facebook.com/groups/1564504984994701,post_3,post_3_comment_6,post_3,comment,,,,"Om  kalau tekan dan lepas pedal rem kaki @sering bunyi krrekkk.krekkk terutama ketika Veloz hev baru jalan n parkir. Apakah itu wajar ya atau punya kondisi yang sama 
 Terimakasih kasih sudah mw menjawab.",https://www.facebook.com/groups/1564504984994701,2026-09-18T03:31:36Z,raw_data_run_20260918_102948_3d1b49.csv,rec_d7bb08d6c4207f4e,False,Om kalau tekan dan lepas pedal rem kaki [mention] bunyi krrekkk.krekkk terutama ketika Veloz hev baru jalan n parkir. Apakah itu wajar ya atau punya kondisi yang sama Terimakasih kasih sudah mw menjawab.,om kalau tekan dan lepas pedal rem kaki [mention] bunyi krrekkk.krekkk terutama ketika veloz hev baru jalan n parkir. apakah itu wajar ya atau punya kondisi yang sama terimakasih kasih sudah mw menjawab.,Toyota Veloz,high,explicit_text_alias_strong,False,,,,False,not_relevant,no_adas_keyword,,UNKNOWN,,,,,,,
rec_ee73875537d2939f,Toyota Veloz,VELOZ HYBRID INDONESIA,https://www.facebook.com/groups/1564504984994701,post_3,post_3_comment_7,post_3,comment,,,,Wajar,https://www.facebook.com/groups/1564504984994701,2026-09-18T03:31:36Z,raw_data_run_20260918_102948_3d1b49.csv,rec_ee73875537d2939f,False,Wajar,wajar,Toyota Veloz,medium,community_context,False,,,,False,not_relevant,no_adas_keyword,,UNKNOWN,,,,,,,
rec_eaf38623ad10dfa2,Toyota Veloz,VELOZ HYBRID INDONESIA,https://www.facebook.com/groups/1564504984994701,post_3,post_3_comment_8,post_3,comment,,,,Punyaku smooth,https://www.facebook.com/groups/1564504984994701,2026-09-18T03:31:36Z,raw_data_run_20260918_102948_3d1b49.csv,rec_eaf38623ad10dfa2,False,Punyaku smooth,punyaku smooth,Toyota Veloz,medium,community_context,True,smooth,layer_c_indonesian,,False,uncertain,functional_keywords_no_behavioural_context,low,ACC,ACC:smoothness,not_stated,uncertain,positive,smooth,unclear,medium
rec_d4db916d0b1b7f23,Toyota Veloz,VELOZ HYBRID INDONESIA,https://www.facebook.com/groups/1564504984994701,post_3,post_3_comment_9,post_3,comment,,,,"Yang mau kredit & cash unit baru toyota dp mulai dari 5jtan dan udh coll 5 bisa dibantu untuk proses , minat bisa hubungi 0895336681497 chatherina",https://www.facebook.com/groups/1564504984994701,2026-09-18T03:31:36Z,raw_data_run_20260918_102948_3d1b49.csv,rec_d4db916d0b1b7f23,False,"Yang mau kredit & cash unit baru toyota dp mulai dari 5jtan dan udh coll 5 bisa dibantu untuk proses , minat bisa hubungi 0895336681497 chatherina","yang mau kredit & cash unit baru toyota dp mulai dari 5jtan dan udh coll 5 bisa dibantu untuk proses , minat bisa hubungi 0895336681497 chatherina",Toyota Veloz,medium,community_context,False,,,,False,not_relevant,no_adas_keyword,,UNKNOWN,,,,,,,
rec_652f23515b9c5d36,Toyota Veloz,VELOZ HYBRID INDONESIA,https://www.facebook.com/groups/1564504984994701,post_3,post_3_comment_10,post_3,comment,,,,Forum Sharing Seputar dan Jual Beli Veloz Hybrid,https://www.facebook.com/groups/1564504984994701,2026-09-18T03:31:36Z,raw_data_run_20260918_102948_3d1b49.csv,rec_652f23515b9c5d36,False,Forum Sharing Seputar dan Jual Beli Veloz Hybrid,forum sharing seputar dan jual beli veloz hybrid,Toyota Veloz,high,explicit_text_alias_strong,False,,,,False,not_relevant,no_adas_keyword,,UNKNOWN,,,,,,,
rec_995bf40c83a665ed,Toyota Veloz,VELOZ HYBRID INDONESIA,https://www.facebook.com/groups/1564504984994701,post_3,post_3_comment_11,post_3,comment,,,,More Info: 0812 9324 1292 (Fadly),https://www.facebook.com/groups/1564504984994701,2026-09-18T03:31:36Z,raw_data_run_20260918_102948_3d1b49.csv,rec_995bf40c83a665ed,False,More Info: 0812 9324 1292 (Fadly),more info: 0812 9324 1292 (fadly),Toyota Veloz,medium,community_context,False,,,,False,not_relevant,no_adas_keyword,,UNKNOWN,,,,,,,
rec_b06957b7850cbf91,Toyota Veloz,VELOZ HYBRID INDONESIA,https://www.facebook.com/groups/1564504984994701,post_3,post_3_comment_12,post_3,comment,,,,"Paket kredit bunga super murah se-jawa timur!!!
Raffi Auto200 Surabaya : 0851-9666-2274
Veloz Q HV Modelista TSS Two Tone 
dp 107.504jt… Lihat selengkapnya",https://www.facebook.com/groups/1564504984994701,2026-09-18T03:31:38Z,raw_data_run_20260918_102948_3d1b49.csv,rec_b06957b7850cbf91,False,Paket kredit bunga super murah se-jawa timur!!! Raffi Auto200 Surabaya : 0851-9666-2274 Veloz Q HV Modelista TSS Two Tone dp 107.504jt… Lihat selengkapnya,paket kredit bunga super murah se-jawa timur!!! raffi auto200 surabaya : 0851-9666-2274 veloz q hv modelista tss two tone dp 107.504jt… lihat selengkapnya,Toyota Veloz,high,explicit_text_alias_strong,True,TSS,combined_adas,,True,uncertain,generic_adas_terms_only,low,UNKNOWN,not_stated,not_stated,uncertain,neutral,not_stated,unclear,low
rec_c3aaf621e302b52b,Toyota Veloz,VELOZ HYBRID INDONESIA,https://www.facebook.com/groups/1564504984994701,post_3,post_3_comment_13,post_3,comment,,,,Paket kredit bunga super murah se-jawa timur!!!,https://www.facebook.com/groups/1564504984994701,2026-09-18T03:31:38Z,raw_data_run_20260918_102948_3d1b49.csv,rec_c3aaf621e302b52b,False,Paket kredit bunga super murah se-jawa timur!!!,paket kredit bunga super murah se-jawa timur!!!,Toyota Veloz,medium,community_context,False,,,,False,not_relevant,no_adas_keyword,,UNKNOWN,,,,,,,
rec_250ba2fce53ec8c9,Toyota Veloz,VELOZ HYBRID INDONESIA,https://www.facebook.com/groups/1564504984994701,post_3,post_3_comment_14,post_3,comment,,,,Raffi Auto200 Surabaya : 0851-9666-2274,https://www.facebook.com/groups/1564504984994701,2026-09-18T03:31:38Z,raw_data_run_20260918_102948_3d1b49.csv,rec_250ba2fce53ec8c9,False,Raffi Auto200 Surabaya : 0851-9666-2274,raffi auto200 surabaya : 0851-9666-2274,Toyota Veloz,medium,community_context,False,,,,False,not_relevant,no_adas_keyword,,UNKNOWN,,,,,,,
rec_3c3c42bb5cc2a5fc,Toyota Veloz,VELOZ HYBRID INDONESIA,https://www.facebook.com/groups/1564504984994701,post_3,post_3_comment_15,post_3,comment,,,,Veloz Q HV Modelista TSS Two Tone,https://www.facebook.com/groups/1564504984994701,2026-09-18T03:31:38Z,raw_data_run_20260918_102948_3d1b49.csv,rec_3c3c42bb5cc2a5fc,False,Veloz Q HV Modelista TSS Two Tone,veloz q hv modelista tss two tone,Toyota Veloz,high,explicit_text_alias_strong,True,TSS,combined_adas,,True,uncertain,generic_adas_terms_only,low,UNKNOWN,not_stated,not_stated,uncertain,neutral,not_stated,unclear,low
rec_7a463c6d64e971d7,Toyota Veloz,VELOZ HYBRID INDONESIA,https://www.facebook.com/groups/1564504984994701,post_3,post_3_comment_16,post_3,comment,,,,dp 107.504jt… Lihat selengkapnya,https://www.facebook.com/groups/1564504984994701,2026-09-18T03:31:38Z,raw_data_run_20260918_102948_3d1b49.csv,rec_7a463c6d64e971d7,False,dp 107.504jt… Lihat selengkapnya,dp 107.504jt… lihat selengkapnya,Toyota Veloz,medium,community_context,False,,,,False,not_relevant,no_adas_keyword,,UNKNOWN,,,,,,,
rec_161c718d3f75dff5,Toyota Veloz,VELOZ HYBRID INDONESIA,https://www.facebook.com/groups/1564504984994701,post_3,post_3_comment_17,post_3,comment,,,,"TESTDRIVE VELOZ HYBRID & YARIS CROSS HYBRID
Lokasi : SUMMARECON CROWN GADING (BELAKANG HI )
WAKTU : 08.00 - SELESAI
TANGGAL : 29 AGUSTUS 2026
HARI : SABTU
Lihat selengkapnya",https://www.facebook.com/groups/1564504984994701,2026-09-18T03:31:38Z,raw_data_run_20260918_102948_3d1b49.csv,rec_161c718d3f75dff5,False,TESTDRIVE VELOZ HYBRID & YARIS CROSS HYBRID Lokasi : SUMMARECON CROWN GADING (BELAKANG HI ) WAKTU : 08.00 - SELESAI TANGGAL : 29 AGUSTUS 2026 HARI : SABTU Lihat selengkapnya,testdrive veloz hybrid & yaris cross hybrid lokasi : summarecon crown gading (belakang hi ) waktu : 08.00 - selesai tanggal : 29 agustus 2026 hari : sabtu lihat selengkapnya,Toyota Veloz,medium,multiple_mentions_context_vehicle,False,,,,False,not_relevant,no_adas_keyword,,UNKNOWN,,,,,,,
rec_e3e0d80629907b21,Toyota Veloz,VELOZ HYBRID INDONESIA,https://www.facebook.com/groups/1564504984994701,post_3,post_3_comment_18,post_3,comment,,,,"Upgrade mobil mu, untuk upgrade hidupmu. 
Hubungi 088227756129 #hubungikami #toyota",https://www.facebook.com/groups/1564504984994701,2026-09-18T03:31:40Z,raw_data_run_20260918_102948_3d1b49.csv,rec_e3e0d80629907b21,False,"Upgrade mobil mu, untuk upgrade hidupmu. Hubungi 088227756129 #hubungikami #toyota","upgrade mobil mu, untuk upgrade hidupmu. hubungi 088227756129 #hubungikami #toyota",Toyota Veloz,medium,community_context,False,,,,False,not_relevant,no_adas_keyword,,UNKNOWN,,,,,,,
rec_82309ddd09f31f78,Toyota Veloz,VELOZ HYBRID INDONESIA,https://www.facebook.com/groups/1564504984994701,post_3,post_3_comment_19,post_3,comment,,,,"Upgrade mobil mu, untuk upgrade hidupmu.",https://www.facebook.com/groups/1564504984994701,2026-09-18T03:31:40Z,raw_data_run_20260918_102948_3d1b49.csv,rec_82309ddd09f31f78,False,"Upgrade mobil mu, untuk upgrade hidupmu.","upgrade mobil mu, untuk upgrade hidupmu.",Toyota Veloz,medium,community_context,False,,,,False,not_relevant,no_adas_keyword,,UNKNOWN,,,,,,,
rec_11f6088d37980b95,Toyota Veloz,VELOZ HYBRID INDONESIA,https://www.facebook.com/groups/1564504984994701,post_3,post_3_comment_20,post_3,comment,,,,Hubungi 088227756129 #hubungikami #toyota,https://www.facebook.com/groups/1564504984994701,2026-09-18T03:31:40Z,raw_data_run_20260918_102948_3d1b49.csv,rec_11f6088d37980b95,False,Hubungi 088227756129 #hubungikami #toyota,hubungi 088227756129 #hubungikami #toyota,Toyota Veloz,medium,community_context,False,,,,False,not_relevant,no_adas_keyword,,UNKNOWN,,,,,,,
rec_1e5b16498056006a,Toyota Veloz,VELOZ HYBRID INDONESIA,https://www.facebook.com/groups/1564504984994701,post_3,post_3_comment_21,post_3,comment,,,,Ijin share suhu suhu,https://www.facebook.com/groups/1564504984994701,2026-09-18T03:31:41Z,raw_data_run_20260918_102948_3d1b49.csv,rec_1e5b16498056006a,False,Ijin share suhu suhu,ijin share suhu suhu,Toyota Veloz,medium,community_context,False,,,,False,not_relevant,no_adas_keyword,,UNKNOWN,,,,,,,
rec_2be37dd32ea3acf5,Toyota Veloz,VELOZ HYBRID INDONESIA,https://www.facebook.com/groups/1564504984994701,post_3,post_3_comment_22,post_3,comment,,,,"Bisa Trade in dari semua merk ke Veloz Hybrid.
New Veloz V HEV 2026
Harga : Rp303.000.000*
DP : Mulai dari 15%
Hubungi sekarang untuk jadwal Test Drive.
Lihat selengkapnya",https://www.facebook.com/groups/1564504984994701,2026-09-18T03:31:43Z,raw_data_run_20260918_102948_3d1b49.csv,rec_2be37dd32ea3acf5,False,Bisa Trade in dari semua merk ke Veloz Hybrid. New Veloz V HEV 2026 Harga : Rp303.000.000* DP : Mulai dari 15% Hubungi sekarang untuk jadwal Test Drive. Lihat selengkapnya,bisa trade in dari semua merk ke veloz hybrid. new veloz v hev 2026 harga : rp303.000.000* dp : mulai dari 15% hubungi sekarang untuk jadwal test drive. lihat selengkapnya,Toyota Veloz,high,explicit_text_alias_strong,False,,,,False,not_relevant,no_adas_keyword,,UNKNOWN,,,,,,,
rec_75724028ffd180ce,Toyota Veloz,VELOZ HYBRID INDONESIA,https://www.facebook.com/groups/1564504984994701,post_3,post_3_comment_23,post_3,comment,,,,Siang om Abang smua. Info dong. Sya 10 th pke av Veloz manual 1.5.rencana pngen buat dp Veloz hybrd. Niatnya klo jd 100 buat DP.sisanya buat kbutuhan rmah. klo ambil 4 th estimasi  cicilan kena brp? Dan baiknya pake tipe apa. Sebelum nya terimakasih klo mau berbagi  informasi,https://www.facebook.com/groups/1564504984994701,2026-09-18T03:31:43Z,raw_data_run_20260918_102948_3d1b49.csv,rec_75724028ffd180ce,False,Siang om Abang smua. Info dong. Sya 10 th pke av Veloz manual 1.5.rencana pngen buat dp Veloz hybrd. Niatnya klo jd 100 buat DP.sisanya buat kbutuhan rmah. klo ambil 4 th estimasi cicilan kena brp? Dan baiknya pake tipe apa. Sebelum nya terimakasih klo mau berbagi informasi,siang om abang smua. info dong. sya 10 th pke av veloz manual 1.5.rencana pngen buat dp veloz hybrd. niatnya klo jd 100 buat dp.sisanya buat kbutuhan rmah. klo ambil 4 th estimasi cicilan kena brp? dan baiknya pake tipe apa. sebelum nya terimakasih klo mau berbagi informasi,Toyota Veloz,high,explicit_text_alias_strong,False,,,,False,not_relevant,no_adas_keyword,,UNKNOWN,,,,,,,
rec_b437177954c018a0,Toyota Veloz,VELOZ HYBRID INDONESIA,https://www.facebook.com/groups/1564504984994701,post_3,post_3_comment_24,post_3,comment,,,,Mksdnya tipe apanya pak?? Apa sudah dpt??,https://www.facebook.com/groups/1564504984994701,2026-09-18T03:31:43Z,raw_data_run_20260918_102948_3d1b49.csv,rec_b437177954c018a0,False,Mksdnya tipe apanya pak?? Apa sudah dpt??,mksdnya tipe apanya pak?? apa sudah dpt??,Toyota Veloz,medium,community_context,False,,,,False,not_relevant,no_adas_keyword,,UNKNOWN,,,,,,,
rec_db2171cdfadc5b64,Toyota Veloz,VELOZ HYBRID INDONESIA,https://www.facebook.com/groups/1564504984994701,post_3,post_3_comment_25,post_3,comment,,,,Bisa balas inbox pak,https://www.facebook.com/groups/1564504984994701,2026-09-18T03:31:43Z,raw_data_run_20260918_102948_3d1b49.csv,rec_db2171cdfadc5b64,False,Bisa balas inbox pak,bisa balas inbox pak,Toyota Veloz,medium,community_context,False,,,,False,not_relevant,no_adas_keyword,,UNKNOWN,,,,,,,
rec_00166ab6e4c5d440,Toyota Veloz,VELOZ HYBRID INDONESIA,https://www.facebook.com/groups/1564504984994701,post_3,post_3_comment_26,post_3,comment,,,,"Izin beregabung
Sebelumnya perkenalkan anggota baru
Terimakasih Abg Admin yg izinkan bergabung digrup
Unit Veloz hybrid type V
Lihat selengkapnya",https://www.facebook.com/groups/1564504984994701,2026-09-18T03:31:45Z,raw_data_run_20260918_102948_3d1b49.csv,rec_00166ab6e4c5d440,False,Izin beregabung Sebelumnya perkenalkan anggota baru Terimakasih Abg Admin yg izinkan bergabung digrup Unit Veloz hybrid type V Lihat selengkapnya,izin beregabung sebelumnya perkenalkan anggota baru terimakasih abg admin yg izinkan bergabung digrup unit veloz hybrid type v lihat selengkapnya,Toyota Veloz,high,explicit_text_alias_strong,False,,,,False,not_relevant,no_adas_keyword,,UNKNOWN,,,,,,,
rec_da373c41e57f1f85,Toyota Veloz,VELOZ HYBRID INDONESIA,https://www.facebook.com/groups/1564504984994701,post_3,post_3_comment_27,post_3,comment,,,,Berpengaruh..,https://www.facebook.com/groups/1564504984994701,2026-09-18T03:31:45Z,raw_data_run_20260918_102948_3d1b49.csv,rec_da373c41e57f1f85,False,Berpengaruh..,berpengaruh..,Toyota Veloz,medium,community_context,False,,,,False,not_relevant,no_adas_keyword,,UNKNOWN,,,,,,,
rec_0230bdf02012966f,Toyota Veloz,VELOZ HYBRID INDONESIA,https://www.facebook.com/groups/1564504984994701,post_3,post_3_comment_28,post_3,comment,,,,"Sya kmarin tanya2 mau gantu HU yg di tengah, walau dikerjain di beres, ttap batalin garansi jika suatu ada masal… Lihat selengkapnya",https://www.facebook.com/groups/1564504984994701,2026-09-18T03:31:45Z,raw_data_run_20260918_102948_3d1b49.csv,rec_0230bdf02012966f,False,"Sya kmarin tanya2 mau gantu HU yg di tengah, walau dikerjain di beres, ttap batalin garansi jika suatu ada masal… Lihat selengkapnya","sya kmarin tanya2 mau gantu hu yg di tengah, walau dikerjain di beres, ttap batalin garansi jika suatu ada masal… lihat selengkapnya",Toyota Veloz,medium,community_context,False,,,,False,not_relevant,no_adas_keyword,,UNKNOWN,,,,,,,
rec_523ea6f5116d977f,Toyota Veloz,VELOZ HYBRID INDONESIA,https://www.facebook.com/groups/1564504984994701,post_3,post_3_comment_29,post_3,comment,,,,masa segini?,https://www.facebook.com/groups/1564504984994701,2026-09-18T03:31:45Z,raw_data_run_20260918_102948_3d1b49.csv,rec_523ea6f5116d977f,False,masa segini?,masa segini?,Toyota Veloz,medium,community_context,False,,,,False,not_relevant,no_adas_keyword,,UNKNOWN,,,,,,,
rec_f03312001f128512,Toyota Veloz,VELOZ HYBRID INDONESIA,https://www.facebook.com/groups/1564504984994701,post_3,post_3_comment_30,post_3,comment,,,,"Biasa habis isi bensin itu om
coba bawa 1 jam pasti normal lagi.",https://www.facebook.com/groups/1564504984994701,2026-09-18T03:31:45Z,raw_data_run_20260918_102948_3d1b49.csv,rec_f03312001f128512,False,Biasa habis isi bensin itu om coba bawa 1 jam pasti normal lagi.,biasa habis isi bensin itu om coba bawa 1 jam pasti normal lagi.,Toyota Veloz,medium,community_context,False,,,,False,not_relevant,no_adas_keyword,,UNKNOWN,,,,,,,
rec_224261cbe09f5da1,Toyota Veloz,VELOZ HYBRID INDONESIA,https://www.facebook.com/groups/1564504984994701,post_3,post_3_comment_31,post_3,comment,,,,Jaln menurun,https://www.facebook.com/groups/1564504984994701,2026-09-18T03:31:45Z,raw_data_run_20260918_102948_3d1b49.csv,rec_224261cbe09f5da1,False,Jaln menurun,jaln menurun,Toyota Veloz,medium,community_context,False,,,,False,not_relevant,no_adas_keyword,,UNKNOWN,,,,,,,
rec_68a9e2aca4838947,Toyota Veloz,VELOZ HYBRID INDONESIA,https://www.facebook.com/groups/1564504984994701,post_3,post_3_comment_32,post_3,comment,,,,"Pertalite
mau bertanya gan.. karena keadaan di Makassar saat ini sangat kesulitan untuk mencari BBM, saya tadi antri di SPBU pertamina hampir 2 jam, dan pertamax nya habis hanya ada pertalite.. akhirnya saya isi saja pertalite krn bensinnya sisa 2 batang...
apakah tidak masalah gan?
Dan jika Hal ini terus terus terjadi dalam waktu lama, apakah itu akan merusak mesin dsb?",https://www.facebook.com/groups/1564504984994701,2026-09-18T03:31:47Z,raw_data_run_20260918_102948_3d1b49.csv,rec_68a9e2aca4838947,False,"Pertalite mau bertanya gan.. karena keadaan di Makassar saat ini sangat kesulitan untuk mencari BBM, saya tadi antri di SPBU pertamina hampir 2 jam, dan pertamax nya habis hanya ada pertalite.. akhirnya saya isi saja pertalite krn bensinnya sisa 2 batang... apakah tidak masalah gan? Dan jika Hal ini terus terus terjadi dalam waktu lama, apakah itu akan merusak mesin dsb?","pertalite mau bertanya gan.. karena keadaan di makassar saat ini sangat kesulitan untuk mencari bbm, saya tadi antri di spbu pertamina hampir 2 jam, dan pertamax nya habis hanya ada pertalite.. akhirnya saya isi saja pertalite krn bensinnya sisa 2 batang... apakah tidak masalah gan? dan jika hal ini terus terus terjadi dalam waktu lama, apakah itu akan merusak mesin dsb?",Toyota Veloz,medium,community_context,False,,,,False,not_relevant,no_adas_keyword,,UNKNOWN,,,,,,,
rec_e403b923884e4c3a,Toyota Veloz,VELOZ HYBRID INDONESIA,https://www.facebook.com/groups/1564504984994701,post_3,post_3_comment_33,post_3,comment,,,,Gamasalah om,https://www.facebook.com/groups/1564504984994701,2026-09-18T03:31:47Z,raw_data_run_20260918_102948_3d1b49.csv,rec_e403b923884e4c3a,False,Gamasalah om,gamasalah om,Toyota Veloz,medium,community_context,False,,,,False,not_relevant,no_adas_keyword,,UNKNOWN,,,,,,,
rec_050f0302943892bd,Toyota Veloz,VELOZ HYBRID INDONESIA,https://www.facebook.com/groups/1564504984994701,post_3,post_3_comment_34,post_3,comment,,,,Gak masalah,https://www.facebook.com/groups/1564504984994701,2026-09-18T03:31:47Z,raw_data_run_20260918_102948_3d1b49.csv,rec_050f0302943892bd,False,Gak masalah,gak masalah,Toyota Veloz,medium,community_context,False,,,,False,not_relevant,no_adas_keyword,,UNKNOWN,,,,,,,
rec_81ddd0efeb2203a8,Toyota Veloz,VELOZ HYBRID INDONESIA,https://www.facebook.com/groups/1564504984994701,post_3,post_3_comment_35,post_3,comment,,,,"Buat yang pake veloz hybrid tipe Q modelista, kalo lagi jalan trus di depan tiba2 berhenti apakah otomatis ngerem apa hanya khusus Tss sja ?",https://www.facebook.com/groups/1564504984994701,2026-09-18T03:31:48Z,raw_data_run_20260918_102948_3d1b49.csv,rec_81ddd0efeb2203a8,False,"Buat yang pake veloz hybrid tipe Q modelista, kalo lagi jalan trus di depan tiba2 berhenti apakah otomatis ngerem apa hanya khusus Tss sja ?","buat yang pake veloz hybrid tipe q modelista, kalo lagi jalan trus di depan tiba2 berhenti apakah otomatis ngerem apa hanya khusus tss sja ?",Toyota Veloz,high,explicit_text_alias_strong,True,TSS;otomatis ngerem,"layer_c_indonesian,combined_adas",,False,relevant,functional_keywords_with_context,medium,PDA,PDA:braking,not_stated,question,neutral,not_stated,unclear,medium
rec_8e0301d3d064fba1,Toyota Veloz,VELOZ HYBRID INDONESIA,https://www.facebook.com/groups/1564504984994701,post_3,post_3_comment_36,post_3,comment,,,,Iya om tss nya gt.kadang klo depan bhnti kt remnya kurg injek dia nge rem sndiri.ngeselin,https://www.facebook.com/groups/1564504984994701,2026-09-18T03:31:48Z,raw_data_run_20260918_102948_3d1b49.csv,rec_8e0301d3d064fba1,False,Iya om tss nya gt.kadang klo depan bhnti kt remnya kurg injek dia nge rem sndiri.ngeselin,iya om tss nya gt.kadang klo depan bhnti kt remnya kurg injek dia nge rem sndiri.ngeselin,Toyota Veloz,medium,community_context,True,TSS,combined_adas,,True,uncertain,generic_adas_terms_only,low,UNKNOWN,not_stated,not_stated,uncertain,neutral,not_stated,unclear,low
rec_a7cb7752906d3dd8,Toyota Veloz,VELOZ HYBRID INDONESIA,https://www.facebook.com/groups/1564504984994701,post_3,post_3_comment_37,post_3,comment,,,,Fitur yg membantu di jalanan jakarta khusunya pemotor yang tiba tiba nyalip dan berhenti di depan.,https://www.facebook.com/groups/1564504984994701,2026-09-18T03:31:48Z,raw_data_run_20260918_102948_3d1b49.csv,rec_a7cb7752906d3dd8,False,Fitur yg membantu di jalanan jakarta khusunya pemotor yang tiba tiba nyalip dan berhenti di depan.,fitur yg membantu di jalanan jakarta khusunya pemotor yang tiba tiba nyalip dan berhenti di depan.,Toyota Veloz,medium,community_context,False,,,,False,not_relevant,no_adas_keyword,,UNKNOWN,,,,,,,
rec_3c251215ec33b554,Toyota Veloz,VELOZ HYBRID INDONESIA,https://www.facebook.com/groups/1564504984994701,post_3,post_3_comment_38,post_3,comment,,,,"Toyota Veloz Q CVT 2023
Harga Cash 228 jt Nego
An Pribadi
Pajak Panjang 8-2027
KM 53 rb
Lihat selengkapnya",https://www.facebook.com/groups/1564504984994701,2026-09-18T03:31:48Z,raw_data_run_20260918_102948_3d1b49.csv,rec_3c251215ec33b554,False,Toyota Veloz Q CVT 2023 Harga Cash 228 jt Nego An Pribadi Pajak Panjang 8-2027 KM 53 rb Lihat selengkapnya,toyota veloz q cvt 2023 harga cash 228 jt nego an pribadi pajak panjang 8-2027 km 53 rb lihat selengkapnya,Toyota Veloz,high,explicit_text_alias_strong,False,,,,False,not_relevant,no_adas_keyword,,UNKNOWN,,,,,,,
rec_ea872598f0a98053,Toyota Veloz,VELOZ HYBRID INDONESIA,https://www.facebook.com/groups/1564504984994701,post_3,post_3_comment_39,post_3,comment,,,,Lokasi,https://www.facebook.com/groups/1564504984994701,2026-09-18T03:31:48Z,raw_data_run_20260918_102948_3d1b49.csv,rec_ea872598f0a98053,False,Lokasi,lokasi,Toyota Veloz,medium,community_context,False,,,,False,not_relevant,no_adas_keyword,,UNKNOWN,,,,,,,
rec_a79504a5d1c91ee6,Toyota Veloz,VELOZ HYBRID INDONESIA,https://www.facebook.com/groups/1564504984994701,post_3,post_3_comment_40,post_3,comment,,,,"halo, aman gx ya cuci mobil hybrid di car wash biasa?",https://www.facebook.com/groups/1564504984994701,2026-09-18T03:31:50Z,raw_data_run_20260918_102948_3d1b49.csv,rec_a79504a5d1c91ee6,False,"halo, aman gx ya cuci mobil hybrid di car wash biasa?","halo, aman gx ya cuci mobil hybrid di car wash biasa?",Toyota Veloz,medium,community_context,False,,,,False,not_relevant,no_adas_keyword,,UNKNOWN,,,,,,,
rec_f1b8f1efa5c953f6,Toyota Veloz,VELOZ HYBRID INDONESIA,https://www.facebook.com/groups/1564504984994701,post_3,post_3_comment_41,post_3,comment,,,,Aman omm,https://www.facebook.com/groups/1564504984994701,2026-09-18T03:31:50Z,raw_data_run_20260918_102948_3d1b49.csv,rec_f1b8f1efa5c953f6,False,Aman omm,aman omm,Toyota Veloz,medium,community_context,False,,,,False,not_relevant,no_adas_keyword,,UNKNOWN,,,,,,,
rec_cc22dbbd849625ff,Toyota Veloz,VELOZ HYBRID INDONESIA,https://www.facebook.com/groups/1564504984994701,post_3,post_3_comment_42,post_3,comment,,,,amannn,https://www.facebook.com/groups/1564504984994701,2026-09-18T03:31:50Z,raw_data_run_20260918_102948_3d1b49.csv,rec_cc22dbbd849625ff,False,amannn,amannn,Toyota Veloz,medium,community_context,False,,,,False,not_relevant,no_adas_keyword,,UNKNOWN,,,,,,,
rec_4fc64bed9c6ef1e1,Toyota Veloz,VELOZ HYBRID INDONESIA,https://www.facebook.com/groups/1564504984994701,post_3,post_3_comment_43,post_3,comment,,,,Ada yang ngojol pake veloz hybrid gak??,https://www.facebook.com/groups/1564504984994701,2026-09-18T03:31:52Z,raw_data_run_20260918_102948_3d1b49.csv,rec_4fc64bed9c6ef1e1,False,Ada yang ngojol pake veloz hybrid gak??,ada yang ngojol pake veloz hybrid gak??,Toyota Veloz,high,explicit_text_alias_strong,False,,,,False,not_relevant,no_adas_keyword,,UNKNOWN,,,,,,,
rec_49ac4485eaf55d2d,Toyota Veloz,VELOZ HYBRID INDONESIA,https://www.facebook.com/groups/1564504984994701,post_3,post_3_comment_44,post_3,comment,,,,Ada nih emang kenapa lurr?,https://www.facebook.com/groups/1564504984994701,2026-09-18T03:31:52Z,raw_data_run_20260918_102948_3d1b49.csv,rec_49ac4485eaf55d2d,False,Ada nih emang kenapa lurr?,ada nih emang kenapa lurr?,Toyota Veloz,medium,community_context,False,,,,False,not_relevant,no_adas_keyword,,UNKNOWN,,,,,,,
rec_7aabcc1ee726de2a,Toyota Veloz,VELOZ HYBRID INDONESIA,https://www.facebook.com/groups/1564504984994701,post_3,post_3_comment_45,post_3,comment,,,,"Setiap berkendara pakai Veloz saya, BBM dari dalam tangki berisik, terguncang-guncang, apa ada yg dengar juga ya, apa memang Veloz begitu ya",https://www.facebook.com/groups/1564504984994701,2026-09-18T03:31:52Z,raw_data_run_20260918_102948_3d1b49.csv,rec_7aabcc1ee726de2a,False,"Setiap berkendara pakai Veloz saya, BBM dari dalam tangki berisik, terguncang-guncang, apa ada yg dengar juga ya, apa memang Veloz begitu ya","setiap berkendara pakai veloz saya, bbm dari dalam tangki berisik, terguncang-guncang, apa ada yg dengar juga ya, apa memang veloz begitu ya",Toyota Veloz,high,explicit_text_alias_strong,False,,,,False,not_relevant,no_adas_keyword,,UNKNOWN,,,,,,,
rec_bc45f3561b7fafb8,Toyota Veloz,VELOZ HYBRID INDONESIA,https://www.facebook.com/groups/1564504984994701,post_3,post_3_comment_46,post_3,comment,,,,"tlg pencerahan.a dong om2, asuransi apa yg bagus dan gampang claim.a untuk mobil baru",https://www.facebook.com/groups/1564504984994701,2026-09-18T03:31:52Z,raw_data_run_20260918_102948_3d1b49.csv,rec_bc45f3561b7fafb8,False,"tlg pencerahan.a dong om2, asuransi apa yg bagus dan gampang claim.a untuk mobil baru","tlg pencerahan.a dong om2, asuransi apa yg bagus dan gampang claim.a untuk mobil baru",Toyota Veloz,medium,community_context,False,,,,False,not_relevant,no_adas_keyword,,UNKNOWN,,,,,,,
rec_5123343e6be43b9d,Toyota Veloz,VELOZ HYBRID INDONESIA,https://www.facebook.com/groups/1564504984994701,post_3,post_3_comment_47,post_3,comment,,,,Saya pake triva,https://www.facebook.com/groups/1564504984994701,2026-09-18T03:31:52Z,raw_data_run_20260918_102948_3d1b49.csv,rec_5123343e6be43b9d,False,Saya pake triva,saya pake triva,Toyota Veloz,medium,community_context,False,,,,False,not_relevant,no_adas_keyword,,UNKNOWN,,,,,,,
rec_f694448e520da08a,Toyota Veloz,VELOZ HYBRID INDONESIA,https://www.facebook.com/groups/1564504984994701,post_3,post_3_comment_48,post_3,comment,,,,Daerah mana pak?,https://www.facebook.com/groups/1564504984994701,2026-09-18T03:31:52Z,raw_data_run_20260918_102948_3d1b49.csv,rec_f694448e520da08a,False,Daerah mana pak?,daerah mana pak?,Toyota Veloz,medium,community_context,False,,,,False,not_relevant,no_adas_keyword,,UNKNOWN,,,,,,,
rec_177655b0114eca10,Toyota Veloz,VELOZ HYBRID INDONESIA,https://www.facebook.com/groups/1564504984994701,post_3,post_3_comment_49,post_3,comment,,,,"Pertanyaan yg paling mendasar dan bikin penasaran cara berkendaraan mobil hybrid....
Adakah tombol untuk memindahkan penggunaan mesin aja atau listrik aja secara manual… Lihat selengkapnya",https://www.facebook.com/groups/1564504984994701,2026-09-18T03:31:53Z,raw_data_run_20260918_102948_3d1b49.csv,rec_177655b0114eca10,False,Pertanyaan yg paling mendasar dan bikin penasaran cara berkendaraan mobil hybrid.... Adakah tombol untuk memindahkan penggunaan mesin aja atau listrik aja secara manual… Lihat selengkapnya,pertanyaan yg paling mendasar dan bikin penasaran cara berkendaraan mobil hybrid.... adakah tombol untuk memindahkan penggunaan mesin aja atau listrik aja secara manual… lihat selengkapnya,Toyota Veloz,medium,community_context,False,,,,False,not_relevant,no_adas_keyword,,UNKNOWN,,,,,,,
rec_62bf7383f03450b3,Toyota Veloz,VELOZ HYBRID INDONESIA,https://www.facebook.com/groups/1564504984994701,post_3,post_3_comment_50,post_3,comment,,,,Pertanyaan yg paling mendasar dan bikin penasaran cara berkendaraan mobil hybrid....,https://www.facebook.com/groups/1564504984994701,2026-09-18T03:31:53Z,raw_data_run_20260918_102948_3d1b49.csv,rec_62bf7383f03450b3,False,Pertanyaan yg paling mendasar dan bikin penasaran cara berkendaraan mobil hybrid....,pertanyaan yg paling mendasar dan bikin penasaran cara berkendaraan mobil hybrid....,Toyota Veloz,medium,community_context,False,,,,False,not_relevant,no_adas_keyword,,UNKNOWN,,,,,,,
rec_75f3b46d8f1d3772,Toyota Veloz,VELOZ HYBRID INDONESIA,https://www.facebook.com/groups/1564504984994701,post_3,post_3_comment_51,post_3,comment,,,,Adakah tombol untuk memindahkan penggunaan mesin aja atau listrik aja secara manual… Lihat selengkapnya,https://www.facebook.com/groups/1564504984994701,2026-09-18T03:31:53Z,raw_data_run_20260918_102948_3d1b49.csv,rec_75f3b46d8f1d3772,False,Adakah tombol untuk memindahkan penggunaan mesin aja atau listrik aja secara manual… Lihat selengkapnya,adakah tombol untuk memindahkan penggunaan mesin aja atau listrik aja secara manual… lihat selengkapnya,Toyota Veloz,medium,community_context,False,,,,False,not_relevant,no_adas_keyword,,UNKNOWN,,,,,,,
rec_33c8b40d3e3f4c44,Toyota Veloz,VELOZ HYBRID INDONESIA,https://www.facebook.com/groups/1564504984994701,post_3,post_3_comment_52,post_3,comment,,,,"Otomatis om, udah canggih Fiture nya KLO hybrid. Tinggal gas saja KLO batrei 3 bar nanti mesin yg nyala dan Cars baterai nya",https://www.facebook.com/groups/1564504984994701,2026-09-18T03:31:53Z,raw_data_run_20260918_102948_3d1b49.csv,rec_33c8b40d3e3f4c44,False,"Otomatis om, udah canggih Fiture nya KLO hybrid. Tinggal gas saja KLO batrei 3 bar nanti mesin yg nyala dan Cars baterai nya","otomatis om, udah canggih fiture nya klo hybrid. tinggal gas saja klo batrei 3 bar nanti mesin yg nyala dan cars baterai nya",Toyota Veloz,medium,community_context,False,,,,False,not_relevant,no_adas_keyword,,UNKNOWN,,,,,,,
rec_2d5c321b371cb34f,Toyota Veloz,VELOZ HYBRID INDONESIA,https://www.facebook.com/groups/1564504984994701,post_3,post_3_comment_53,post_3,comment,,,,"Bawah stir sebelah kanan tu ada tombol ""eco mode"". Kalau ditekan pesannya selalu baterai tidak cukup. Apakah memang bisa dipak… Lihat selengkapnya",https://www.facebook.com/groups/1564504984994701,2026-09-18T03:31:53Z,raw_data_run_20260918_102948_3d1b49.csv,rec_2d5c321b371cb34f,False,"Bawah stir sebelah kanan tu ada tombol ""eco mode"". Kalau ditekan pesannya selalu baterai tidak cukup. Apakah memang bisa dipak… Lihat selengkapnya","bawah stir sebelah kanan tu ada tombol ""eco mode"". kalau ditekan pesannya selalu baterai tidak cukup. apakah memang bisa dipak… lihat selengkapnya",Toyota Veloz,medium,community_context,False,,,,False,not_relevant,no_adas_keyword,,UNKNOWN,,,,,,,
rec_96f640a418ecde86,Toyota Veloz,VELOZ HYBRID INDONESIA,https://www.facebook.com/groups/1564504984994701,post_3,post_3_comment_54,post_3,comment,,,,"Owning Experience
Nanya suhu, kalau punya dana 220jt, prefer beli Veloz second thn 2023-2024 atau Stargzazer baru tipe tengah (Non-Adas)..
Mohon masukannya user Veloz, gimana owning experiencenya",https://www.facebook.com/groups/1564504984994701,2026-09-18T03:31:55Z,raw_data_run_20260918_102948_3d1b49.csv,rec_96f640a418ecde86,False,"Owning Experience Nanya suhu, kalau punya dana 220jt, prefer beli Veloz second thn 2023-2024 atau Stargzazer baru tipe tengah (Non-Adas).. Mohon masukannya user Veloz, gimana owning experiencenya","owning experience nanya suhu, kalau punya dana 220jt, prefer beli veloz second thn 2023-2024 atau stargzazer baru tipe tengah (non-adas).. mohon masukannya user veloz, gimana owning experiencenya",Toyota Veloz,high,explicit_text_alias_strong,True,ADAS,combined_adas,,True,uncertain,generic_adas_terms_only,low,UNKNOWN,not_stated,not_stated,uncertain,positive,not_stated,unclear,low
rec_f115e382448cff4e,Toyota Veloz,VELOZ HYBRID INDONESIA,https://www.facebook.com/groups/1564504984994701,post_3,post_3_comment_55,post_3,comment,,,,Mobil baru lahh,https://www.facebook.com/groups/1564504984994701,2026-09-18T03:31:55Z,raw_data_run_20260918_102948_3d1b49.csv,rec_f115e382448cff4e,False,Mobil baru lahh,mobil baru lahh,Toyota Veloz,medium,community_context,False,,,,False,not_relevant,no_adas_keyword,,UNKNOWN,,,,,,,
rec_404ed9e834e71465,Toyota Veloz,VELOZ HYBRID INDONESIA,https://www.facebook.com/groups/1564504984994701,post_3,post_3_comment_56,post_3,comment,,,,Hyundai stargazer harga pasaran bekasnya hancur karena barunya aja diskonnya gede banget,https://www.facebook.com/groups/1564504984994701,2026-09-18T03:31:55Z,raw_data_run_20260918_102948_3d1b49.csv,rec_404ed9e834e71465,False,Hyundai stargazer harga pasaran bekasnya hancur karena barunya aja diskonnya gede banget,hyundai stargazer harga pasaran bekasnya hancur karena barunya aja diskonnya gede banget,Toyota Veloz,medium,community_context,False,,,,False,not_relevant,no_adas_keyword,,UNKNOWN,,,,,,,
rec_21d79831d4199a8d,Toyota Veloz,VELOZ HYBRID INDONESIA,https://www.facebook.com/groups/1564504984994701,post_3,post_3_comment_57,post_3,comment,,,,Mau tanya pake velos hybrid perliter biasanya berpa km ya mampunya untuk dalam kota,https://www.facebook.com/groups/1564504984994701,2026-09-18T03:31:55Z,raw_data_run_20260918_102948_3d1b49.csv,rec_21d79831d4199a8d,False,Mau tanya pake velos hybrid perliter biasanya berpa km ya mampunya untuk dalam kota,mau tanya pake velos hybrid perliter biasanya berpa km ya mampunya untuk dalam kota,Toyota Veloz,medium,community_context,False,,,,False,not_relevant,no_adas_keyword,,UNKNOWN,,,,,,,
rec_8b6c0629b5944145,Toyota Veloz,VELOZ HYBRID INDONESIA,https://www.facebook.com/groups/1564504984994701,post_3,post_3_comment_58,post_3,comment,,,,"Asal speed gak sering diatas 110 KM/jam dapat lah 1 : 19 - 24 kadang bisa sampe 26, cuma klo sering main sped diatas itu 1 : 1… Lihat selengkapnya",https://www.facebook.com/groups/1564504984994701,2026-09-18T03:31:55Z,raw_data_run_20260918_102948_3d1b49.csv,rec_8b6c0629b5944145,False,"Asal speed gak sering diatas 110 KM/jam dapat lah 1 : 19 - 24 kadang bisa sampe 26, cuma klo sering main sped diatas itu 1 : 1… Lihat selengkapnya","asal speed gak sering diatas 110 km/jam dapat lah 1 : 19 - 24 kadang bisa sampe 26, cuma klo sering main sped diatas itu 1 : 1… lihat selengkapnya",Toyota Veloz,medium,community_context,False,,,,False,not_relevant,no_adas_keyword,,UNKNOWN,,,,,,,
rec_a78ce2e92f1830ef,Toyota Veloz,VELOZ HYBRID INDONESIA,https://www.facebook.com/groups/1564504984994701,post_3,post_3_comment_59,post_3,comment,,,,Dalam kota klo bwanya santai sering mode ev rata2 1 : 20-22,https://www.facebook.com/groups/1564504984994701,2026-09-18T03:31:55Z,raw_data_run_20260918_102948_3d1b49.csv,rec_a78ce2e92f1830ef,False,Dalam kota klo bwanya santai sering mode ev rata2 1 : 20-22,dalam kota klo bwanya santai sering mode ev rata2 1 : 20-22,Toyota Veloz,medium,community_context,False,,,,False,not_relevant,no_adas_keyword,,UNKNOWN,,,,,,,
rec_6512f2cd9206037c,Toyota Veloz,VELOZ HYBRID INDONESIA,https://www.facebook.com/groups/1564504984994701,post_3,post_3_comment_60,post_3,comment,,,,Kenapa diganti? Kalau beli yg hybrid kan udah dapet dr sananya?,https://www.facebook.com/groups/1564504984994701,2026-09-18T03:31:57Z,raw_data_run_20260918_102948_3d1b49.csv,rec_6512f2cd9206037c,False,Kenapa diganti? Kalau beli yg hybrid kan udah dapet dr sananya?,kenapa diganti? kalau beli yg hybrid kan udah dapet dr sananya?,Toyota Veloz,medium,community_context,False,,,,False,not_relevant,no_adas_keyword,,UNKNOWN,,,,,,,
rec_bccdc8bd25b5517e,Toyota Veloz,VELOZ HYBRID INDONESIA,https://www.facebook.com/groups/1564504984994701,post_3,post_3_comment_61,post_3,comment,,,,yg mana sih maksud nya?,https://www.facebook.com/groups/1564504984994701,2026-09-18T03:31:57Z,raw_data_run_20260918_102948_3d1b49.csv,rec_bccdc8bd25b5517e,False,yg mana sih maksud nya?,yg mana sih maksud nya?,Toyota Veloz,medium,community_context,False,,,,False,not_relevant,no_adas_keyword,,UNKNOWN,,,,,,,
rec_1e010005d878da07,Toyota Veloz,VELOZ HYBRID INDONESIA,https://www.facebook.com/groups/1564504984994701,post_4,,,post,,,,"Wahyu V Bastian
  ·
16 jam
Wajar
Balas
Bagikan",https://www.facebook.com/groups/1564504984994701,2026-09-18T03:31:57Z,raw_data_run_20260918_102948_3d1b49.csv,rec_1e010005d878da07,False,Wahyu V Bastian · 16 jam Wajar Balas Bagikan,wahyu v bastian · 16 jam wajar balas bagikan,Toyota Veloz,medium,community_context,False,,,,False,not_relevant,no_adas_keyword,,UNKNOWN,,,,,,,
rec_7813b73d0ee4cbcd,Toyota Veloz,VELOZ HYBRID INDONESIA,https://www.facebook.com/groups/1564504984994701,post_4,post_4_comment_1,post_4,comment,,,,"mau tanya om, ac nya veloz hybrid bisa nyala tanpa mesin bensin nyala gak ya? misal untuk istirahat di rest area selama 1 jam gitu",https://www.facebook.com/groups/1564504984994701,2026-09-18T03:32:00Z,raw_data_run_20260918_102948_3d1b49.csv,rec_7813b73d0ee4cbcd,False,"mau tanya om, ac nya veloz hybrid bisa nyala tanpa mesin bensin nyala gak ya? misal untuk istirahat di rest area selama 1 jam gitu","mau tanya om, ac nya veloz hybrid bisa nyala tanpa mesin bensin nyala gak ya? misal untuk istirahat di rest area selama 1 jam gitu",Toyota Veloz,high,explicit_text_alias_strong,False,,,,False,not_relevant,no_adas_keyword,,UNKNOWN,,,,,,,
rec_7ef7b0c46f8a789e,Toyota Veloz,VELOZ HYBRID INDONESIA,https://www.facebook.com/groups/1564504984994701,post_4,post_4_comment_2,post_4,comment,,,,"bisa nyala tanpa mesin, tp tdk sampai 1 jam jg... intinya saat baterai sisa 40% atau 3 bar mesin akan menyala utk mengisi bate… Lihat selengkapnya",https://www.facebook.com/groups/1564504984994701,2026-09-18T03:32:00Z,raw_data_run_20260918_102948_3d1b49.csv,rec_7ef7b0c46f8a789e,False,"bisa nyala tanpa mesin, tp tdk sampai 1 jam jg... intinya saat baterai sisa 40% atau 3 bar mesin akan menyala utk mengisi bate… Lihat selengkapnya","bisa nyala tanpa mesin, tp tdk sampai 1 jam jg... intinya saat baterai sisa 40% atau 3 bar mesin akan menyala utk mengisi bate… lihat selengkapnya",Toyota Veloz,medium,community_context,False,,,,False,not_relevant,no_adas_keyword,,UNKNOWN,,,,,,,
rec_0bc945956c55db4d,Toyota Veloz,VELOZ HYBRID INDONESIA,https://www.facebook.com/groups/1564504984994701,post_4,post_4_comment_3,post_4,comment,,,,"Permisi om, mau tanya. Ada yg pernah pake skema cash bertahap om? Pembayaran nya sesuai OTR / ada tambahan lain ya?",https://www.facebook.com/groups/1564504984994701,2026-09-18T03:32:00Z,raw_data_run_20260918_102948_3d1b49.csv,rec_0bc945956c55db4d,False,"Permisi om, mau tanya. Ada yg pernah pake skema cash bertahap om? Pembayaran nya sesuai OTR / ada tambahan lain ya?","permisi om, mau tanya. ada yg pernah pake skema cash bertahap om? pembayaran nya sesuai otr / ada tambahan lain ya?",Toyota Veloz,medium,community_context,False,,,,False,not_relevant,no_adas_keyword,,UNKNOWN,,,,,,,
rec_927049d967756d15,Toyota Veloz,VELOZ HYBRID INDONESIA,https://www.facebook.com/groups/1564504984994701,post_4,post_4_comment_4,post_4,comment,,,,Ambil cash aja harga OTR...dapat cash back... free asuransi All risk 1 tahun...free asesoris...yang punya dana cash adalah raja...bebas open Nego,https://www.facebook.com/groups/1564504984994701,2026-09-18T03:32:00Z,raw_data_run_20260918_102948_3d1b49.csv,rec_927049d967756d15,False,Ambil cash aja harga OTR...dapat cash back... free asuransi All risk 1 tahun...free asesoris...yang punya dana cash adalah raja...bebas open Nego,ambil cash aja harga otr...dapat cash back... free asuransi all risk 1 tahun...free asesoris...yang punya dana cash adalah raja...bebas open nego,Toyota Veloz,medium,community_context,False,,,,False,not_relevant,no_adas_keyword,,UNKNOWN,,,,,,,
rec_54d84e470071c708,Toyota Veloz,VELOZ HYBRID INDONESIA,https://www.facebook.com/groups/1564504984994701,post_4,post_4_comment_5,post_4,comment,,,,"Aku kmrn nanya veloz q mau cash bertahap yang 0%, misalkan cicilan 12 bulan, kena cas asuransi sekitar 14jtan, dari 336 ditota… Lihat selengkapnya",https://www.facebook.com/groups/1564504984994701,2026-09-18T03:32:00Z,raw_data_run_20260918_102948_3d1b49.csv,rec_54d84e470071c708,False,"Aku kmrn nanya veloz q mau cash bertahap yang 0%, misalkan cicilan 12 bulan, kena cas asuransi sekitar 14jtan, dari 336 ditota… Lihat selengkapnya","aku kmrn nanya veloz q mau cash bertahap yang 0%, misalkan cicilan 12 bulan, kena cas asuransi sekitar 14jtan, dari 336 ditota… lihat selengkapnya",Toyota Veloz,high,explicit_text_alias_strong,False,,,,False,not_relevant,no_adas_keyword,,UNKNOWN,,,,,,,
rec_92c6cded1885b328,Toyota Veloz,VELOZ HYBRID INDONESIA,https://www.facebook.com/groups/1564504984994701,post_4,post_4_comment_6,post_4,comment,,,,"Om  kalau tekan dan lepas pedal rem kaki @sering bunyi krrekkk.krekkk terutama ketika Veloz hev baru jalan n parkir. Apakah itu wajar ya atau punya kondisi yang sama 
 Terimakasih kasih sudah mw menjawab.",https://www.facebook.com/groups/1564504984994701,2026-09-18T03:32:00Z,raw_data_run_20260918_102948_3d1b49.csv,rec_92c6cded1885b328,False,Om kalau tekan dan lepas pedal rem kaki [mention] bunyi krrekkk.krekkk terutama ketika Veloz hev baru jalan n parkir. Apakah itu wajar ya atau punya kondisi yang sama Terimakasih kasih sudah mw menjawab.,om kalau tekan dan lepas pedal rem kaki [mention] bunyi krrekkk.krekkk terutama ketika veloz hev baru jalan n parkir. apakah itu wajar ya atau punya kondisi yang sama terimakasih kasih sudah mw menjawab.,Toyota Veloz,high,explicit_text_alias_strong,False,,,,False,not_relevant,no_adas_keyword,,UNKNOWN,,,,,,,
rec_cefa8b0471d5a6f4,Toyota Veloz,VELOZ HYBRID INDONESIA,https://www.facebook.com/groups/1564504984994701,post_4,post_4_comment_7,post_4,comment,,,,Wajar,https://www.facebook.com/groups/1564504984994701,2026-09-18T03:32:00Z,raw_data_run_20260918_102948_3d1b49.csv,rec_cefa8b0471d5a6f4,False,Wajar,wajar,Toyota Veloz,medium,community_context,False,,,,False,not_relevant,no_adas_keyword,,UNKNOWN,,,,,,,
rec_dc8ecbefef0a184c,Toyota Veloz,VELOZ HYBRID INDONESIA,https://www.facebook.com/groups/1564504984994701,post_4,post_4_comment_8,post_4,comment,,,,Punyaku smooth,https://www.facebook.com/groups/1564504984994701,2026-09-18T03:32:01Z,raw_data_run_20260918_102948_3d1b49.csv,rec_dc8ecbefef0a184c,False,Punyaku smooth,punyaku smooth,Toyota Veloz,medium,community_context,True,smooth,layer_c_indonesian,,False,uncertain,functional_keywords_no_behavioural_context,low,ACC,ACC:smoothness,not_stated,uncertain,positive,smooth,unclear,medium
rec_fe9a27ce4b97d33a,Toyota Veloz,VELOZ HYBRID INDONESIA,https://www.facebook.com/groups/1564504984994701,post_4,post_4_comment_9,post_4,comment,,,,"Yang mau kredit & cash unit baru toyota dp mulai dari 5jtan dan udh coll 5 bisa dibantu untuk proses , minat bisa hubungi 0895336681497 chatherina",https://www.facebook.com/groups/1564504984994701,2026-09-18T03:32:01Z,raw_data_run_20260918_102948_3d1b49.csv,rec_fe9a27ce4b97d33a,False,"Yang mau kredit & cash unit baru toyota dp mulai dari 5jtan dan udh coll 5 bisa dibantu untuk proses , minat bisa hubungi 0895336681497 chatherina","yang mau kredit & cash unit baru toyota dp mulai dari 5jtan dan udh coll 5 bisa dibantu untuk proses , minat bisa hubungi 0895336681497 chatherina",Toyota Veloz,medium,community_context,False,,,,False,not_relevant,no_adas_keyword,,UNKNOWN,,,,,,,
rec_f23f07e545986d4b,Toyota Veloz,VELOZ HYBRID INDONESIA,https://www.facebook.com/groups/1564504984994701,post_4,post_4_comment_10,post_4,comment,,,,Forum Sharing Seputar dan Jual Beli Veloz Hybrid,https://www.facebook.com/groups/1564504984994701,2026-09-18T03:32:01Z,raw_data_run_20260918_102948_3d1b49.csv,rec_f23f07e545986d4b,False,Forum Sharing Seputar dan Jual Beli Veloz Hybrid,forum sharing seputar dan jual beli veloz hybrid,Toyota Veloz,high,explicit_text_alias_strong,False,,,,False,not_relevant,no_adas_keyword,,UNKNOWN,,,,,,,
rec_8402480314addbb4,Toyota Veloz,VELOZ HYBRID INDONESIA,https://www.facebook.com/groups/1564504984994701,post_4,post_4_comment_11,post_4,comment,,,,More Info: 0812 9324 1292 (Fadly),https://www.facebook.com/groups/1564504984994701,2026-09-18T03:32:01Z,raw_data_run_20260918_102948_3d1b49.csv,rec_8402480314addbb4,False,More Info: 0812 9324 1292 (Fadly),more info: 0812 9324 1292 (fadly),Toyota Veloz,medium,community_context,False,,,,False,not_relevant,no_adas_keyword,,UNKNOWN,,,,,,,
rec_a9be323417a484ea,Toyota Veloz,VELOZ HYBRID INDONESIA,https://www.facebook.com/groups/1564504984994701,post_4,post_4_comment_12,post_4,comment,,,,"Paket kredit bunga super murah se-jawa timur!!!
Raffi Auto200 Surabaya : 0851-9666-2274
Veloz Q HV Modelista TSS Two Tone 
dp 107.504jt… Lihat selengkapnya",https://www.facebook.com/groups/1564504984994701,2026-09-18T03:32:02Z,raw_data_run_20260918_102948_3d1b49.csv,rec_a9be323417a484ea,False,Paket kredit bunga super murah se-jawa timur!!! Raffi Auto200 Surabaya : 0851-9666-2274 Veloz Q HV Modelista TSS Two Tone dp 107.504jt… Lihat selengkapnya,paket kredit bunga super murah se-jawa timur!!! raffi auto200 surabaya : 0851-9666-2274 veloz q hv modelista tss two tone dp 107.504jt… lihat selengkapnya,Toyota Veloz,high,explicit_text_alias_strong,True,TSS,combined_adas,,True,uncertain,generic_adas_terms_only,low,UNKNOWN,not_stated,not_stated,uncertain,neutral,not_stated,unclear,low
rec_4d19ddae911a456e,Toyota Veloz,VELOZ HYBRID INDONESIA,https://www.facebook.com/groups/1564504984994701,post_4,post_4_comment_13,post_4,comment,,,,Paket kredit bunga super murah se-jawa timur!!!,https://www.facebook.com/groups/1564504984994701,2026-09-18T03:32:02Z,raw_data_run_20260918_102948_3d1b49.csv,rec_4d19ddae911a456e,False,Paket kredit bunga super murah se-jawa timur!!!,paket kredit bunga super murah se-jawa timur!!!,Toyota Veloz,medium,community_context,False,,,,False,not_relevant,no_adas_keyword,,UNKNOWN,,,,,,,
rec_3bb806896c3924a6,Toyota Veloz,VELOZ HYBRID INDONESIA,https://www.facebook.com/groups/1564504984994701,post_4,post_4_comment_14,post_4,comment,,,,Raffi Auto200 Surabaya : 0851-9666-2274,https://www.facebook.com/groups/1564504984994701,2026-09-18T03:32:02Z,raw_data_run_20260918_102948_3d1b49.csv,rec_3bb806896c3924a6,False,Raffi Auto200 Surabaya : 0851-9666-2274,raffi auto200 surabaya : 0851-9666-2274,Toyota Veloz,medium,community_context,False,,,,False,not_relevant,no_adas_keyword,,UNKNOWN,,,,,,,
rec_250441540669f576,Toyota Veloz,VELOZ HYBRID INDONESIA,https://www.facebook.com/groups/1564504984994701,post_4,post_4_comment_15,post_4,comment,,,,Veloz Q HV Modelista TSS Two Tone,https://www.facebook.com/groups/1564504984994701,2026-09-18T03:32:02Z,raw_data_run_20260918_102948_3d1b49.csv,rec_250441540669f576,False,Veloz Q HV Modelista TSS Two Tone,veloz q hv modelista tss two tone,Toyota Veloz,high,explicit_text_alias_strong,True,TSS,combined_adas,,True,uncertain,generic_adas_terms_only,low,UNKNOWN,not_stated,not_stated,uncertain,neutral,not_stated,unclear,low
rec_3c9fecb2f711e6db,Toyota Veloz,VELOZ HYBRID INDONESIA,https://www.facebook.com/groups/1564504984994701,post_4,post_4_comment_16,post_4,comment,,,,dp 107.504jt… Lihat selengkapnya,https://www.facebook.com/groups/1564504984994701,2026-09-18T03:32:02Z,raw_data_run_20260918_102948_3d1b49.csv,rec_3c9fecb2f711e6db,False,dp 107.504jt… Lihat selengkapnya,dp 107.504jt… lihat selengkapnya,Toyota Veloz,medium,community_context,False,,,,False,not_relevant,no_adas_keyword,,UNKNOWN,,,,,,,
rec_7b5469edc7de5659,Toyota Veloz,VELOZ HYBRID INDONESIA,https://www.facebook.com/groups/1564504984994701,post_4,post_4_comment_17,post_4,comment,,,,"TESTDRIVE VELOZ HYBRID & YARIS CROSS HYBRID
Lokasi : SUMMARECON CROWN GADING (BELAKANG HI )
WAKTU : 08.00 - SELESAI
TANGGAL : 29 AGUSTUS 2026
HARI : SABTU
Lihat selengkapnya",https://www.facebook.com/groups/1564504984994701,2026-09-18T03:32:02Z,raw_data_run_20260918_102948_3d1b49.csv,rec_7b5469edc7de5659,False,TESTDRIVE VELOZ HYBRID & YARIS CROSS HYBRID Lokasi : SUMMARECON CROWN GADING (BELAKANG HI ) WAKTU : 08.00 - SELESAI TANGGAL : 29 AGUSTUS 2026 HARI : SABTU Lihat selengkapnya,testdrive veloz hybrid & yaris cross hybrid lokasi : summarecon crown gading (belakang hi ) waktu : 08.00 - selesai tanggal : 29 agustus 2026 hari : sabtu lihat selengkapnya,Toyota Veloz,medium,multiple_mentions_context_vehicle,False,,,,False,not_relevant,no_adas_keyword,,UNKNOWN,,,,,,,
rec_52d2e30f0e2f4f0f,Toyota Veloz,VELOZ HYBRID INDONESIA,https://www.facebook.com/groups/1564504984994701,post_4,post_4_comment_18,post_4,comment,,,,"Upgrade mobil mu, untuk upgrade hidupmu. 
Hubungi 088227756129 #hubungikami #toyota",https://www.facebook.com/groups/1564504984994701,2026-09-18T03:32:04Z,raw_data_run_20260918_102948_3d1b49.csv,rec_52d2e30f0e2f4f0f,False,"Upgrade mobil mu, untuk upgrade hidupmu. Hubungi 088227756129 #hubungikami #toyota","upgrade mobil mu, untuk upgrade hidupmu. hubungi 088227756129 #hubungikami #toyota",Toyota Veloz,medium,community_context,False,,,,False,not_relevant,no_adas_keyword,,UNKNOWN,,,,,,,
rec_a943f4cedb9e703b,Toyota Veloz,VELOZ HYBRID INDONESIA,https://www.facebook.com/groups/1564504984994701,post_4,post_4_comment_19,post_4,comment,,,,"Upgrade mobil mu, untuk upgrade hidupmu.",https://www.facebook.com/groups/1564504984994701,2026-09-18T03:32:04Z,raw_data_run_20260918_102948_3d1b49.csv,rec_a943f4cedb9e703b,False,"Upgrade mobil mu, untuk upgrade hidupmu.","upgrade mobil mu, untuk upgrade hidupmu.",Toyota Veloz,medium,community_context,False,,,,False,not_relevant,no_adas_keyword,,UNKNOWN,,,,,,,
rec_6cdd0ed643e79fea,Toyota Veloz,VELOZ HYBRID INDONESIA,https://www.facebook.com/groups/1564504984994701,post_4,post_4_comment_20,post_4,comment,,,,Hubungi 088227756129 #hubungikami #toyota,https://www.facebook.com/groups/1564504984994701,2026-09-18T03:32:04Z,raw_data_run_20260918_102948_3d1b49.csv,rec_6cdd0ed643e79fea,False,Hubungi 088227756129 #hubungikami #toyota,hubungi 088227756129 #hubungikami #toyota,Toyota Veloz,medium,community_context,False,,,,False,not_relevant,no_adas_keyword,,UNKNOWN,,,,,,,
rec_3bcf5357af43313a,Toyota Veloz,VELOZ HYBRID INDONESIA,https://www.facebook.com/groups/1564504984994701,post_4,post_4_comment_21,post_4,comment,,,,Ijin share suhu suhu,https://www.facebook.com/groups/1564504984994701,2026-09-18T03:32:06Z,raw_data_run_20260918_102948_3d1b49.csv,rec_3bcf5357af43313a,False,Ijin share suhu suhu,ijin share suhu suhu,Toyota Veloz,medium,community_context,False,,,,False,not_relevant,no_adas_keyword,,UNKNOWN,,,,,,,
rec_e49a0c324cfb29c3,Toyota Veloz,VELOZ HYBRID INDONESIA,https://www.facebook.com/groups/1564504984994701,post_4,post_4_comment_22,post_4,comment,,,,"Bisa Trade in dari semua merk ke Veloz Hybrid.
New Veloz V HEV 2026
Harga : Rp303.000.000*
DP : Mulai dari 15%
Hubungi sekarang untuk jadwal Test Drive.
Lihat selengkapnya",https://www.facebook.com/groups/1564504984994701,2026-09-18T03:32:07Z,raw_data_run_20260918_102948_3d1b49.csv,rec_e49a0c324cfb29c3,False,Bisa Trade in dari semua merk ke Veloz Hybrid. New Veloz V HEV 2026 Harga : Rp303.000.000* DP : Mulai dari 15% Hubungi sekarang untuk jadwal Test Drive. Lihat selengkapnya,bisa trade in dari semua merk ke veloz hybrid. new veloz v hev 2026 harga : rp303.000.000* dp : mulai dari 15% hubungi sekarang untuk jadwal test drive. lihat selengkapnya,Toyota Veloz,high,explicit_text_alias_strong,False,,,,False,not_relevant,no_adas_keyword,,UNKNOWN,,,,,,,
rec_ee8206560abb25c0,Toyota Veloz,VELOZ HYBRID INDONESIA,https://www.facebook.com/groups/1564504984994701,post_4,post_4_comment_23,post_4,comment,,,,Siang om Abang smua. Info dong. Sya 10 th pke av Veloz manual 1.5.rencana pngen buat dp Veloz hybrd. Niatnya klo jd 100 buat DP.sisanya buat kbutuhan rmah. klo ambil 4 th estimasi  cicilan kena brp? Dan baiknya pake tipe apa. Sebelum nya terimakasih klo mau berbagi  informasi,https://www.facebook.com/groups/1564504984994701,2026-09-18T03:32:07Z,raw_data_run_20260918_102948_3d1b49.csv,rec_ee8206560abb25c0,False,Siang om Abang smua. Info dong. Sya 10 th pke av Veloz manual 1.5.rencana pngen buat dp Veloz hybrd. Niatnya klo jd 100 buat DP.sisanya buat kbutuhan rmah. klo ambil 4 th estimasi cicilan kena brp? Dan baiknya pake tipe apa. Sebelum nya terimakasih klo mau berbagi informasi,siang om abang smua. info dong. sya 10 th pke av veloz manual 1.5.rencana pngen buat dp veloz hybrd. niatnya klo jd 100 buat dp.sisanya buat kbutuhan rmah. klo ambil 4 th estimasi cicilan kena brp? dan baiknya pake tipe apa. sebelum nya terimakasih klo mau berbagi informasi,Toyota Veloz,high,explicit_text_alias_strong,False,,,,False,not_relevant,no_adas_keyword,,UNKNOWN,,,,,,,
rec_43517e9e1e2ac289,Toyota Veloz,VELOZ HYBRID INDONESIA,https://www.facebook.com/groups/1564504984994701,post_4,post_4_comment_24,post_4,comment,,,,Mksdnya tipe apanya pak?? Apa sudah dpt??,https://www.facebook.com/groups/1564504984994701,2026-09-18T03:32:07Z,raw_data_run_20260918_102948_3d1b49.csv,rec_43517e9e1e2ac289,False,Mksdnya tipe apanya pak?? Apa sudah dpt??,mksdnya tipe apanya pak?? apa sudah dpt??,Toyota Veloz,medium,community_context,False,,,,False,not_relevant,no_adas_keyword,,UNKNOWN,,,,,,,
rec_566559d8e2dd26fc,Toyota Veloz,VELOZ HYBRID INDONESIA,https://www.facebook.com/groups/1564504984994701,post_4,post_4_comment_25,post_4,comment,,,,Bisa balas inbox pak,https://www.facebook.com/groups/1564504984994701,2026-09-18T03:32:07Z,raw_data_run_20260918_102948_3d1b49.csv,rec_566559d8e2dd26fc,False,Bisa balas inbox pak,bisa balas inbox pak,Toyota Veloz,medium,community_context,False,,,,False,not_relevant,no_adas_keyword,,UNKNOWN,,,,,,,
rec_ada384fd9c122369,Toyota Veloz,VELOZ HYBRID INDONESIA,https://www.facebook.com/groups/1564504984994701,post_4,post_4_comment_26,post_4,comment,,,,"Izin beregabung
Sebelumnya perkenalkan anggota baru
Terimakasih Abg Admin yg izinkan bergabung digrup
Unit Veloz hybrid type V
Lihat selengkapnya",https://www.facebook.com/groups/1564504984994701,2026-09-18T03:32:09Z,raw_data_run_20260918_102948_3d1b49.csv,rec_ada384fd9c122369,False,Izin beregabung Sebelumnya perkenalkan anggota baru Terimakasih Abg Admin yg izinkan bergabung digrup Unit Veloz hybrid type V Lihat selengkapnya,izin beregabung sebelumnya perkenalkan anggota baru terimakasih abg admin yg izinkan bergabung digrup unit veloz hybrid type v lihat selengkapnya,Toyota Veloz,high,explicit_text_alias_strong,False,,,,False,not_relevant,no_adas_keyword,,UNKNOWN,,,,,,,
rec_c917c7f4bd9e4e12,Toyota Veloz,VELOZ HYBRID INDONESIA,https://www.facebook.com/groups/1564504984994701,post_4,post_4_comment_27,post_4,comment,,,,Berpengaruh..,https://www.facebook.com/groups/1564504984994701,2026-09-18T03:32:09Z,raw_data_run_20260918_102948_3d1b49.csv,rec_c917c7f4bd9e4e12,False,Berpengaruh..,berpengaruh..,Toyota Veloz,medium,community_context,False,,,,False,not_relevant,no_adas_keyword,,UNKNOWN,,,,,,,
rec_4f61b8be7d0c3896,Toyota Veloz,VELOZ HYBRID INDONESIA,https://www.facebook.com/groups/1564504984994701,post_4,post_4_comment_28,post_4,comment,,,,"Sya kmarin tanya2 mau gantu HU yg di tengah, walau dikerjain di beres, ttap batalin garansi jika suatu ada masal… Lihat selengkapnya",https://www.facebook.com/groups/1564504984994701,2026-09-18T03:32:09Z,raw_data_run_20260918_102948_3d1b49.csv,rec_4f61b8be7d0c3896,False,"Sya kmarin tanya2 mau gantu HU yg di tengah, walau dikerjain di beres, ttap batalin garansi jika suatu ada masal… Lihat selengkapnya","sya kmarin tanya2 mau gantu hu yg di tengah, walau dikerjain di beres, ttap batalin garansi jika suatu ada masal… lihat selengkapnya",Toyota Veloz,medium,community_context,False,,,,False,not_relevant,no_adas_keyword,,UNKNOWN,,,,,,,
rec_8b7e708da14ee125,Toyota Veloz,VELOZ HYBRID INDONESIA,https://www.facebook.com/groups/1564504984994701,post_4,post_4_comment_29,post_4,comment,,,,masa segini?,https://www.facebook.com/groups/1564504984994701,2026-09-18T03:32:09Z,raw_data_run_20260918_102948_3d1b49.csv,rec_8b7e708da14ee125,False,masa segini?,masa segini?,Toyota Veloz,medium,community_context,False,,,,False,not_relevant,no_adas_keyword,,UNKNOWN,,,,,,,
rec_3ae624ca00df398d,Toyota Veloz,VELOZ HYBRID INDONESIA,https://www.facebook.com/groups/1564504984994701,post_4,post_4_comment_30,post_4,comment,,,,"Biasa habis isi bensin itu om
coba bawa 1 jam pasti normal lagi.",https://www.facebook.com/groups/1564504984994701,2026-09-18T03:32:09Z,raw_data_run_20260918_102948_3d1b49.csv,rec_3ae624ca00df398d,False,Biasa habis isi bensin itu om coba bawa 1 jam pasti normal lagi.,biasa habis isi bensin itu om coba bawa 1 jam pasti normal lagi.,Toyota Veloz,medium,community_context,False,,,,False,not_relevant,no_adas_keyword,,UNKNOWN,,,,,,,
rec_988b6337b6c776cf,Toyota Veloz,VELOZ HYBRID INDONESIA,https://www.facebook.com/groups/1564504984994701,post_4,post_4_comment_31,post_4,comment,,,,Jaln menurun,https://www.facebook.com/groups/1564504984994701,2026-09-18T03:32:09Z,raw_data_run_20260918_102948_3d1b49.csv,rec_988b6337b6c776cf,False,Jaln menurun,jaln menurun,Toyota Veloz,medium,community_context,False,,,,False,not_relevant,no_adas_keyword,,UNKNOWN,,,,,,,
rec_9a69bbce76f974fb,Toyota Veloz,VELOZ HYBRID INDONESIA,https://www.facebook.com/groups/1564504984994701,post_4,post_4_comment_32,post_4,comment,,,,"Pertalite
mau bertanya gan.. karena keadaan di Makassar saat ini sangat kesulitan untuk mencari BBM, saya tadi antri di SPBU pertamina hampir 2 jam, dan pertamax nya habis hanya ada pertalite.. akhirnya saya isi saja pertalite krn bensinnya sisa 2 batang...
apakah tidak masalah gan?
Dan jika Hal ini terus terus terjadi dalam waktu lama, apakah itu akan merusak mesin dsb?",https://www.facebook.com/groups/1564504984994701,2026-09-18T03:32:11Z,raw_data_run_20260918_102948_3d1b49.csv,rec_9a69bbce76f974fb,False,"Pertalite mau bertanya gan.. karena keadaan di Makassar saat ini sangat kesulitan untuk mencari BBM, saya tadi antri di SPBU pertamina hampir 2 jam, dan pertamax nya habis hanya ada pertalite.. akhirnya saya isi saja pertalite krn bensinnya sisa 2 batang... apakah tidak masalah gan? Dan jika Hal ini terus terus terjadi dalam waktu lama, apakah itu akan merusak mesin dsb?","pertalite mau bertanya gan.. karena keadaan di makassar saat ini sangat kesulitan untuk mencari bbm, saya tadi antri di spbu pertamina hampir 2 jam, dan pertamax nya habis hanya ada pertalite.. akhirnya saya isi saja pertalite krn bensinnya sisa 2 batang... apakah tidak masalah gan? dan jika hal ini terus terus terjadi dalam waktu lama, apakah itu akan merusak mesin dsb?",Toyota Veloz,medium,community_context,False,,,,False,not_relevant,no_adas_keyword,,UNKNOWN,,,,,,,
rec_5fd7f98a501320dd,Toyota Veloz,VELOZ HYBRID INDONESIA,https://www.facebook.com/groups/1564504984994701,post_4,post_4_comment_33,post_4,comment,,,,Gamasalah om,https://www.facebook.com/groups/1564504984994701,2026-09-18T03:32:11Z,raw_data_run_20260918_102948_3d1b49.csv,rec_5fd7f98a501320dd,False,Gamasalah om,gamasalah om,Toyota Veloz,medium,community_context,False,,,,False,not_relevant,no_adas_keyword,,UNKNOWN,,,,,,,
rec_45ff74d1b40ad3c8,Toyota Veloz,VELOZ HYBRID INDONESIA,https://www.facebook.com/groups/1564504984994701,post_4,post_4_comment_34,post_4,comment,,,,Gak masalah,https://www.facebook.com/groups/1564504984994701,2026-09-18T03:32:11Z,raw_data_run_20260918_102948_3d1b49.csv,rec_45ff74d1b40ad3c8,False,Gak masalah,gak masalah,Toyota Veloz,medium,community_context,False,,,,False,not_relevant,no_adas_keyword,,UNKNOWN,,,,,,,
rec_f3ea83606d629461,Toyota Veloz,VELOZ HYBRID INDONESIA,https://www.facebook.com/groups/1564504984994701,post_4,post_4_comment_35,post_4,comment,,,,"Buat yang pake veloz hybrid tipe Q modelista, kalo lagi jalan trus di depan tiba2 berhenti apakah otomatis ngerem apa hanya khusus Tss sja ?",https://www.facebook.com/groups/1564504984994701,2026-09-18T03:32:12Z,raw_data_run_20260918_102948_3d1b49.csv,rec_f3ea83606d629461,False,"Buat yang pake veloz hybrid tipe Q modelista, kalo lagi jalan trus di depan tiba2 berhenti apakah otomatis ngerem apa hanya khusus Tss sja ?","buat yang pake veloz hybrid tipe q modelista, kalo lagi jalan trus di depan tiba2 berhenti apakah otomatis ngerem apa hanya khusus tss sja ?",Toyota Veloz,high,explicit_text_alias_strong,True,TSS;otomatis ngerem,"layer_c_indonesian,combined_adas",,False,relevant,functional_keywords_with_context,medium,PDA,PDA:braking,not_stated,question,neutral,not_stated,unclear,medium
rec_8af1aca011f7e089,Toyota Veloz,VELOZ HYBRID INDONESIA,https://www.facebook.com/groups/1564504984994701,post_4,post_4_comment_36,post_4,comment,,,,Iya om tss nya gt.kadang klo depan bhnti kt remnya kurg injek dia nge rem sndiri.ngeselin,https://www.facebook.com/groups/1564504984994701,2026-09-18T03:32:12Z,raw_data_run_20260918_102948_3d1b49.csv,rec_8af1aca011f7e089,False,Iya om tss nya gt.kadang klo depan bhnti kt remnya kurg injek dia nge rem sndiri.ngeselin,iya om tss nya gt.kadang klo depan bhnti kt remnya kurg injek dia nge rem sndiri.ngeselin,Toyota Veloz,medium,community_context,True,TSS,combined_adas,,True,uncertain,generic_adas_terms_only,low,UNKNOWN,not_stated,not_stated,uncertain,neutral,not_stated,unclear,low
rec_5a2eb90826c87bb7,Toyota Veloz,VELOZ HYBRID INDONESIA,https://www.facebook.com/groups/1564504984994701,post_4,post_4_comment_37,post_4,comment,,,,Fitur yg membantu di jalanan jakarta khusunya pemotor yang tiba tiba nyalip dan berhenti di depan.,https://www.facebook.com/groups/1564504984994701,2026-09-18T03:32:12Z,raw_data_run_20260918_102948_3d1b49.csv,rec_5a2eb90826c87bb7,False,Fitur yg membantu di jalanan jakarta khusunya pemotor yang tiba tiba nyalip dan berhenti di depan.,fitur yg membantu di jalanan jakarta khusunya pemotor yang tiba tiba nyalip dan berhenti di depan.,Toyota Veloz,medium,community_context,False,,,,False,not_relevant,no_adas_keyword,,UNKNOWN,,,,,,,
rec_be6934644d396549,Toyota Veloz,VELOZ HYBRID INDONESIA,https://www.facebook.com/groups/1564504984994701,post_4,post_4_comment_38,post_4,comment,,,,"Toyota Veloz Q CVT 2023
Harga Cash 228 jt Nego
An Pribadi
Pajak Panjang 8-2027
KM 53 rb
Lihat selengkapnya",https://www.facebook.com/groups/1564504984994701,2026-09-18T03:32:12Z,raw_data_run_20260918_102948_3d1b49.csv,rec_be6934644d396549,False,Toyota Veloz Q CVT 2023 Harga Cash 228 jt Nego An Pribadi Pajak Panjang 8-2027 KM 53 rb Lihat selengkapnya,toyota veloz q cvt 2023 harga cash 228 jt nego an pribadi pajak panjang 8-2027 km 53 rb lihat selengkapnya,Toyota Veloz,high,explicit_text_alias_strong,False,,,,False,not_relevant,no_adas_keyword,,UNKNOWN,,,,,,,
rec_fd695f69edd7ddc0,Toyota Veloz,VELOZ HYBRID INDONESIA,https://www.facebook.com/groups/1564504984994701,post_4,post_4_comment_39,post_4,comment,,,,Lokasi,https://www.facebook.com/groups/1564504984994701,2026-09-18T03:32:12Z,raw_data_run_20260918_102948_3d1b49.csv,rec_fd695f69edd7ddc0,False,Lokasi,lokasi,Toyota Veloz,medium,community_context,False,,,,False,not_relevant,no_adas_keyword,,UNKNOWN,,,,,,,
rec_a09e1aa754da8623,Toyota Veloz,VELOZ HYBRID INDONESIA,https://www.facebook.com/groups/1564504984994701,post_4,post_4_comment_40,post_4,comment,,,,"halo, aman gx ya cuci mobil hybrid di car wash biasa?",https://www.facebook.com/groups/1564504984994701,2026-09-18T03:32:14Z,raw_data_run_20260918_102948_3d1b49.csv,rec_a09e1aa754da8623,False,"halo, aman gx ya cuci mobil hybrid di car wash biasa?","halo, aman gx ya cuci mobil hybrid di car wash biasa?",Toyota Veloz,medium,community_context,False,,,,False,not_relevant,no_adas_keyword,,UNKNOWN,,,,,,,
rec_72fabde8fdfc4df8,Toyota Veloz,VELOZ HYBRID INDONESIA,https://www.facebook.com/groups/1564504984994701,post_4,post_4_comment_41,post_4,comment,,,,Aman omm,https://www.facebook.com/groups/1564504984994701,2026-09-18T03:32:14Z,raw_data_run_20260918_102948_3d1b49.csv,rec_72fabde8fdfc4df8,False,Aman omm,aman omm,Toyota Veloz,medium,community_context,False,,,,False,not_relevant,no_adas_keyword,,UNKNOWN,,,,,,,
rec_1f0d230c4c2e8713,Toyota Veloz,VELOZ HYBRID INDONESIA,https://www.facebook.com/groups/1564504984994701,post_4,post_4_comment_42,post_4,comment,,,,amannn,https://www.facebook.com/groups/1564504984994701,2026-09-18T03:32:14Z,raw_data_run_20260918_102948_3d1b49.csv,rec_1f0d230c4c2e8713,False,amannn,amannn,Toyota Veloz,medium,community_context,False,,,,False,not_relevant,no_adas_keyword,,UNKNOWN,,,,,,,
rec_d58033bae3c85583,Toyota Veloz,VELOZ HYBRID INDONESIA,https://www.facebook.com/groups/1564504984994701,post_4,post_4_comment_43,post_4,comment,,,,Ada yang ngojol pake veloz hybrid gak??,https://www.facebook.com/groups/1564504984994701,2026-09-18T03:32:16Z,raw_data_run_20260918_102948_3d1b49.csv,rec_d58033bae3c85583,False,Ada yang ngojol pake veloz hybrid gak??,ada yang ngojol pake veloz hybrid gak??,Toyota Veloz,high,explicit_text_alias_strong,False,,,,False,not_relevant,no_adas_keyword,,UNKNOWN,,,,,,,
rec_8f33691e7cf7ecde,Toyota Veloz,VELOZ HYBRID INDONESIA,https://www.facebook.com/groups/1564504984994701,post_4,post_4_comment_44,post_4,comment,,,,Ada nih emang kenapa lurr?,https://www.facebook.com/groups/1564504984994701,2026-09-18T03:32:16Z,raw_data_run_20260918_102948_3d1b49.csv,rec_8f33691e7cf7ecde,False,Ada nih emang kenapa lurr?,ada nih emang kenapa lurr?,Toyota Veloz,medium,community_context,False,,,,False,not_relevant,no_adas_keyword,,UNKNOWN,,,,,,,
rec_4fb1a5e2638e2602,Toyota Veloz,VELOZ HYBRID INDONESIA,https://www.facebook.com/groups/1564504984994701,post_4,post_4_comment_45,post_4,comment,,,,"Setiap berkendara pakai Veloz saya, BBM dari dalam tangki berisik, terguncang-guncang, apa ada yg dengar juga ya, apa memang Veloz begitu ya",https://www.facebook.com/groups/1564504984994701,2026-09-18T03:32:16Z,raw_data_run_20260918_102948_3d1b49.csv,rec_4fb1a5e2638e2602,False,"Setiap berkendara pakai Veloz saya, BBM dari dalam tangki berisik, terguncang-guncang, apa ada yg dengar juga ya, apa memang Veloz begitu ya","setiap berkendara pakai veloz saya, bbm dari dalam tangki berisik, terguncang-guncang, apa ada yg dengar juga ya, apa memang veloz begitu ya",Toyota Veloz,high,explicit_text_alias_strong,False,,,,False,not_relevant,no_adas_keyword,,UNKNOWN,,,,,,,
rec_9ecf8c4300cf1a97,Toyota Veloz,VELOZ HYBRID INDONESIA,https://www.facebook.com/groups/1564504984994701,post_4,post_4_comment_46,post_4,comment,,,,"tlg pencerahan.a dong om2, asuransi apa yg bagus dan gampang claim.a untuk mobil baru",https://www.facebook.com/groups/1564504984994701,2026-09-18T03:32:16Z,raw_data_run_20260918_102948_3d1b49.csv,rec_9ecf8c4300cf1a97,False,"tlg pencerahan.a dong om2, asuransi apa yg bagus dan gampang claim.a untuk mobil baru","tlg pencerahan.a dong om2, asuransi apa yg bagus dan gampang claim.a untuk mobil baru",Toyota Veloz,medium,community_context,False,,,,False,not_relevant,no_adas_keyword,,UNKNOWN,,,,,,,
rec_0b5ef8684755736e,Toyota Veloz,VELOZ HYBRID INDONESIA,https://www.facebook.com/groups/1564504984994701,post_4,post_4_comment_47,post_4,comment,,,,Saya pake triva,https://www.facebook.com/groups/1564504984994701,2026-09-18T03:32:16Z,raw_data_run_20260918_102948_3d1b49.csv,rec_0b5ef8684755736e,False,Saya pake triva,saya pake triva,Toyota Veloz,medium,community_context,False,,,,False,not_relevant,no_adas_keyword,,UNKNOWN,,,,,,,
rec_72ff6e755e84e5c6,Toyota Veloz,VELOZ HYBRID INDONESIA,https://www.facebook.com/groups/1564504984994701,post_4,post_4_comment_48,post_4,comment,,,,Daerah mana pak?,https://www.facebook.com/groups/1564504984994701,2026-09-18T03:32:16Z,raw_data_run_20260918_102948_3d1b49.csv,rec_72ff6e755e84e5c6,False,Daerah mana pak?,daerah mana pak?,Toyota Veloz,medium,community_context,False,,,,False,not_relevant,no_adas_keyword,,UNKNOWN,,,,,,,
rec_5baefaf2cf067279,Toyota Veloz,VELOZ HYBRID INDONESIA,https://www.facebook.com/groups/1564504984994701,post_4,post_4_comment_49,post_4,comment,,,,"Pertanyaan yg paling mendasar dan bikin penasaran cara berkendaraan mobil hybrid....
Adakah tombol untuk memindahkan penggunaan mesin aja atau listrik aja secara manual… Lihat selengkapnya",https://www.facebook.com/groups/1564504984994701,2026-09-18T03:32:18Z,raw_data_run_20260918_102948_3d1b49.csv,rec_5baefaf2cf067279,False,Pertanyaan yg paling mendasar dan bikin penasaran cara berkendaraan mobil hybrid.... Adakah tombol untuk memindahkan penggunaan mesin aja atau listrik aja secara manual… Lihat selengkapnya,pertanyaan yg paling mendasar dan bikin penasaran cara berkendaraan mobil hybrid.... adakah tombol untuk memindahkan penggunaan mesin aja atau listrik aja secara manual… lihat selengkapnya,Toyota Veloz,medium,community_context,False,,,,False,not_relevant,no_adas_keyword,,UNKNOWN,,,,,,,
rec_d69df34f77d6ff79,Toyota Veloz,VELOZ HYBRID INDONESIA,https://www.facebook.com/groups/1564504984994701,post_4,post_4_comment_50,post_4,comment,,,,Pertanyaan yg paling mendasar dan bikin penasaran cara berkendaraan mobil hybrid....,https://www.facebook.com/groups/1564504984994701,2026-09-18T03:32:18Z,raw_data_run_20260918_102948_3d1b49.csv,rec_d69df34f77d6ff79,False,Pertanyaan yg paling mendasar dan bikin penasaran cara berkendaraan mobil hybrid....,pertanyaan yg paling mendasar dan bikin penasaran cara berkendaraan mobil hybrid....,Toyota Veloz,medium,community_context,False,,,,False,not_relevant,no_adas_keyword,,UNKNOWN,,,,,,,
rec_9c4214af688ca514,Toyota Veloz,VELOZ HYBRID INDONESIA,https://www.facebook.com/groups/1564504984994701,post_4,post_4_comment_51,post_4,comment,,,,Adakah tombol untuk memindahkan penggunaan mesin aja atau listrik aja secara manual… Lihat selengkapnya,https://www.facebook.com/groups/1564504984994701,2026-09-18T03:32:18Z,raw_data_run_20260918_102948_3d1b49.csv,rec_9c4214af688ca514,False,Adakah tombol untuk memindahkan penggunaan mesin aja atau listrik aja secara manual… Lihat selengkapnya,adakah tombol untuk memindahkan penggunaan mesin aja atau listrik aja secara manual… lihat selengkapnya,Toyota Veloz,medium,community_context,False,,,,False,not_relevant,no_adas_keyword,,UNKNOWN,,,,,,,
rec_cdfcffa5f8fd4592,Toyota Veloz,VELOZ HYBRID INDONESIA,https://www.facebook.com/groups/1564504984994701,post_4,post_4_comment_52,post_4,comment,,,,"Otomatis om, udah canggih Fiture nya KLO hybrid. Tinggal gas saja KLO batrei 3 bar nanti mesin yg nyala dan Cars baterai nya",https://www.facebook.com/groups/1564504984994701,2026-09-18T03:32:18Z,raw_data_run_20260918_102948_3d1b49.csv,rec_cdfcffa5f8fd4592,False,"Otomatis om, udah canggih Fiture nya KLO hybrid. Tinggal gas saja KLO batrei 3 bar nanti mesin yg nyala dan Cars baterai nya","otomatis om, udah canggih fiture nya klo hybrid. tinggal gas saja klo batrei 3 bar nanti mesin yg nyala dan cars baterai nya",Toyota Veloz,medium,community_context,False,,,,False,not_relevant,no_adas_keyword,,UNKNOWN,,,,,,,
rec_92b6e2354b9cbaf8,Toyota Veloz,VELOZ HYBRID INDONESIA,https://www.facebook.com/groups/1564504984994701,post_4,post_4_comment_53,post_4,comment,,,,"Bawah stir sebelah kanan tu ada tombol ""eco mode"". Kalau ditekan pesannya selalu baterai tidak cukup. Apakah memang bisa dipak… Lihat selengkapnya",https://www.facebook.com/groups/1564504984994701,2026-09-18T03:32:18Z,raw_data_run_20260918_102948_3d1b49.csv,rec_92b6e2354b9cbaf8,False,"Bawah stir sebelah kanan tu ada tombol ""eco mode"". Kalau ditekan pesannya selalu baterai tidak cukup. Apakah memang bisa dipak… Lihat selengkapnya","bawah stir sebelah kanan tu ada tombol ""eco mode"". kalau ditekan pesannya selalu baterai tidak cukup. apakah memang bisa dipak… lihat selengkapnya",Toyota Veloz,medium,community_context,False,,,,False,not_relevant,no_adas_keyword,,UNKNOWN,,,,,,,
rec_4d5125dae46c799e,Toyota Veloz,VELOZ HYBRID INDONESIA,https://www.facebook.com/groups/1564504984994701,post_4,post_4_comment_54,post_4,comment,,,,"Owning Experience
Nanya suhu, kalau punya dana 220jt, prefer beli Veloz second thn 2023-2024 atau Stargzazer baru tipe tengah (Non-Adas)..
Mohon masukannya user Veloz, gimana owning experiencenya",https://www.facebook.com/groups/1564504984994701,2026-09-18T03:32:20Z,raw_data_run_20260918_102948_3d1b49.csv,rec_4d5125dae46c799e,False,"Owning Experience Nanya suhu, kalau punya dana 220jt, prefer beli Veloz second thn 2023-2024 atau Stargzazer baru tipe tengah (Non-Adas).. Mohon masukannya user Veloz, gimana owning experiencenya","owning experience nanya suhu, kalau punya dana 220jt, prefer beli veloz second thn 2023-2024 atau stargzazer baru tipe tengah (non-adas).. mohon masukannya user veloz, gimana owning experiencenya",Toyota Veloz,high,explicit_text_alias_strong,True,ADAS,combined_adas,,True,uncertain,generic_adas_terms_only,low,UNKNOWN,not_stated,not_stated,uncertain,positive,not_stated,unclear,low
rec_f68ab4038481812f,Toyota Veloz,VELOZ HYBRID INDONESIA,https://www.facebook.com/groups/1564504984994701,post_4,post_4_comment_55,post_4,comment,,,,Mobil baru lahh,https://www.facebook.com/groups/1564504984994701,2026-09-18T03:32:20Z,raw_data_run_20260918_102948_3d1b49.csv,rec_f68ab4038481812f,False,Mobil baru lahh,mobil baru lahh,Toyota Veloz,medium,community_context,False,,,,False,not_relevant,no_adas_keyword,,UNKNOWN,,,,,,,
rec_f2431f41230045bb,Toyota Veloz,VELOZ HYBRID INDONESIA,https://www.facebook.com/groups/1564504984994701,post_4,post_4_comment_56,post_4,comment,,,,Hyundai stargazer harga pasaran bekasnya hancur karena barunya aja diskonnya gede banget,https://www.facebook.com/groups/1564504984994701,2026-09-18T03:32:20Z,raw_data_run_20260918_102948_3d1b49.csv,rec_f2431f41230045bb,False,Hyundai stargazer harga pasaran bekasnya hancur karena barunya aja diskonnya gede banget,hyundai stargazer harga pasaran bekasnya hancur karena barunya aja diskonnya gede banget,Toyota Veloz,medium,community_context,False,,,,False,not_relevant,no_adas_keyword,,UNKNOWN,,,,,,,
rec_55b598e008b6c249,Toyota Veloz,VELOZ HYBRID INDONESIA,https://www.facebook.com/groups/1564504984994701,post_4,post_4_comment_57,post_4,comment,,,,Mau tanya pake velos hybrid perliter biasanya berpa km ya mampunya untuk dalam kota,https://www.facebook.com/groups/1564504984994701,2026-09-18T03:32:20Z,raw_data_run_20260918_102948_3d1b49.csv,rec_55b598e008b6c249,False,Mau tanya pake velos hybrid perliter biasanya berpa km ya mampunya untuk dalam kota,mau tanya pake velos hybrid perliter biasanya berpa km ya mampunya untuk dalam kota,Toyota Veloz,medium,community_context,False,,,,False,not_relevant,no_adas_keyword,,UNKNOWN,,,,,,,
rec_b9feb676d0efb918,Toyota Veloz,VELOZ HYBRID INDONESIA,https://www.facebook.com/groups/1564504984994701,post_4,post_4_comment_58,post_4,comment,,,,"Asal speed gak sering diatas 110 KM/jam dapat lah 1 : 19 - 24 kadang bisa sampe 26, cuma klo sering main sped diatas itu 1 : 1… Lihat selengkapnya",https://www.facebook.com/groups/1564504984994701,2026-09-18T03:32:20Z,raw_data_run_20260918_102948_3d1b49.csv,rec_b9feb676d0efb918,False,"Asal speed gak sering diatas 110 KM/jam dapat lah 1 : 19 - 24 kadang bisa sampe 26, cuma klo sering main sped diatas itu 1 : 1… Lihat selengkapnya","asal speed gak sering diatas 110 km/jam dapat lah 1 : 19 - 24 kadang bisa sampe 26, cuma klo sering main sped diatas itu 1 : 1… lihat selengkapnya",Toyota Veloz,medium,community_context,False,,,,False,not_relevant,no_adas_keyword,,UNKNOWN,,,,,,,
rec_816820b38614f7fc,Toyota Veloz,VELOZ HYBRID INDONESIA,https://www.facebook.com/groups/1564504984994701,post_4,post_4_comment_59,post_4,comment,,,,Dalam kota klo bwanya santai sering mode ev rata2 1 : 20-22,https://www.facebook.com/groups/1564504984994701,2026-09-18T03:32:20Z,raw_data_run_20260918_102948_3d1b49.csv,rec_816820b38614f7fc,False,Dalam kota klo bwanya santai sering mode ev rata2 1 : 20-22,dalam kota klo bwanya santai sering mode ev rata2 1 : 20-22,Toyota Veloz,medium,community_context,False,,,,False,not_relevant,no_adas_keyword,,UNKNOWN,,,,,,,
rec_28a78e311a7f8022,Toyota Veloz,VELOZ HYBRID INDONESIA,https://www.facebook.com/groups/1564504984994701,post_4,post_4_comment_60,post_4,comment,,,,Kenapa diganti? Kalau beli yg hybrid kan udah dapet dr sananya?,https://www.facebook.com/groups/1564504984994701,2026-09-18T03:32:21Z,raw_data_run_20260918_102948_3d1b49.csv,rec_28a78e311a7f8022,False,Kenapa diganti? Kalau beli yg hybrid kan udah dapet dr sananya?,kenapa diganti? kalau beli yg hybrid kan udah dapet dr sananya?,Toyota Veloz,medium,community_context,False,,,,False,not_relevant,no_adas_keyword,,UNKNOWN,,,,,,,
rec_e61b9fa1f81a46c1,Toyota Veloz,VELOZ HYBRID INDONESIA,https://www.facebook.com/groups/1564504984994701,post_4,post_4_comment_61,post_4,comment,,,,yg mana sih maksud nya?,https://www.facebook.com/groups/1564504984994701,2026-09-18T03:32:21Z,raw_data_run_20260918_102948_3d1b49.csv,rec_e61b9fa1f81a46c1,False,yg mana sih maksud nya?,yg mana sih maksud nya?,Toyota Veloz,medium,community_context,False,,,,False,not_relevant,no_adas_keyword,,UNKNOWN,,,,,,,
rec_6867fd91226ca270,Toyota Veloz,VELOZ HYBRID INDONESIA,https://www.facebook.com/groups/1564504984994701,post_5,,,post,,,,"Dimas Pangestu
  ·
13 jam
Punyaku smooth
Balas
Bagikan",https://www.facebook.com/groups/1564504984994701,2026-09-18T03:32:24Z,raw_data_run_20260918_102948_3d1b49.csv,rec_6867fd91226ca270,False,Dimas Pangestu · 13 jam Punyaku smooth Balas Bagikan,dimas pangestu · 13 jam punyaku smooth balas bagikan,Toyota Veloz,medium,community_context,True,smooth,layer_c_indonesian,,False,relevant,functional_keywords_with_context,medium,ACC,ACC:smoothness,not_stated,uncertain,positive,smooth,unclear,medium
rec_fc00d7c38f8b1c05,Toyota Veloz,VELOZ HYBRID INDONESIA,https://www.facebook.com/groups/1564504984994701,post_5,post_5_comment_1,post_5,comment,,,,"mau tanya om, ac nya veloz hybrid bisa nyala tanpa mesin bensin nyala gak ya? misal untuk istirahat di rest area selama 1 jam gitu",https://www.facebook.com/groups/1564504984994701,2026-09-18T03:32:27Z,raw_data_run_20260918_102948_3d1b49.csv,rec_fc00d7c38f8b1c05,False,"mau tanya om, ac nya veloz hybrid bisa nyala tanpa mesin bensin nyala gak ya? misal untuk istirahat di rest area selama 1 jam gitu","mau tanya om, ac nya veloz hybrid bisa nyala tanpa mesin bensin nyala gak ya? misal untuk istirahat di rest area selama 1 jam gitu",Toyota Veloz,high,explicit_text_alias_strong,False,,,,False,not_relevant,no_adas_keyword,,UNKNOWN,,,,,,,
rec_de600e6fc61df017,Toyota Veloz,VELOZ HYBRID INDONESIA,https://www.facebook.com/groups/1564504984994701,post_5,post_5_comment_2,post_5,comment,,,,"bisa nyala tanpa mesin, tp tdk sampai 1 jam jg... intinya saat baterai sisa 40% atau 3 bar mesin akan menyala utk mengisi bate… Lihat selengkapnya",https://www.facebook.com/groups/1564504984994701,2026-09-18T03:32:27Z,raw_data_run_20260918_102948_3d1b49.csv,rec_de600e6fc61df017,False,"bisa nyala tanpa mesin, tp tdk sampai 1 jam jg... intinya saat baterai sisa 40% atau 3 bar mesin akan menyala utk mengisi bate… Lihat selengkapnya","bisa nyala tanpa mesin, tp tdk sampai 1 jam jg... intinya saat baterai sisa 40% atau 3 bar mesin akan menyala utk mengisi bate… lihat selengkapnya",Toyota Veloz,medium,community_context,False,,,,False,not_relevant,no_adas_keyword,,UNKNOWN,,,,,,,
rec_0b16232810314599,Toyota Veloz,VELOZ HYBRID INDONESIA,https://www.facebook.com/groups/1564504984994701,post_5,post_5_comment_3,post_5,comment,,,,Forum Sharing Seputar dan Jual Beli Veloz Hybrid,https://www.facebook.com/groups/1564504984994701,2026-09-18T03:32:27Z,raw_data_run_20260918_102948_3d1b49.csv,rec_0b16232810314599,False,Forum Sharing Seputar dan Jual Beli Veloz Hybrid,forum sharing seputar dan jual beli veloz hybrid,Toyota Veloz,high,explicit_text_alias_strong,False,,,,False,not_relevant,no_adas_keyword,,UNKNOWN,,,,,,,
rec_0b19c6673b2365b3,Toyota Veloz,VELOZ HYBRID INDONESIA,https://www.facebook.com/groups/1564504984994701,post_5,post_5_comment_4,post_5,comment,,,,More Info: 0812 9324 1292 (Fadly),https://www.facebook.com/groups/1564504984994701,2026-09-18T03:32:27Z,raw_data_run_20260918_102948_3d1b49.csv,rec_0b19c6673b2365b3,False,More Info: 0812 9324 1292 (Fadly),more info: 0812 9324 1292 (fadly),Toyota Veloz,medium,community_context,False,,,,False,not_relevant,no_adas_keyword,,UNKNOWN,,,,,,,
rec_0b824adc7c40e042,Toyota Veloz,VELOZ HYBRID INDONESIA,https://www.facebook.com/groups/1564504984994701,post_5,post_5_comment_5,post_5,comment,,,,"Permisi om, mau tanya. Ada yg pernah pake skema cash bertahap om? Pembayaran nya sesuai OTR / ada tambahan lain ya?",https://www.facebook.com/groups/1564504984994701,2026-09-18T03:32:29Z,raw_data_run_20260918_102948_3d1b49.csv,rec_0b824adc7c40e042,False,"Permisi om, mau tanya. Ada yg pernah pake skema cash bertahap om? Pembayaran nya sesuai OTR / ada tambahan lain ya?","permisi om, mau tanya. ada yg pernah pake skema cash bertahap om? pembayaran nya sesuai otr / ada tambahan lain ya?",Toyota Veloz,medium,community_context,False,,,,False,not_relevant,no_adas_keyword,,UNKNOWN,,,,,,,
rec_314e4ff85fbe76d8,Toyota Veloz,VELOZ HYBRID INDONESIA,https://www.facebook.com/groups/1564504984994701,post_5,post_5_comment_6,post_5,comment,,,,Ambil cash aja harga OTR...dapat cash back... free asuransi All risk 1 tahun...free asesoris...yang punya dana cash adalah raja...bebas open Nego,https://www.facebook.com/groups/1564504984994701,2026-09-18T03:32:29Z,raw_data_run_20260918_102948_3d1b49.csv,rec_314e4ff85fbe76d8,False,Ambil cash aja harga OTR...dapat cash back... free asuransi All risk 1 tahun...free asesoris...yang punya dana cash adalah raja...bebas open Nego,ambil cash aja harga otr...dapat cash back... free asuransi all risk 1 tahun...free asesoris...yang punya dana cash adalah raja...bebas open nego,Toyota Veloz,medium,community_context,False,,,,False,not_relevant,no_adas_keyword,,UNKNOWN,,,,,,,
rec_f0880881119cf218,Toyota Veloz,VELOZ HYBRID INDONESIA,https://www.facebook.com/groups/1564504984994701,post_5,post_5_comment_7,post_5,comment,,,,"Aku kmrn nanya veloz q mau cash bertahap yang 0%, misalkan cicilan 12 bulan, kena cas asuransi sekitar 14jtan, dari 336 ditota… Lihat selengkapnya",https://www.facebook.com/groups/1564504984994701,2026-09-18T03:32:29Z,raw_data_run_20260918_102948_3d1b49.csv,rec_f0880881119cf218,False,"Aku kmrn nanya veloz q mau cash bertahap yang 0%, misalkan cicilan 12 bulan, kena cas asuransi sekitar 14jtan, dari 336 ditota… Lihat selengkapnya","aku kmrn nanya veloz q mau cash bertahap yang 0%, misalkan cicilan 12 bulan, kena cas asuransi sekitar 14jtan, dari 336 ditota… lihat selengkapnya",Toyota Veloz,high,explicit_text_alias_strong,False,,,,False,not_relevant,no_adas_keyword,,UNKNOWN,,,,,,,
rec_9d29455b1a565977,Toyota Veloz,VELOZ HYBRID INDONESIA,https://www.facebook.com/groups/1564504984994701,post_5,post_5_comment_8,post_5,comment,,,,"Om  kalau tekan dan lepas pedal rem kaki @sering bunyi krrekkk.krekkk terutama ketika Veloz hev baru jalan n parkir. Apakah itu wajar ya atau punya kondisi yang sama 
 Terimakasih kasih sudah mw menjawab.",https://www.facebook.com/groups/1564504984994701,2026-09-18T03:32:29Z,raw_data_run_20260918_102948_3d1b49.csv,rec_9d29455b1a565977,False,Om kalau tekan dan lepas pedal rem kaki [mention] bunyi krrekkk.krekkk terutama ketika Veloz hev baru jalan n parkir. Apakah itu wajar ya atau punya kondisi yang sama Terimakasih kasih sudah mw menjawab.,om kalau tekan dan lepas pedal rem kaki [mention] bunyi krrekkk.krekkk terutama ketika veloz hev baru jalan n parkir. apakah itu wajar ya atau punya kondisi yang sama terimakasih kasih sudah mw menjawab.,Toyota Veloz,high,explicit_text_alias_strong,False,,,,False,not_relevant,no_adas_keyword,,UNKNOWN,,,,,,,
rec_f0a9ca91f3881125,Toyota Veloz,VELOZ HYBRID INDONESIA,https://www.facebook.com/groups/1564504984994701,post_5,post_5_comment_9,post_5,comment,,,,Wajar,https://www.facebook.com/groups/1564504984994701,2026-09-18T03:32:29Z,raw_data_run_20260918_102948_3d1b49.csv,rec_f0a9ca91f3881125,False,Wajar,wajar,Toyota Veloz,medium,community_context,False,,,,False,not_relevant,no_adas_keyword,,UNKNOWN,,,,,,,
rec_a6302c429e2eb84e,Toyota Veloz,VELOZ HYBRID INDONESIA,https://www.facebook.com/groups/1564504984994701,post_5,post_5_comment_10,post_5,comment,,,,Punyaku smooth,https://www.facebook.com/groups/1564504984994701,2026-09-18T03:32:30Z,raw_data_run_20260918_102948_3d1b49.csv,rec_a6302c429e2eb84e,False,Punyaku smooth,punyaku smooth,Toyota Veloz,medium,community_context,True,smooth,layer_c_indonesian,,False,uncertain,functional_keywords_no_behavioural_context,low,ACC,ACC:smoothness,not_stated,uncertain,positive,smooth,unclear,medium
rec_443d5fe23710c1eb,Toyota Veloz,VELOZ HYBRID INDONESIA,https://www.facebook.com/groups/1564504984994701,post_5,post_5_comment_11,post_5,comment,,,,"Yang mau kredit & cash unit baru toyota dp mulai dari 5jtan dan udh coll 5 bisa dibantu untuk proses , minat bisa hubungi 0895336681497 chatherina",https://www.facebook.com/groups/1564504984994701,2026-09-18T03:32:30Z,raw_data_run_20260918_102948_3d1b49.csv,rec_443d5fe23710c1eb,False,"Yang mau kredit & cash unit baru toyota dp mulai dari 5jtan dan udh coll 5 bisa dibantu untuk proses , minat bisa hubungi 0895336681497 chatherina","yang mau kredit & cash unit baru toyota dp mulai dari 5jtan dan udh coll 5 bisa dibantu untuk proses , minat bisa hubungi 0895336681497 chatherina",Toyota Veloz,medium,community_context,False,,,,False,not_relevant,no_adas_keyword,,UNKNOWN,,,,,,,
rec_30a5e8a82b836892,Toyota Veloz,VELOZ HYBRID INDONESIA,https://www.facebook.com/groups/1564504984994701,post_5,post_5_comment_12,post_5,comment,,,,"Paket kredit bunga super murah se-jawa timur!!!
Raffi Auto200 Surabaya : 0851-9666-2274
Veloz Q HV Modelista TSS Two Tone 
dp 107.504jt… Lihat selengkapnya",https://www.facebook.com/groups/1564504984994701,2026-09-18T03:32:30Z,raw_data_run_20260918_102948_3d1b49.csv,rec_30a5e8a82b836892,False,Paket kredit bunga super murah se-jawa timur!!! Raffi Auto200 Surabaya : 0851-9666-2274 Veloz Q HV Modelista TSS Two Tone dp 107.504jt… Lihat selengkapnya,paket kredit bunga super murah se-jawa timur!!! raffi auto200 surabaya : 0851-9666-2274 veloz q hv modelista tss two tone dp 107.504jt… lihat selengkapnya,Toyota Veloz,high,explicit_text_alias_strong,True,TSS,combined_adas,,True,uncertain,generic_adas_terms_only,low,UNKNOWN,not_stated,not_stated,uncertain,neutral,not_stated,unclear,low
rec_0925586a38925f14,Toyota Veloz,VELOZ HYBRID INDONESIA,https://www.facebook.com/groups/1564504984994701,post_5,post_5_comment_13,post_5,comment,,,,Paket kredit bunga super murah se-jawa timur!!!,https://www.facebook.com/groups/1564504984994701,2026-09-18T03:32:30Z,raw_data_run_20260918_102948_3d1b49.csv,rec_0925586a38925f14,False,Paket kredit bunga super murah se-jawa timur!!!,paket kredit bunga super murah se-jawa timur!!!,Toyota Veloz,medium,community_context,False,,,,False,not_relevant,no_adas_keyword,,UNKNOWN,,,,,,,
rec_7f34b9bda61d8340,Toyota Veloz,VELOZ HYBRID INDONESIA,https://www.facebook.com/groups/1564504984994701,post_5,post_5_comment_14,post_5,comment,,,,Raffi Auto200 Surabaya : 0851-9666-2274,https://www.facebook.com/groups/1564504984994701,2026-09-18T03:32:30Z,raw_data_run_20260918_102948_3d1b49.csv,rec_7f34b9bda61d8340,False,Raffi Auto200 Surabaya : 0851-9666-2274,raffi auto200 surabaya : 0851-9666-2274,Toyota Veloz,medium,community_context,False,,,,False,not_relevant,no_adas_keyword,,UNKNOWN,,,,,,,
rec_5e667c1bc7431569,Toyota Veloz,VELOZ HYBRID INDONESIA,https://www.facebook.com/groups/1564504984994701,post_5,post_5_comment_15,post_5,comment,,,,Veloz Q HV Modelista TSS Two Tone,https://www.facebook.com/groups/1564504984994701,2026-09-18T03:32:30Z,raw_data_run_20260918_102948_3d1b49.csv,rec_5e667c1bc7431569,False,Veloz Q HV Modelista TSS Two Tone,veloz q hv modelista tss two tone,Toyota Veloz,high,explicit_text_alias_strong,True,TSS,combined_adas,,True,uncertain,generic_adas_terms_only,low,UNKNOWN,not_stated,not_stated,uncertain,neutral,not_stated,unclear,low
rec_07593c5075d7854e,Toyota Veloz,VELOZ HYBRID INDONESIA,https://www.facebook.com/groups/1564504984994701,post_5,post_5_comment_16,post_5,comment,,,,dp 107.504jt… Lihat selengkapnya,https://www.facebook.com/groups/1564504984994701,2026-09-18T03:32:30Z,raw_data_run_20260918_102948_3d1b49.csv,rec_07593c5075d7854e,False,dp 107.504jt… Lihat selengkapnya,dp 107.504jt… lihat selengkapnya,Toyota Veloz,medium,community_context,False,,,,False,not_relevant,no_adas_keyword,,UNKNOWN,,,,,,,
rec_6d9db8b2d2a8afc3,Toyota Veloz,VELOZ HYBRID INDONESIA,https://www.facebook.com/groups/1564504984994701,post_5,post_5_comment_17,post_5,comment,,,,"TESTDRIVE VELOZ HYBRID & YARIS CROSS HYBRID
Lokasi : SUMMARECON CROWN GADING (BELAKANG HI )
WAKTU : 08.00 - SELESAI
TANGGAL : 29 AGUSTUS 2026
HARI : SABTU
Lihat selengkapnya",https://www.facebook.com/groups/1564504984994701,2026-09-18T03:32:30Z,raw_data_run_20260918_102948_3d1b49.csv,rec_6d9db8b2d2a8afc3,False,TESTDRIVE VELOZ HYBRID & YARIS CROSS HYBRID Lokasi : SUMMARECON CROWN GADING (BELAKANG HI ) WAKTU : 08.00 - SELESAI TANGGAL : 29 AGUSTUS 2026 HARI : SABTU Lihat selengkapnya,testdrive veloz hybrid & yaris cross hybrid lokasi : summarecon crown gading (belakang hi ) waktu : 08.00 - selesai tanggal : 29 agustus 2026 hari : sabtu lihat selengkapnya,Toyota Veloz,medium,multiple_mentions_context_vehicle,False,,,,False,not_relevant,no_adas_keyword,,UNKNOWN,,,,,,,
rec_4130683e31e494dd,Toyota Veloz,VELOZ HYBRID INDONESIA,https://www.facebook.com/groups/1564504984994701,post_5,post_5_comment_18,post_5,comment,,,,"Upgrade mobil mu, untuk upgrade hidupmu. 
Hubungi 088227756129 #hubungikami #toyota",https://www.facebook.com/groups/1564504984994701,2026-09-18T03:32:31Z,raw_data_run_20260918_102948_3d1b49.csv,rec_4130683e31e494dd,False,"Upgrade mobil mu, untuk upgrade hidupmu. Hubungi 088227756129 #hubungikami #toyota","upgrade mobil mu, untuk upgrade hidupmu. hubungi 088227756129 #hubungikami #toyota",Toyota Veloz,medium,community_context,False,,,,False,not_relevant,no_adas_keyword,,UNKNOWN,,,,,,,
rec_386ec659593aa30f,Toyota Veloz,VELOZ HYBRID INDONESIA,https://www.facebook.com/groups/1564504984994701,post_5,post_5_comment_19,post_5,comment,,,,"Upgrade mobil mu, untuk upgrade hidupmu.",https://www.facebook.com/groups/1564504984994701,2026-09-18T03:32:31Z,raw_data_run_20260918_102948_3d1b49.csv,rec_386ec659593aa30f,False,"Upgrade mobil mu, untuk upgrade hidupmu.","upgrade mobil mu, untuk upgrade hidupmu.",Toyota Veloz,medium,community_context,False,,,,False,not_relevant,no_adas_keyword,,UNKNOWN,,,,,,,
rec_057b4073de830fc0,Toyota Veloz,VELOZ HYBRID INDONESIA,https://www.facebook.com/groups/1564504984994701,post_5,post_5_comment_20,post_5,comment,,,,Hubungi 088227756129 #hubungikami #toyota,https://www.facebook.com/groups/1564504984994701,2026-09-18T03:32:31Z,raw_data_run_20260918_102948_3d1b49.csv,rec_057b4073de830fc0,False,Hubungi 088227756129 #hubungikami #toyota,hubungi 088227756129 #hubungikami #toyota,Toyota Veloz,medium,community_context,False,,,,False,not_relevant,no_adas_keyword,,UNKNOWN,,,,,,,
rec_8977cf3a9027cdc5,Toyota Veloz,VELOZ HYBRID INDONESIA,https://www.facebook.com/groups/1564504984994701,post_5,post_5_comment_21,post_5,comment,,,,Ijin share suhu suhu,https://www.facebook.com/groups/1564504984994701,2026-09-18T03:32:33Z,raw_data_run_20260918_102948_3d1b49.csv,rec_8977cf3a9027cdc5,False,Ijin share suhu suhu,ijin share suhu suhu,Toyota Veloz,medium,community_context,False,,,,False,not_relevant,no_adas_keyword,,UNKNOWN,,,,,,,
rec_83db927a97c815c1,Toyota Veloz,VELOZ HYBRID INDONESIA,https://www.facebook.com/groups/1564504984994701,post_5,post_5_comment_22,post_5,comment,,,,"Bisa Trade in dari semua merk ke Veloz Hybrid.
New Veloz V HEV 2026
Harga : Rp303.000.000*
DP : Mulai dari 15%
Hubungi sekarang untuk jadwal Test Drive.
Lihat selengkapnya",https://www.facebook.com/groups/1564504984994701,2026-09-18T03:32:35Z,raw_data_run_20260918_102948_3d1b49.csv,rec_83db927a97c815c1,False,Bisa Trade in dari semua merk ke Veloz Hybrid. New Veloz V HEV 2026 Harga : Rp303.000.000* DP : Mulai dari 15% Hubungi sekarang untuk jadwal Test Drive. Lihat selengkapnya,bisa trade in dari semua merk ke veloz hybrid. new veloz v hev 2026 harga : rp303.000.000* dp : mulai dari 15% hubungi sekarang untuk jadwal test drive. lihat selengkapnya,Toyota Veloz,high,explicit_text_alias_strong,False,,,,False,not_relevant,no_adas_keyword,,UNKNOWN,,,,,,,
rec_ed36b5eb2466107d,Toyota Veloz,VELOZ HYBRID INDONESIA,https://www.facebook.com/groups/1564504984994701,post_5,post_5_comment_23,post_5,comment,,,,Siang om Abang smua. Info dong. Sya 10 th pke av Veloz manual 1.5.rencana pngen buat dp Veloz hybrd. Niatnya klo jd 100 buat DP.sisanya buat kbutuhan rmah. klo ambil 4 th estimasi  cicilan kena brp? Dan baiknya pake tipe apa. Sebelum nya terimakasih klo mau berbagi  informasi,https://www.facebook.com/groups/1564504984994701,2026-09-18T03:32:35Z,raw_data_run_20260918_102948_3d1b49.csv,rec_ed36b5eb2466107d,False,Siang om Abang smua. Info dong. Sya 10 th pke av Veloz manual 1.5.rencana pngen buat dp Veloz hybrd. Niatnya klo jd 100 buat DP.sisanya buat kbutuhan rmah. klo ambil 4 th estimasi cicilan kena brp? Dan baiknya pake tipe apa. Sebelum nya terimakasih klo mau berbagi informasi,siang om abang smua. info dong. sya 10 th pke av veloz manual 1.5.rencana pngen buat dp veloz hybrd. niatnya klo jd 100 buat dp.sisanya buat kbutuhan rmah. klo ambil 4 th estimasi cicilan kena brp? dan baiknya pake tipe apa. sebelum nya terimakasih klo mau berbagi informasi,Toyota Veloz,high,explicit_text_alias_strong,False,,,,False,not_relevant,no_adas_keyword,,UNKNOWN,,,,,,,
rec_20768d2c36304322,Toyota Veloz,VELOZ HYBRID INDONESIA,https://www.facebook.com/groups/1564504984994701,post_5,post_5_comment_24,post_5,comment,,,,Mksdnya tipe apanya pak?? Apa sudah dpt??,https://www.facebook.com/groups/1564504984994701,2026-09-18T03:32:35Z,raw_data_run_20260918_102948_3d1b49.csv,rec_20768d2c36304322,False,Mksdnya tipe apanya pak?? Apa sudah dpt??,mksdnya tipe apanya pak?? apa sudah dpt??,Toyota Veloz,medium,community_context,False,,,,False,not_relevant,no_adas_keyword,,UNKNOWN,,,,,,,
rec_46c874909a6bd735,Toyota Veloz,VELOZ HYBRID INDONESIA,https://www.facebook.com/groups/1564504984994701,post_5,post_5_comment_25,post_5,comment,,,,Bisa balas inbox pak,https://www.facebook.com/groups/1564504984994701,2026-09-18T03:32:35Z,raw_data_run_20260918_102948_3d1b49.csv,rec_46c874909a6bd735,False,Bisa balas inbox pak,bisa balas inbox pak,Toyota Veloz,medium,community_context,False,,,,False,not_relevant,no_adas_keyword,,UNKNOWN,,,,,,,
rec_830c0825a9ffdfa1,Toyota Veloz,VELOZ HYBRID INDONESIA,https://www.facebook.com/groups/1564504984994701,post_5,post_5_comment_26,post_5,comment,,,,"Izin beregabung
Sebelumnya perkenalkan anggota baru
Terimakasih Abg Admin yg izinkan bergabung digrup
Unit Veloz hybrid type V
Lihat selengkapnya",https://www.facebook.com/groups/1564504984994701,2026-09-18T03:32:36Z,raw_data_run_20260918_102948_3d1b49.csv,rec_830c0825a9ffdfa1,False,Izin beregabung Sebelumnya perkenalkan anggota baru Terimakasih Abg Admin yg izinkan bergabung digrup Unit Veloz hybrid type V Lihat selengkapnya,izin beregabung sebelumnya perkenalkan anggota baru terimakasih abg admin yg izinkan bergabung digrup unit veloz hybrid type v lihat selengkapnya,Toyota Veloz,high,explicit_text_alias_strong,False,,,,False,not_relevant,no_adas_keyword,,UNKNOWN,,,,,,,
rec_1586a10b622a173c,Toyota Veloz,VELOZ HYBRID INDONESIA,https://www.facebook.com/groups/1564504984994701,post_5,post_5_comment_27,post_5,comment,,,,Berpengaruh..,https://www.facebook.com/groups/1564504984994701,2026-09-18T03:32:36Z,raw_data_run_20260918_102948_3d1b49.csv,rec_1586a10b622a173c,False,Berpengaruh..,berpengaruh..,Toyota Veloz,medium,community_context,False,,,,False,not_relevant,no_adas_keyword,,UNKNOWN,,,,,,,
rec_a4b64ae428e327f7,Toyota Veloz,VELOZ HYBRID INDONESIA,https://www.facebook.com/groups/1564504984994701,post_5,post_5_comment_28,post_5,comment,,,,"Sya kmarin tanya2 mau gantu HU yg di tengah, walau dikerjain di beres, ttap batalin garansi jika suatu ada masal… Lihat selengkapnya",https://www.facebook.com/groups/1564504984994701,2026-09-18T03:32:36Z,raw_data_run_20260918_102948_3d1b49.csv,rec_a4b64ae428e327f7,False,"Sya kmarin tanya2 mau gantu HU yg di tengah, walau dikerjain di beres, ttap batalin garansi jika suatu ada masal… Lihat selengkapnya","sya kmarin tanya2 mau gantu hu yg di tengah, walau dikerjain di beres, ttap batalin garansi jika suatu ada masal… lihat selengkapnya",Toyota Veloz,medium,community_context,False,,,,False,not_relevant,no_adas_keyword,,UNKNOWN,,,,,,,
rec_c256d195bb7dd643,Toyota Veloz,VELOZ HYBRID INDONESIA,https://www.facebook.com/groups/1564504984994701,post_5,post_5_comment_29,post_5,comment,,,,masa segini?,https://www.facebook.com/groups/1564504984994701,2026-09-18T03:32:36Z,raw_data_run_20260918_102948_3d1b49.csv,rec_c256d195bb7dd643,False,masa segini?,masa segini?,Toyota Veloz,medium,community_context,False,,,,False,not_relevant,no_adas_keyword,,UNKNOWN,,,,,,,
rec_734bed917302d4cb,Toyota Veloz,VELOZ HYBRID INDONESIA,https://www.facebook.com/groups/1564504984994701,post_5,post_5_comment_30,post_5,comment,,,,"Biasa habis isi bensin itu om
coba bawa 1 jam pasti normal lagi.",https://www.facebook.com/groups/1564504984994701,2026-09-18T03:32:36Z,raw_data_run_20260918_102948_3d1b49.csv,rec_734bed917302d4cb,False,Biasa habis isi bensin itu om coba bawa 1 jam pasti normal lagi.,biasa habis isi bensin itu om coba bawa 1 jam pasti normal lagi.,Toyota Veloz,medium,community_context,False,,,,False,not_relevant,no_adas_keyword,,UNKNOWN,,,,,,,
rec_6a922b1de5f09ad6,Toyota Veloz,VELOZ HYBRID INDONESIA,https://www.facebook.com/groups/1564504984994701,post_5,post_5_comment_31,post_5,comment,,,,Jaln menurun,https://www.facebook.com/groups/1564504984994701,2026-09-18T03:32:36Z,raw_data_run_20260918_102948_3d1b49.csv,rec_6a922b1de5f09ad6,False,Jaln menurun,jaln menurun,Toyota Veloz,medium,community_context,False,,,,False,not_relevant,no_adas_keyword,,UNKNOWN,,,,,,,
rec_475c4ba4602b779d,Toyota Veloz,VELOZ HYBRID INDONESIA,https://www.facebook.com/groups/1564504984994701,post_5,post_5_comment_32,post_5,comment,,,,"Pertalite
mau bertanya gan.. karena keadaan di Makassar saat ini sangat kesulitan untuk mencari BBM, saya tadi antri di SPBU pertamina hampir 2 jam, dan pertamax nya habis hanya ada pertalite.. akhirnya saya isi saja pertalite krn bensinnya sisa 2 batang...
apakah tidak masalah gan?
Dan jika Hal ini terus terus terjadi dalam waktu lama, apakah itu akan merusak mesin dsb?",https://www.facebook.com/groups/1564504984994701,2026-09-18T03:32:38Z,raw_data_run_20260918_102948_3d1b49.csv,rec_475c4ba4602b779d,False,"Pertalite mau bertanya gan.. karena keadaan di Makassar saat ini sangat kesulitan untuk mencari BBM, saya tadi antri di SPBU pertamina hampir 2 jam, dan pertamax nya habis hanya ada pertalite.. akhirnya saya isi saja pertalite krn bensinnya sisa 2 batang... apakah tidak masalah gan? Dan jika Hal ini terus terus terjadi dalam waktu lama, apakah itu akan merusak mesin dsb?","pertalite mau bertanya gan.. karena keadaan di makassar saat ini sangat kesulitan untuk mencari bbm, saya tadi antri di spbu pertamina hampir 2 jam, dan pertamax nya habis hanya ada pertalite.. akhirnya saya isi saja pertalite krn bensinnya sisa 2 batang... apakah tidak masalah gan? dan jika hal ini terus terus terjadi dalam waktu lama, apakah itu akan merusak mesin dsb?",Toyota Veloz,medium,community_context,False,,,,False,not_relevant,no_adas_keyword,,UNKNOWN,,,,,,,
rec_5826518e27a25311,Toyota Veloz,VELOZ HYBRID INDONESIA,https://www.facebook.com/groups/1564504984994701,post_5,post_5_comment_33,post_5,comment,,,,Gamasalah om,https://www.facebook.com/groups/1564504984994701,2026-09-18T03:32:38Z,raw_data_run_20260918_102948_3d1b49.csv,rec_5826518e27a25311,False,Gamasalah om,gamasalah om,Toyota Veloz,medium,community_context,False,,,,False,not_relevant,no_adas_keyword,,UNKNOWN,,,,,,,
rec_f2a4c9d298b53d96,Toyota Veloz,VELOZ HYBRID INDONESIA,https://www.facebook.com/groups/1564504984994701,post_5,post_5_comment_34,post_5,comment,,,,Gak masalah,https://www.facebook.com/groups/1564504984994701,2026-09-18T03:32:38Z,raw_data_run_20260918_102948_3d1b49.csv,rec_f2a4c9d298b53d96,False,Gak masalah,gak masalah,Toyota Veloz,medium,community_context,False,,,,False,not_relevant,no_adas_keyword,,UNKNOWN,,,,,,,
rec_d69365f86e3e707e,Toyota Veloz,VELOZ HYBRID INDONESIA,https://www.facebook.com/groups/1564504984994701,post_5,post_5_comment_35,post_5,comment,,,,"Buat yang pake veloz hybrid tipe Q modelista, kalo lagi jalan trus di depan tiba2 berhenti apakah otomatis ngerem apa hanya khusus Tss sja ?",https://www.facebook.com/groups/1564504984994701,2026-09-18T03:32:40Z,raw_data_run_20260918_102948_3d1b49.csv,rec_d69365f86e3e707e,False,"Buat yang pake veloz hybrid tipe Q modelista, kalo lagi jalan trus di depan tiba2 berhenti apakah otomatis ngerem apa hanya khusus Tss sja ?","buat yang pake veloz hybrid tipe q modelista, kalo lagi jalan trus di depan tiba2 berhenti apakah otomatis ngerem apa hanya khusus tss sja ?",Toyota Veloz,high,explicit_text_alias_strong,True,TSS;otomatis ngerem,"layer_c_indonesian,combined_adas",,False,relevant,functional_keywords_with_context,medium,PDA,PDA:braking,not_stated,question,neutral,not_stated,unclear,medium
rec_164fa64bd79d4d76,Toyota Veloz,VELOZ HYBRID INDONESIA,https://www.facebook.com/groups/1564504984994701,post_5,post_5_comment_36,post_5,comment,,,,Iya om tss nya gt.kadang klo depan bhnti kt remnya kurg injek dia nge rem sndiri.ngeselin,https://www.facebook.com/groups/1564504984994701,2026-09-18T03:32:40Z,raw_data_run_20260918_102948_3d1b49.csv,rec_164fa64bd79d4d76,False,Iya om tss nya gt.kadang klo depan bhnti kt remnya kurg injek dia nge rem sndiri.ngeselin,iya om tss nya gt.kadang klo depan bhnti kt remnya kurg injek dia nge rem sndiri.ngeselin,Toyota Veloz,medium,community_context,True,TSS,combined_adas,,True,uncertain,generic_adas_terms_only,low,UNKNOWN,not_stated,not_stated,uncertain,neutral,not_stated,unclear,low
rec_bba29fde76006ef3,Toyota Veloz,VELOZ HYBRID INDONESIA,https://www.facebook.com/groups/1564504984994701,post_5,post_5_comment_37,post_5,comment,,,,Fitur yg membantu di jalanan jakarta khusunya pemotor yang tiba tiba nyalip dan berhenti di depan.,https://www.facebook.com/groups/1564504984994701,2026-09-18T03:32:40Z,raw_data_run_20260918_102948_3d1b49.csv,rec_bba29fde76006ef3,False,Fitur yg membantu di jalanan jakarta khusunya pemotor yang tiba tiba nyalip dan berhenti di depan.,fitur yg membantu di jalanan jakarta khusunya pemotor yang tiba tiba nyalip dan berhenti di depan.,Toyota Veloz,medium,community_context,False,,,,False,not_relevant,no_adas_keyword,,UNKNOWN,,,,,,,
rec_4e352760736d2791,Toyota Veloz,VELOZ HYBRID INDONESIA,https://www.facebook.com/groups/1564504984994701,post_5,post_5_comment_38,post_5,comment,,,,"Toyota Veloz Q CVT 2023
Harga Cash 228 jt Nego
An Pribadi
Pajak Panjang 8-2027
KM 53 rb
Lihat selengkapnya",https://www.facebook.com/groups/1564504984994701,2026-09-18T03:32:40Z,raw_data_run_20260918_102948_3d1b49.csv,rec_4e352760736d2791,False,Toyota Veloz Q CVT 2023 Harga Cash 228 jt Nego An Pribadi Pajak Panjang 8-2027 KM 53 rb Lihat selengkapnya,toyota veloz q cvt 2023 harga cash 228 jt nego an pribadi pajak panjang 8-2027 km 53 rb lihat selengkapnya,Toyota Veloz,high,explicit_text_alias_strong,False,,,,False,not_relevant,no_adas_keyword,,UNKNOWN,,,,,,,
rec_edb6f0a3f9392a3f,Toyota Veloz,VELOZ HYBRID INDONESIA,https://www.facebook.com/groups/1564504984994701,post_5,post_5_comment_39,post_5,comment,,,,Lokasi,https://www.facebook.com/groups/1564504984994701,2026-09-18T03:32:40Z,raw_data_run_20260918_102948_3d1b49.csv,rec_edb6f0a3f9392a3f,False,Lokasi,lokasi,Toyota Veloz,medium,community_context,False,,,,False,not_relevant,no_adas_keyword,,UNKNOWN,,,,,,,
rec_9c5d1e9f84519b9c,Toyota Veloz,VELOZ HYBRID INDONESIA,https://www.facebook.com/groups/1564504984994701,post_5,post_5_comment_40,post_5,comment,,,,"halo, aman gx ya cuci mobil hybrid di car wash biasa?",https://www.facebook.com/groups/1564504984994701,2026-09-18T03:32:42Z,raw_data_run_20260918_102948_3d1b49.csv,rec_9c5d1e9f84519b9c,False,"halo, aman gx ya cuci mobil hybrid di car wash biasa?","halo, aman gx ya cuci mobil hybrid di car wash biasa?",Toyota Veloz,medium,community_context,False,,,,False,not_relevant,no_adas_keyword,,UNKNOWN,,,,,,,
rec_630719d74a1545f0,Toyota Veloz,VELOZ HYBRID INDONESIA,https://www.facebook.com/groups/1564504984994701,post_5,post_5_comment_41,post_5,comment,,,,Aman omm,https://www.facebook.com/groups/1564504984994701,2026-09-18T03:32:42Z,raw_data_run_20260918_102948_3d1b49.csv,rec_630719d74a1545f0,False,Aman omm,aman omm,Toyota Veloz,medium,community_context,False,,,,False,not_relevant,no_adas_keyword,,UNKNOWN,,,,,,,
rec_b07fd3c5ea8dd6f8,Toyota Veloz,VELOZ HYBRID INDONESIA,https://www.facebook.com/groups/1564504984994701,post_5,post_5_comment_42,post_5,comment,,,,amannn,https://www.facebook.com/groups/1564504984994701,2026-09-18T03:32:42Z,raw_data_run_20260918_102948_3d1b49.csv,rec_b07fd3c5ea8dd6f8,False,amannn,amannn,Toyota Veloz,medium,community_context,False,,,,False,not_relevant,no_adas_keyword,,UNKNOWN,,,,,,,
rec_f895d67f7b29d910,Toyota Veloz,VELOZ HYBRID INDONESIA,https://www.facebook.com/groups/1564504984994701,post_5,post_5_comment_43,post_5,comment,,,,Ada yang ngojol pake veloz hybrid gak??,https://www.facebook.com/groups/1564504984994701,2026-09-18T03:32:43Z,raw_data_run_20260918_102948_3d1b49.csv,rec_f895d67f7b29d910,False,Ada yang ngojol pake veloz hybrid gak??,ada yang ngojol pake veloz hybrid gak??,Toyota Veloz,high,explicit_text_alias_strong,False,,,,False,not_relevant,no_adas_keyword,,UNKNOWN,,,,,,,
rec_b7d1b46118e3bae5,Toyota Veloz,VELOZ HYBRID INDONESIA,https://www.facebook.com/groups/1564504984994701,post_5,post_5_comment_44,post_5,comment,,,,Ada nih emang kenapa lurr?,https://www.facebook.com/groups/1564504984994701,2026-09-18T03:32:43Z,raw_data_run_20260918_102948_3d1b49.csv,rec_b7d1b46118e3bae5,False,Ada nih emang kenapa lurr?,ada nih emang kenapa lurr?,Toyota Veloz,medium,community_context,False,,,,False,not_relevant,no_adas_keyword,,UNKNOWN,,,,,,,
rec_6fc0c65858605c74,Toyota Veloz,VELOZ HYBRID INDONESIA,https://www.facebook.com/groups/1564504984994701,post_5,post_5_comment_45,post_5,comment,,,,"Setiap berkendara pakai Veloz saya, BBM dari dalam tangki berisik, terguncang-guncang, apa ada yg dengar juga ya, apa memang Veloz begitu ya",https://www.facebook.com/groups/1564504984994701,2026-09-18T03:32:43Z,raw_data_run_20260918_102948_3d1b49.csv,rec_6fc0c65858605c74,False,"Setiap berkendara pakai Veloz saya, BBM dari dalam tangki berisik, terguncang-guncang, apa ada yg dengar juga ya, apa memang Veloz begitu ya","setiap berkendara pakai veloz saya, bbm dari dalam tangki berisik, terguncang-guncang, apa ada yg dengar juga ya, apa memang veloz begitu ya",Toyota Veloz,high,explicit_text_alias_strong,False,,,,False,not_relevant,no_adas_keyword,,UNKNOWN,,,,,,,
rec_cd1e55380a9df95c,Toyota Veloz,VELOZ HYBRID INDONESIA,https://www.facebook.com/groups/1564504984994701,post_5,post_5_comment_46,post_5,comment,,,,"tlg pencerahan.a dong om2, asuransi apa yg bagus dan gampang claim.a untuk mobil baru",https://www.facebook.com/groups/1564504984994701,2026-09-18T03:32:43Z,raw_data_run_20260918_102948_3d1b49.csv,rec_cd1e55380a9df95c,False,"tlg pencerahan.a dong om2, asuransi apa yg bagus dan gampang claim.a untuk mobil baru","tlg pencerahan.a dong om2, asuransi apa yg bagus dan gampang claim.a untuk mobil baru",Toyota Veloz,medium,community_context,False,,,,False,not_relevant,no_adas_keyword,,UNKNOWN,,,,,,,
rec_433f873384d34332,Toyota Veloz,VELOZ HYBRID INDONESIA,https://www.facebook.com/groups/1564504984994701,post_5,post_5_comment_47,post_5,comment,,,,Saya pake triva,https://www.facebook.com/groups/1564504984994701,2026-09-18T03:32:43Z,raw_data_run_20260918_102948_3d1b49.csv,rec_433f873384d34332,False,Saya pake triva,saya pake triva,Toyota Veloz,medium,community_context,False,,,,False,not_relevant,no_adas_keyword,,UNKNOWN,,,,,,,
rec_2b12476442f45ab4,Toyota Veloz,VELOZ HYBRID INDONESIA,https://www.facebook.com/groups/1564504984994701,post_5,post_5_comment_48,post_5,comment,,,,Daerah mana pak?,https://www.facebook.com/groups/1564504984994701,2026-09-18T03:32:43Z,raw_data_run_20260918_102948_3d1b49.csv,rec_2b12476442f45ab4,False,Daerah mana pak?,daerah mana pak?,Toyota Veloz,medium,community_context,False,,,,False,not_relevant,no_adas_keyword,,UNKNOWN,,,,,,,
rec_0b0241e19693d903,Toyota Veloz,VELOZ HYBRID INDONESIA,https://www.facebook.com/groups/1564504984994701,post_5,post_5_comment_49,post_5,comment,,,,"Pertanyaan yg paling mendasar dan bikin penasaran cara berkendaraan mobil hybrid....
Adakah tombol untuk memindahkan penggunaan mesin aja atau listrik aja secara manual… Lihat selengkapnya",https://www.facebook.com/groups/1564504984994701,2026-09-18T03:32:45Z,raw_data_run_20260918_102948_3d1b49.csv,rec_0b0241e19693d903,False,Pertanyaan yg paling mendasar dan bikin penasaran cara berkendaraan mobil hybrid.... Adakah tombol untuk memindahkan penggunaan mesin aja atau listrik aja secara manual… Lihat selengkapnya,pertanyaan yg paling mendasar dan bikin penasaran cara berkendaraan mobil hybrid.... adakah tombol untuk memindahkan penggunaan mesin aja atau listrik aja secara manual… lihat selengkapnya,Toyota Veloz,medium,community_context,False,,,,False,not_relevant,no_adas_keyword,,UNKNOWN,,,,,,,
rec_f2177853f57402fe,Toyota Veloz,VELOZ HYBRID INDONESIA,https://www.facebook.com/groups/1564504984994701,post_5,post_5_comment_50,post_5,comment,,,,Pertanyaan yg paling mendasar dan bikin penasaran cara berkendaraan mobil hybrid....,https://www.facebook.com/groups/1564504984994701,2026-09-18T03:32:45Z,raw_data_run_20260918_102948_3d1b49.csv,rec_f2177853f57402fe,False,Pertanyaan yg paling mendasar dan bikin penasaran cara berkendaraan mobil hybrid....,pertanyaan yg paling mendasar dan bikin penasaran cara berkendaraan mobil hybrid....,Toyota Veloz,medium,community_context,False,,,,False,not_relevant,no_adas_keyword,,UNKNOWN,,,,,,,
rec_cd9c0f1a62642ed6,Toyota Veloz,VELOZ HYBRID INDONESIA,https://www.facebook.com/groups/1564504984994701,post_5,post_5_comment_51,post_5,comment,,,,Adakah tombol untuk memindahkan penggunaan mesin aja atau listrik aja secara manual… Lihat selengkapnya,https://www.facebook.com/groups/1564504984994701,2026-09-18T03:32:45Z,raw_data_run_20260918_102948_3d1b49.csv,rec_cd9c0f1a62642ed6,False,Adakah tombol untuk memindahkan penggunaan mesin aja atau listrik aja secara manual… Lihat selengkapnya,adakah tombol untuk memindahkan penggunaan mesin aja atau listrik aja secara manual… lihat selengkapnya,Toyota Veloz,medium,community_context,False,,,,False,not_relevant,no_adas_keyword,,UNKNOWN,,,,,,,
rec_1ff91074ead15412,Toyota Veloz,VELOZ HYBRID INDONESIA,https://www.facebook.com/groups/1564504984994701,post_5,post_5_comment_52,post_5,comment,,,,"Otomatis om, udah canggih Fiture nya KLO hybrid. Tinggal gas saja KLO batrei 3 bar nanti mesin yg nyala dan Cars baterai nya",https://www.facebook.com/groups/1564504984994701,2026-09-18T03:32:45Z,raw_data_run_20260918_102948_3d1b49.csv,rec_1ff91074ead15412,False,"Otomatis om, udah canggih Fiture nya KLO hybrid. Tinggal gas saja KLO batrei 3 bar nanti mesin yg nyala dan Cars baterai nya","otomatis om, udah canggih fiture nya klo hybrid. tinggal gas saja klo batrei 3 bar nanti mesin yg nyala dan cars baterai nya",Toyota Veloz,medium,community_context,False,,,,False,not_relevant,no_adas_keyword,,UNKNOWN,,,,,,,
rec_019442c483a31d1f,Toyota Veloz,VELOZ HYBRID INDONESIA,https://www.facebook.com/groups/1564504984994701,post_5,post_5_comment_53,post_5,comment,,,,"Bawah stir sebelah kanan tu ada tombol ""eco mode"". Kalau ditekan pesannya selalu baterai tidak cukup. Apakah memang bisa dipak… Lihat selengkapnya",https://www.facebook.com/groups/1564504984994701,2026-09-18T03:32:45Z,raw_data_run_20260918_102948_3d1b49.csv,rec_019442c483a31d1f,False,"Bawah stir sebelah kanan tu ada tombol ""eco mode"". Kalau ditekan pesannya selalu baterai tidak cukup. Apakah memang bisa dipak… Lihat selengkapnya","bawah stir sebelah kanan tu ada tombol ""eco mode"". kalau ditekan pesannya selalu baterai tidak cukup. apakah memang bisa dipak… lihat selengkapnya",Toyota Veloz,medium,community_context,False,,,,False,not_relevant,no_adas_keyword,,UNKNOWN,,,,,,,
rec_1eba70ceae55bcdc,Toyota Veloz,VELOZ HYBRID INDONESIA,https://www.facebook.com/groups/1564504984994701,post_5,post_5_comment_54,post_5,comment,,,,"Owning Experience
Nanya suhu, kalau punya dana 220jt, prefer beli Veloz second thn 2023-2024 atau Stargzazer baru tipe tengah (Non-Adas)..
Mohon masukannya user Veloz, gimana owning experiencenya",https://www.facebook.com/groups/1564504984994701,2026-09-18T03:32:47Z,raw_data_run_20260918_102948_3d1b49.csv,rec_1eba70ceae55bcdc,False,"Owning Experience Nanya suhu, kalau punya dana 220jt, prefer beli Veloz second thn 2023-2024 atau Stargzazer baru tipe tengah (Non-Adas).. Mohon masukannya user Veloz, gimana owning experiencenya","owning experience nanya suhu, kalau punya dana 220jt, prefer beli veloz second thn 2023-2024 atau stargzazer baru tipe tengah (non-adas).. mohon masukannya user veloz, gimana owning experiencenya",Toyota Veloz,high,explicit_text_alias_strong,True,ADAS,combined_adas,,True,uncertain,generic_adas_terms_only,low,UNKNOWN,not_stated,not_stated,uncertain,positive,not_stated,unclear,low
rec_591c88c115efaf80,Toyota Veloz,VELOZ HYBRID INDONESIA,https://www.facebook.com/groups/1564504984994701,post_5,post_5_comment_55,post_5,comment,,,,Mobil baru lahh,https://www.facebook.com/groups/1564504984994701,2026-09-18T03:32:47Z,raw_data_run_20260918_102948_3d1b49.csv,rec_591c88c115efaf80,False,Mobil baru lahh,mobil baru lahh,Toyota Veloz,medium,community_context,False,,,,False,not_relevant,no_adas_keyword,,UNKNOWN,,,,,,,
rec_7e7727053ff513f5,Toyota Veloz,VELOZ HYBRID INDONESIA,https://www.facebook.com/groups/1564504984994701,post_5,post_5_comment_56,post_5,comment,,,,Hyundai stargazer harga pasaran bekasnya hancur karena barunya aja diskonnya gede banget,https://www.facebook.com/groups/1564504984994701,2026-09-18T03:32:48Z,raw_data_run_20260918_102948_3d1b49.csv,rec_7e7727053ff513f5,False,Hyundai stargazer harga pasaran bekasnya hancur karena barunya aja diskonnya gede banget,hyundai stargazer harga pasaran bekasnya hancur karena barunya aja diskonnya gede banget,Toyota Veloz,medium,community_context,False,,,,False,not_relevant,no_adas_keyword,,UNKNOWN,,,,,,,
rec_c796bc40077a5fd5,Toyota Veloz,VELOZ HYBRID INDONESIA,https://www.facebook.com/groups/1564504984994701,post_5,post_5_comment_57,post_5,comment,,,,Mau tanya pake velos hybrid perliter biasanya berpa km ya mampunya untuk dalam kota,https://www.facebook.com/groups/1564504984994701,2026-09-18T03:32:48Z,raw_data_run_20260918_102948_3d1b49.csv,rec_c796bc40077a5fd5,False,Mau tanya pake velos hybrid perliter biasanya berpa km ya mampunya untuk dalam kota,mau tanya pake velos hybrid perliter biasanya berpa km ya mampunya untuk dalam kota,Toyota Veloz,medium,community_context,False,,,,False,not_relevant,no_adas_keyword,,UNKNOWN,,,,,,,
rec_14ea85e936d261de,Toyota Veloz,VELOZ HYBRID INDONESIA,https://www.facebook.com/groups/1564504984994701,post_5,post_5_comment_58,post_5,comment,,,,"Asal speed gak sering diatas 110 KM/jam dapat lah 1 : 19 - 24 kadang bisa sampe 26, cuma klo sering main sped diatas itu 1 : 1… Lihat selengkapnya",https://www.facebook.com/groups/1564504984994701,2026-09-18T03:32:48Z,raw_data_run_20260918_102948_3d1b49.csv,rec_14ea85e936d261de,False,"Asal speed gak sering diatas 110 KM/jam dapat lah 1 : 19 - 24 kadang bisa sampe 26, cuma klo sering main sped diatas itu 1 : 1… Lihat selengkapnya","asal speed gak sering diatas 110 km/jam dapat lah 1 : 19 - 24 kadang bisa sampe 26, cuma klo sering main sped diatas itu 1 : 1… lihat selengkapnya",Toyota Veloz,medium,community_context,False,,,,False,not_relevant,no_adas_keyword,,UNKNOWN,,,,,,,
rec_e51b805d97ce33cf,Toyota Veloz,VELOZ HYBRID INDONESIA,https://www.facebook.com/groups/1564504984994701,post_5,post_5_comment_59,post_5,comment,,,,Dalam kota klo bwanya santai sering mode ev rata2 1 : 20-22,https://www.facebook.com/groups/1564504984994701,2026-09-18T03:32:48Z,raw_data_run_20260918_102948_3d1b49.csv,rec_e51b805d97ce33cf,False,Dalam kota klo bwanya santai sering mode ev rata2 1 : 20-22,dalam kota klo bwanya santai sering mode ev rata2 1 : 20-22,Toyota Veloz,medium,community_context,False,,,,False,not_relevant,no_adas_keyword,,UNKNOWN,,,,,,,
rec_a68324062e1a99c1,Toyota Veloz,VELOZ HYBRID INDONESIA,https://www.facebook.com/groups/1564504984994701,post_5,post_5_comment_60,post_5,comment,,,,Kenapa diganti? Kalau beli yg hybrid kan udah dapet dr sananya?,https://www.facebook.com/groups/1564504984994701,2026-09-18T03:32:50Z,raw_data_run_20260918_102948_3d1b49.csv,rec_a68324062e1a99c1,False,Kenapa diganti? Kalau beli yg hybrid kan udah dapet dr sananya?,kenapa diganti? kalau beli yg hybrid kan udah dapet dr sananya?,Toyota Veloz,medium,community_context,False,,,,False,not_relevant,no_adas_keyword,,UNKNOWN,,,,,,,
rec_3535bc60a9da321c,Toyota Veloz,VELOZ HYBRID INDONESIA,https://www.facebook.com/groups/1564504984994701,post_5,post_5_comment_61,post_5,comment,,,,yg mana sih maksud nya?,https://www.facebook.com/groups/1564504984994701,2026-09-18T03:32:50Z,raw_data_run_20260918_102948_3d1b49.csv,rec_3535bc60a9da321c,False,yg mana sih maksud nya?,yg mana sih maksud nya?,Toyota Veloz,medium,community_context,False,,,,False,not_relevant,no_adas_keyword,,UNKNOWN,,,,,,,
rec_0522498b858e1c3f,Toyota Veloz,VELOZ HYBRID INDONESIA,https://www.facebook.com/groups/1564504984994701,1799613694817161,,,post,,,,"Dody Aryanto
  ·
1minggu
Asal speed gak sering diatas 110 KM/jam dapat lah 1 : 19 - 24 kadang bisa sampe 26, cuma klo sering main sped diatas itu 1 : 1… Lihat selengkapnya
Balas
Bagikan
1",https://web.facebook.com/groups/1564504984994701/posts/1799613694817161/?comment_id=1799762521468945&__cft__[0]=AZin2d3bfrxS0f77Bso7QvPtYQoabHRWmSb9Qm0zb1QAOQYOytw9YviZXw7pLKmPhUkORXf9agKx0ncKR7M4-iIt5RnyrHkvILhJFgJAVGP3YqsLxPTkBKW2w0UsgNbh9vxaHLLPwEVp0BAScq3SEqYpJr8zOl9F_KFqe92b1XsGwDxjoyDOZ5ZV2hZZoA&__tn__=R-R,2026-09-18T03:32:56Z,raw_data_run_20260918_102948_3d1b49.csv,rec_0522498b858e1c3f,False,"Dody Aryanto · 1minggu Asal speed gak sering diatas 110 KM/jam dapat lah 1 : 19 - 24 kadang bisa sampe 26, cuma klo sering main sped diatas itu 1 : 1… Lihat selengkapnya Balas Bagikan 1","dody aryanto · 1minggu asal speed gak sering diatas 110 km/jam dapat lah 1 : 19 - 24 kadang bisa sampe 26, cuma klo sering main sped diatas itu 1 : 1… lihat selengkapnya balas bagikan 1",Toyota Veloz,medium,community_context,False,,,,False,not_relevant,no_adas_keyword,,UNKNOWN,,,,,,,
rec_9a68a43fad7607b8,Toyota Veloz,VELOZ HYBRID INDONESIA,https://www.facebook.com/groups/1564504984994701,1799613694817161,1799613694817161_comment_1,1799613694817161,comment,,,,"Forsale Wildop velg Ring 14
Lokasi di Parung Bogor om … Lihat selengkapnya",https://web.facebook.com/groups/1564504984994701/posts/1799613694817161/?comment_id=1799762521468945&__cft__[0]=AZin2d3bfrxS0f77Bso7QvPtYQoabHRWmSb9Qm0zb1QAOQYOytw9YviZXw7pLKmPhUkORXf9agKx0ncKR7M4-iIt5RnyrHkvILhJFgJAVGP3YqsLxPTkBKW2w0UsgNbh9vxaHLLPwEVp0BAScq3SEqYpJr8zOl9F_KFqe92b1XsGwDxjoyDOZ5ZV2hZZoA&__tn__=R-R,2026-09-18T03:33:02Z,raw_data_run_20260918_102948_3d1b49.csv,rec_9a68a43fad7607b8,False,Forsale Wildop velg Ring 14 Lokasi di Parung Bogor om … Lihat selengkapnya,forsale wildop velg ring 14 lokasi di parung bogor om … lihat selengkapnya,Toyota Veloz,medium,community_context,False,,,,False,not_relevant,no_adas_keyword,,UNKNOWN,,,,,,,
rec_8f2b2e28a184f2ff,Toyota Veloz,VELOZ HYBRID INDONESIA,https://www.facebook.com/groups/1564504984994701,1799613694817161,1799613694817161_comment_2,1799613694817161,comment,,,,Forsale Wildop velg Ring 14,https://web.facebook.com/groups/1564504984994701/posts/1799613694817161/?comment_id=1799762521468945&__cft__[0]=AZin2d3bfrxS0f77Bso7QvPtYQoabHRWmSb9Qm0zb1QAOQYOytw9YviZXw7pLKmPhUkORXf9agKx0ncKR7M4-iIt5RnyrHkvILhJFgJAVGP3YqsLxPTkBKW2w0UsgNbh9vxaHLLPwEVp0BAScq3SEqYpJr8zOl9F_KFqe92b1XsGwDxjoyDOZ5ZV2hZZoA&__tn__=R-R,2026-09-18T03:33:02Z,raw_data_run_20260918_102948_3d1b49.csv,rec_8f2b2e28a184f2ff,False,Forsale Wildop velg Ring 14,forsale wildop velg ring 14,Toyota Veloz,medium,community_context,False,,,,False,not_relevant,no_adas_keyword,,UNKNOWN,,,,,,,
rec_3e1b26e9375a6aa7,Toyota Veloz,VELOZ HYBRID INDONESIA,https://www.facebook.com/groups/1564504984994701,1799613694817161,1799613694817161_comment_3,1799613694817161,comment,,,,Lokasi di Parung Bogor om … Lihat selengkapnya,https://web.facebook.com/groups/1564504984994701/posts/1799613694817161/?comment_id=1799762521468945&__cft__[0]=AZin2d3bfrxS0f77Bso7QvPtYQoabHRWmSb9Qm0zb1QAOQYOytw9YviZXw7pLKmPhUkORXf9agKx0ncKR7M4-iIt5RnyrHkvILhJFgJAVGP3YqsLxPTkBKW2w0UsgNbh9vxaHLLPwEVp0BAScq3SEqYpJr8zOl9F_KFqe92b1XsGwDxjoyDOZ5ZV2hZZoA&__tn__=R-R,2026-09-18T03:33:02Z,raw_data_run_20260918_102948_3d1b49.csv,rec_3e1b26e9375a6aa7,False,Lokasi di Parung Bogor om … Lihat selengkapnya,lokasi di parung bogor om … lihat selengkapnya,Toyota Veloz,medium,community_context,False,,,,False,not_relevant,no_adas_keyword,,UNKNOWN,,,,,,,
rec_dde1dd32d570d378,Toyota Veloz,VELOZ HYBRID INDONESIA,https://www.facebook.com/groups/1564504984994701,1799613694817161,1799613694817161_comment_4,1799613694817161,comment,,,,Mau tanya pake velos hybrid perliter biasanya berpa km ya mampunya untuk dalam kota,https://web.facebook.com/groups/1564504984994701/posts/1799613694817161/?comment_id=1799762521468945&__cft__[0]=AZin2d3bfrxS0f77Bso7QvPtYQoabHRWmSb9Qm0zb1QAOQYOytw9YviZXw7pLKmPhUkORXf9agKx0ncKR7M4-iIt5RnyrHkvILhJFgJAVGP3YqsLxPTkBKW2w0UsgNbh9vxaHLLPwEVp0BAScq3SEqYpJr8zOl9F_KFqe92b1XsGwDxjoyDOZ5ZV2hZZoA&__tn__=R-R,2026-09-18T03:33:02Z,raw_data_run_20260918_102948_3d1b49.csv,rec_dde1dd32d570d378,False,Mau tanya pake velos hybrid perliter biasanya berpa km ya mampunya untuk dalam kota,mau tanya pake velos hybrid perliter biasanya berpa km ya mampunya untuk dalam kota,Toyota Veloz,medium,community_context,False,,,,False,not_relevant,no_adas_keyword,,UNKNOWN,,,,,,,
rec_b861b527a9ced9de,Toyota Veloz,VELOZ HYBRID INDONESIA,https://www.facebook.com/groups/1564504984994701,1799613694817161,1799613694817161_comment_5,1799613694817161,comment,,,,"Asal speed gak sering diatas 110 KM/jam dapat lah 1 : 19 - 24 kadang bisa sampe 26, cuma klo sering main sped diatas itu 1 : 12 - 16. Itu pengalaman sy waktu trans jawa JkT - Malang minggu lalu",https://web.facebook.com/groups/1564504984994701/posts/1799613694817161/?comment_id=1799762521468945&__cft__[0]=AZin2d3bfrxS0f77Bso7QvPtYQoabHRWmSb9Qm0zb1QAOQYOytw9YviZXw7pLKmPhUkORXf9agKx0ncKR7M4-iIt5RnyrHkvILhJFgJAVGP3YqsLxPTkBKW2w0UsgNbh9vxaHLLPwEVp0BAScq3SEqYpJr8zOl9F_KFqe92b1XsGwDxjoyDOZ5ZV2hZZoA&__tn__=R-R,2026-09-18T03:33:02Z,raw_data_run_20260918_102948_3d1b49.csv,rec_b861b527a9ced9de,False,"Asal speed gak sering diatas 110 KM/jam dapat lah 1 : 19 - 24 kadang bisa sampe 26, cuma klo sering main sped diatas itu 1 : 12 - 16. Itu pengalaman sy waktu trans jawa JkT - Malang minggu lalu","asal speed gak sering diatas 110 km/jam dapat lah 1 : 19 - 24 kadang bisa sampe 26, cuma klo sering main sped diatas itu 1 : 12 - 16. itu pengalaman sy waktu trans jawa jkt - malang minggu lalu",Toyota Veloz,medium,community_context,False,,,,False,not_relevant,no_adas_keyword,,UNKNOWN,,,,,,,
rec_c8f60327d3d77f6c,Toyota Veloz,VELOZ HYBRID INDONESIA,https://www.facebook.com/groups/1564504984994701,1799613694817161,1799613694817161_comment_6,1799613694817161,comment,,,,Dalam kota klo bwanya santai sering mode ev rata2 1 : 20-22,https://web.facebook.com/groups/1564504984994701/posts/1799613694817161/?comment_id=1799762521468945&__cft__[0]=AZin2d3bfrxS0f77Bso7QvPtYQoabHRWmSb9Qm0zb1QAOQYOytw9YviZXw7pLKmPhUkORXf9agKx0ncKR7M4-iIt5RnyrHkvILhJFgJAVGP3YqsLxPTkBKW2w0UsgNbh9vxaHLLPwEVp0BAScq3SEqYpJr8zOl9F_KFqe92b1XsGwDxjoyDOZ5ZV2hZZoA&__tn__=R-R,2026-09-18T03:33:02Z,raw_data_run_20260918_102948_3d1b49.csv,rec_c8f60327d3d77f6c,False,Dalam kota klo bwanya santai sering mode ev rata2 1 : 20-22,dalam kota klo bwanya santai sering mode ev rata2 1 : 20-22,Toyota Veloz,medium,community_context,False,,,,False,not_relevant,no_adas_keyword,,UNKNOWN,,,,,,,
rec_935ae3bc69ad98f3,Toyota Veloz,VELOZ HYBRID INDONESIA,https://www.facebook.com/groups/1564504984994701,1799613694817161,1799613694817161_comment_7,1799613694817161,comment,,,,1:20 rata rata saya.. kalau macet bisa naik bisa turun tergantung kaki,https://web.facebook.com/groups/1564504984994701/posts/1799613694817161/?comment_id=1799762521468945&__cft__[0]=AZin2d3bfrxS0f77Bso7QvPtYQoabHRWmSb9Qm0zb1QAOQYOytw9YviZXw7pLKmPhUkORXf9agKx0ncKR7M4-iIt5RnyrHkvILhJFgJAVGP3YqsLxPTkBKW2w0UsgNbh9vxaHLLPwEVp0BAScq3SEqYpJr8zOl9F_KFqe92b1XsGwDxjoyDOZ5ZV2hZZoA&__tn__=R-R,2026-09-18T03:33:02Z,raw_data_run_20260918_102948_3d1b49.csv,rec_935ae3bc69ad98f3,False,1:20 rata rata saya.. kalau macet bisa naik bisa turun tergantung kaki,1:20 rata rata saya.. kalau macet bisa naik bisa turun tergantung kaki,Toyota Veloz,medium,community_context,False,,,,False,not_relevant,no_adas_keyword,,UNKNOWN,,,,,,,
rec_22a91d0bd118e0af,Toyota Veloz,VELOZ HYBRID INDONESIA,https://www.facebook.com/groups/1564504984994701,1799613694817161,1799613694817161_comment_8,1799613694817161,comment,,,,Tergantung kaki nya,https://web.facebook.com/groups/1564504984994701/posts/1799613694817161/?comment_id=1799762521468945&__cft__[0]=AZin2d3bfrxS0f77Bso7QvPtYQoabHRWmSb9Qm0zb1QAOQYOytw9YviZXw7pLKmPhUkORXf9agKx0ncKR7M4-iIt5RnyrHkvILhJFgJAVGP3YqsLxPTkBKW2w0UsgNbh9vxaHLLPwEVp0BAScq3SEqYpJr8zOl9F_KFqe92b1XsGwDxjoyDOZ5ZV2hZZoA&__tn__=R-R,2026-09-18T03:33:02Z,raw_data_run_20260918_102948_3d1b49.csv,rec_22a91d0bd118e0af,False,Tergantung kaki nya,tergantung kaki nya,Toyota Veloz,medium,community_context,False,,,,False,not_relevant,no_adas_keyword,,UNKNOWN,,,,,,,
rec_112e8d81f0b67522,Toyota Veloz,VELOZ HYBRID INDONESIA,https://www.facebook.com/groups/1564504984994701,1799613694817161,1799613694817161_comment_9,1799613694817161,comment,,,,Kaki sekolah bisa 1:23 / 1:24,https://web.facebook.com/groups/1564504984994701/posts/1799613694817161/?comment_id=1799762521468945&__cft__[0]=AZin2d3bfrxS0f77Bso7QvPtYQoabHRWmSb9Qm0zb1QAOQYOytw9YviZXw7pLKmPhUkORXf9agKx0ncKR7M4-iIt5RnyrHkvILhJFgJAVGP3YqsLxPTkBKW2w0UsgNbh9vxaHLLPwEVp0BAScq3SEqYpJr8zOl9F_KFqe92b1XsGwDxjoyDOZ5ZV2hZZoA&__tn__=R-R,2026-09-18T03:33:02Z,raw_data_run_20260918_102948_3d1b49.csv,rec_112e8d81f0b67522,False,Kaki sekolah bisa 1:23 / 1:24,kaki sekolah bisa 1:23 / 1:24,Toyota Veloz,medium,community_context,False,,,,False,not_relevant,no_adas_keyword,,UNKNOWN,,,,,,,
rec_789f7517dea75fa7,Toyota Veloz,VELOZ HYBRID INDONESIA,https://www.facebook.com/groups/1564504984994701,1799613694817161,1799613694817161_comment_10,1799613694817161,comment,,,,Kaki tidak sekolah 1:16 / 1:17,https://web.facebook.com/groups/1564504984994701/posts/1799613694817161/?comment_id=1799762521468945&__cft__[0]=AZin2d3bfrxS0f77Bso7QvPtYQoabHRWmSb9Qm0zb1QAOQYOytw9YviZXw7pLKmPhUkORXf9agKx0ncKR7M4-iIt5RnyrHkvILhJFgJAVGP3YqsLxPTkBKW2w0UsgNbh9vxaHLLPwEVp0BAScq3SEqYpJr8zOl9F_KFqe92b1XsGwDxjoyDOZ5ZV2hZZoA&__tn__=R-R,2026-09-18T03:33:02Z,raw_data_run_20260918_102948_3d1b49.csv,rec_789f7517dea75fa7,False,Kaki tidak sekolah 1:16 / 1:17,kaki tidak sekolah 1:16 / 1:17,Toyota Veloz,medium,community_context,False,,,,False,not_relevant,no_adas_keyword,,UNKNOWN,,,,,,,
rec_dcea8daa46e3be15,Toyota Veloz,VELOZ HYBRID INDONESIA,https://www.facebook.com/groups/1564504984994701,1799613694817161,1799613694817161_comment_11,1799613694817161,comment,,,,Kondisi lalin merambat jam pulang kerja,https://web.facebook.com/groups/1564504984994701/posts/1799613694817161/?comment_id=1799762521468945&__cft__[0]=AZin2d3bfrxS0f77Bso7QvPtYQoabHRWmSb9Qm0zb1QAOQYOytw9YviZXw7pLKmPhUkORXf9agKx0ncKR7M4-iIt5RnyrHkvILhJFgJAVGP3YqsLxPTkBKW2w0UsgNbh9vxaHLLPwEVp0BAScq3SEqYpJr8zOl9F_KFqe92b1XsGwDxjoyDOZ5ZV2hZZoA&__tn__=R-R,2026-09-18T03:33:02Z,raw_data_run_20260918_102948_3d1b49.csv,rec_dcea8daa46e3be15,False,Kondisi lalin merambat jam pulang kerja,kondisi lalin merambat jam pulang kerja,Toyota Veloz,medium,community_context,False,,,,False,not_relevant,no_adas_keyword,,UNKNOWN,,,,,,,
rec_2e5f3946b25fc1ab,Toyota Veloz,VELOZ HYBRID INDONESIA,https://www.facebook.com/groups/1564504984994701,1799613694817161,1799613694817161_comment_12,1799613694817161,comment,,,,1:23 dengan konsisten skor di mid diatas 88,https://web.facebook.com/groups/1564504984994701/posts/1799613694817161/?comment_id=1799762521468945&__cft__[0]=AZin2d3bfrxS0f77Bso7QvPtYQoabHRWmSb9Qm0zb1QAOQYOytw9YviZXw7pLKmPhUkORXf9agKx0ncKR7M4-iIt5RnyrHkvILhJFgJAVGP3YqsLxPTkBKW2w0UsgNbh9vxaHLLPwEVp0BAScq3SEqYpJr8zOl9F_KFqe92b1XsGwDxjoyDOZ5ZV2hZZoA&__tn__=R-R,2026-09-18T03:33:02Z,raw_data_run_20260918_102948_3d1b49.csv,rec_2e5f3946b25fc1ab,False,1:23 dengan konsisten skor di mid diatas 88,1:23 dengan konsisten skor di mid diatas 88,Toyota Veloz,medium,community_context,False,,,,False,not_relevant,no_adas_keyword,,UNKNOWN,,,,,,,
rec_a0ce848e8b8a0bb3,Toyota Veloz,VELOZ HYBRID INDONESIA,https://www.facebook.com/groups/1564504984994701,1799613694817161,1799613694817161_comment_13,1799613694817161,comment,,,,"Klo di bawah kecepatan 100 km/J bisa 23-24, tp kita ga sabar, di tol di dim2 mulu",https://web.facebook.com/groups/1564504984994701/posts/1799613694817161/?comment_id=1799762521468945&__cft__[0]=AZin2d3bfrxS0f77Bso7QvPtYQoabHRWmSb9Qm0zb1QAOQYOytw9YviZXw7pLKmPhUkORXf9agKx0ncKR7M4-iIt5RnyrHkvILhJFgJAVGP3YqsLxPTkBKW2w0UsgNbh9vxaHLLPwEVp0BAScq3SEqYpJr8zOl9F_KFqe92b1XsGwDxjoyDOZ5ZV2hZZoA&__tn__=R-R,2026-09-18T03:33:02Z,raw_data_run_20260918_102948_3d1b49.csv,rec_a0ce848e8b8a0bb3,False,"Klo di bawah kecepatan 100 km/J bisa 23-24, tp kita ga sabar, di tol di dim2 mulu","klo di bawah kecepatan 100 km/j bisa 23-24, tp kita ga sabar, di tol di dim2 mulu",Toyota Veloz,medium,community_context,False,,,,False,not_relevant,no_adas_keyword,,UNKNOWN,,,,,,,
rec_733be8f2434d1cfb,Toyota Veloz,VELOZ HYBRID INDONESIA,https://www.facebook.com/groups/1564504984994701,1799613694817161,1799613694817161_comment_14,1799613694817161,comment,,,,"Pertalite, mentok di 1: 22 om",https://web.facebook.com/groups/1564504984994701/posts/1799613694817161/?comment_id=1799762521468945&__cft__[0]=AZin2d3bfrxS0f77Bso7QvPtYQoabHRWmSb9Qm0zb1QAOQYOytw9YviZXw7pLKmPhUkORXf9agKx0ncKR7M4-iIt5RnyrHkvILhJFgJAVGP3YqsLxPTkBKW2w0UsgNbh9vxaHLLPwEVp0BAScq3SEqYpJr8zOl9F_KFqe92b1XsGwDxjoyDOZ5ZV2hZZoA&__tn__=R-R,2026-09-18T03:33:02Z,raw_data_run_20260918_102948_3d1b49.csv,rec_733be8f2434d1cfb,False,"Pertalite, mentok di 1: 22 om","pertalite, mentok di 1: 22 om",Toyota Veloz,medium,community_context,False,,,,False,not_relevant,no_adas_keyword,,UNKNOWN,,,,,,,
rec_f7d07c77771b87b1,Toyota Veloz,VELOZ HYBRID INDONESIA,https://www.facebook.com/groups/1564504984994701,1799613694817161,1799613694817161_comment_15,1799613694817161,comment,,,,EV hampir 100% bisa di 1:30,https://web.facebook.com/groups/1564504984994701/posts/1799613694817161/?comment_id=1799762521468945&__cft__[0]=AZin2d3bfrxS0f77Bso7QvPtYQoabHRWmSb9Qm0zb1QAOQYOytw9YviZXw7pLKmPhUkORXf9agKx0ncKR7M4-iIt5RnyrHkvILhJFgJAVGP3YqsLxPTkBKW2w0UsgNbh9vxaHLLPwEVp0BAScq3SEqYpJr8zOl9F_KFqe92b1XsGwDxjoyDOZ5ZV2hZZoA&__tn__=R-R,2026-09-18T03:33:02Z,raw_data_run_20260918_102948_3d1b49.csv,rec_f7d07c77771b87b1,False,EV hampir 100% bisa di 1:30,ev hampir 100% bisa di 1:30,Toyota Veloz,medium,community_context,False,,,,False,not_relevant,no_adas_keyword,,UNKNOWN,,,,,,,
rec_483c877ffa69fbf4,Toyota Veloz,VELOZ HYBRID INDONESIA,https://www.facebook.com/groups/1564504984994701,post_7,,,post,,,,"Febrizio
  ·
1minggu
Dalam kota klo bwanya santai sering mode ev rata2 1 : 20-22
Balas
Bagikan
2",https://www.facebook.com/groups/1564504984994701,2026-09-18T03:34:17Z,raw_data_run_20260918_102948_3d1b49.csv,rec_483c877ffa69fbf4,False,Febrizio · 1minggu Dalam kota klo bwanya santai sering mode ev rata2 1 : 20-22 Balas Bagikan 2,febrizio · 1minggu dalam kota klo bwanya santai sering mode ev rata2 1 : 20-22 balas bagikan 2,Toyota Veloz,medium,community_context,False,,,,False,not_relevant,no_adas_keyword,,UNKNOWN,,,,,,,
rec_151f76cc21039fc3,Toyota Veloz,VELOZ HYBRID INDONESIA,https://www.facebook.com/groups/1564504984994701,post_7,post_7_comment_1,post_7,comment,,,,"mau tanya om, ac nya veloz hybrid bisa nyala tanpa mesin bensin nyala gak ya? misal untuk istirahat di rest area selama 1 jam gitu",https://www.facebook.com/groups/1564504984994701,2026-09-18T03:34:23Z,raw_data_run_20260918_102948_3d1b49.csv,rec_151f76cc21039fc3,False,"mau tanya om, ac nya veloz hybrid bisa nyala tanpa mesin bensin nyala gak ya? misal untuk istirahat di rest area selama 1 jam gitu","mau tanya om, ac nya veloz hybrid bisa nyala tanpa mesin bensin nyala gak ya? misal untuk istirahat di rest area selama 1 jam gitu",Toyota Veloz,high,explicit_text_alias_strong,False,,,,False,not_relevant,no_adas_keyword,,UNKNOWN,,,,,,,
rec_e05b5b57a508d5a9,Toyota Veloz,VELOZ HYBRID INDONESIA,https://www.facebook.com/groups/1564504984994701,post_7,post_7_comment_2,post_7,comment,,,,"bisa nyala tanpa mesin, tp tdk sampai 1 jam jg... intinya saat baterai sisa 40% atau 3 bar mesin akan menyala utk mengisi bate… Lihat selengkapnya",https://www.facebook.com/groups/1564504984994701,2026-09-18T03:34:23Z,raw_data_run_20260918_102948_3d1b49.csv,rec_e05b5b57a508d5a9,False,"bisa nyala tanpa mesin, tp tdk sampai 1 jam jg... intinya saat baterai sisa 40% atau 3 bar mesin akan menyala utk mengisi bate… Lihat selengkapnya","bisa nyala tanpa mesin, tp tdk sampai 1 jam jg... intinya saat baterai sisa 40% atau 3 bar mesin akan menyala utk mengisi bate… lihat selengkapnya",Toyota Veloz,medium,community_context,False,,,,False,not_relevant,no_adas_keyword,,UNKNOWN,,,,,,,
rec_774cc65e26f70853,Toyota Veloz,VELOZ HYBRID INDONESIA,https://www.facebook.com/groups/1564504984994701,post_7,post_7_comment_3,post_7,comment,,,,"Permisi om, mau tanya. Ada yg pernah pake skema cash bertahap om? Pembayaran nya sesuai OTR / ada tambahan lain ya?",https://www.facebook.com/groups/1564504984994701,2026-09-18T03:34:23Z,raw_data_run_20260918_102948_3d1b49.csv,rec_774cc65e26f70853,False,"Permisi om, mau tanya. Ada yg pernah pake skema cash bertahap om? Pembayaran nya sesuai OTR / ada tambahan lain ya?","permisi om, mau tanya. ada yg pernah pake skema cash bertahap om? pembayaran nya sesuai otr / ada tambahan lain ya?",Toyota Veloz,medium,community_context,False,,,,False,not_relevant,no_adas_keyword,,UNKNOWN,,,,,,,
rec_1abf87be8b5d6722,Toyota Veloz,VELOZ HYBRID INDONESIA,https://www.facebook.com/groups/1564504984994701,post_7,post_7_comment_4,post_7,comment,,,,Ambil cash aja harga OTR...dapat cash back... free asuransi All risk 1 tahun...free asesoris...yang punya dana cash adalah raja...bebas open Nego,https://www.facebook.com/groups/1564504984994701,2026-09-18T03:34:23Z,raw_data_run_20260918_102948_3d1b49.csv,rec_1abf87be8b5d6722,False,Ambil cash aja harga OTR...dapat cash back... free asuransi All risk 1 tahun...free asesoris...yang punya dana cash adalah raja...bebas open Nego,ambil cash aja harga otr...dapat cash back... free asuransi all risk 1 tahun...free asesoris...yang punya dana cash adalah raja...bebas open nego,Toyota Veloz,medium,community_context,False,,,,False,not_relevant,no_adas_keyword,,UNKNOWN,,,,,,,
rec_4d11deb489c056df,Toyota Veloz,VELOZ HYBRID INDONESIA,https://www.facebook.com/groups/1564504984994701,post_7,post_7_comment_5,post_7,comment,,,,"Aku kmrn nanya veloz q mau cash bertahap yang 0%, misalkan cicilan 12 bulan, kena cas asuransi sekitar 14jtan, dari 336 ditota… Lihat selengkapnya",https://www.facebook.com/groups/1564504984994701,2026-09-18T03:34:23Z,raw_data_run_20260918_102948_3d1b49.csv,rec_4d11deb489c056df,False,"Aku kmrn nanya veloz q mau cash bertahap yang 0%, misalkan cicilan 12 bulan, kena cas asuransi sekitar 14jtan, dari 336 ditota… Lihat selengkapnya","aku kmrn nanya veloz q mau cash bertahap yang 0%, misalkan cicilan 12 bulan, kena cas asuransi sekitar 14jtan, dari 336 ditota… lihat selengkapnya",Toyota Veloz,high,explicit_text_alias_strong,False,,,,False,not_relevant,no_adas_keyword,,UNKNOWN,,,,,,,
rec_1e44f9f72c917aaf,Toyota Veloz,VELOZ HYBRID INDONESIA,https://www.facebook.com/groups/1564504984994701,post_7,post_7_comment_6,post_7,comment,,,,"Om  kalau tekan dan lepas pedal rem kaki @sering bunyi krrekkk.krekkk terutama ketika Veloz hev baru jalan n parkir. Apakah itu wajar ya atau punya kondisi yang sama 
 Terimakasih kasih sudah mw menjawab.",https://www.facebook.com/groups/1564504984994701,2026-09-18T03:34:23Z,raw_data_run_20260918_102948_3d1b49.csv,rec_1e44f9f72c917aaf,False,Om kalau tekan dan lepas pedal rem kaki [mention] bunyi krrekkk.krekkk terutama ketika Veloz hev baru jalan n parkir. Apakah itu wajar ya atau punya kondisi yang sama Terimakasih kasih sudah mw menjawab.,om kalau tekan dan lepas pedal rem kaki [mention] bunyi krrekkk.krekkk terutama ketika veloz hev baru jalan n parkir. apakah itu wajar ya atau punya kondisi yang sama terimakasih kasih sudah mw menjawab.,Toyota Veloz,high,explicit_text_alias_strong,False,,,,False,not_relevant,no_adas_keyword,,UNKNOWN,,,,,,,
rec_f1c40e10e0e70533,Toyota Veloz,VELOZ HYBRID INDONESIA,https://www.facebook.com/groups/1564504984994701,post_7,post_7_comment_7,post_7,comment,,,,Wajar,https://www.facebook.com/groups/1564504984994701,2026-09-18T03:34:23Z,raw_data_run_20260918_102948_3d1b49.csv,rec_f1c40e10e0e70533,False,Wajar,wajar,Toyota Veloz,medium,community_context,False,,,,False,not_relevant,no_adas_keyword,,UNKNOWN,,,,,,,
rec_19e342ee1f3f6f11,Toyota Veloz,VELOZ HYBRID INDONESIA,https://www.facebook.com/groups/1564504984994701,post_7,post_7_comment_8,post_7,comment,,,,Punyaku smooth,https://www.facebook.com/groups/1564504984994701,2026-09-18T03:34:23Z,raw_data_run_20260918_102948_3d1b49.csv,rec_19e342ee1f3f6f11,False,Punyaku smooth,punyaku smooth,Toyota Veloz,medium,community_context,True,smooth,layer_c_indonesian,,False,uncertain,functional_keywords_no_behavioural_context,low,ACC,ACC:smoothness,not_stated,uncertain,positive,smooth,unclear,medium
rec_b50a96dab86d2c18,Toyota Veloz,VELOZ HYBRID INDONESIA,https://www.facebook.com/groups/1564504984994701,post_7,post_7_comment_9,post_7,comment,,,,"Yang mau kredit & cash unit baru toyota dp mulai dari 5jtan dan udh coll 5 bisa dibantu untuk proses , minat bisa hubungi 0895336681497 chatherina",https://www.facebook.com/groups/1564504984994701,2026-09-18T03:34:23Z,raw_data_run_20260918_102948_3d1b49.csv,rec_b50a96dab86d2c18,False,"Yang mau kredit & cash unit baru toyota dp mulai dari 5jtan dan udh coll 5 bisa dibantu untuk proses , minat bisa hubungi 0895336681497 chatherina","yang mau kredit & cash unit baru toyota dp mulai dari 5jtan dan udh coll 5 bisa dibantu untuk proses , minat bisa hubungi 0895336681497 chatherina",Toyota Veloz,medium,community_context,False,,,,False,not_relevant,no_adas_keyword,,UNKNOWN,,,,,,,
rec_b426fcd65299b12b,Toyota Veloz,VELOZ HYBRID INDONESIA,https://www.facebook.com/groups/1564504984994701,post_7,post_7_comment_10,post_7,comment,,,,Forum Sharing Seputar dan Jual Beli Veloz Hybrid,https://www.facebook.com/groups/1564504984994701,2026-09-18T03:34:23Z,raw_data_run_20260918_102948_3d1b49.csv,rec_b426fcd65299b12b,False,Forum Sharing Seputar dan Jual Beli Veloz Hybrid,forum sharing seputar dan jual beli veloz hybrid,Toyota Veloz,high,explicit_text_alias_strong,False,,,,False,not_relevant,no_adas_keyword,,UNKNOWN,,,,,,,
rec_bcd7ec44b38aca2b,Toyota Veloz,VELOZ HYBRID INDONESIA,https://www.facebook.com/groups/1564504984994701,post_7,post_7_comment_11,post_7,comment,,,,More Info: 0812 9324 1292 (Fadly),https://www.facebook.com/groups/1564504984994701,2026-09-18T03:34:23Z,raw_data_run_20260918_102948_3d1b49.csv,rec_bcd7ec44b38aca2b,False,More Info: 0812 9324 1292 (Fadly),more info: 0812 9324 1292 (fadly),Toyota Veloz,medium,community_context,False,,,,False,not_relevant,no_adas_keyword,,UNKNOWN,,,,,,,
rec_7ff7c910197a692e,Toyota Veloz,VELOZ HYBRID INDONESIA,https://www.facebook.com/groups/1564504984994701,post_7,post_7_comment_12,post_7,comment,,,,"Paket kredit bunga super murah se-jawa timur!!!
Raffi Auto200 Surabaya : 0851-9666-2274
Veloz Q HV Modelista TSS Two Tone 
dp 107.504jt… Lihat selengkapnya",https://www.facebook.com/groups/1564504984994701,2026-09-18T03:34:25Z,raw_data_run_20260918_102948_3d1b49.csv,rec_7ff7c910197a692e,False,Paket kredit bunga super murah se-jawa timur!!! Raffi Auto200 Surabaya : 0851-9666-2274 Veloz Q HV Modelista TSS Two Tone dp 107.504jt… Lihat selengkapnya,paket kredit bunga super murah se-jawa timur!!! raffi auto200 surabaya : 0851-9666-2274 veloz q hv modelista tss two tone dp 107.504jt… lihat selengkapnya,Toyota Veloz,high,explicit_text_alias_strong,True,TSS,combined_adas,,True,uncertain,generic_adas_terms_only,low,UNKNOWN,not_stated,not_stated,uncertain,neutral,not_stated,unclear,low
rec_29469df36c5c7cca,Toyota Veloz,VELOZ HYBRID INDONESIA,https://www.facebook.com/groups/1564504984994701,post_7,post_7_comment_13,post_7,comment,,,,Paket kredit bunga super murah se-jawa timur!!!,https://www.facebook.com/groups/1564504984994701,2026-09-18T03:34:25Z,raw_data_run_20260918_102948_3d1b49.csv,rec_29469df36c5c7cca,False,Paket kredit bunga super murah se-jawa timur!!!,paket kredit bunga super murah se-jawa timur!!!,Toyota Veloz,medium,community_context,False,,,,False,not_relevant,no_adas_keyword,,UNKNOWN,,,,,,,
rec_a6437cdcf083e511,Toyota Veloz,VELOZ HYBRID INDONESIA,https://www.facebook.com/groups/1564504984994701,post_7,post_7_comment_14,post_7,comment,,,,Raffi Auto200 Surabaya : 0851-9666-2274,https://www.facebook.com/groups/1564504984994701,2026-09-18T03:34:25Z,raw_data_run_20260918_102948_3d1b49.csv,rec_a6437cdcf083e511,False,Raffi Auto200 Surabaya : 0851-9666-2274,raffi auto200 surabaya : 0851-9666-2274,Toyota Veloz,medium,community_context,False,,,,False,not_relevant,no_adas_keyword,,UNKNOWN,,,,,,,
rec_1efe7b0fe835ae38,Toyota Veloz,VELOZ HYBRID INDONESIA,https://www.facebook.com/groups/1564504984994701,post_7,post_7_comment_15,post_7,comment,,,,Veloz Q HV Modelista TSS Two Tone,https://www.facebook.com/groups/1564504984994701,2026-09-18T03:34:25Z,raw_data_run_20260918_102948_3d1b49.csv,rec_1efe7b0fe835ae38,False,Veloz Q HV Modelista TSS Two Tone,veloz q hv modelista tss two tone,Toyota Veloz,high,explicit_text_alias_strong,True,TSS,combined_adas,,True,uncertain,generic_adas_terms_only,low,UNKNOWN,not_stated,not_stated,uncertain,neutral,not_stated,unclear,low
rec_852ec54578ca1629,Toyota Veloz,VELOZ HYBRID INDONESIA,https://www.facebook.com/groups/1564504984994701,post_7,post_7_comment_16,post_7,comment,,,,dp 107.504jt… Lihat selengkapnya,https://www.facebook.com/groups/1564504984994701,2026-09-18T03:34:25Z,raw_data_run_20260918_102948_3d1b49.csv,rec_852ec54578ca1629,False,dp 107.504jt… Lihat selengkapnya,dp 107.504jt… lihat selengkapnya,Toyota Veloz,medium,community_context,False,,,,False,not_relevant,no_adas_keyword,,UNKNOWN,,,,,,,
rec_d44f971e847018c9,Toyota Veloz,VELOZ HYBRID INDONESIA,https://www.facebook.com/groups/1564504984994701,post_7,post_7_comment_17,post_7,comment,,,,"TESTDRIVE VELOZ HYBRID & YARIS CROSS HYBRID
Lokasi : SUMMARECON CROWN GADING (BELAKANG HI )
WAKTU : 08.00 - SELESAI
TANGGAL : 29 AGUSTUS 2026
HARI : SABTU
Lihat selengkapnya",https://www.facebook.com/groups/1564504984994701,2026-09-18T03:34:25Z,raw_data_run_20260918_102948_3d1b49.csv,rec_d44f971e847018c9,False,TESTDRIVE VELOZ HYBRID & YARIS CROSS HYBRID Lokasi : SUMMARECON CROWN GADING (BELAKANG HI ) WAKTU : 08.00 - SELESAI TANGGAL : 29 AGUSTUS 2026 HARI : SABTU Lihat selengkapnya,testdrive veloz hybrid & yaris cross hybrid lokasi : summarecon crown gading (belakang hi ) waktu : 08.00 - selesai tanggal : 29 agustus 2026 hari : sabtu lihat selengkapnya,Toyota Veloz,medium,multiple_mentions_context_vehicle,False,,,,False,not_relevant,no_adas_keyword,,UNKNOWN,,,,,,,
rec_27bc9005c8ff059d,Toyota Veloz,VELOZ HYBRID INDONESIA,https://www.facebook.com/groups/1564504984994701,post_7,post_7_comment_18,post_7,comment,,,,"Upgrade mobil mu, untuk upgrade hidupmu. 
Hubungi 088227756129 #hubungikami #toyota",https://www.facebook.com/groups/1564504984994701,2026-09-18T03:34:27Z,raw_data_run_20260918_102948_3d1b49.csv,rec_27bc9005c8ff059d,False,"Upgrade mobil mu, untuk upgrade hidupmu. Hubungi 088227756129 #hubungikami #toyota","upgrade mobil mu, untuk upgrade hidupmu. hubungi 088227756129 #hubungikami #toyota",Toyota Veloz,medium,community_context,False,,,,False,not_relevant,no_adas_keyword,,UNKNOWN,,,,,,,
rec_c7d57b1d0e0119f6,Toyota Veloz,VELOZ HYBRID INDONESIA,https://www.facebook.com/groups/1564504984994701,post_7,post_7_comment_19,post_7,comment,,,,"Upgrade mobil mu, untuk upgrade hidupmu.",https://www.facebook.com/groups/1564504984994701,2026-09-18T03:34:27Z,raw_data_run_20260918_102948_3d1b49.csv,rec_c7d57b1d0e0119f6,False,"Upgrade mobil mu, untuk upgrade hidupmu.","upgrade mobil mu, untuk upgrade hidupmu.",Toyota Veloz,medium,community_context,False,,,,False,not_relevant,no_adas_keyword,,UNKNOWN,,,,,,,
rec_85ead51301bd771b,Toyota Veloz,VELOZ HYBRID INDONESIA,https://www.facebook.com/groups/1564504984994701,post_7,post_7_comment_20,post_7,comment,,,,Hubungi 088227756129 #hubungikami #toyota,https://www.facebook.com/groups/1564504984994701,2026-09-18T03:34:27Z,raw_data_run_20260918_102948_3d1b49.csv,rec_85ead51301bd771b,False,Hubungi 088227756129 #hubungikami #toyota,hubungi 088227756129 #hubungikami #toyota,Toyota Veloz,medium,community_context,False,,,,False,not_relevant,no_adas_keyword,,UNKNOWN,,,,,,,
rec_44f39db921d54466,Toyota Veloz,VELOZ HYBRID INDONESIA,https://www.facebook.com/groups/1564504984994701,post_7,post_7_comment_21,post_7,comment,,,,Ijin share suhu suhu,https://www.facebook.com/groups/1564504984994701,2026-09-18T03:34:28Z,raw_data_run_20260918_102948_3d1b49.csv,rec_44f39db921d54466,False,Ijin share suhu suhu,ijin share suhu suhu,Toyota Veloz,medium,community_context,False,,,,False,not_relevant,no_adas_keyword,,UNKNOWN,,,,,,,
rec_6cb1489163844643,Toyota Veloz,VELOZ HYBRID INDONESIA,https://www.facebook.com/groups/1564504984994701,post_7,post_7_comment_22,post_7,comment,,,,"Bisa Trade in dari semua merk ke Veloz Hybrid.
New Veloz V HEV 2026
Harga : Rp303.000.000*
DP : Mulai dari 15%
Hubungi sekarang untuk jadwal Test Drive.
Lihat selengkapnya",https://www.facebook.com/groups/1564504984994701,2026-09-18T03:34:30Z,raw_data_run_20260918_102948_3d1b49.csv,rec_6cb1489163844643,False,Bisa Trade in dari semua merk ke Veloz Hybrid. New Veloz V HEV 2026 Harga : Rp303.000.000* DP : Mulai dari 15% Hubungi sekarang untuk jadwal Test Drive. Lihat selengkapnya,bisa trade in dari semua merk ke veloz hybrid. new veloz v hev 2026 harga : rp303.000.000* dp : mulai dari 15% hubungi sekarang untuk jadwal test drive. lihat selengkapnya,Toyota Veloz,high,explicit_text_alias_strong,False,,,,False,not_relevant,no_adas_keyword,,UNKNOWN,,,,,,,
rec_8e4d5960174457e6,Toyota Veloz,VELOZ HYBRID INDONESIA,https://www.facebook.com/groups/1564504984994701,post_7,post_7_comment_23,post_7,comment,,,,Siang om Abang smua. Info dong. Sya 10 th pke av Veloz manual 1.5.rencana pngen buat dp Veloz hybrd. Niatnya klo jd 100 buat DP.sisanya buat kbutuhan rmah. klo ambil 4 th estimasi  cicilan kena brp? Dan baiknya pake tipe apa. Sebelum nya terimakasih klo mau berbagi  informasi,https://www.facebook.com/groups/1564504984994701,2026-09-18T03:34:30Z,raw_data_run_20260918_102948_3d1b49.csv,rec_8e4d5960174457e6,False,Siang om Abang smua. Info dong. Sya 10 th pke av Veloz manual 1.5.rencana pngen buat dp Veloz hybrd. Niatnya klo jd 100 buat DP.sisanya buat kbutuhan rmah. klo ambil 4 th estimasi cicilan kena brp? Dan baiknya pake tipe apa. Sebelum nya terimakasih klo mau berbagi informasi,siang om abang smua. info dong. sya 10 th pke av veloz manual 1.5.rencana pngen buat dp veloz hybrd. niatnya klo jd 100 buat dp.sisanya buat kbutuhan rmah. klo ambil 4 th estimasi cicilan kena brp? dan baiknya pake tipe apa. sebelum nya terimakasih klo mau berbagi informasi,Toyota Veloz,high,explicit_text_alias_strong,False,,,,False,not_relevant,no_adas_keyword,,UNKNOWN,,,,,,,
rec_914d62af88bc60b7,Toyota Veloz,VELOZ HYBRID INDONESIA,https://www.facebook.com/groups/1564504984994701,post_7,post_7_comment_24,post_7,comment,,,,Mksdnya tipe apanya pak?? Apa sudah dpt??,https://www.facebook.com/groups/1564504984994701,2026-09-18T03:34:30Z,raw_data_run_20260918_102948_3d1b49.csv,rec_914d62af88bc60b7,False,Mksdnya tipe apanya pak?? Apa sudah dpt??,mksdnya tipe apanya pak?? apa sudah dpt??,Toyota Veloz,medium,community_context,False,,,,False,not_relevant,no_adas_keyword,,UNKNOWN,,,,,,,
rec_85b3c8c9b180f7b9,Toyota Veloz,VELOZ HYBRID INDONESIA,https://www.facebook.com/groups/1564504984994701,post_7,post_7_comment_25,post_7,comment,,,,Bisa balas inbox pak,https://www.facebook.com/groups/1564504984994701,2026-09-18T03:34:30Z,raw_data_run_20260918_102948_3d1b49.csv,rec_85b3c8c9b180f7b9,False,Bisa balas inbox pak,bisa balas inbox pak,Toyota Veloz,medium,community_context,False,,,,False,not_relevant,no_adas_keyword,,UNKNOWN,,,,,,,
rec_eda672dc31e5c5f4,Toyota Veloz,VELOZ HYBRID INDONESIA,https://www.facebook.com/groups/1564504984994701,post_7,post_7_comment_26,post_7,comment,,,,"Izin beregabung
Sebelumnya perkenalkan anggota baru
Terimakasih Abg Admin yg izinkan bergabung digrup
Unit Veloz hybrid type V
Lihat selengkapnya",https://www.facebook.com/groups/1564504984994701,2026-09-18T03:34:32Z,raw_data_run_20260918_102948_3d1b49.csv,rec_eda672dc31e5c5f4,False,Izin beregabung Sebelumnya perkenalkan anggota baru Terimakasih Abg Admin yg izinkan bergabung digrup Unit Veloz hybrid type V Lihat selengkapnya,izin beregabung sebelumnya perkenalkan anggota baru terimakasih abg admin yg izinkan bergabung digrup unit veloz hybrid type v lihat selengkapnya,Toyota Veloz,high,explicit_text_alias_strong,False,,,,False,not_relevant,no_adas_keyword,,UNKNOWN,,,,,,,
rec_94f55d8ebeb049e3,Toyota Veloz,VELOZ HYBRID INDONESIA,https://www.facebook.com/groups/1564504984994701,post_7,post_7_comment_27,post_7,comment,,,,Berpengaruh..,https://www.facebook.com/groups/1564504984994701,2026-09-18T03:34:32Z,raw_data_run_20260918_102948_3d1b49.csv,rec_94f55d8ebeb049e3,False,Berpengaruh..,berpengaruh..,Toyota Veloz,medium,community_context,False,,,,False,not_relevant,no_adas_keyword,,UNKNOWN,,,,,,,
rec_ad6824979734d9f4,Toyota Veloz,VELOZ HYBRID INDONESIA,https://www.facebook.com/groups/1564504984994701,post_7,post_7_comment_28,post_7,comment,,,,"Sya kmarin tanya2 mau gantu HU yg di tengah, walau dikerjain di beres, ttap batalin garansi jika suatu ada masal… Lihat selengkapnya",https://www.facebook.com/groups/1564504984994701,2026-09-18T03:34:32Z,raw_data_run_20260918_102948_3d1b49.csv,rec_ad6824979734d9f4,False,"Sya kmarin tanya2 mau gantu HU yg di tengah, walau dikerjain di beres, ttap batalin garansi jika suatu ada masal… Lihat selengkapnya","sya kmarin tanya2 mau gantu hu yg di tengah, walau dikerjain di beres, ttap batalin garansi jika suatu ada masal… lihat selengkapnya",Toyota Veloz,medium,community_context,False,,,,False,not_relevant,no_adas_keyword,,UNKNOWN,,,,,,,
rec_96cd3c472216ca53,Toyota Veloz,VELOZ HYBRID INDONESIA,https://www.facebook.com/groups/1564504984994701,post_7,post_7_comment_29,post_7,comment,,,,masa segini?,https://www.facebook.com/groups/1564504984994701,2026-09-18T03:34:32Z,raw_data_run_20260918_102948_3d1b49.csv,rec_96cd3c472216ca53,False,masa segini?,masa segini?,Toyota Veloz,medium,community_context,False,,,,False,not_relevant,no_adas_keyword,,UNKNOWN,,,,,,,
rec_3d26c61f78121a20,Toyota Veloz,VELOZ HYBRID INDONESIA,https://www.facebook.com/groups/1564504984994701,post_7,post_7_comment_30,post_7,comment,,,,"Biasa habis isi bensin itu om
coba bawa 1 jam pasti normal lagi.",https://www.facebook.com/groups/1564504984994701,2026-09-18T03:34:32Z,raw_data_run_20260918_102948_3d1b49.csv,rec_3d26c61f78121a20,False,Biasa habis isi bensin itu om coba bawa 1 jam pasti normal lagi.,biasa habis isi bensin itu om coba bawa 1 jam pasti normal lagi.,Toyota Veloz,medium,community_context,False,,,,False,not_relevant,no_adas_keyword,,UNKNOWN,,,,,,,
rec_d013e9afc9ffba15,Toyota Veloz,VELOZ HYBRID INDONESIA,https://www.facebook.com/groups/1564504984994701,post_7,post_7_comment_31,post_7,comment,,,,Jaln menurun,https://www.facebook.com/groups/1564504984994701,2026-09-18T03:34:32Z,raw_data_run_20260918_102948_3d1b49.csv,rec_d013e9afc9ffba15,False,Jaln menurun,jaln menurun,Toyota Veloz,medium,community_context,False,,,,False,not_relevant,no_adas_keyword,,UNKNOWN,,,,,,,
rec_aa999054ef4ea67f,Toyota Veloz,VELOZ HYBRID INDONESIA,https://www.facebook.com/groups/1564504984994701,post_7,post_7_comment_32,post_7,comment,,,,"Pertalite
mau bertanya gan.. karena keadaan di Makassar saat ini sangat kesulitan untuk mencari BBM, saya tadi antri di SPBU pertamina hampir 2 jam, dan pertamax nya habis hanya ada pertalite.. akhirnya saya isi saja pertalite krn bensinnya sisa 2 batang...
apakah tidak masalah gan?
Dan jika Hal ini terus terus terjadi dalam waktu lama, apakah itu akan merusak mesin dsb?",https://www.facebook.com/groups/1564504984994701,2026-09-18T03:34:34Z,raw_data_run_20260918_102948_3d1b49.csv,rec_aa999054ef4ea67f,False,"Pertalite mau bertanya gan.. karena keadaan di Makassar saat ini sangat kesulitan untuk mencari BBM, saya tadi antri di SPBU pertamina hampir 2 jam, dan pertamax nya habis hanya ada pertalite.. akhirnya saya isi saja pertalite krn bensinnya sisa 2 batang... apakah tidak masalah gan? Dan jika Hal ini terus terus terjadi dalam waktu lama, apakah itu akan merusak mesin dsb?","pertalite mau bertanya gan.. karena keadaan di makassar saat ini sangat kesulitan untuk mencari bbm, saya tadi antri di spbu pertamina hampir 2 jam, dan pertamax nya habis hanya ada pertalite.. akhirnya saya isi saja pertalite krn bensinnya sisa 2 batang... apakah tidak masalah gan? dan jika hal ini terus terus terjadi dalam waktu lama, apakah itu akan merusak mesin dsb?",Toyota Veloz,medium,community_context,False,,,,False,not_relevant,no_adas_keyword,,UNKNOWN,,,,,,,
rec_85535371a48b1b30,Toyota Veloz,VELOZ HYBRID INDONESIA,https://www.facebook.com/groups/1564504984994701,post_7,post_7_comment_33,post_7,comment,,,,Gamasalah om,https://www.facebook.com/groups/1564504984994701,2026-09-18T03:34:34Z,raw_data_run_20260918_102948_3d1b49.csv,rec_85535371a48b1b30,False,Gamasalah om,gamasalah om,Toyota Veloz,medium,community_context,False,,,,False,not_relevant,no_adas_keyword,,UNKNOWN,,,,,,,
rec_e4136abc4a4ef127,Toyota Veloz,VELOZ HYBRID INDONESIA,https://www.facebook.com/groups/1564504984994701,post_7,post_7_comment_34,post_7,comment,,,,Gak masalah,https://www.facebook.com/groups/1564504984994701,2026-09-18T03:34:34Z,raw_data_run_20260918_102948_3d1b49.csv,rec_e4136abc4a4ef127,False,Gak masalah,gak masalah,Toyota Veloz,medium,community_context,False,,,,False,not_relevant,no_adas_keyword,,UNKNOWN,,,,,,,
rec_21734b8ceef3eb25,Toyota Veloz,VELOZ HYBRID INDONESIA,https://www.facebook.com/groups/1564504984994701,post_7,post_7_comment_35,post_7,comment,,,,"Buat yang pake veloz hybrid tipe Q modelista, kalo lagi jalan trus di depan tiba2 berhenti apakah otomatis ngerem apa hanya khusus Tss sja ?",https://www.facebook.com/groups/1564504984994701,2026-09-18T03:34:36Z,raw_data_run_20260918_102948_3d1b49.csv,rec_21734b8ceef3eb25,False,"Buat yang pake veloz hybrid tipe Q modelista, kalo lagi jalan trus di depan tiba2 berhenti apakah otomatis ngerem apa hanya khusus Tss sja ?","buat yang pake veloz hybrid tipe q modelista, kalo lagi jalan trus di depan tiba2 berhenti apakah otomatis ngerem apa hanya khusus tss sja ?",Toyota Veloz,high,explicit_text_alias_strong,True,TSS;otomatis ngerem,"layer_c_indonesian,combined_adas",,False,relevant,functional_keywords_with_context,medium,PDA,PDA:braking,not_stated,question,neutral,not_stated,unclear,medium
rec_d5381bc8847ded56,Toyota Veloz,VELOZ HYBRID INDONESIA,https://www.facebook.com/groups/1564504984994701,post_7,post_7_comment_36,post_7,comment,,,,Iya om tss nya gt.kadang klo depan bhnti kt remnya kurg injek dia nge rem sndiri.ngeselin,https://www.facebook.com/groups/1564504984994701,2026-09-18T03:34:36Z,raw_data_run_20260918_102948_3d1b49.csv,rec_d5381bc8847ded56,False,Iya om tss nya gt.kadang klo depan bhnti kt remnya kurg injek dia nge rem sndiri.ngeselin,iya om tss nya gt.kadang klo depan bhnti kt remnya kurg injek dia nge rem sndiri.ngeselin,Toyota Veloz,medium,community_context,True,TSS,combined_adas,,True,uncertain,generic_adas_terms_only,low,UNKNOWN,not_stated,not_stated,uncertain,neutral,not_stated,unclear,low
rec_0f62638bf9f2f39a,Toyota Veloz,VELOZ HYBRID INDONESIA,https://www.facebook.com/groups/1564504984994701,post_7,post_7_comment_37,post_7,comment,,,,Fitur yg membantu di jalanan jakarta khusunya pemotor yang tiba tiba nyalip dan berhenti di depan.,https://www.facebook.com/groups/1564504984994701,2026-09-18T03:34:36Z,raw_data_run_20260918_102948_3d1b49.csv,rec_0f62638bf9f2f39a,False,Fitur yg membantu di jalanan jakarta khusunya pemotor yang tiba tiba nyalip dan berhenti di depan.,fitur yg membantu di jalanan jakarta khusunya pemotor yang tiba tiba nyalip dan berhenti di depan.,Toyota Veloz,medium,community_context,False,,,,False,not_relevant,no_adas_keyword,,UNKNOWN,,,,,,,
rec_e06d5173c02e3a3c,Toyota Veloz,VELOZ HYBRID INDONESIA,https://www.facebook.com/groups/1564504984994701,post_7,post_7_comment_38,post_7,comment,,,,"Toyota Veloz Q CVT 2023
Harga Cash 228 jt Nego
An Pribadi
Pajak Panjang 8-2027
KM 53 rb
Lihat selengkapnya",https://www.facebook.com/groups/1564504984994701,2026-09-18T03:34:36Z,raw_data_run_20260918_102948_3d1b49.csv,rec_e06d5173c02e3a3c,False,Toyota Veloz Q CVT 2023 Harga Cash 228 jt Nego An Pribadi Pajak Panjang 8-2027 KM 53 rb Lihat selengkapnya,toyota veloz q cvt 2023 harga cash 228 jt nego an pribadi pajak panjang 8-2027 km 53 rb lihat selengkapnya,Toyota Veloz,high,explicit_text_alias_strong,False,,,,False,not_relevant,no_adas_keyword,,UNKNOWN,,,,,,,
rec_6bd9a63087b95a4d,Toyota Veloz,VELOZ HYBRID INDONESIA,https://www.facebook.com/groups/1564504984994701,post_7,post_7_comment_39,post_7,comment,,,,Lokasi,https://www.facebook.com/groups/1564504984994701,2026-09-18T03:34:36Z,raw_data_run_20260918_102948_3d1b49.csv,rec_6bd9a63087b95a4d,False,Lokasi,lokasi,Toyota Veloz,medium,community_context,False,,,,False,not_relevant,no_adas_keyword,,UNKNOWN,,,,,,,
rec_444e8b4d93cad322,Toyota Veloz,VELOZ HYBRID INDONESIA,https://www.facebook.com/groups/1564504984994701,post_7,post_7_comment_40,post_7,comment,,,,"halo, aman gx ya cuci mobil hybrid di car wash biasa?",https://www.facebook.com/groups/1564504984994701,2026-09-18T03:34:38Z,raw_data_run_20260918_102948_3d1b49.csv,rec_444e8b4d93cad322,False,"halo, aman gx ya cuci mobil hybrid di car wash biasa?","halo, aman gx ya cuci mobil hybrid di car wash biasa?",Toyota Veloz,medium,community_context,False,,,,False,not_relevant,no_adas_keyword,,UNKNOWN,,,,,,,
rec_1c9e04b82897e12a,Toyota Veloz,VELOZ HYBRID INDONESIA,https://www.facebook.com/groups/1564504984994701,post_7,post_7_comment_41,post_7,comment,,,,Aman omm,https://www.facebook.com/groups/1564504984994701,2026-09-18T03:34:38Z,raw_data_run_20260918_102948_3d1b49.csv,rec_1c9e04b82897e12a,False,Aman omm,aman omm,Toyota Veloz,medium,community_context,False,,,,False,not_relevant,no_adas_keyword,,UNKNOWN,,,,,,,
rec_2c82682ff69dd4c2,Toyota Veloz,VELOZ HYBRID INDONESIA,https://www.facebook.com/groups/1564504984994701,post_7,post_7_comment_42,post_7,comment,,,,amannn,https://www.facebook.com/groups/1564504984994701,2026-09-18T03:34:38Z,raw_data_run_20260918_102948_3d1b49.csv,rec_2c82682ff69dd4c2,False,amannn,amannn,Toyota Veloz,medium,community_context,False,,,,False,not_relevant,no_adas_keyword,,UNKNOWN,,,,,,,
rec_4df29731a6abe862,Toyota Veloz,VELOZ HYBRID INDONESIA,https://www.facebook.com/groups/1564504984994701,post_7,post_7_comment_43,post_7,comment,,,,Ada yang ngojol pake veloz hybrid gak??,https://www.facebook.com/groups/1564504984994701,2026-09-18T03:34:39Z,raw_data_run_20260918_102948_3d1b49.csv,rec_4df29731a6abe862,False,Ada yang ngojol pake veloz hybrid gak??,ada yang ngojol pake veloz hybrid gak??,Toyota Veloz,high,explicit_text_alias_strong,False,,,,False,not_relevant,no_adas_keyword,,UNKNOWN,,,,,,,
rec_be4519767043ad35,Toyota Veloz,VELOZ HYBRID INDONESIA,https://www.facebook.com/groups/1564504984994701,post_7,post_7_comment_44,post_7,comment,,,,Ada nih emang kenapa lurr?,https://www.facebook.com/groups/1564504984994701,2026-09-18T03:34:39Z,raw_data_run_20260918_102948_3d1b49.csv,rec_be4519767043ad35,False,Ada nih emang kenapa lurr?,ada nih emang kenapa lurr?,Toyota Veloz,medium,community_context,False,,,,False,not_relevant,no_adas_keyword,,UNKNOWN,,,,,,,
rec_8e92a4388f160d9c,Toyota Veloz,VELOZ HYBRID INDONESIA,https://www.facebook.com/groups/1564504984994701,post_7,post_7_comment_45,post_7,comment,,,,"Setiap berkendara pakai Veloz saya, BBM dari dalam tangki berisik, terguncang-guncang, apa ada yg dengar juga ya, apa memang Veloz begitu ya",https://www.facebook.com/groups/1564504984994701,2026-09-18T03:34:39Z,raw_data_run_20260918_102948_3d1b49.csv,rec_8e92a4388f160d9c,False,"Setiap berkendara pakai Veloz saya, BBM dari dalam tangki berisik, terguncang-guncang, apa ada yg dengar juga ya, apa memang Veloz begitu ya","setiap berkendara pakai veloz saya, bbm dari dalam tangki berisik, terguncang-guncang, apa ada yg dengar juga ya, apa memang veloz begitu ya",Toyota Veloz,high,explicit_text_alias_strong,False,,,,False,not_relevant,no_adas_keyword,,UNKNOWN,,,,,,,
rec_240ace7dfe4bd650,Toyota Veloz,VELOZ HYBRID INDONESIA,https://www.facebook.com/groups/1564504984994701,post_7,post_7_comment_46,post_7,comment,,,,"tlg pencerahan.a dong om2, asuransi apa yg bagus dan gampang claim.a untuk mobil baru",https://www.facebook.com/groups/1564504984994701,2026-09-18T03:34:40Z,raw_data_run_20260918_102948_3d1b49.csv,rec_240ace7dfe4bd650,False,"tlg pencerahan.a dong om2, asuransi apa yg bagus dan gampang claim.a untuk mobil baru","tlg pencerahan.a dong om2, asuransi apa yg bagus dan gampang claim.a untuk mobil baru",Toyota Veloz,medium,community_context,False,,,,False,not_relevant,no_adas_keyword,,UNKNOWN,,,,,,,
rec_96928eac7c30327e,Toyota Veloz,VELOZ HYBRID INDONESIA,https://www.facebook.com/groups/1564504984994701,post_7,post_7_comment_47,post_7,comment,,,,Saya pake triva,https://www.facebook.com/groups/1564504984994701,2026-09-18T03:34:40Z,raw_data_run_20260918_102948_3d1b49.csv,rec_96928eac7c30327e,False,Saya pake triva,saya pake triva,Toyota Veloz,medium,community_context,False,,,,False,not_relevant,no_adas_keyword,,UNKNOWN,,,,,,,
rec_2ab6de04afb87e8b,Toyota Veloz,VELOZ HYBRID INDONESIA,https://www.facebook.com/groups/1564504984994701,post_7,post_7_comment_48,post_7,comment,,,,Daerah mana pak?,https://www.facebook.com/groups/1564504984994701,2026-09-18T03:34:40Z,raw_data_run_20260918_102948_3d1b49.csv,rec_2ab6de04afb87e8b,False,Daerah mana pak?,daerah mana pak?,Toyota Veloz,medium,community_context,False,,,,False,not_relevant,no_adas_keyword,,UNKNOWN,,,,,,,
rec_bf9aec8fbb44ea65,Toyota Veloz,VELOZ HYBRID INDONESIA,https://www.facebook.com/groups/1564504984994701,post_7,post_7_comment_49,post_7,comment,,,,"Pertanyaan yg paling mendasar dan bikin penasaran cara berkendaraan mobil hybrid....
Adakah tombol untuk memindahkan penggunaan mesin aja atau listrik aja secara manual… Lihat selengkapnya",https://www.facebook.com/groups/1564504984994701,2026-09-18T03:34:44Z,raw_data_run_20260918_102948_3d1b49.csv,rec_bf9aec8fbb44ea65,False,Pertanyaan yg paling mendasar dan bikin penasaran cara berkendaraan mobil hybrid.... Adakah tombol untuk memindahkan penggunaan mesin aja atau listrik aja secara manual… Lihat selengkapnya,pertanyaan yg paling mendasar dan bikin penasaran cara berkendaraan mobil hybrid.... adakah tombol untuk memindahkan penggunaan mesin aja atau listrik aja secara manual… lihat selengkapnya,Toyota Veloz,medium,community_context,False,,,,False,not_relevant,no_adas_keyword,,UNKNOWN,,,,,,,
rec_c2b279213e040618,Toyota Veloz,VELOZ HYBRID INDONESIA,https://www.facebook.com/groups/1564504984994701,post_7,post_7_comment_50,post_7,comment,,,,Pertanyaan yg paling mendasar dan bikin penasaran cara berkendaraan mobil hybrid....,https://www.facebook.com/groups/1564504984994701,2026-09-18T03:34:44Z,raw_data_run_20260918_102948_3d1b49.csv,rec_c2b279213e040618,False,Pertanyaan yg paling mendasar dan bikin penasaran cara berkendaraan mobil hybrid....,pertanyaan yg paling mendasar dan bikin penasaran cara berkendaraan mobil hybrid....,Toyota Veloz,medium,community_context,False,,,,False,not_relevant,no_adas_keyword,,UNKNOWN,,,,,,,
rec_401d2fc6052db995,Toyota Veloz,VELOZ HYBRID INDONESIA,https://www.facebook.com/groups/1564504984994701,post_7,post_7_comment_51,post_7,comment,,,,Adakah tombol untuk memindahkan penggunaan mesin aja atau listrik aja secara manual… Lihat selengkapnya,https://www.facebook.com/groups/1564504984994701,2026-09-18T03:34:44Z,raw_data_run_20260918_102948_3d1b49.csv,rec_401d2fc6052db995,False,Adakah tombol untuk memindahkan penggunaan mesin aja atau listrik aja secara manual… Lihat selengkapnya,adakah tombol untuk memindahkan penggunaan mesin aja atau listrik aja secara manual… lihat selengkapnya,Toyota Veloz,medium,community_context,False,,,,False,not_relevant,no_adas_keyword,,UNKNOWN,,,,,,,
rec_e948ac4aba8bca00,Toyota Veloz,VELOZ HYBRID INDONESIA,https://www.facebook.com/groups/1564504984994701,post_7,post_7_comment_52,post_7,comment,,,,"Otomatis om, udah canggih Fiture nya KLO hybrid. Tinggal gas saja KLO batrei 3 bar nanti mesin yg nyala dan Cars baterai nya",https://www.facebook.com/groups/1564504984994701,2026-09-18T03:34:44Z,raw_data_run_20260918_102948_3d1b49.csv,rec_e948ac4aba8bca00,False,"Otomatis om, udah canggih Fiture nya KLO hybrid. Tinggal gas saja KLO batrei 3 bar nanti mesin yg nyala dan Cars baterai nya","otomatis om, udah canggih fiture nya klo hybrid. tinggal gas saja klo batrei 3 bar nanti mesin yg nyala dan cars baterai nya",Toyota Veloz,medium,community_context,False,,,,False,not_relevant,no_adas_keyword,,UNKNOWN,,,,,,,
rec_8d24a81a6f3a52f1,Toyota Veloz,VELOZ HYBRID INDONESIA,https://www.facebook.com/groups/1564504984994701,post_7,post_7_comment_53,post_7,comment,,,,"Bawah stir sebelah kanan tu ada tombol ""eco mode"". Kalau ditekan pesannya selalu baterai tidak cukup. Apakah memang bisa dipak… Lihat selengkapnya",https://www.facebook.com/groups/1564504984994701,2026-09-18T03:34:44Z,raw_data_run_20260918_102948_3d1b49.csv,rec_8d24a81a6f3a52f1,False,"Bawah stir sebelah kanan tu ada tombol ""eco mode"". Kalau ditekan pesannya selalu baterai tidak cukup. Apakah memang bisa dipak… Lihat selengkapnya","bawah stir sebelah kanan tu ada tombol ""eco mode"". kalau ditekan pesannya selalu baterai tidak cukup. apakah memang bisa dipak… lihat selengkapnya",Toyota Veloz,medium,community_context,False,,,,False,not_relevant,no_adas_keyword,,UNKNOWN,,,,,,,
rec_13cd8ec595e716a9,Toyota Veloz,VELOZ HYBRID INDONESIA,https://www.facebook.com/groups/1564504984994701,post_7,post_7_comment_54,post_7,comment,,,,"Owning Experience
Nanya suhu, kalau punya dana 220jt, prefer beli Veloz second thn 2023-2024 atau Stargzazer baru tipe tengah (Non-Adas)..
Mohon masukannya user Veloz, gimana owning experiencenya",https://www.facebook.com/groups/1564504984994701,2026-09-18T03:34:52Z,raw_data_run_20260918_102948_3d1b49.csv,rec_13cd8ec595e716a9,False,"Owning Experience Nanya suhu, kalau punya dana 220jt, prefer beli Veloz second thn 2023-2024 atau Stargzazer baru tipe tengah (Non-Adas).. Mohon masukannya user Veloz, gimana owning experiencenya","owning experience nanya suhu, kalau punya dana 220jt, prefer beli veloz second thn 2023-2024 atau stargzazer baru tipe tengah (non-adas).. mohon masukannya user veloz, gimana owning experiencenya",Toyota Veloz,high,explicit_text_alias_strong,True,ADAS,combined_adas,,True,uncertain,generic_adas_terms_only,low,UNKNOWN,not_stated,not_stated,uncertain,positive,not_stated,unclear,low
rec_38e9850d1ebfc484,Toyota Veloz,VELOZ HYBRID INDONESIA,https://www.facebook.com/groups/1564504984994701,post_7,post_7_comment_55,post_7,comment,,,,Mobil baru lahh,https://www.facebook.com/groups/1564504984994701,2026-09-18T03:34:52Z,raw_data_run_20260918_102948_3d1b49.csv,rec_38e9850d1ebfc484,False,Mobil baru lahh,mobil baru lahh,Toyota Veloz,medium,community_context,False,,,,False,not_relevant,no_adas_keyword,,UNKNOWN,,,,,,,
rec_1e6be22e4ea61159,Toyota Veloz,VELOZ HYBRID INDONESIA,https://www.facebook.com/groups/1564504984994701,post_7,post_7_comment_56,post_7,comment,,,,Hyundai stargazer harga pasaran bekasnya hancur karena barunya aja diskonnya gede banget,https://www.facebook.com/groups/1564504984994701,2026-09-18T03:34:52Z,raw_data_run_20260918_102948_3d1b49.csv,rec_1e6be22e4ea61159,False,Hyundai stargazer harga pasaran bekasnya hancur karena barunya aja diskonnya gede banget,hyundai stargazer harga pasaran bekasnya hancur karena barunya aja diskonnya gede banget,Toyota Veloz,medium,community_context,False,,,,False,not_relevant,no_adas_keyword,,UNKNOWN,,,,,,,
rec_678d1061fa45b509,Toyota Veloz,VELOZ HYBRID INDONESIA,https://www.facebook.com/groups/1564504984994701,post_7,post_7_comment_57,post_7,comment,,,,Mau tanya pake velos hybrid perliter biasanya berpa km ya mampunya untuk dalam kota,https://www.facebook.com/groups/1564504984994701,2026-09-18T03:34:52Z,raw_data_run_20260918_102948_3d1b49.csv,rec_678d1061fa45b509,False,Mau tanya pake velos hybrid perliter biasanya berpa km ya mampunya untuk dalam kota,mau tanya pake velos hybrid perliter biasanya berpa km ya mampunya untuk dalam kota,Toyota Veloz,medium,community_context,False,,,,False,not_relevant,no_adas_keyword,,UNKNOWN,,,,,,,
rec_ebcf897b42ce9254,Toyota Veloz,VELOZ HYBRID INDONESIA,https://www.facebook.com/groups/1564504984994701,post_7,post_7_comment_58,post_7,comment,,,,"Asal speed gak sering diatas 110 KM/jam dapat lah 1 : 19 - 24 kadang bisa sampe 26, cuma klo sering main sped diatas itu 1 : 1… Lihat selengkapnya",https://www.facebook.com/groups/1564504984994701,2026-09-18T03:34:52Z,raw_data_run_20260918_102948_3d1b49.csv,rec_ebcf897b42ce9254,False,"Asal speed gak sering diatas 110 KM/jam dapat lah 1 : 19 - 24 kadang bisa sampe 26, cuma klo sering main sped diatas itu 1 : 1… Lihat selengkapnya","asal speed gak sering diatas 110 km/jam dapat lah 1 : 19 - 24 kadang bisa sampe 26, cuma klo sering main sped diatas itu 1 : 1… lihat selengkapnya",Toyota Veloz,medium,community_context,False,,,,False,not_relevant,no_adas_keyword,,UNKNOWN,,,,,,,
rec_f251b9375df03390,Toyota Veloz,VELOZ HYBRID INDONESIA,https://www.facebook.com/groups/1564504984994701,post_7,post_7_comment_59,post_7,comment,,,,Dalam kota klo bwanya santai sering mode ev rata2 1 : 20-22,https://www.facebook.com/groups/1564504984994701,2026-09-18T03:34:52Z,raw_data_run_20260918_102948_3d1b49.csv,rec_f251b9375df03390,False,Dalam kota klo bwanya santai sering mode ev rata2 1 : 20-22,dalam kota klo bwanya santai sering mode ev rata2 1 : 20-22,Toyota Veloz,medium,community_context,False,,,,False,not_relevant,no_adas_keyword,,UNKNOWN,,,,,,,
rec_34361dec840f9f9d,Toyota Veloz,VELOZ HYBRID INDONESIA,https://www.facebook.com/groups/1564504984994701,post_7,post_7_comment_60,post_7,comment,,,,Kenapa diganti? Kalau beli yg hybrid kan udah dapet dr sananya?,https://www.facebook.com/groups/1564504984994701,2026-09-18T03:34:54Z,raw_data_run_20260918_102948_3d1b49.csv,rec_34361dec840f9f9d,False,Kenapa diganti? Kalau beli yg hybrid kan udah dapet dr sananya?,kenapa diganti? kalau beli yg hybrid kan udah dapet dr sananya?,Toyota Veloz,medium,community_context,False,,,,False,not_relevant,no_adas_keyword,,UNKNOWN,,,,,,,
rec_dc635e5dcb559cc7,Toyota Veloz,VELOZ HYBRID INDONESIA,https://www.facebook.com/groups/1564504984994701,post_7,post_7_comment_61,post_7,comment,,,,yg mana sih maksud nya?,https://www.facebook.com/groups/1564504984994701,2026-09-18T03:34:54Z,raw_data_run_20260918_102948_3d1b49.csv,rec_dc635e5dcb559cc7,False,yg mana sih maksud nya?,yg mana sih maksud nya?,Toyota Veloz,medium,community_context,False,,,,False,not_relevant,no_adas_keyword,,UNKNOWN,,,,,,,
rec_6033533743189757,Toyota Veloz,VELOZ HYBRID INDONESIA,https://www.facebook.com/groups/1564504984994701,post_8,,,post,,,,"Pontianus Pratondo
  ·
1minggu
Kenapa diganti? Kalau beli yg hybrid kan udah dapet dr sananya?
Balas
Bagikan
1",https://www.facebook.com/groups/1564504984994701,2026-09-18T03:34:54Z,raw_data_run_20260918_102948_3d1b49.csv,rec_6033533743189757,False,Pontianus Pratondo · 1minggu Kenapa diganti? Kalau beli yg hybrid kan udah dapet dr sananya? Balas Bagikan 1,pontianus pratondo · 1minggu kenapa diganti? kalau beli yg hybrid kan udah dapet dr sananya? balas bagikan 1,Toyota Veloz,medium,community_context,False,,,,False,not_relevant,no_adas_keyword,,UNKNOWN,,,,,,,
rec_9ca309205fc7d2cd,Toyota Veloz,VELOZ HYBRID INDONESIA,https://www.facebook.com/groups/1564504984994701,post_8,post_8_comment_1,post_8,comment,,,,"mau tanya om, ac nya veloz hybrid bisa nyala tanpa mesin bensin nyala gak ya? misal untuk istirahat di rest area selama 1 jam gitu",https://www.facebook.com/groups/1564504984994701,2026-09-18T03:35:00Z,raw_data_run_20260918_102948_3d1b49.csv,rec_9ca309205fc7d2cd,False,"mau tanya om, ac nya veloz hybrid bisa nyala tanpa mesin bensin nyala gak ya? misal untuk istirahat di rest area selama 1 jam gitu","mau tanya om, ac nya veloz hybrid bisa nyala tanpa mesin bensin nyala gak ya? misal untuk istirahat di rest area selama 1 jam gitu",Toyota Veloz,high,explicit_text_alias_strong,False,,,,False,not_relevant,no_adas_keyword,,UNKNOWN,,,,,,,
rec_91270d0208f1b4d5,Toyota Veloz,VELOZ HYBRID INDONESIA,https://www.facebook.com/groups/1564504984994701,post_8,post_8_comment_2,post_8,comment,,,,"bisa nyala tanpa mesin, tp tdk sampai 1 jam jg... intinya saat baterai sisa 40% atau 3 bar mesin akan menyala utk mengisi bate… Lihat selengkapnya",https://www.facebook.com/groups/1564504984994701,2026-09-18T03:35:00Z,raw_data_run_20260918_102948_3d1b49.csv,rec_91270d0208f1b4d5,False,"bisa nyala tanpa mesin, tp tdk sampai 1 jam jg... intinya saat baterai sisa 40% atau 3 bar mesin akan menyala utk mengisi bate… Lihat selengkapnya","bisa nyala tanpa mesin, tp tdk sampai 1 jam jg... intinya saat baterai sisa 40% atau 3 bar mesin akan menyala utk mengisi bate… lihat selengkapnya",Toyota Veloz,medium,community_context,False,,,,False,not_relevant,no_adas_keyword,,UNKNOWN,,,,,,,
rec_e983a13c6009ad35,Toyota Veloz,VELOZ HYBRID INDONESIA,https://www.facebook.com/groups/1564504984994701,post_8,post_8_comment_3,post_8,comment,,,,"Permisi om, mau tanya. Ada yg pernah pake skema cash bertahap om? Pembayaran nya sesuai OTR / ada tambahan lain ya?",https://www.facebook.com/groups/1564504984994701,2026-09-18T03:35:00Z,raw_data_run_20260918_102948_3d1b49.csv,rec_e983a13c6009ad35,False,"Permisi om, mau tanya. Ada yg pernah pake skema cash bertahap om? Pembayaran nya sesuai OTR / ada tambahan lain ya?","permisi om, mau tanya. ada yg pernah pake skema cash bertahap om? pembayaran nya sesuai otr / ada tambahan lain ya?",Toyota Veloz,medium,community_context,False,,,,False,not_relevant,no_adas_keyword,,UNKNOWN,,,,,,,
rec_52184c800bbe4eb1,Toyota Veloz,VELOZ HYBRID INDONESIA,https://www.facebook.com/groups/1564504984994701,post_8,post_8_comment_4,post_8,comment,,,,Ambil cash aja harga OTR...dapat cash back... free asuransi All risk 1 tahun...free asesoris...yang punya dana cash adalah raja...bebas open Nego,https://www.facebook.com/groups/1564504984994701,2026-09-18T03:35:00Z,raw_data_run_20260918_102948_3d1b49.csv,rec_52184c800bbe4eb1,False,Ambil cash aja harga OTR...dapat cash back... free asuransi All risk 1 tahun...free asesoris...yang punya dana cash adalah raja...bebas open Nego,ambil cash aja harga otr...dapat cash back... free asuransi all risk 1 tahun...free asesoris...yang punya dana cash adalah raja...bebas open nego,Toyota Veloz,medium,community_context,False,,,,False,not_relevant,no_adas_keyword,,UNKNOWN,,,,,,,
rec_d4cf8cf26ddb3630,Toyota Veloz,VELOZ HYBRID INDONESIA,https://www.facebook.com/groups/1564504984994701,post_8,post_8_comment_5,post_8,comment,,,,"Aku kmrn nanya veloz q mau cash bertahap yang 0%, misalkan cicilan 12 bulan, kena cas asuransi sekitar 14jtan, dari 336 ditota… Lihat selengkapnya",https://www.facebook.com/groups/1564504984994701,2026-09-18T03:35:00Z,raw_data_run_20260918_102948_3d1b49.csv,rec_d4cf8cf26ddb3630,False,"Aku kmrn nanya veloz q mau cash bertahap yang 0%, misalkan cicilan 12 bulan, kena cas asuransi sekitar 14jtan, dari 336 ditota… Lihat selengkapnya","aku kmrn nanya veloz q mau cash bertahap yang 0%, misalkan cicilan 12 bulan, kena cas asuransi sekitar 14jtan, dari 336 ditota… lihat selengkapnya",Toyota Veloz,high,explicit_text_alias_strong,False,,,,False,not_relevant,no_adas_keyword,,UNKNOWN,,,,,,,
rec_2c9f313d89015bbc,Toyota Veloz,VELOZ HYBRID INDONESIA,https://www.facebook.com/groups/1564504984994701,post_8,post_8_comment_6,post_8,comment,,,,"Om  kalau tekan dan lepas pedal rem kaki @sering bunyi krrekkk.krekkk terutama ketika Veloz hev baru jalan n parkir. Apakah itu wajar ya atau punya kondisi yang sama 
 Terimakasih kasih sudah mw menjawab.",https://www.facebook.com/groups/1564504984994701,2026-09-18T03:35:00Z,raw_data_run_20260918_102948_3d1b49.csv,rec_2c9f313d89015bbc,False,Om kalau tekan dan lepas pedal rem kaki [mention] bunyi krrekkk.krekkk terutama ketika Veloz hev baru jalan n parkir. Apakah itu wajar ya atau punya kondisi yang sama Terimakasih kasih sudah mw menjawab.,om kalau tekan dan lepas pedal rem kaki [mention] bunyi krrekkk.krekkk terutama ketika veloz hev baru jalan n parkir. apakah itu wajar ya atau punya kondisi yang sama terimakasih kasih sudah mw menjawab.,Toyota Veloz,high,explicit_text_alias_strong,False,,,,False,not_relevant,no_adas_keyword,,UNKNOWN,,,,,,,
rec_3d73e90d3a9d4559,Toyota Veloz,VELOZ HYBRID INDONESIA,https://www.facebook.com/groups/1564504984994701,post_8,post_8_comment_7,post_8,comment,,,,Wajar,https://www.facebook.com/groups/1564504984994701,2026-09-18T03:35:00Z,raw_data_run_20260918_102948_3d1b49.csv,rec_3d73e90d3a9d4559,False,Wajar,wajar,Toyota Veloz,medium,community_context,False,,,,False,not_relevant,no_adas_keyword,,UNKNOWN,,,,,,,
rec_eed7ac8f76f81bf3,Toyota Veloz,VELOZ HYBRID INDONESIA,https://www.facebook.com/groups/1564504984994701,post_8,post_8_comment_8,post_8,comment,,,,Punyaku smooth,https://www.facebook.com/groups/1564504984994701,2026-09-18T03:35:00Z,raw_data_run_20260918_102948_3d1b49.csv,rec_eed7ac8f76f81bf3,False,Punyaku smooth,punyaku smooth,Toyota Veloz,medium,community_context,True,smooth,layer_c_indonesian,,False,uncertain,functional_keywords_no_behavioural_context,low,ACC,ACC:smoothness,not_stated,uncertain,positive,smooth,unclear,medium
rec_feacb6872c2bed1e,Toyota Veloz,VELOZ HYBRID INDONESIA,https://www.facebook.com/groups/1564504984994701,post_8,post_8_comment_9,post_8,comment,,,,Forum Sharing Seputar dan Jual Beli Veloz Hybrid,https://www.facebook.com/groups/1564504984994701,2026-09-18T03:35:00Z,raw_data_run_20260918_102948_3d1b49.csv,rec_feacb6872c2bed1e,False,Forum Sharing Seputar dan Jual Beli Veloz Hybrid,forum sharing seputar dan jual beli veloz hybrid,Toyota Veloz,high,explicit_text_alias_strong,False,,,,False,not_relevant,no_adas_keyword,,UNKNOWN,,,,,,,
rec_04f44cbe5c3c15c9,Toyota Veloz,VELOZ HYBRID INDONESIA,https://www.facebook.com/groups/1564504984994701,post_8,post_8_comment_10,post_8,comment,,,,More Info: 0812 9324 1292 (Fadly),https://www.facebook.com/groups/1564504984994701,2026-09-18T03:35:00Z,raw_data_run_20260918_102948_3d1b49.csv,rec_04f44cbe5c3c15c9,False,More Info: 0812 9324 1292 (Fadly),more info: 0812 9324 1292 (fadly),Toyota Veloz,medium,community_context,False,,,,False,not_relevant,no_adas_keyword,,UNKNOWN,,,,,,,
rec_ff5824c1de1f31b9,Toyota Veloz,VELOZ HYBRID INDONESIA,https://www.facebook.com/groups/1564504984994701,post_8,post_8_comment_11,post_8,comment,,,,"Yang mau kredit & cash unit baru toyota dp mulai dari 5jtan dan udh coll 5 bisa dibantu untuk proses , minat bisa hubungi 0895336681497 chatherina",https://www.facebook.com/groups/1564504984994701,2026-09-18T03:35:01Z,raw_data_run_20260918_102948_3d1b49.csv,rec_ff5824c1de1f31b9,False,"Yang mau kredit & cash unit baru toyota dp mulai dari 5jtan dan udh coll 5 bisa dibantu untuk proses , minat bisa hubungi 0895336681497 chatherina","yang mau kredit & cash unit baru toyota dp mulai dari 5jtan dan udh coll 5 bisa dibantu untuk proses , minat bisa hubungi 0895336681497 chatherina",Toyota Veloz,medium,community_context,False,,,,False,not_relevant,no_adas_keyword,,UNKNOWN,,,,,,,
rec_df4d163acdfbcd9b,Toyota Veloz,VELOZ HYBRID INDONESIA,https://www.facebook.com/groups/1564504984994701,post_8,post_8_comment_12,post_8,comment,,,,"Paket kredit bunga super murah se-jawa timur!!!
Raffi Auto200 Surabaya : 0851-9666-2274
Veloz Q HV Modelista TSS Two Tone 
dp 107.504jt… Lihat selengkapnya",https://www.facebook.com/groups/1564504984994701,2026-09-18T03:35:02Z,raw_data_run_20260918_102948_3d1b49.csv,rec_df4d163acdfbcd9b,False,Paket kredit bunga super murah se-jawa timur!!! Raffi Auto200 Surabaya : 0851-9666-2274 Veloz Q HV Modelista TSS Two Tone dp 107.504jt… Lihat selengkapnya,paket kredit bunga super murah se-jawa timur!!! raffi auto200 surabaya : 0851-9666-2274 veloz q hv modelista tss two tone dp 107.504jt… lihat selengkapnya,Toyota Veloz,high,explicit_text_alias_strong,True,TSS,combined_adas,,True,uncertain,generic_adas_terms_only,low,UNKNOWN,not_stated,not_stated,uncertain,neutral,not_stated,unclear,low
rec_f5bb12cb543a0633,Toyota Veloz,VELOZ HYBRID INDONESIA,https://www.facebook.com/groups/1564504984994701,post_8,post_8_comment_13,post_8,comment,,,,Paket kredit bunga super murah se-jawa timur!!!,https://www.facebook.com/groups/1564504984994701,2026-09-18T03:35:02Z,raw_data_run_20260918_102948_3d1b49.csv,rec_f5bb12cb543a0633,False,Paket kredit bunga super murah se-jawa timur!!!,paket kredit bunga super murah se-jawa timur!!!,Toyota Veloz,medium,community_context,False,,,,False,not_relevant,no_adas_keyword,,UNKNOWN,,,,,,,
rec_a00b8a30fb133615,Toyota Veloz,VELOZ HYBRID INDONESIA,https://www.facebook.com/groups/1564504984994701,post_8,post_8_comment_14,post_8,comment,,,,Raffi Auto200 Surabaya : 0851-9666-2274,https://www.facebook.com/groups/1564504984994701,2026-09-18T03:35:02Z,raw_data_run_20260918_102948_3d1b49.csv,rec_a00b8a30fb133615,False,Raffi Auto200 Surabaya : 0851-9666-2274,raffi auto200 surabaya : 0851-9666-2274,Toyota Veloz,medium,community_context,False,,,,False,not_relevant,no_adas_keyword,,UNKNOWN,,,,,,,
rec_b1d77c3feca20ed0,Toyota Veloz,VELOZ HYBRID INDONESIA,https://www.facebook.com/groups/1564504984994701,post_8,post_8_comment_15,post_8,comment,,,,Veloz Q HV Modelista TSS Two Tone,https://www.facebook.com/groups/1564504984994701,2026-09-18T03:35:02Z,raw_data_run_20260918_102948_3d1b49.csv,rec_b1d77c3feca20ed0,False,Veloz Q HV Modelista TSS Two Tone,veloz q hv modelista tss two tone,Toyota Veloz,high,explicit_text_alias_strong,True,TSS,combined_adas,,True,uncertain,generic_adas_terms_only,low,UNKNOWN,not_stated,not_stated,uncertain,neutral,not_stated,unclear,low
rec_3949e5c33d45793f,Toyota Veloz,VELOZ HYBRID INDONESIA,https://www.facebook.com/groups/1564504984994701,post_8,post_8_comment_16,post_8,comment,,,,dp 107.504jt… Lihat selengkapnya,https://www.facebook.com/groups/1564504984994701,2026-09-18T03:35:02Z,raw_data_run_20260918_102948_3d1b49.csv,rec_3949e5c33d45793f,False,dp 107.504jt… Lihat selengkapnya,dp 107.504jt… lihat selengkapnya,Toyota Veloz,medium,community_context,False,,,,False,not_relevant,no_adas_keyword,,UNKNOWN,,,,,,,
rec_ef33645e423849cf,Toyota Veloz,VELOZ HYBRID INDONESIA,https://www.facebook.com/groups/1564504984994701,post_8,post_8_comment_17,post_8,comment,,,,"TESTDRIVE VELOZ HYBRID & YARIS CROSS HYBRID
Lokasi : SUMMARECON CROWN GADING (BELAKANG HI )
WAKTU : 08.00 - SELESAI
TANGGAL : 29 AGUSTUS 2026
HARI : SABTU
Lihat selengkapnya",https://www.facebook.com/groups/1564504984994701,2026-09-18T03:35:02Z,raw_data_run_20260918_102948_3d1b49.csv,rec_ef33645e423849cf,False,TESTDRIVE VELOZ HYBRID & YARIS CROSS HYBRID Lokasi : SUMMARECON CROWN GADING (BELAKANG HI ) WAKTU : 08.00 - SELESAI TANGGAL : 29 AGUSTUS 2026 HARI : SABTU Lihat selengkapnya,testdrive veloz hybrid & yaris cross hybrid lokasi : summarecon crown gading (belakang hi ) waktu : 08.00 - selesai tanggal : 29 agustus 2026 hari : sabtu lihat selengkapnya,Toyota Veloz,medium,multiple_mentions_context_vehicle,False,,,,False,not_relevant,no_adas_keyword,,UNKNOWN,,,,,,,
rec_52bc6d22f20bad37,Toyota Veloz,VELOZ HYBRID INDONESIA,https://www.facebook.com/groups/1564504984994701,post_8,post_8_comment_18,post_8,comment,,,,"Upgrade mobil mu, untuk upgrade hidupmu. 
Hubungi 088227756129 #hubungikami #toyota",https://www.facebook.com/groups/1564504984994701,2026-09-18T03:35:03Z,raw_data_run_20260918_102948_3d1b49.csv,rec_52bc6d22f20bad37,False,"Upgrade mobil mu, untuk upgrade hidupmu. Hubungi 088227756129 #hubungikami #toyota","upgrade mobil mu, untuk upgrade hidupmu. hubungi 088227756129 #hubungikami #toyota",Toyota Veloz,medium,community_context,False,,,,False,not_relevant,no_adas_keyword,,UNKNOWN,,,,,,,
rec_4d32cec8a5f40e26,Toyota Veloz,VELOZ HYBRID INDONESIA,https://www.facebook.com/groups/1564504984994701,post_8,post_8_comment_19,post_8,comment,,,,"Upgrade mobil mu, untuk upgrade hidupmu.",https://www.facebook.com/groups/1564504984994701,2026-09-18T03:35:03Z,raw_data_run_20260918_102948_3d1b49.csv,rec_4d32cec8a5f40e26,False,"Upgrade mobil mu, untuk upgrade hidupmu.","upgrade mobil mu, untuk upgrade hidupmu.",Toyota Veloz,medium,community_context,False,,,,False,not_relevant,no_adas_keyword,,UNKNOWN,,,,,,,
rec_08e4d68f2a8a4277,Toyota Veloz,VELOZ HYBRID INDONESIA,https://www.facebook.com/groups/1564504984994701,post_8,post_8_comment_20,post_8,comment,,,,Hubungi 088227756129 #hubungikami #toyota,https://www.facebook.com/groups/1564504984994701,2026-09-18T03:35:03Z,raw_data_run_20260918_102948_3d1b49.csv,rec_08e4d68f2a8a4277,False,Hubungi 088227756129 #hubungikami #toyota,hubungi 088227756129 #hubungikami #toyota,Toyota Veloz,medium,community_context,False,,,,False,not_relevant,no_adas_keyword,,UNKNOWN,,,,,,,
rec_de858aebce39cc97,Toyota Veloz,VELOZ HYBRID INDONESIA,https://www.facebook.com/groups/1564504984994701,post_8,post_8_comment_21,post_8,comment,,,,Ijin share suhu suhu,https://www.facebook.com/groups/1564504984994701,2026-09-18T03:35:05Z,raw_data_run_20260918_102948_3d1b49.csv,rec_de858aebce39cc97,False,Ijin share suhu suhu,ijin share suhu suhu,Toyota Veloz,medium,community_context,False,,,,False,not_relevant,no_adas_keyword,,UNKNOWN,,,,,,,
rec_d6614c04651f8c61,Toyota Veloz,VELOZ HYBRID INDONESIA,https://www.facebook.com/groups/1564504984994701,post_8,post_8_comment_22,post_8,comment,,,,"Bisa Trade in dari semua merk ke Veloz Hybrid.
New Veloz V HEV 2026
Harga : Rp303.000.000*
DP : Mulai dari 15%
Hubungi sekarang untuk jadwal Test Drive.
Lihat selengkapnya",https://www.facebook.com/groups/1564504984994701,2026-09-18T03:35:07Z,raw_data_run_20260918_102948_3d1b49.csv,rec_d6614c04651f8c61,False,Bisa Trade in dari semua merk ke Veloz Hybrid. New Veloz V HEV 2026 Harga : Rp303.000.000* DP : Mulai dari 15% Hubungi sekarang untuk jadwal Test Drive. Lihat selengkapnya,bisa trade in dari semua merk ke veloz hybrid. new veloz v hev 2026 harga : rp303.000.000* dp : mulai dari 15% hubungi sekarang untuk jadwal test drive. lihat selengkapnya,Toyota Veloz,high,explicit_text_alias_strong,False,,,,False,not_relevant,no_adas_keyword,,UNKNOWN,,,,,,,
rec_aa7ed737d6a83ccb,Toyota Veloz,VELOZ HYBRID INDONESIA,https://www.facebook.com/groups/1564504984994701,post_8,post_8_comment_23,post_8,comment,,,,Siang om Abang smua. Info dong. Sya 10 th pke av Veloz manual 1.5.rencana pngen buat dp Veloz hybrd. Niatnya klo jd 100 buat DP.sisanya buat kbutuhan rmah. klo ambil 4 th estimasi  cicilan kena brp? Dan baiknya pake tipe apa. Sebelum nya terimakasih klo mau berbagi  informasi,https://www.facebook.com/groups/1564504984994701,2026-09-18T03:35:07Z,raw_data_run_20260918_102948_3d1b49.csv,rec_aa7ed737d6a83ccb,False,Siang om Abang smua. Info dong. Sya 10 th pke av Veloz manual 1.5.rencana pngen buat dp Veloz hybrd. Niatnya klo jd 100 buat DP.sisanya buat kbutuhan rmah. klo ambil 4 th estimasi cicilan kena brp? Dan baiknya pake tipe apa. Sebelum nya terimakasih klo mau berbagi informasi,siang om abang smua. info dong. sya 10 th pke av veloz manual 1.5.rencana pngen buat dp veloz hybrd. niatnya klo jd 100 buat dp.sisanya buat kbutuhan rmah. klo ambil 4 th estimasi cicilan kena brp? dan baiknya pake tipe apa. sebelum nya terimakasih klo mau berbagi informasi,Toyota Veloz,high,explicit_text_alias_strong,False,,,,False,not_relevant,no_adas_keyword,,UNKNOWN,,,,,,,
rec_39abba0c9b89beef,Toyota Veloz,VELOZ HYBRID INDONESIA,https://www.facebook.com/groups/1564504984994701,post_8,post_8_comment_24,post_8,comment,,,,Mksdnya tipe apanya pak?? Apa sudah dpt??,https://www.facebook.com/groups/1564504984994701,2026-09-18T03:35:07Z,raw_data_run_20260918_102948_3d1b49.csv,rec_39abba0c9b89beef,False,Mksdnya tipe apanya pak?? Apa sudah dpt??,mksdnya tipe apanya pak?? apa sudah dpt??,Toyota Veloz,medium,community_context,False,,,,False,not_relevant,no_adas_keyword,,UNKNOWN,,,,,,,
rec_30db28b696bfd7b0,Toyota Veloz,VELOZ HYBRID INDONESIA,https://www.facebook.com/groups/1564504984994701,post_8,post_8_comment_25,post_8,comment,,,,Bisa balas inbox pak,https://www.facebook.com/groups/1564504984994701,2026-09-18T03:35:07Z,raw_data_run_20260918_102948_3d1b49.csv,rec_30db28b696bfd7b0,False,Bisa balas inbox pak,bisa balas inbox pak,Toyota Veloz,medium,community_context,False,,,,False,not_relevant,no_adas_keyword,,UNKNOWN,,,,,,,
rec_ab348728d8591736,Toyota Veloz,VELOZ HYBRID INDONESIA,https://www.facebook.com/groups/1564504984994701,post_8,post_8_comment_26,post_8,comment,,,,"Izin beregabung
Sebelumnya perkenalkan anggota baru
Terimakasih Abg Admin yg izinkan bergabung digrup
Unit Veloz hybrid type V
Lihat selengkapnya",https://www.facebook.com/groups/1564504984994701,2026-09-18T03:35:08Z,raw_data_run_20260918_102948_3d1b49.csv,rec_ab348728d8591736,False,Izin beregabung Sebelumnya perkenalkan anggota baru Terimakasih Abg Admin yg izinkan bergabung digrup Unit Veloz hybrid type V Lihat selengkapnya,izin beregabung sebelumnya perkenalkan anggota baru terimakasih abg admin yg izinkan bergabung digrup unit veloz hybrid type v lihat selengkapnya,Toyota Veloz,high,explicit_text_alias_strong,False,,,,False,not_relevant,no_adas_keyword,,UNKNOWN,,,,,,,
rec_c4fc6913fe4984f6,Toyota Veloz,VELOZ HYBRID INDONESIA,https://www.facebook.com/groups/1564504984994701,post_8,post_8_comment_27,post_8,comment,,,,Berpengaruh..,https://www.facebook.com/groups/1564504984994701,2026-09-18T03:35:08Z,raw_data_run_20260918_102948_3d1b49.csv,rec_c4fc6913fe4984f6,False,Berpengaruh..,berpengaruh..,Toyota Veloz,medium,community_context,False,,,,False,not_relevant,no_adas_keyword,,UNKNOWN,,,,,,,
rec_6f8bb079b440306d,Toyota Veloz,VELOZ HYBRID INDONESIA,https://www.facebook.com/groups/1564504984994701,post_8,post_8_comment_28,post_8,comment,,,,"Sya kmarin tanya2 mau gantu HU yg di tengah, walau dikerjain di beres, ttap batalin garansi jika suatu ada masal… Lihat selengkapnya",https://www.facebook.com/groups/1564504984994701,2026-09-18T03:35:09Z,raw_data_run_20260918_102948_3d1b49.csv,rec_6f8bb079b440306d,False,"Sya kmarin tanya2 mau gantu HU yg di tengah, walau dikerjain di beres, ttap batalin garansi jika suatu ada masal… Lihat selengkapnya","sya kmarin tanya2 mau gantu hu yg di tengah, walau dikerjain di beres, ttap batalin garansi jika suatu ada masal… lihat selengkapnya",Toyota Veloz,medium,community_context,False,,,,False,not_relevant,no_adas_keyword,,UNKNOWN,,,,,,,
rec_c661fa2d128670c4,Toyota Veloz,VELOZ HYBRID INDONESIA,https://www.facebook.com/groups/1564504984994701,post_8,post_8_comment_29,post_8,comment,,,,masa segini?,https://www.facebook.com/groups/1564504984994701,2026-09-18T03:35:09Z,raw_data_run_20260918_102948_3d1b49.csv,rec_c661fa2d128670c4,False,masa segini?,masa segini?,Toyota Veloz,medium,community_context,False,,,,False,not_relevant,no_adas_keyword,,UNKNOWN,,,,,,,
rec_55e6a09a681fc4bb,Toyota Veloz,VELOZ HYBRID INDONESIA,https://www.facebook.com/groups/1564504984994701,post_8,post_8_comment_30,post_8,comment,,,,"Biasa habis isi bensin itu om
coba bawa 1 jam pasti normal lagi.",https://www.facebook.com/groups/1564504984994701,2026-09-18T03:35:09Z,raw_data_run_20260918_102948_3d1b49.csv,rec_55e6a09a681fc4bb,False,Biasa habis isi bensin itu om coba bawa 1 jam pasti normal lagi.,biasa habis isi bensin itu om coba bawa 1 jam pasti normal lagi.,Toyota Veloz,medium,community_context,False,,,,False,not_relevant,no_adas_keyword,,UNKNOWN,,,,,,,
rec_7dde139025101243,Toyota Veloz,VELOZ HYBRID INDONESIA,https://www.facebook.com/groups/1564504984994701,post_8,post_8_comment_31,post_8,comment,,,,Jaln menurun,https://www.facebook.com/groups/1564504984994701,2026-09-18T03:35:09Z,raw_data_run_20260918_102948_3d1b49.csv,rec_7dde139025101243,False,Jaln menurun,jaln menurun,Toyota Veloz,medium,community_context,False,,,,False,not_relevant,no_adas_keyword,,UNKNOWN,,,,,,,
rec_37c934e97343e6a2,Toyota Veloz,VELOZ HYBRID INDONESIA,https://www.facebook.com/groups/1564504984994701,post_8,post_8_comment_32,post_8,comment,,,,"Pertalite
mau bertanya gan.. karena keadaan di Makassar saat ini sangat kesulitan untuk mencari BBM, saya tadi antri di SPBU pertamina hampir 2 jam, dan pertamax nya habis hanya ada pertalite.. akhirnya saya isi saja pertalite krn bensinnya sisa 2 batang...
apakah tidak masalah gan?
Dan jika Hal ini terus terus terjadi dalam waktu lama, apakah itu akan merusak mesin dsb?",https://www.facebook.com/groups/1564504984994701,2026-09-18T03:35:10Z,raw_data_run_20260918_102948_3d1b49.csv,rec_37c934e97343e6a2,False,"Pertalite mau bertanya gan.. karena keadaan di Makassar saat ini sangat kesulitan untuk mencari BBM, saya tadi antri di SPBU pertamina hampir 2 jam, dan pertamax nya habis hanya ada pertalite.. akhirnya saya isi saja pertalite krn bensinnya sisa 2 batang... apakah tidak masalah gan? Dan jika Hal ini terus terus terjadi dalam waktu lama, apakah itu akan merusak mesin dsb?","pertalite mau bertanya gan.. karena keadaan di makassar saat ini sangat kesulitan untuk mencari bbm, saya tadi antri di spbu pertamina hampir 2 jam, dan pertamax nya habis hanya ada pertalite.. akhirnya saya isi saja pertalite krn bensinnya sisa 2 batang... apakah tidak masalah gan? dan jika hal ini terus terus terjadi dalam waktu lama, apakah itu akan merusak mesin dsb?",Toyota Veloz,medium,community_context,False,,,,False,not_relevant,no_adas_keyword,,UNKNOWN,,,,,,,
rec_cbd7d908aa815b67,Toyota Veloz,VELOZ HYBRID INDONESIA,https://www.facebook.com/groups/1564504984994701,post_8,post_8_comment_33,post_8,comment,,,,Gamasalah om,https://www.facebook.com/groups/1564504984994701,2026-09-18T03:35:10Z,raw_data_run_20260918_102948_3d1b49.csv,rec_cbd7d908aa815b67,False,Gamasalah om,gamasalah om,Toyota Veloz,medium,community_context,False,,,,False,not_relevant,no_adas_keyword,,UNKNOWN,,,,,,,
rec_eb2bb7abbc885193,Toyota Veloz,VELOZ HYBRID INDONESIA,https://www.facebook.com/groups/1564504984994701,post_8,post_8_comment_34,post_8,comment,,,,Gak masalah,https://www.facebook.com/groups/1564504984994701,2026-09-18T03:35:10Z,raw_data_run_20260918_102948_3d1b49.csv,rec_eb2bb7abbc885193,False,Gak masalah,gak masalah,Toyota Veloz,medium,community_context,False,,,,False,not_relevant,no_adas_keyword,,UNKNOWN,,,,,,,
rec_4df9803fee208196,Toyota Veloz,VELOZ HYBRID INDONESIA,https://www.facebook.com/groups/1564504984994701,post_8,post_8_comment_35,post_8,comment,,,,"Buat yang pake veloz hybrid tipe Q modelista, kalo lagi jalan trus di depan tiba2 berhenti apakah otomatis ngerem apa hanya khusus Tss sja ?",https://www.facebook.com/groups/1564504984994701,2026-09-18T03:35:12Z,raw_data_run_20260918_102948_3d1b49.csv,rec_4df9803fee208196,False,"Buat yang pake veloz hybrid tipe Q modelista, kalo lagi jalan trus di depan tiba2 berhenti apakah otomatis ngerem apa hanya khusus Tss sja ?","buat yang pake veloz hybrid tipe q modelista, kalo lagi jalan trus di depan tiba2 berhenti apakah otomatis ngerem apa hanya khusus tss sja ?",Toyota Veloz,high,explicit_text_alias_strong,True,TSS;otomatis ngerem,"layer_c_indonesian,combined_adas",,False,relevant,functional_keywords_with_context,medium,PDA,PDA:braking,not_stated,question,neutral,not_stated,unclear,medium
rec_1ba5055353793a0d,Toyota Veloz,VELOZ HYBRID INDONESIA,https://www.facebook.com/groups/1564504984994701,post_8,post_8_comment_36,post_8,comment,,,,Iya om tss nya gt.kadang klo depan bhnti kt remnya kurg injek dia nge rem sndiri.ngeselin,https://www.facebook.com/groups/1564504984994701,2026-09-18T03:35:12Z,raw_data_run_20260918_102948_3d1b49.csv,rec_1ba5055353793a0d,False,Iya om tss nya gt.kadang klo depan bhnti kt remnya kurg injek dia nge rem sndiri.ngeselin,iya om tss nya gt.kadang klo depan bhnti kt remnya kurg injek dia nge rem sndiri.ngeselin,Toyota Veloz,medium,community_context,True,TSS,combined_adas,,True,uncertain,generic_adas_terms_only,low,UNKNOWN,not_stated,not_stated,uncertain,neutral,not_stated,unclear,low
rec_6b243cbef4fd29b2,Toyota Veloz,VELOZ HYBRID INDONESIA,https://www.facebook.com/groups/1564504984994701,post_8,post_8_comment_37,post_8,comment,,,,Fitur yg membantu di jalanan jakarta khusunya pemotor yang tiba tiba nyalip dan berhenti di depan.,https://www.facebook.com/groups/1564504984994701,2026-09-18T03:35:12Z,raw_data_run_20260918_102948_3d1b49.csv,rec_6b243cbef4fd29b2,False,Fitur yg membantu di jalanan jakarta khusunya pemotor yang tiba tiba nyalip dan berhenti di depan.,fitur yg membantu di jalanan jakarta khusunya pemotor yang tiba tiba nyalip dan berhenti di depan.,Toyota Veloz,medium,community_context,False,,,,False,not_relevant,no_adas_keyword,,UNKNOWN,,,,,,,
rec_931844226c38d68e,Toyota Veloz,VELOZ HYBRID INDONESIA,https://www.facebook.com/groups/1564504984994701,post_8,post_8_comment_38,post_8,comment,,,,"Toyota Veloz Q CVT 2023
Harga Cash 228 jt Nego
An Pribadi
Pajak Panjang 8-2027
KM 53 rb
Lihat selengkapnya",https://www.facebook.com/groups/1564504984994701,2026-09-18T03:35:12Z,raw_data_run_20260918_102948_3d1b49.csv,rec_931844226c38d68e,False,Toyota Veloz Q CVT 2023 Harga Cash 228 jt Nego An Pribadi Pajak Panjang 8-2027 KM 53 rb Lihat selengkapnya,toyota veloz q cvt 2023 harga cash 228 jt nego an pribadi pajak panjang 8-2027 km 53 rb lihat selengkapnya,Toyota Veloz,high,explicit_text_alias_strong,False,,,,False,not_relevant,no_adas_keyword,,UNKNOWN,,,,,,,
rec_9fb04831d83523e1,Toyota Veloz,VELOZ HYBRID INDONESIA,https://www.facebook.com/groups/1564504984994701,post_8,post_8_comment_39,post_8,comment,,,,Lokasi,https://www.facebook.com/groups/1564504984994701,2026-09-18T03:35:12Z,raw_data_run_20260918_102948_3d1b49.csv,rec_9fb04831d83523e1,False,Lokasi,lokasi,Toyota Veloz,medium,community_context,False,,,,False,not_relevant,no_adas_keyword,,UNKNOWN,,,,,,,
rec_ba1d5390c994e972,Toyota Veloz,VELOZ HYBRID INDONESIA,https://www.facebook.com/groups/1564504984994701,post_8,post_8_comment_40,post_8,comment,,,,"halo, aman gx ya cuci mobil hybrid di car wash biasa?",https://www.facebook.com/groups/1564504984994701,2026-09-18T03:35:14Z,raw_data_run_20260918_102948_3d1b49.csv,rec_ba1d5390c994e972,False,"halo, aman gx ya cuci mobil hybrid di car wash biasa?","halo, aman gx ya cuci mobil hybrid di car wash biasa?",Toyota Veloz,medium,community_context,False,,,,False,not_relevant,no_adas_keyword,,UNKNOWN,,,,,,,
rec_aad3351602035d77,Toyota Veloz,VELOZ HYBRID INDONESIA,https://www.facebook.com/groups/1564504984994701,post_8,post_8_comment_41,post_8,comment,,,,Aman omm,https://www.facebook.com/groups/1564504984994701,2026-09-18T03:35:14Z,raw_data_run_20260918_102948_3d1b49.csv,rec_aad3351602035d77,False,Aman omm,aman omm,Toyota Veloz,medium,community_context,False,,,,False,not_relevant,no_adas_keyword,,UNKNOWN,,,,,,,
rec_a0cbbc8ce42fd70b,Toyota Veloz,VELOZ HYBRID INDONESIA,https://www.facebook.com/groups/1564504984994701,post_8,post_8_comment_42,post_8,comment,,,,amannn,https://www.facebook.com/groups/1564504984994701,2026-09-18T03:35:14Z,raw_data_run_20260918_102948_3d1b49.csv,rec_a0cbbc8ce42fd70b,False,amannn,amannn,Toyota Veloz,medium,community_context,False,,,,False,not_relevant,no_adas_keyword,,UNKNOWN,,,,,,,
rec_149ff04e14c84f0e,Toyota Veloz,VELOZ HYBRID INDONESIA,https://www.facebook.com/groups/1564504984994701,post_8,post_8_comment_43,post_8,comment,,,,Ada yang ngojol pake veloz hybrid gak??,https://www.facebook.com/groups/1564504984994701,2026-09-18T03:35:15Z,raw_data_run_20260918_102948_3d1b49.csv,rec_149ff04e14c84f0e,False,Ada yang ngojol pake veloz hybrid gak??,ada yang ngojol pake veloz hybrid gak??,Toyota Veloz,high,explicit_text_alias_strong,False,,,,False,not_relevant,no_adas_keyword,,UNKNOWN,,,,,,,
rec_ed89548d7f749e96,Toyota Veloz,VELOZ HYBRID INDONESIA,https://www.facebook.com/groups/1564504984994701,post_8,post_8_comment_44,post_8,comment,,,,Ada nih emang kenapa lurr?,https://www.facebook.com/groups/1564504984994701,2026-09-18T03:35:15Z,raw_data_run_20260918_102948_3d1b49.csv,rec_ed89548d7f749e96,False,Ada nih emang kenapa lurr?,ada nih emang kenapa lurr?,Toyota Veloz,medium,community_context,False,,,,False,not_relevant,no_adas_keyword,,UNKNOWN,,,,,,,
rec_90fe52bcc18a4321,Toyota Veloz,VELOZ HYBRID INDONESIA,https://www.facebook.com/groups/1564504984994701,post_8,post_8_comment_45,post_8,comment,,,,"Setiap berkendara pakai Veloz saya, BBM dari dalam tangki berisik, terguncang-guncang, apa ada yg dengar juga ya, apa memang Veloz begitu ya",https://www.facebook.com/groups/1564504984994701,2026-09-18T03:35:15Z,raw_data_run_20260918_102948_3d1b49.csv,rec_90fe52bcc18a4321,False,"Setiap berkendara pakai Veloz saya, BBM dari dalam tangki berisik, terguncang-guncang, apa ada yg dengar juga ya, apa memang Veloz begitu ya","setiap berkendara pakai veloz saya, bbm dari dalam tangki berisik, terguncang-guncang, apa ada yg dengar juga ya, apa memang veloz begitu ya",Toyota Veloz,high,explicit_text_alias_strong,False,,,,False,not_relevant,no_adas_keyword,,UNKNOWN,,,,,,,
rec_5182a8e6090bbe26,Toyota Veloz,VELOZ HYBRID INDONESIA,https://www.facebook.com/groups/1564504984994701,post_8,post_8_comment_46,post_8,comment,,,,"tlg pencerahan.a dong om2, asuransi apa yg bagus dan gampang claim.a untuk mobil baru",https://www.facebook.com/groups/1564504984994701,2026-09-18T03:35:15Z,raw_data_run_20260918_102948_3d1b49.csv,rec_5182a8e6090bbe26,False,"tlg pencerahan.a dong om2, asuransi apa yg bagus dan gampang claim.a untuk mobil baru","tlg pencerahan.a dong om2, asuransi apa yg bagus dan gampang claim.a untuk mobil baru",Toyota Veloz,medium,community_context,False,,,,False,not_relevant,no_adas_keyword,,UNKNOWN,,,,,,,
rec_0053de3aa185ed6c,Toyota Veloz,VELOZ HYBRID INDONESIA,https://www.facebook.com/groups/1564504984994701,post_8,post_8_comment_47,post_8,comment,,,,Saya pake triva,https://www.facebook.com/groups/1564504984994701,2026-09-18T03:35:15Z,raw_data_run_20260918_102948_3d1b49.csv,rec_0053de3aa185ed6c,False,Saya pake triva,saya pake triva,Toyota Veloz,medium,community_context,False,,,,False,not_relevant,no_adas_keyword,,UNKNOWN,,,,,,,
rec_ca37ccc12780e758,Toyota Veloz,VELOZ HYBRID INDONESIA,https://www.facebook.com/groups/1564504984994701,post_8,post_8_comment_48,post_8,comment,,,,Daerah mana pak?,https://www.facebook.com/groups/1564504984994701,2026-09-18T03:35:15Z,raw_data_run_20260918_102948_3d1b49.csv,rec_ca37ccc12780e758,False,Daerah mana pak?,daerah mana pak?,Toyota Veloz,medium,community_context,False,,,,False,not_relevant,no_adas_keyword,,UNKNOWN,,,,,,,
rec_b9cf2b88dbfb2f15,Toyota Veloz,VELOZ HYBRID INDONESIA,https://www.facebook.com/groups/1564504984994701,post_8,post_8_comment_49,post_8,comment,,,,"Pertanyaan yg paling mendasar dan bikin penasaran cara berkendaraan mobil hybrid....
Adakah tombol untuk memindahkan penggunaan mesin aja atau listrik aja secara manual… Lihat selengkapnya",https://www.facebook.com/groups/1564504984994701,2026-09-18T03:35:17Z,raw_data_run_20260918_102948_3d1b49.csv,rec_b9cf2b88dbfb2f15,False,Pertanyaan yg paling mendasar dan bikin penasaran cara berkendaraan mobil hybrid.... Adakah tombol untuk memindahkan penggunaan mesin aja atau listrik aja secara manual… Lihat selengkapnya,pertanyaan yg paling mendasar dan bikin penasaran cara berkendaraan mobil hybrid.... adakah tombol untuk memindahkan penggunaan mesin aja atau listrik aja secara manual… lihat selengkapnya,Toyota Veloz,medium,community_context,False,,,,False,not_relevant,no_adas_keyword,,UNKNOWN,,,,,,,
rec_6134886deec5f07f,Toyota Veloz,VELOZ HYBRID INDONESIA,https://www.facebook.com/groups/1564504984994701,post_8,post_8_comment_50,post_8,comment,,,,Pertanyaan yg paling mendasar dan bikin penasaran cara berkendaraan mobil hybrid....,https://www.facebook.com/groups/1564504984994701,2026-09-18T03:35:17Z,raw_data_run_20260918_102948_3d1b49.csv,rec_6134886deec5f07f,False,Pertanyaan yg paling mendasar dan bikin penasaran cara berkendaraan mobil hybrid....,pertanyaan yg paling mendasar dan bikin penasaran cara berkendaraan mobil hybrid....,Toyota Veloz,medium,community_context,False,,,,False,not_relevant,no_adas_keyword,,UNKNOWN,,,,,,,
rec_8d839a634c7c5e5d,Toyota Veloz,VELOZ HYBRID INDONESIA,https://www.facebook.com/groups/1564504984994701,post_8,post_8_comment_51,post_8,comment,,,,Adakah tombol untuk memindahkan penggunaan mesin aja atau listrik aja secara manual… Lihat selengkapnya,https://www.facebook.com/groups/1564504984994701,2026-09-18T03:35:17Z,raw_data_run_20260918_102948_3d1b49.csv,rec_8d839a634c7c5e5d,False,Adakah tombol untuk memindahkan penggunaan mesin aja atau listrik aja secara manual… Lihat selengkapnya,adakah tombol untuk memindahkan penggunaan mesin aja atau listrik aja secara manual… lihat selengkapnya,Toyota Veloz,medium,community_context,False,,,,False,not_relevant,no_adas_keyword,,UNKNOWN,,,,,,,
rec_1f25dd7f4ce67001,Toyota Veloz,VELOZ HYBRID INDONESIA,https://www.facebook.com/groups/1564504984994701,post_8,post_8_comment_52,post_8,comment,,,,"Otomatis om, udah canggih Fiture nya KLO hybrid. Tinggal gas saja KLO batrei 3 bar nanti mesin yg nyala dan Cars baterai nya",https://www.facebook.com/groups/1564504984994701,2026-09-18T03:35:17Z,raw_data_run_20260918_102948_3d1b49.csv,rec_1f25dd7f4ce67001,False,"Otomatis om, udah canggih Fiture nya KLO hybrid. Tinggal gas saja KLO batrei 3 bar nanti mesin yg nyala dan Cars baterai nya","otomatis om, udah canggih fiture nya klo hybrid. tinggal gas saja klo batrei 3 bar nanti mesin yg nyala dan cars baterai nya",Toyota Veloz,medium,community_context,False,,,,False,not_relevant,no_adas_keyword,,UNKNOWN,,,,,,,
rec_adac40838a912c7a,Toyota Veloz,VELOZ HYBRID INDONESIA,https://www.facebook.com/groups/1564504984994701,post_8,post_8_comment_53,post_8,comment,,,,"Bawah stir sebelah kanan tu ada tombol ""eco mode"". Kalau ditekan pesannya selalu baterai tidak cukup. Apakah memang bisa dipak… Lihat selengkapnya",https://www.facebook.com/groups/1564504984994701,2026-09-18T03:35:17Z,raw_data_run_20260918_102948_3d1b49.csv,rec_adac40838a912c7a,False,"Bawah stir sebelah kanan tu ada tombol ""eco mode"". Kalau ditekan pesannya selalu baterai tidak cukup. Apakah memang bisa dipak… Lihat selengkapnya","bawah stir sebelah kanan tu ada tombol ""eco mode"". kalau ditekan pesannya selalu baterai tidak cukup. apakah memang bisa dipak… lihat selengkapnya",Toyota Veloz,medium,community_context,False,,,,False,not_relevant,no_adas_keyword,,UNKNOWN,,,,,,,
rec_8141477a5e83d125,Toyota Veloz,VELOZ HYBRID INDONESIA,https://www.facebook.com/groups/1564504984994701,post_8,post_8_comment_54,post_8,comment,,,,"Owning Experience
Nanya suhu, kalau punya dana 220jt, prefer beli Veloz second thn 2023-2024 atau Stargzazer baru tipe tengah (Non-Adas)..
Mohon masukannya user Veloz, gimana owning experiencenya",https://www.facebook.com/groups/1564504984994701,2026-09-18T03:35:19Z,raw_data_run_20260918_102948_3d1b49.csv,rec_8141477a5e83d125,False,"Owning Experience Nanya suhu, kalau punya dana 220jt, prefer beli Veloz second thn 2023-2024 atau Stargzazer baru tipe tengah (Non-Adas).. Mohon masukannya user Veloz, gimana owning experiencenya","owning experience nanya suhu, kalau punya dana 220jt, prefer beli veloz second thn 2023-2024 atau stargzazer baru tipe tengah (non-adas).. mohon masukannya user veloz, gimana owning experiencenya",Toyota Veloz,high,explicit_text_alias_strong,True,ADAS,combined_adas,,True,uncertain,generic_adas_terms_only,low,UNKNOWN,not_stated,not_stated,uncertain,positive,not_stated,unclear,low
rec_446992ac8647955e,Toyota Veloz,VELOZ HYBRID INDONESIA,https://www.facebook.com/groups/1564504984994701,post_8,post_8_comment_55,post_8,comment,,,,Mobil baru lahh,https://www.facebook.com/groups/1564504984994701,2026-09-18T03:35:19Z,raw_data_run_20260918_102948_3d1b49.csv,rec_446992ac8647955e,False,Mobil baru lahh,mobil baru lahh,Toyota Veloz,medium,community_context,False,,,,False,not_relevant,no_adas_keyword,,UNKNOWN,,,,,,,
rec_1d05c9fbd0f8f95b,Toyota Veloz,VELOZ HYBRID INDONESIA,https://www.facebook.com/groups/1564504984994701,post_8,post_8_comment_56,post_8,comment,,,,Hyundai stargazer harga pasaran bekasnya hancur karena barunya aja diskonnya gede banget,https://www.facebook.com/groups/1564504984994701,2026-09-18T03:35:19Z,raw_data_run_20260918_102948_3d1b49.csv,rec_1d05c9fbd0f8f95b,False,Hyundai stargazer harga pasaran bekasnya hancur karena barunya aja diskonnya gede banget,hyundai stargazer harga pasaran bekasnya hancur karena barunya aja diskonnya gede banget,Toyota Veloz,medium,community_context,False,,,,False,not_relevant,no_adas_keyword,,UNKNOWN,,,,,,,
rec_e28df98a0a9dc04a,Toyota Veloz,VELOZ HYBRID INDONESIA,https://www.facebook.com/groups/1564504984994701,post_8,post_8_comment_57,post_8,comment,,,,Mau tanya pake velos hybrid perliter biasanya berpa km ya mampunya untuk dalam kota,https://www.facebook.com/groups/1564504984994701,2026-09-18T03:35:19Z,raw_data_run_20260918_102948_3d1b49.csv,rec_e28df98a0a9dc04a,False,Mau tanya pake velos hybrid perliter biasanya berpa km ya mampunya untuk dalam kota,mau tanya pake velos hybrid perliter biasanya berpa km ya mampunya untuk dalam kota,Toyota Veloz,medium,community_context,False,,,,False,not_relevant,no_adas_keyword,,UNKNOWN,,,,,,,
rec_91a0b3e0e9aab7c5,Toyota Veloz,VELOZ HYBRID INDONESIA,https://www.facebook.com/groups/1564504984994701,post_8,post_8_comment_58,post_8,comment,,,,"Asal speed gak sering diatas 110 KM/jam dapat lah 1 : 19 - 24 kadang bisa sampe 26, cuma klo sering main sped diatas itu 1 : 1… Lihat selengkapnya",https://www.facebook.com/groups/1564504984994701,2026-09-18T03:35:19Z,raw_data_run_20260918_102948_3d1b49.csv,rec_91a0b3e0e9aab7c5,False,"Asal speed gak sering diatas 110 KM/jam dapat lah 1 : 19 - 24 kadang bisa sampe 26, cuma klo sering main sped diatas itu 1 : 1… Lihat selengkapnya","asal speed gak sering diatas 110 km/jam dapat lah 1 : 19 - 24 kadang bisa sampe 26, cuma klo sering main sped diatas itu 1 : 1… lihat selengkapnya",Toyota Veloz,medium,community_context,False,,,,False,not_relevant,no_adas_keyword,,UNKNOWN,,,,,,,
rec_95be1f8d93b14564,Toyota Veloz,VELOZ HYBRID INDONESIA,https://www.facebook.com/groups/1564504984994701,post_8,post_8_comment_59,post_8,comment,,,,Dalam kota klo bwanya santai sering mode ev rata2 1 : 20-22,https://www.facebook.com/groups/1564504984994701,2026-09-18T03:35:19Z,raw_data_run_20260918_102948_3d1b49.csv,rec_95be1f8d93b14564,False,Dalam kota klo bwanya santai sering mode ev rata2 1 : 20-22,dalam kota klo bwanya santai sering mode ev rata2 1 : 20-22,Toyota Veloz,medium,community_context,False,,,,False,not_relevant,no_adas_keyword,,UNKNOWN,,,,,,,
rec_95a490bba9792044,Toyota Veloz,VELOZ HYBRID INDONESIA,https://www.facebook.com/groups/1564504984994701,post_8,post_8_comment_60,post_8,comment,,,,Kenapa diganti? Kalau beli yg hybrid kan udah dapet dr sananya?,https://www.facebook.com/groups/1564504984994701,2026-09-18T03:35:21Z,raw_data_run_20260918_102948_3d1b49.csv,rec_95a490bba9792044,False,Kenapa diganti? Kalau beli yg hybrid kan udah dapet dr sananya?,kenapa diganti? kalau beli yg hybrid kan udah dapet dr sananya?,Toyota Veloz,medium,community_context,False,,,,False,not_relevant,no_adas_keyword,,UNKNOWN,,,,,,,
rec_dc0fd02528589eeb,Toyota Veloz,VELOZ HYBRID INDONESIA,https://www.facebook.com/groups/1564504984994701,post_8,post_8_comment_61,post_8,comment,,,,yg mana sih maksud nya?,https://www.facebook.com/groups/1564504984994701,2026-09-18T03:35:21Z,raw_data_run_20260918_102948_3d1b49.csv,rec_dc0fd02528589eeb,False,yg mana sih maksud nya?,yg mana sih maksud nya?,Toyota Veloz,medium,community_context,False,,,,False,not_relevant,no_adas_keyword,,UNKNOWN,,,,,,,
rec_57baf513a9f5dd91,Toyota Veloz,VELOZ HYBRID INDONESIA,https://www.facebook.com/groups/1564504984994701,post_9,,,post,,,,"Ronny Stefanus
  ·
1minggu
yg mana sih maksud nya?
Balas
Bagikan",https://www.facebook.com/groups/1564504984994701,2026-09-18T03:35:21Z,raw_data_run_20260918_102948_3d1b49.csv,rec_57baf513a9f5dd91,False,Ronny Stefanus · 1minggu yg mana sih maksud nya? Balas Bagikan,ronny stefanus · 1minggu yg mana sih maksud nya? balas bagikan,Toyota Veloz,medium,community_context,False,,,,False,not_relevant,no_adas_keyword,,UNKNOWN,,,,,,,
rec_034806f9f7c654a9,Toyota Veloz,VELOZ HYBRID INDONESIA,https://www.facebook.com/groups/1564504984994701,post_9,post_9_comment_1,post_9,comment,,,,"mau tanya om, ac nya veloz hybrid bisa nyala tanpa mesin bensin nyala gak ya? misal untuk istirahat di rest area selama 1 jam gitu",https://www.facebook.com/groups/1564504984994701,2026-09-18T03:35:25Z,raw_data_run_20260918_102948_3d1b49.csv,rec_034806f9f7c654a9,False,"mau tanya om, ac nya veloz hybrid bisa nyala tanpa mesin bensin nyala gak ya? misal untuk istirahat di rest area selama 1 jam gitu","mau tanya om, ac nya veloz hybrid bisa nyala tanpa mesin bensin nyala gak ya? misal untuk istirahat di rest area selama 1 jam gitu",Toyota Veloz,high,explicit_text_alias_strong,False,,,,False,not_relevant,no_adas_keyword,,UNKNOWN,,,,,,,
rec_5c5b5d45a012cb6d,Toyota Veloz,VELOZ HYBRID INDONESIA,https://www.facebook.com/groups/1564504984994701,post_9,post_9_comment_2,post_9,comment,,,,"bisa nyala tanpa mesin, tp tdk sampai 1 jam jg... intinya saat baterai sisa 40% atau 3 bar mesin akan menyala utk mengisi bate… Lihat selengkapnya",https://www.facebook.com/groups/1564504984994701,2026-09-18T03:35:25Z,raw_data_run_20260918_102948_3d1b49.csv,rec_5c5b5d45a012cb6d,False,"bisa nyala tanpa mesin, tp tdk sampai 1 jam jg... intinya saat baterai sisa 40% atau 3 bar mesin akan menyala utk mengisi bate… Lihat selengkapnya","bisa nyala tanpa mesin, tp tdk sampai 1 jam jg... intinya saat baterai sisa 40% atau 3 bar mesin akan menyala utk mengisi bate… lihat selengkapnya",Toyota Veloz,medium,community_context,False,,,,False,not_relevant,no_adas_keyword,,UNKNOWN,,,,,,,
rec_756b3859d0571d9b,Toyota Veloz,VELOZ HYBRID INDONESIA,https://www.facebook.com/groups/1564504984994701,post_9,post_9_comment_3,post_9,comment,,,,"Permisi om, mau tanya. Ada yg pernah pake skema cash bertahap om? Pembayaran nya sesuai OTR / ada tambahan lain ya?",https://www.facebook.com/groups/1564504984994701,2026-09-18T03:35:25Z,raw_data_run_20260918_102948_3d1b49.csv,rec_756b3859d0571d9b,False,"Permisi om, mau tanya. Ada yg pernah pake skema cash bertahap om? Pembayaran nya sesuai OTR / ada tambahan lain ya?","permisi om, mau tanya. ada yg pernah pake skema cash bertahap om? pembayaran nya sesuai otr / ada tambahan lain ya?",Toyota Veloz,medium,community_context,False,,,,False,not_relevant,no_adas_keyword,,UNKNOWN,,,,,,,
rec_2a62685d9f641b0c,Toyota Veloz,VELOZ HYBRID INDONESIA,https://www.facebook.com/groups/1564504984994701,post_9,post_9_comment_4,post_9,comment,,,,Ambil cash aja harga OTR...dapat cash back... free asuransi All risk 1 tahun...free asesoris...yang punya dana cash adalah raja...bebas open Nego,https://www.facebook.com/groups/1564504984994701,2026-09-18T03:35:25Z,raw_data_run_20260918_102948_3d1b49.csv,rec_2a62685d9f641b0c,False,Ambil cash aja harga OTR...dapat cash back... free asuransi All risk 1 tahun...free asesoris...yang punya dana cash adalah raja...bebas open Nego,ambil cash aja harga otr...dapat cash back... free asuransi all risk 1 tahun...free asesoris...yang punya dana cash adalah raja...bebas open nego,Toyota Veloz,medium,community_context,False,,,,False,not_relevant,no_adas_keyword,,UNKNOWN,,,,,,,
rec_e7c1009f861551a2,Toyota Veloz,VELOZ HYBRID INDONESIA,https://www.facebook.com/groups/1564504984994701,post_9,post_9_comment_5,post_9,comment,,,,"Aku kmrn nanya veloz q mau cash bertahap yang 0%, misalkan cicilan 12 bulan, kena cas asuransi sekitar 14jtan, dari 336 ditota… Lihat selengkapnya",https://www.facebook.com/groups/1564504984994701,2026-09-18T03:35:25Z,raw_data_run_20260918_102948_3d1b49.csv,rec_e7c1009f861551a2,False,"Aku kmrn nanya veloz q mau cash bertahap yang 0%, misalkan cicilan 12 bulan, kena cas asuransi sekitar 14jtan, dari 336 ditota… Lihat selengkapnya","aku kmrn nanya veloz q mau cash bertahap yang 0%, misalkan cicilan 12 bulan, kena cas asuransi sekitar 14jtan, dari 336 ditota… lihat selengkapnya",Toyota Veloz,high,explicit_text_alias_strong,False,,,,False,not_relevant,no_adas_keyword,,UNKNOWN,,,,,,,
rec_0675358449f2018b,Toyota Veloz,VELOZ HYBRID INDONESIA,https://www.facebook.com/groups/1564504984994701,post_9,post_9_comment_6,post_9,comment,,,,"Om  kalau tekan dan lepas pedal rem kaki @sering bunyi krrekkk.krekkk terutama ketika Veloz hev baru jalan n parkir. Apakah itu wajar ya atau punya kondisi yang sama 
 Terimakasih kasih sudah mw menjawab.",https://www.facebook.com/groups/1564504984994701,2026-09-18T03:35:25Z,raw_data_run_20260918_102948_3d1b49.csv,rec_0675358449f2018b,False,Om kalau tekan dan lepas pedal rem kaki [mention] bunyi krrekkk.krekkk terutama ketika Veloz hev baru jalan n parkir. Apakah itu wajar ya atau punya kondisi yang sama Terimakasih kasih sudah mw menjawab.,om kalau tekan dan lepas pedal rem kaki [mention] bunyi krrekkk.krekkk terutama ketika veloz hev baru jalan n parkir. apakah itu wajar ya atau punya kondisi yang sama terimakasih kasih sudah mw menjawab.,Toyota Veloz,high,explicit_text_alias_strong,False,,,,False,not_relevant,no_adas_keyword,,UNKNOWN,,,,,,,
rec_8b19f3bd2bb531fd,Toyota Veloz,VELOZ HYBRID INDONESIA,https://www.facebook.com/groups/1564504984994701,post_9,post_9_comment_7,post_9,comment,,,,Wajar,https://www.facebook.com/groups/1564504984994701,2026-09-18T03:35:25Z,raw_data_run_20260918_102948_3d1b49.csv,rec_8b19f3bd2bb531fd,False,Wajar,wajar,Toyota Veloz,medium,community_context,False,,,,False,not_relevant,no_adas_keyword,,UNKNOWN,,,,,,,
rec_e04ef616506b419b,Toyota Veloz,VELOZ HYBRID INDONESIA,https://www.facebook.com/groups/1564504984994701,post_9,post_9_comment_8,post_9,comment,,,,Punyaku smooth,https://www.facebook.com/groups/1564504984994701,2026-09-18T03:35:25Z,raw_data_run_20260918_102948_3d1b49.csv,rec_e04ef616506b419b,False,Punyaku smooth,punyaku smooth,Toyota Veloz,medium,community_context,True,smooth,layer_c_indonesian,,False,uncertain,functional_keywords_no_behavioural_context,low,ACC,ACC:smoothness,not_stated,uncertain,positive,smooth,unclear,medium
rec_24cc3c2821e2fdb3,Toyota Veloz,VELOZ HYBRID INDONESIA,https://www.facebook.com/groups/1564504984994701,post_9,post_9_comment_9,post_9,comment,,,,"Yang mau kredit & cash unit baru toyota dp mulai dari 5jtan dan udh coll 5 bisa dibantu untuk proses , minat bisa hubungi 0895336681497 chatherina",https://www.facebook.com/groups/1564504984994701,2026-09-18T03:35:25Z,raw_data_run_20260918_102948_3d1b49.csv,rec_24cc3c2821e2fdb3,False,"Yang mau kredit & cash unit baru toyota dp mulai dari 5jtan dan udh coll 5 bisa dibantu untuk proses , minat bisa hubungi 0895336681497 chatherina","yang mau kredit & cash unit baru toyota dp mulai dari 5jtan dan udh coll 5 bisa dibantu untuk proses , minat bisa hubungi 0895336681497 chatherina",Toyota Veloz,medium,community_context,False,,,,False,not_relevant,no_adas_keyword,,UNKNOWN,,,,,,,
rec_b770f4a28998a749,Toyota Veloz,VELOZ HYBRID INDONESIA,https://www.facebook.com/groups/1564504984994701,post_9,post_9_comment_10,post_9,comment,,,,Forum Sharing Seputar dan Jual Beli Veloz Hybrid,https://www.facebook.com/groups/1564504984994701,2026-09-18T03:35:25Z,raw_data_run_20260918_102948_3d1b49.csv,rec_b770f4a28998a749,False,Forum Sharing Seputar dan Jual Beli Veloz Hybrid,forum sharing seputar dan jual beli veloz hybrid,Toyota Veloz,high,explicit_text_alias_strong,False,,,,False,not_relevant,no_adas_keyword,,UNKNOWN,,,,,,,
rec_3b63dd74d28fbf0d,Toyota Veloz,VELOZ HYBRID INDONESIA,https://www.facebook.com/groups/1564504984994701,post_9,post_9_comment_11,post_9,comment,,,,More Info: 0812 9324 1292 (Fadly),https://www.facebook.com/groups/1564504984994701,2026-09-18T03:35:25Z,raw_data_run_20260918_102948_3d1b49.csv,rec_3b63dd74d28fbf0d,False,More Info: 0812 9324 1292 (Fadly),more info: 0812 9324 1292 (fadly),Toyota Veloz,medium,community_context,False,,,,False,not_relevant,no_adas_keyword,,UNKNOWN,,,,,,,
rec_30b19b58d9fec691,Toyota Veloz,VELOZ HYBRID INDONESIA,https://www.facebook.com/groups/1564504984994701,post_9,post_9_comment_12,post_9,comment,,,,"Paket kredit bunga super murah se-jawa timur!!!
Raffi Auto200 Surabaya : 0851-9666-2274
Veloz Q HV Modelista TSS Two Tone 
dp 107.504jt… Lihat selengkapnya",https://www.facebook.com/groups/1564504984994701,2026-09-18T03:35:27Z,raw_data_run_20260918_102948_3d1b49.csv,rec_30b19b58d9fec691,False,Paket kredit bunga super murah se-jawa timur!!! Raffi Auto200 Surabaya : 0851-9666-2274 Veloz Q HV Modelista TSS Two Tone dp 107.504jt… Lihat selengkapnya,paket kredit bunga super murah se-jawa timur!!! raffi auto200 surabaya : 0851-9666-2274 veloz q hv modelista tss two tone dp 107.504jt… lihat selengkapnya,Toyota Veloz,high,explicit_text_alias_strong,True,TSS,combined_adas,,True,uncertain,generic_adas_terms_only,low,UNKNOWN,not_stated,not_stated,uncertain,neutral,not_stated,unclear,low
rec_42caaac547408283,Toyota Veloz,VELOZ HYBRID INDONESIA,https://www.facebook.com/groups/1564504984994701,post_9,post_9_comment_13,post_9,comment,,,,Paket kredit bunga super murah se-jawa timur!!!,https://www.facebook.com/groups/1564504984994701,2026-09-18T03:35:27Z,raw_data_run_20260918_102948_3d1b49.csv,rec_42caaac547408283,False,Paket kredit bunga super murah se-jawa timur!!!,paket kredit bunga super murah se-jawa timur!!!,Toyota Veloz,medium,community_context,False,,,,False,not_relevant,no_adas_keyword,,UNKNOWN,,,,,,,
rec_149307500a3627cc,Toyota Veloz,VELOZ HYBRID INDONESIA,https://www.facebook.com/groups/1564504984994701,post_9,post_9_comment_14,post_9,comment,,,,Raffi Auto200 Surabaya : 0851-9666-2274,https://www.facebook.com/groups/1564504984994701,2026-09-18T03:35:27Z,raw_data_run_20260918_102948_3d1b49.csv,rec_149307500a3627cc,False,Raffi Auto200 Surabaya : 0851-9666-2274,raffi auto200 surabaya : 0851-9666-2274,Toyota Veloz,medium,community_context,False,,,,False,not_relevant,no_adas_keyword,,UNKNOWN,,,,,,,
rec_bd863ef2a4148883,Toyota Veloz,VELOZ HYBRID INDONESIA,https://www.facebook.com/groups/1564504984994701,post_9,post_9_comment_15,post_9,comment,,,,Veloz Q HV Modelista TSS Two Tone,https://www.facebook.com/groups/1564504984994701,2026-09-18T03:35:27Z,raw_data_run_20260918_102948_3d1b49.csv,rec_bd863ef2a4148883,False,Veloz Q HV Modelista TSS Two Tone,veloz q hv modelista tss two tone,Toyota Veloz,high,explicit_text_alias_strong,True,TSS,combined_adas,,True,uncertain,generic_adas_terms_only,low,UNKNOWN,not_stated,not_stated,uncertain,neutral,not_stated,unclear,low
rec_4058a711e95f7b50,Toyota Veloz,VELOZ HYBRID INDONESIA,https://www.facebook.com/groups/1564504984994701,post_9,post_9_comment_16,post_9,comment,,,,dp 107.504jt… Lihat selengkapnya,https://www.facebook.com/groups/1564504984994701,2026-09-18T03:35:27Z,raw_data_run_20260918_102948_3d1b49.csv,rec_4058a711e95f7b50,False,dp 107.504jt… Lihat selengkapnya,dp 107.504jt… lihat selengkapnya,Toyota Veloz,medium,community_context,False,,,,False,not_relevant,no_adas_keyword,,UNKNOWN,,,,,,,
rec_468750c1d5d2cffb,Toyota Veloz,VELOZ HYBRID INDONESIA,https://www.facebook.com/groups/1564504984994701,post_9,post_9_comment_17,post_9,comment,,,,"TESTDRIVE VELOZ HYBRID & YARIS CROSS HYBRID
Lokasi : SUMMARECON CROWN GADING (BELAKANG HI )
WAKTU : 08.00 - SELESAI
TANGGAL : 29 AGUSTUS 2026
HARI : SABTU
Lihat selengkapnya",https://www.facebook.com/groups/1564504984994701,2026-09-18T03:35:27Z,raw_data_run_20260918_102948_3d1b49.csv,rec_468750c1d5d2cffb,False,TESTDRIVE VELOZ HYBRID & YARIS CROSS HYBRID Lokasi : SUMMARECON CROWN GADING (BELAKANG HI ) WAKTU : 08.00 - SELESAI TANGGAL : 29 AGUSTUS 2026 HARI : SABTU Lihat selengkapnya,testdrive veloz hybrid & yaris cross hybrid lokasi : summarecon crown gading (belakang hi ) waktu : 08.00 - selesai tanggal : 29 agustus 2026 hari : sabtu lihat selengkapnya,Toyota Veloz,medium,multiple_mentions_context_vehicle,False,,,,False,not_relevant,no_adas_keyword,,UNKNOWN,,,,,,,
rec_9aa5c90de4d565bc,Toyota Veloz,VELOZ HYBRID INDONESIA,https://www.facebook.com/groups/1564504984994701,post_9,post_9_comment_18,post_9,comment,,,,"Upgrade mobil mu, untuk upgrade hidupmu. 
Hubungi 088227756129 #hubungikami #toyota",https://www.facebook.com/groups/1564504984994701,2026-09-18T03:35:29Z,raw_data_run_20260918_102948_3d1b49.csv,rec_9aa5c90de4d565bc,False,"Upgrade mobil mu, untuk upgrade hidupmu. Hubungi 088227756129 #hubungikami #toyota","upgrade mobil mu, untuk upgrade hidupmu. hubungi 088227756129 #hubungikami #toyota",Toyota Veloz,medium,community_context,False,,,,False,not_relevant,no_adas_keyword,,UNKNOWN,,,,,,,
rec_521b80b7d71cad4a,Toyota Veloz,VELOZ HYBRID INDONESIA,https://www.facebook.com/groups/1564504984994701,post_9,post_9_comment_19,post_9,comment,,,,"Upgrade mobil mu, untuk upgrade hidupmu.",https://www.facebook.com/groups/1564504984994701,2026-09-18T03:35:29Z,raw_data_run_20260918_102948_3d1b49.csv,rec_521b80b7d71cad4a,False,"Upgrade mobil mu, untuk upgrade hidupmu.","upgrade mobil mu, untuk upgrade hidupmu.",Toyota Veloz,medium,community_context,False,,,,False,not_relevant,no_adas_keyword,,UNKNOWN,,,,,,,
rec_3b05a58826c9603a,Toyota Veloz,VELOZ HYBRID INDONESIA,https://www.facebook.com/groups/1564504984994701,post_9,post_9_comment_20,post_9,comment,,,,Hubungi 088227756129 #hubungikami #toyota,https://www.facebook.com/groups/1564504984994701,2026-09-18T03:35:29Z,raw_data_run_20260918_102948_3d1b49.csv,rec_3b05a58826c9603a,False,Hubungi 088227756129 #hubungikami #toyota,hubungi 088227756129 #hubungikami #toyota,Toyota Veloz,medium,community_context,False,,,,False,not_relevant,no_adas_keyword,,UNKNOWN,,,,,,,
rec_4ac0f06b3647a9b6,Toyota Veloz,VELOZ HYBRID INDONESIA,https://www.facebook.com/groups/1564504984994701,post_9,post_9_comment_21,post_9,comment,,,,Ijin share suhu suhu,https://www.facebook.com/groups/1564504984994701,2026-09-18T03:35:30Z,raw_data_run_20260918_102948_3d1b49.csv,rec_4ac0f06b3647a9b6,False,Ijin share suhu suhu,ijin share suhu suhu,Toyota Veloz,medium,community_context,False,,,,False,not_relevant,no_adas_keyword,,UNKNOWN,,,,,,,
rec_0526e2db81fdc331,Toyota Veloz,VELOZ HYBRID INDONESIA,https://www.facebook.com/groups/1564504984994701,post_9,post_9_comment_22,post_9,comment,,,,"Bisa Trade in dari semua merk ke Veloz Hybrid.
New Veloz V HEV 2026
Harga : Rp303.000.000*
DP : Mulai dari 15%
Hubungi sekarang untuk jadwal Test Drive.
Lihat selengkapnya",https://www.facebook.com/groups/1564504984994701,2026-09-18T03:35:32Z,raw_data_run_20260918_102948_3d1b49.csv,rec_0526e2db81fdc331,False,Bisa Trade in dari semua merk ke Veloz Hybrid. New Veloz V HEV 2026 Harga : Rp303.000.000* DP : Mulai dari 15% Hubungi sekarang untuk jadwal Test Drive. Lihat selengkapnya,bisa trade in dari semua merk ke veloz hybrid. new veloz v hev 2026 harga : rp303.000.000* dp : mulai dari 15% hubungi sekarang untuk jadwal test drive. lihat selengkapnya,Toyota Veloz,high,explicit_text_alias_strong,False,,,,False,not_relevant,no_adas_keyword,,UNKNOWN,,,,,,,
rec_3f515e0077478f72,Toyota Veloz,VELOZ HYBRID INDONESIA,https://www.facebook.com/groups/1564504984994701,post_9,post_9_comment_23,post_9,comment,,,,Siang om Abang smua. Info dong. Sya 10 th pke av Veloz manual 1.5.rencana pngen buat dp Veloz hybrd. Niatnya klo jd 100 buat DP.sisanya buat kbutuhan rmah. klo ambil 4 th estimasi  cicilan kena brp? Dan baiknya pake tipe apa. Sebelum nya terimakasih klo mau berbagi  informasi,https://www.facebook.com/groups/1564504984994701,2026-09-18T03:35:32Z,raw_data_run_20260918_102948_3d1b49.csv,rec_3f515e0077478f72,False,Siang om Abang smua. Info dong. Sya 10 th pke av Veloz manual 1.5.rencana pngen buat dp Veloz hybrd. Niatnya klo jd 100 buat DP.sisanya buat kbutuhan rmah. klo ambil 4 th estimasi cicilan kena brp? Dan baiknya pake tipe apa. Sebelum nya terimakasih klo mau berbagi informasi,siang om abang smua. info dong. sya 10 th pke av veloz manual 1.5.rencana pngen buat dp veloz hybrd. niatnya klo jd 100 buat dp.sisanya buat kbutuhan rmah. klo ambil 4 th estimasi cicilan kena brp? dan baiknya pake tipe apa. sebelum nya terimakasih klo mau berbagi informasi,Toyota Veloz,high,explicit_text_alias_strong,False,,,,False,not_relevant,no_adas_keyword,,UNKNOWN,,,,,,,
rec_85b1ccf9cf972c17,Toyota Veloz,VELOZ HYBRID INDONESIA,https://www.facebook.com/groups/1564504984994701,post_9,post_9_comment_24,post_9,comment,,,,Mksdnya tipe apanya pak?? Apa sudah dpt??,https://www.facebook.com/groups/1564504984994701,2026-09-18T03:35:32Z,raw_data_run_20260918_102948_3d1b49.csv,rec_85b1ccf9cf972c17,False,Mksdnya tipe apanya pak?? Apa sudah dpt??,mksdnya tipe apanya pak?? apa sudah dpt??,Toyota Veloz,medium,community_context,False,,,,False,not_relevant,no_adas_keyword,,UNKNOWN,,,,,,,
rec_bc8995bcd9ddb4b4,Toyota Veloz,VELOZ HYBRID INDONESIA,https://www.facebook.com/groups/1564504984994701,post_9,post_9_comment_25,post_9,comment,,,,Bisa balas inbox pak,https://www.facebook.com/groups/1564504984994701,2026-09-18T03:35:32Z,raw_data_run_20260918_102948_3d1b49.csv,rec_bc8995bcd9ddb4b4,False,Bisa balas inbox pak,bisa balas inbox pak,Toyota Veloz,medium,community_context,False,,,,False,not_relevant,no_adas_keyword,,UNKNOWN,,,,,,,
rec_5157ae68622302dc,Toyota Veloz,VELOZ HYBRID INDONESIA,https://www.facebook.com/groups/1564504984994701,post_9,post_9_comment_26,post_9,comment,,,,"Izin beregabung
Sebelumnya perkenalkan anggota baru
Terimakasih Abg Admin yg izinkan bergabung digrup
Unit Veloz hybrid type V
Lihat selengkapnya",https://www.facebook.com/groups/1564504984994701,2026-09-18T03:35:34Z,raw_data_run_20260918_102948_3d1b49.csv,rec_5157ae68622302dc,False,Izin beregabung Sebelumnya perkenalkan anggota baru Terimakasih Abg Admin yg izinkan bergabung digrup Unit Veloz hybrid type V Lihat selengkapnya,izin beregabung sebelumnya perkenalkan anggota baru terimakasih abg admin yg izinkan bergabung digrup unit veloz hybrid type v lihat selengkapnya,Toyota Veloz,high,explicit_text_alias_strong,False,,,,False,not_relevant,no_adas_keyword,,UNKNOWN,,,,,,,
rec_b5a5931e37d227fb,Toyota Veloz,VELOZ HYBRID INDONESIA,https://www.facebook.com/groups/1564504984994701,post_9,post_9_comment_27,post_9,comment,,,,Berpengaruh..,https://www.facebook.com/groups/1564504984994701,2026-09-18T03:35:34Z,raw_data_run_20260918_102948_3d1b49.csv,rec_b5a5931e37d227fb,False,Berpengaruh..,berpengaruh..,Toyota Veloz,medium,community_context,False,,,,False,not_relevant,no_adas_keyword,,UNKNOWN,,,,,,,
rec_b108fccb22da78c4,Toyota Veloz,VELOZ HYBRID INDONESIA,https://www.facebook.com/groups/1564504984994701,post_9,post_9_comment_28,post_9,comment,,,,"Sya kmarin tanya2 mau gantu HU yg di tengah, walau dikerjain di beres, ttap batalin garansi jika suatu ada masal… Lihat selengkapnya",https://www.facebook.com/groups/1564504984994701,2026-09-18T03:35:34Z,raw_data_run_20260918_102948_3d1b49.csv,rec_b108fccb22da78c4,False,"Sya kmarin tanya2 mau gantu HU yg di tengah, walau dikerjain di beres, ttap batalin garansi jika suatu ada masal… Lihat selengkapnya","sya kmarin tanya2 mau gantu hu yg di tengah, walau dikerjain di beres, ttap batalin garansi jika suatu ada masal… lihat selengkapnya",Toyota Veloz,medium,community_context,False,,,,False,not_relevant,no_adas_keyword,,UNKNOWN,,,,,,,
rec_b251590d99234558,Toyota Veloz,VELOZ HYBRID INDONESIA,https://www.facebook.com/groups/1564504984994701,post_9,post_9_comment_29,post_9,comment,,,,masa segini?,https://www.facebook.com/groups/1564504984994701,2026-09-18T03:35:34Z,raw_data_run_20260918_102948_3d1b49.csv,rec_b251590d99234558,False,masa segini?,masa segini?,Toyota Veloz,medium,community_context,False,,,,False,not_relevant,no_adas_keyword,,UNKNOWN,,,,,,,
rec_4d0f41680a34e2ed,Toyota Veloz,VELOZ HYBRID INDONESIA,https://www.facebook.com/groups/1564504984994701,post_9,post_9_comment_30,post_9,comment,,,,"Biasa habis isi bensin itu om
coba bawa 1 jam pasti normal lagi.",https://www.facebook.com/groups/1564504984994701,2026-09-18T03:35:34Z,raw_data_run_20260918_102948_3d1b49.csv,rec_4d0f41680a34e2ed,False,Biasa habis isi bensin itu om coba bawa 1 jam pasti normal lagi.,biasa habis isi bensin itu om coba bawa 1 jam pasti normal lagi.,Toyota Veloz,medium,community_context,False,,,,False,not_relevant,no_adas_keyword,,UNKNOWN,,,,,,,
rec_3a584de8238087de,Toyota Veloz,VELOZ HYBRID INDONESIA,https://www.facebook.com/groups/1564504984994701,post_9,post_9_comment_31,post_9,comment,,,,Jaln menurun,https://www.facebook.com/groups/1564504984994701,2026-09-18T03:35:34Z,raw_data_run_20260918_102948_3d1b49.csv,rec_3a584de8238087de,False,Jaln menurun,jaln menurun,Toyota Veloz,medium,community_context,False,,,,False,not_relevant,no_adas_keyword,,UNKNOWN,,,,,,,
rec_a3f658b58ca9f3fc,Toyota Veloz,VELOZ HYBRID INDONESIA,https://www.facebook.com/groups/1564504984994701,post_9,post_9_comment_32,post_9,comment,,,,"Pertalite
mau bertanya gan.. karena keadaan di Makassar saat ini sangat kesulitan untuk mencari BBM, saya tadi antri di SPBU pertamina hampir 2 jam, dan pertamax nya habis hanya ada pertalite.. akhirnya saya isi saja pertalite krn bensinnya sisa 2 batang...
apakah tidak masalah gan?
Dan jika Hal ini terus terus terjadi dalam waktu lama, apakah itu akan merusak mesin dsb?",https://www.facebook.com/groups/1564504984994701,2026-09-18T03:35:36Z,raw_data_run_20260918_102948_3d1b49.csv,rec_a3f658b58ca9f3fc,False,"Pertalite mau bertanya gan.. karena keadaan di Makassar saat ini sangat kesulitan untuk mencari BBM, saya tadi antri di SPBU pertamina hampir 2 jam, dan pertamax nya habis hanya ada pertalite.. akhirnya saya isi saja pertalite krn bensinnya sisa 2 batang... apakah tidak masalah gan? Dan jika Hal ini terus terus terjadi dalam waktu lama, apakah itu akan merusak mesin dsb?","pertalite mau bertanya gan.. karena keadaan di makassar saat ini sangat kesulitan untuk mencari bbm, saya tadi antri di spbu pertamina hampir 2 jam, dan pertamax nya habis hanya ada pertalite.. akhirnya saya isi saja pertalite krn bensinnya sisa 2 batang... apakah tidak masalah gan? dan jika hal ini terus terus terjadi dalam waktu lama, apakah itu akan merusak mesin dsb?",Toyota Veloz,medium,community_context,False,,,,False,not_relevant,no_adas_keyword,,UNKNOWN,,,,,,,
rec_435f7fef9cb83a4a,Toyota Veloz,VELOZ HYBRID INDONESIA,https://www.facebook.com/groups/1564504984994701,post_9,post_9_comment_33,post_9,comment,,,,Gamasalah om,https://www.facebook.com/groups/1564504984994701,2026-09-18T03:35:36Z,raw_data_run_20260918_102948_3d1b49.csv,rec_435f7fef9cb83a4a,False,Gamasalah om,gamasalah om,Toyota Veloz,medium,community_context,False,,,,False,not_relevant,no_adas_keyword,,UNKNOWN,,,,,,,
rec_acac591f8c39b466,Toyota Veloz,VELOZ HYBRID INDONESIA,https://www.facebook.com/groups/1564504984994701,post_9,post_9_comment_34,post_9,comment,,,,Gak masalah,https://www.facebook.com/groups/1564504984994701,2026-09-18T03:35:36Z,raw_data_run_20260918_102948_3d1b49.csv,rec_acac591f8c39b466,False,Gak masalah,gak masalah,Toyota Veloz,medium,community_context,False,,,,False,not_relevant,no_adas_keyword,,UNKNOWN,,,,,,,
rec_bb73f7fd24c09f3e,Toyota Veloz,VELOZ HYBRID INDONESIA,https://www.facebook.com/groups/1564504984994701,post_9,post_9_comment_35,post_9,comment,,,,"Buat yang pake veloz hybrid tipe Q modelista, kalo lagi jalan trus di depan tiba2 berhenti apakah otomatis ngerem apa hanya khusus Tss sja ?",https://www.facebook.com/groups/1564504984994701,2026-09-18T03:35:37Z,raw_data_run_20260918_102948_3d1b49.csv,rec_bb73f7fd24c09f3e,False,"Buat yang pake veloz hybrid tipe Q modelista, kalo lagi jalan trus di depan tiba2 berhenti apakah otomatis ngerem apa hanya khusus Tss sja ?","buat yang pake veloz hybrid tipe q modelista, kalo lagi jalan trus di depan tiba2 berhenti apakah otomatis ngerem apa hanya khusus tss sja ?",Toyota Veloz,high,explicit_text_alias_strong,True,TSS;otomatis ngerem,"layer_c_indonesian,combined_adas",,False,relevant,functional_keywords_with_context,medium,PDA,PDA:braking,not_stated,question,neutral,not_stated,unclear,medium
rec_5b99d35f0eaa1b38,Toyota Veloz,VELOZ HYBRID INDONESIA,https://www.facebook.com/groups/1564504984994701,post_9,post_9_comment_36,post_9,comment,,,,Iya om tss nya gt.kadang klo depan bhnti kt remnya kurg injek dia nge rem sndiri.ngeselin,https://www.facebook.com/groups/1564504984994701,2026-09-18T03:35:37Z,raw_data_run_20260918_102948_3d1b49.csv,rec_5b99d35f0eaa1b38,False,Iya om tss nya gt.kadang klo depan bhnti kt remnya kurg injek dia nge rem sndiri.ngeselin,iya om tss nya gt.kadang klo depan bhnti kt remnya kurg injek dia nge rem sndiri.ngeselin,Toyota Veloz,medium,community_context,True,TSS,combined_adas,,True,uncertain,generic_adas_terms_only,low,UNKNOWN,not_stated,not_stated,uncertain,neutral,not_stated,unclear,low
rec_a765074d25cf0194,Toyota Veloz,VELOZ HYBRID INDONESIA,https://www.facebook.com/groups/1564504984994701,post_9,post_9_comment_37,post_9,comment,,,,Fitur yg membantu di jalanan jakarta khusunya pemotor yang tiba tiba nyalip dan berhenti di depan.,https://www.facebook.com/groups/1564504984994701,2026-09-18T03:35:37Z,raw_data_run_20260918_102948_3d1b49.csv,rec_a765074d25cf0194,False,Fitur yg membantu di jalanan jakarta khusunya pemotor yang tiba tiba nyalip dan berhenti di depan.,fitur yg membantu di jalanan jakarta khusunya pemotor yang tiba tiba nyalip dan berhenti di depan.,Toyota Veloz,medium,community_context,False,,,,False,not_relevant,no_adas_keyword,,UNKNOWN,,,,,,,
rec_98c3263e50b9ba27,Toyota Veloz,VELOZ HYBRID INDONESIA,https://www.facebook.com/groups/1564504984994701,post_9,post_9_comment_38,post_9,comment,,,,"Toyota Veloz Q CVT 2023
Harga Cash 228 jt Nego
An Pribadi
Pajak Panjang 8-2027
KM 53 rb
Lihat selengkapnya",https://www.facebook.com/groups/1564504984994701,2026-09-18T03:35:37Z,raw_data_run_20260918_102948_3d1b49.csv,rec_98c3263e50b9ba27,False,Toyota Veloz Q CVT 2023 Harga Cash 228 jt Nego An Pribadi Pajak Panjang 8-2027 KM 53 rb Lihat selengkapnya,toyota veloz q cvt 2023 harga cash 228 jt nego an pribadi pajak panjang 8-2027 km 53 rb lihat selengkapnya,Toyota Veloz,high,explicit_text_alias_strong,False,,,,False,not_relevant,no_adas_keyword,,UNKNOWN,,,,,,,
rec_a0ca04b6e43d79d4,Toyota Veloz,VELOZ HYBRID INDONESIA,https://www.facebook.com/groups/1564504984994701,post_9,post_9_comment_39,post_9,comment,,,,Lokasi,https://www.facebook.com/groups/1564504984994701,2026-09-18T03:35:37Z,raw_data_run_20260918_102948_3d1b49.csv,rec_a0ca04b6e43d79d4,False,Lokasi,lokasi,Toyota Veloz,medium,community_context,False,,,,False,not_relevant,no_adas_keyword,,UNKNOWN,,,,,,,
rec_9ee2752048dbcff8,Toyota Veloz,VELOZ HYBRID INDONESIA,https://www.facebook.com/groups/1564504984994701,post_9,post_9_comment_40,post_9,comment,,,,"halo, aman gx ya cuci mobil hybrid di car wash biasa?",https://www.facebook.com/groups/1564504984994701,2026-09-18T03:35:39Z,raw_data_run_20260918_102948_3d1b49.csv,rec_9ee2752048dbcff8,False,"halo, aman gx ya cuci mobil hybrid di car wash biasa?","halo, aman gx ya cuci mobil hybrid di car wash biasa?",Toyota Veloz,medium,community_context,False,,,,False,not_relevant,no_adas_keyword,,UNKNOWN,,,,,,,
rec_cf34b177d8fbb71e,Toyota Veloz,VELOZ HYBRID INDONESIA,https://www.facebook.com/groups/1564504984994701,post_9,post_9_comment_41,post_9,comment,,,,Aman omm,https://www.facebook.com/groups/1564504984994701,2026-09-18T03:35:39Z,raw_data_run_20260918_102948_3d1b49.csv,rec_cf34b177d8fbb71e,False,Aman omm,aman omm,Toyota Veloz,medium,community_context,False,,,,False,not_relevant,no_adas_keyword,,UNKNOWN,,,,,,,
rec_946601e711ea6761,Toyota Veloz,VELOZ HYBRID INDONESIA,https://www.facebook.com/groups/1564504984994701,post_9,post_9_comment_42,post_9,comment,,,,amannn,https://www.facebook.com/groups/1564504984994701,2026-09-18T03:35:39Z,raw_data_run_20260918_102948_3d1b49.csv,rec_946601e711ea6761,False,amannn,amannn,Toyota Veloz,medium,community_context,False,,,,False,not_relevant,no_adas_keyword,,UNKNOWN,,,,,,,
rec_2d6ad0cb65dcd9b9,Toyota Veloz,VELOZ HYBRID INDONESIA,https://www.facebook.com/groups/1564504984994701,post_9,post_9_comment_43,post_9,comment,,,,Ada yang ngojol pake veloz hybrid gak??,https://www.facebook.com/groups/1564504984994701,2026-09-18T03:35:41Z,raw_data_run_20260918_102948_3d1b49.csv,rec_2d6ad0cb65dcd9b9,False,Ada yang ngojol pake veloz hybrid gak??,ada yang ngojol pake veloz hybrid gak??,Toyota Veloz,high,explicit_text_alias_strong,False,,,,False,not_relevant,no_adas_keyword,,UNKNOWN,,,,,,,
rec_0910d3f77e8af319,Toyota Veloz,VELOZ HYBRID INDONESIA,https://www.facebook.com/groups/1564504984994701,post_9,post_9_comment_44,post_9,comment,,,,Ada nih emang kenapa lurr?,https://www.facebook.com/groups/1564504984994701,2026-09-18T03:35:41Z,raw_data_run_20260918_102948_3d1b49.csv,rec_0910d3f77e8af319,False,Ada nih emang kenapa lurr?,ada nih emang kenapa lurr?,Toyota Veloz,medium,community_context,False,,,,False,not_relevant,no_adas_keyword,,UNKNOWN,,,,,,,
rec_f6e531efa43f79a6,Toyota Veloz,VELOZ HYBRID INDONESIA,https://www.facebook.com/groups/1564504984994701,post_9,post_9_comment_45,post_9,comment,,,,"Setiap berkendara pakai Veloz saya, BBM dari dalam tangki berisik, terguncang-guncang, apa ada yg dengar juga ya, apa memang Veloz begitu ya",https://www.facebook.com/groups/1564504984994701,2026-09-18T03:35:41Z,raw_data_run_20260918_102948_3d1b49.csv,rec_f6e531efa43f79a6,False,"Setiap berkendara pakai Veloz saya, BBM dari dalam tangki berisik, terguncang-guncang, apa ada yg dengar juga ya, apa memang Veloz begitu ya","setiap berkendara pakai veloz saya, bbm dari dalam tangki berisik, terguncang-guncang, apa ada yg dengar juga ya, apa memang veloz begitu ya",Toyota Veloz,high,explicit_text_alias_strong,False,,,,False,not_relevant,no_adas_keyword,,UNKNOWN,,,,,,,
rec_7c1638e9c446949f,Toyota Veloz,VELOZ HYBRID INDONESIA,https://www.facebook.com/groups/1564504984994701,post_9,post_9_comment_46,post_9,comment,,,,"tlg pencerahan.a dong om2, asuransi apa yg bagus dan gampang claim.a untuk mobil baru",https://www.facebook.com/groups/1564504984994701,2026-09-18T03:35:41Z,raw_data_run_20260918_102948_3d1b49.csv,rec_7c1638e9c446949f,False,"tlg pencerahan.a dong om2, asuransi apa yg bagus dan gampang claim.a untuk mobil baru","tlg pencerahan.a dong om2, asuransi apa yg bagus dan gampang claim.a untuk mobil baru",Toyota Veloz,medium,community_context,False,,,,False,not_relevant,no_adas_keyword,,UNKNOWN,,,,,,,
rec_9c7c7f90a6a9106d,Toyota Veloz,VELOZ HYBRID INDONESIA,https://www.facebook.com/groups/1564504984994701,post_9,post_9_comment_47,post_9,comment,,,,Saya pake triva,https://www.facebook.com/groups/1564504984994701,2026-09-18T03:35:41Z,raw_data_run_20260918_102948_3d1b49.csv,rec_9c7c7f90a6a9106d,False,Saya pake triva,saya pake triva,Toyota Veloz,medium,community_context,False,,,,False,not_relevant,no_adas_keyword,,UNKNOWN,,,,,,,
rec_014bf102a716d3ce,Toyota Veloz,VELOZ HYBRID INDONESIA,https://www.facebook.com/groups/1564504984994701,post_9,post_9_comment_48,post_9,comment,,,,Daerah mana pak?,https://www.facebook.com/groups/1564504984994701,2026-09-18T03:35:41Z,raw_data_run_20260918_102948_3d1b49.csv,rec_014bf102a716d3ce,False,Daerah mana pak?,daerah mana pak?,Toyota Veloz,medium,community_context,False,,,,False,not_relevant,no_adas_keyword,,UNKNOWN,,,,,,,
rec_d87d487f2f9f9458,Toyota Veloz,VELOZ HYBRID INDONESIA,https://www.facebook.com/groups/1564504984994701,post_9,post_9_comment_49,post_9,comment,,,,"Pertanyaan yg paling mendasar dan bikin penasaran cara berkendaraan mobil hybrid....
Adakah tombol untuk memindahkan penggunaan mesin aja atau listrik aja secara manual… Lihat selengkapnya",https://www.facebook.com/groups/1564504984994701,2026-09-18T03:35:43Z,raw_data_run_20260918_102948_3d1b49.csv,rec_d87d487f2f9f9458,False,Pertanyaan yg paling mendasar dan bikin penasaran cara berkendaraan mobil hybrid.... Adakah tombol untuk memindahkan penggunaan mesin aja atau listrik aja secara manual… Lihat selengkapnya,pertanyaan yg paling mendasar dan bikin penasaran cara berkendaraan mobil hybrid.... adakah tombol untuk memindahkan penggunaan mesin aja atau listrik aja secara manual… lihat selengkapnya,Toyota Veloz,medium,community_context,False,,,,False,not_relevant,no_adas_keyword,,UNKNOWN,,,,,,,
rec_293508e5c3eeec73,Toyota Veloz,VELOZ HYBRID INDONESIA,https://www.facebook.com/groups/1564504984994701,post_9,post_9_comment_50,post_9,comment,,,,Pertanyaan yg paling mendasar dan bikin penasaran cara berkendaraan mobil hybrid....,https://www.facebook.com/groups/1564504984994701,2026-09-18T03:35:43Z,raw_data_run_20260918_102948_3d1b49.csv,rec_293508e5c3eeec73,False,Pertanyaan yg paling mendasar dan bikin penasaran cara berkendaraan mobil hybrid....,pertanyaan yg paling mendasar dan bikin penasaran cara berkendaraan mobil hybrid....,Toyota Veloz,medium,community_context,False,,,,False,not_relevant,no_adas_keyword,,UNKNOWN,,,,,,,
rec_5d0e9e3d86af0dfa,Toyota Veloz,VELOZ HYBRID INDONESIA,https://www.facebook.com/groups/1564504984994701,post_9,post_9_comment_51,post_9,comment,,,,Adakah tombol untuk memindahkan penggunaan mesin aja atau listrik aja secara manual… Lihat selengkapnya,https://www.facebook.com/groups/1564504984994701,2026-09-18T03:35:43Z,raw_data_run_20260918_102948_3d1b49.csv,rec_5d0e9e3d86af0dfa,False,Adakah tombol untuk memindahkan penggunaan mesin aja atau listrik aja secara manual… Lihat selengkapnya,adakah tombol untuk memindahkan penggunaan mesin aja atau listrik aja secara manual… lihat selengkapnya,Toyota Veloz,medium,community_context,False,,,,False,not_relevant,no_adas_keyword,,UNKNOWN,,,,,,,
rec_6ccb11f73e68feb2,Toyota Veloz,VELOZ HYBRID INDONESIA,https://www.facebook.com/groups/1564504984994701,post_9,post_9_comment_52,post_9,comment,,,,"Otomatis om, udah canggih Fiture nya KLO hybrid. Tinggal gas saja KLO batrei 3 bar nanti mesin yg nyala dan Cars baterai nya",https://www.facebook.com/groups/1564504984994701,2026-09-18T03:35:43Z,raw_data_run_20260918_102948_3d1b49.csv,rec_6ccb11f73e68feb2,False,"Otomatis om, udah canggih Fiture nya KLO hybrid. Tinggal gas saja KLO batrei 3 bar nanti mesin yg nyala dan Cars baterai nya","otomatis om, udah canggih fiture nya klo hybrid. tinggal gas saja klo batrei 3 bar nanti mesin yg nyala dan cars baterai nya",Toyota Veloz,medium,community_context,False,,,,False,not_relevant,no_adas_keyword,,UNKNOWN,,,,,,,
rec_b6e82c3633c2e8c4,Toyota Veloz,VELOZ HYBRID INDONESIA,https://www.facebook.com/groups/1564504984994701,post_9,post_9_comment_53,post_9,comment,,,,"Bawah stir sebelah kanan tu ada tombol ""eco mode"". Kalau ditekan pesannya selalu baterai tidak cukup. Apakah memang bisa dipak… Lihat selengkapnya",https://www.facebook.com/groups/1564504984994701,2026-09-18T03:35:43Z,raw_data_run_20260918_102948_3d1b49.csv,rec_b6e82c3633c2e8c4,False,"Bawah stir sebelah kanan tu ada tombol ""eco mode"". Kalau ditekan pesannya selalu baterai tidak cukup. Apakah memang bisa dipak… Lihat selengkapnya","bawah stir sebelah kanan tu ada tombol ""eco mode"". kalau ditekan pesannya selalu baterai tidak cukup. apakah memang bisa dipak… lihat selengkapnya",Toyota Veloz,medium,community_context,False,,,,False,not_relevant,no_adas_keyword,,UNKNOWN,,,,,,,
rec_bdc7248a41660a42,Toyota Veloz,VELOZ HYBRID INDONESIA,https://www.facebook.com/groups/1564504984994701,post_9,post_9_comment_54,post_9,comment,,,,"Owning Experience
Nanya suhu, kalau punya dana 220jt, prefer beli Veloz second thn 2023-2024 atau Stargzazer baru tipe tengah (Non-Adas)..
Mohon masukannya user Veloz, gimana owning experiencenya",https://www.facebook.com/groups/1564504984994701,2026-09-18T03:35:44Z,raw_data_run_20260918_102948_3d1b49.csv,rec_bdc7248a41660a42,False,"Owning Experience Nanya suhu, kalau punya dana 220jt, prefer beli Veloz second thn 2023-2024 atau Stargzazer baru tipe tengah (Non-Adas).. Mohon masukannya user Veloz, gimana owning experiencenya","owning experience nanya suhu, kalau punya dana 220jt, prefer beli veloz second thn 2023-2024 atau stargzazer baru tipe tengah (non-adas).. mohon masukannya user veloz, gimana owning experiencenya",Toyota Veloz,high,explicit_text_alias_strong,True,ADAS,combined_adas,,True,uncertain,generic_adas_terms_only,low,UNKNOWN,not_stated,not_stated,uncertain,positive,not_stated,unclear,low
rec_40d90fab75a9aa22,Toyota Veloz,VELOZ HYBRID INDONESIA,https://www.facebook.com/groups/1564504984994701,post_9,post_9_comment_55,post_9,comment,,,,Mobil baru lahh,https://www.facebook.com/groups/1564504984994701,2026-09-18T03:35:45Z,raw_data_run_20260918_102948_3d1b49.csv,rec_40d90fab75a9aa22,False,Mobil baru lahh,mobil baru lahh,Toyota Veloz,medium,community_context,False,,,,False,not_relevant,no_adas_keyword,,UNKNOWN,,,,,,,
rec_df6960a91aca71c9,Toyota Veloz,VELOZ HYBRID INDONESIA,https://www.facebook.com/groups/1564504984994701,post_9,post_9_comment_56,post_9,comment,,,,Hyundai stargazer harga pasaran bekasnya hancur karena barunya aja diskonnya gede banget,https://www.facebook.com/groups/1564504984994701,2026-09-18T03:35:45Z,raw_data_run_20260918_102948_3d1b49.csv,rec_df6960a91aca71c9,False,Hyundai stargazer harga pasaran bekasnya hancur karena barunya aja diskonnya gede banget,hyundai stargazer harga pasaran bekasnya hancur karena barunya aja diskonnya gede banget,Toyota Veloz,medium,community_context,False,,,,False,not_relevant,no_adas_keyword,,UNKNOWN,,,,,,,
rec_97a5b29e88d5bb19,Toyota Veloz,VELOZ HYBRID INDONESIA,https://www.facebook.com/groups/1564504984994701,post_9,post_9_comment_57,post_9,comment,,,,Mau tanya pake velos hybrid perliter biasanya berpa km ya mampunya untuk dalam kota,https://www.facebook.com/groups/1564504984994701,2026-09-18T03:35:45Z,raw_data_run_20260918_102948_3d1b49.csv,rec_97a5b29e88d5bb19,False,Mau tanya pake velos hybrid perliter biasanya berpa km ya mampunya untuk dalam kota,mau tanya pake velos hybrid perliter biasanya berpa km ya mampunya untuk dalam kota,Toyota Veloz,medium,community_context,False,,,,False,not_relevant,no_adas_keyword,,UNKNOWN,,,,,,,
rec_18f7a04495dcba19,Toyota Veloz,VELOZ HYBRID INDONESIA,https://www.facebook.com/groups/1564504984994701,post_9,post_9_comment_58,post_9,comment,,,,"Asal speed gak sering diatas 110 KM/jam dapat lah 1 : 19 - 24 kadang bisa sampe 26, cuma klo sering main sped diatas itu 1 : 1… Lihat selengkapnya",https://www.facebook.com/groups/1564504984994701,2026-09-18T03:35:45Z,raw_data_run_20260918_102948_3d1b49.csv,rec_18f7a04495dcba19,False,"Asal speed gak sering diatas 110 KM/jam dapat lah 1 : 19 - 24 kadang bisa sampe 26, cuma klo sering main sped diatas itu 1 : 1… Lihat selengkapnya","asal speed gak sering diatas 110 km/jam dapat lah 1 : 19 - 24 kadang bisa sampe 26, cuma klo sering main sped diatas itu 1 : 1… lihat selengkapnya",Toyota Veloz,medium,community_context,False,,,,False,not_relevant,no_adas_keyword,,UNKNOWN,,,,,,,
rec_2342ffd1fb1196ba,Toyota Veloz,VELOZ HYBRID INDONESIA,https://www.facebook.com/groups/1564504984994701,post_9,post_9_comment_59,post_9,comment,,,,Dalam kota klo bwanya santai sering mode ev rata2 1 : 20-22,https://www.facebook.com/groups/1564504984994701,2026-09-18T03:35:45Z,raw_data_run_20260918_102948_3d1b49.csv,rec_2342ffd1fb1196ba,False,Dalam kota klo bwanya santai sering mode ev rata2 1 : 20-22,dalam kota klo bwanya santai sering mode ev rata2 1 : 20-22,Toyota Veloz,medium,community_context,False,,,,False,not_relevant,no_adas_keyword,,UNKNOWN,,,,,,,
rec_551b5c4e661ef9a8,Toyota Veloz,VELOZ HYBRID INDONESIA,https://www.facebook.com/groups/1564504984994701,post_9,post_9_comment_60,post_9,comment,,,,Kenapa diganti? Kalau beli yg hybrid kan udah dapet dr sananya?,https://www.facebook.com/groups/1564504984994701,2026-09-18T03:35:46Z,raw_data_run_20260918_102948_3d1b49.csv,rec_551b5c4e661ef9a8,False,Kenapa diganti? Kalau beli yg hybrid kan udah dapet dr sananya?,kenapa diganti? kalau beli yg hybrid kan udah dapet dr sananya?,Toyota Veloz,medium,community_context,False,,,,False,not_relevant,no_adas_keyword,,UNKNOWN,,,,,,,
rec_c76d789e12792a0f,Toyota Veloz,VELOZ HYBRID INDONESIA,https://www.facebook.com/groups/1564504984994701,post_9,post_9_comment_61,post_9,comment,,,,yg mana sih maksud nya?,https://www.facebook.com/groups/1564504984994701,2026-09-18T03:35:46Z,raw_data_run_20260918_102948_3d1b49.csv,rec_c76d789e12792a0f,False,yg mana sih maksud nya?,yg mana sih maksud nya?,Toyota Veloz,medium,community_context,False,,,,False,not_relevant,no_adas_keyword,,UNKNOWN,,,,,,,
rec_fbb16b1519310bd1,Toyota Veloz,VELOZ HYBRID INDONESIA,https://www.facebook.com/groups/1564504984994701,post_10,,,post,,,,"Rian Aprilian
  ·
1minggu
Kenapa tidak direkomendasikan om ? Kabel Hybrid nya kan bukan menggantung ke bawah mobil
Balas
Bagikan",https://www.facebook.com/groups/1564504984994701,2026-09-18T03:35:46Z,raw_data_run_20260918_102948_3d1b49.csv,rec_fbb16b1519310bd1,False,Rian Aprilian · 1minggu Kenapa tidak direkomendasikan om ? Kabel Hybrid nya kan bukan menggantung ke bawah mobil Balas Bagikan,rian aprilian · 1minggu kenapa tidak direkomendasikan om ? kabel hybrid nya kan bukan menggantung ke bawah mobil balas bagikan,Toyota Veloz,medium,community_context,False,,,,False,not_relevant,no_adas_keyword,,UNKNOWN,,,,,,,
rec_0c4d5859aad93c6f,Toyota Veloz,VELOZ HYBRID INDONESIA,https://www.facebook.com/groups/1564504984994701,post_10,post_10_comment_1,post_10,comment,,,,"mau tanya om, ac nya veloz hybrid bisa nyala tanpa mesin bensin nyala gak ya? misal untuk istirahat di rest area selama 1 jam gitu",https://www.facebook.com/groups/1564504984994701,2026-09-18T03:35:50Z,raw_data_run_20260918_102948_3d1b49.csv,rec_0c4d5859aad93c6f,False,"mau tanya om, ac nya veloz hybrid bisa nyala tanpa mesin bensin nyala gak ya? misal untuk istirahat di rest area selama 1 jam gitu","mau tanya om, ac nya veloz hybrid bisa nyala tanpa mesin bensin nyala gak ya? misal untuk istirahat di rest area selama 1 jam gitu",Toyota Veloz,high,explicit_text_alias_strong,False,,,,False,not_relevant,no_adas_keyword,,UNKNOWN,,,,,,,
rec_a4a4419e84c5a9f6,Toyota Veloz,VELOZ HYBRID INDONESIA,https://www.facebook.com/groups/1564504984994701,post_10,post_10_comment_2,post_10,comment,,,,"bisa nyala tanpa mesin, tp tdk sampai 1 jam jg... intinya saat baterai sisa 40% atau 3 bar mesin akan menyala utk mengisi bate… Lihat selengkapnya",https://www.facebook.com/groups/1564504984994701,2026-09-18T03:35:50Z,raw_data_run_20260918_102948_3d1b49.csv,rec_a4a4419e84c5a9f6,False,"bisa nyala tanpa mesin, tp tdk sampai 1 jam jg... intinya saat baterai sisa 40% atau 3 bar mesin akan menyala utk mengisi bate… Lihat selengkapnya","bisa nyala tanpa mesin, tp tdk sampai 1 jam jg... intinya saat baterai sisa 40% atau 3 bar mesin akan menyala utk mengisi bate… lihat selengkapnya",Toyota Veloz,medium,community_context,False,,,,False,not_relevant,no_adas_keyword,,UNKNOWN,,,,,,,
rec_22faecc240b680d7,Toyota Veloz,VELOZ HYBRID INDONESIA,https://www.facebook.com/groups/1564504984994701,post_10,post_10_comment_3,post_10,comment,,,,Forum Sharing Seputar dan Jual Beli Veloz Hybrid,https://www.facebook.com/groups/1564504984994701,2026-09-18T03:35:50Z,raw_data_run_20260918_102948_3d1b49.csv,rec_22faecc240b680d7,False,Forum Sharing Seputar dan Jual Beli Veloz Hybrid,forum sharing seputar dan jual beli veloz hybrid,Toyota Veloz,high,explicit_text_alias_strong,False,,,,False,not_relevant,no_adas_keyword,,UNKNOWN,,,,,,,
rec_761678cbbe81128d,Toyota Veloz,VELOZ HYBRID INDONESIA,https://www.facebook.com/groups/1564504984994701,post_10,post_10_comment_4,post_10,comment,,,,More Info: 0812 9324 1292 (Fadly),https://www.facebook.com/groups/1564504984994701,2026-09-18T03:35:50Z,raw_data_run_20260918_102948_3d1b49.csv,rec_761678cbbe81128d,False,More Info: 0812 9324 1292 (Fadly),more info: 0812 9324 1292 (fadly),Toyota Veloz,medium,community_context,False,,,,False,not_relevant,no_adas_keyword,,UNKNOWN,,,,,,,
rec_13b4bf8257ff0041,Toyota Veloz,VELOZ HYBRID INDONESIA,https://www.facebook.com/groups/1564504984994701,post_10,post_10_comment_5,post_10,comment,,,,"Permisi om, mau tanya. Ada yg pernah pake skema cash bertahap om? Pembayaran nya sesuai OTR / ada tambahan lain ya?",https://www.facebook.com/groups/1564504984994701,2026-09-18T03:35:52Z,raw_data_run_20260918_102948_3d1b49.csv,rec_13b4bf8257ff0041,False,"Permisi om, mau tanya. Ada yg pernah pake skema cash bertahap om? Pembayaran nya sesuai OTR / ada tambahan lain ya?","permisi om, mau tanya. ada yg pernah pake skema cash bertahap om? pembayaran nya sesuai otr / ada tambahan lain ya?",Toyota Veloz,medium,community_context,False,,,,False,not_relevant,no_adas_keyword,,UNKNOWN,,,,,,,
rec_81439da779c35c01,Toyota Veloz,VELOZ HYBRID INDONESIA,https://www.facebook.com/groups/1564504984994701,post_10,post_10_comment_6,post_10,comment,,,,Ambil cash aja harga OTR...dapat cash back... free asuransi All risk 1 tahun...free asesoris...yang punya dana cash adalah raja...bebas open Nego,https://www.facebook.com/groups/1564504984994701,2026-09-18T03:35:52Z,raw_data_run_20260918_102948_3d1b49.csv,rec_81439da779c35c01,False,Ambil cash aja harga OTR...dapat cash back... free asuransi All risk 1 tahun...free asesoris...yang punya dana cash adalah raja...bebas open Nego,ambil cash aja harga otr...dapat cash back... free asuransi all risk 1 tahun...free asesoris...yang punya dana cash adalah raja...bebas open nego,Toyota Veloz,medium,community_context,False,,,,False,not_relevant,no_adas_keyword,,UNKNOWN,,,,,,,
rec_2804f488b2a01d92,Toyota Veloz,VELOZ HYBRID INDONESIA,https://www.facebook.com/groups/1564504984994701,post_10,post_10_comment_7,post_10,comment,,,,"Aku kmrn nanya veloz q mau cash bertahap yang 0%, misalkan cicilan 12 bulan, kena cas asuransi sekitar 14jtan, dari 336 ditota… Lihat selengkapnya",https://www.facebook.com/groups/1564504984994701,2026-09-18T03:35:52Z,raw_data_run_20260918_102948_3d1b49.csv,rec_2804f488b2a01d92,False,"Aku kmrn nanya veloz q mau cash bertahap yang 0%, misalkan cicilan 12 bulan, kena cas asuransi sekitar 14jtan, dari 336 ditota… Lihat selengkapnya","aku kmrn nanya veloz q mau cash bertahap yang 0%, misalkan cicilan 12 bulan, kena cas asuransi sekitar 14jtan, dari 336 ditota… lihat selengkapnya",Toyota Veloz,high,explicit_text_alias_strong,False,,,,False,not_relevant,no_adas_keyword,,UNKNOWN,,,,,,,
rec_5fa04274453f84b8,Toyota Veloz,VELOZ HYBRID INDONESIA,https://www.facebook.com/groups/1564504984994701,post_10,post_10_comment_8,post_10,comment,,,,"Om  kalau tekan dan lepas pedal rem kaki @sering bunyi krrekkk.krekkk terutama ketika Veloz hev baru jalan n parkir. Apakah itu wajar ya atau punya kondisi yang sama 
 Terimakasih kasih sudah mw menjawab.",https://www.facebook.com/groups/1564504984994701,2026-09-18T03:35:52Z,raw_data_run_20260918_102948_3d1b49.csv,rec_5fa04274453f84b8,False,Om kalau tekan dan lepas pedal rem kaki [mention] bunyi krrekkk.krekkk terutama ketika Veloz hev baru jalan n parkir. Apakah itu wajar ya atau punya kondisi yang sama Terimakasih kasih sudah mw menjawab.,om kalau tekan dan lepas pedal rem kaki [mention] bunyi krrekkk.krekkk terutama ketika veloz hev baru jalan n parkir. apakah itu wajar ya atau punya kondisi yang sama terimakasih kasih sudah mw menjawab.,Toyota Veloz,high,explicit_text_alias_strong,False,,,,False,not_relevant,no_adas_keyword,,UNKNOWN,,,,,,,
rec_d7d24340d3bd4331,Toyota Veloz,VELOZ HYBRID INDONESIA,https://www.facebook.com/groups/1564504984994701,post_10,post_10_comment_9,post_10,comment,,,,Wajar,https://www.facebook.com/groups/1564504984994701,2026-09-18T03:35:52Z,raw_data_run_20260918_102948_3d1b49.csv,rec_d7d24340d3bd4331,False,Wajar,wajar,Toyota Veloz,medium,community_context,False,,,,False,not_relevant,no_adas_keyword,,UNKNOWN,,,,,,,
rec_1230f5e2b089c3c1,Toyota Veloz,VELOZ HYBRID INDONESIA,https://www.facebook.com/groups/1564504984994701,post_10,post_10_comment_10,post_10,comment,,,,Punyaku smooth,https://www.facebook.com/groups/1564504984994701,2026-09-18T03:35:52Z,raw_data_run_20260918_102948_3d1b49.csv,rec_1230f5e2b089c3c1,False,Punyaku smooth,punyaku smooth,Toyota Veloz,medium,community_context,True,smooth,layer_c_indonesian,,False,uncertain,functional_keywords_no_behavioural_context,low,ACC,ACC:smoothness,not_stated,uncertain,positive,smooth,unclear,medium
rec_a6adc779399b222a,Toyota Veloz,VELOZ HYBRID INDONESIA,https://www.facebook.com/groups/1564504984994701,post_10,post_10_comment_11,post_10,comment,,,,"Yang mau kredit & cash unit baru toyota dp mulai dari 5jtan dan udh coll 5 bisa dibantu untuk proses , minat bisa hubungi 0895336681497 chatherina",https://www.facebook.com/groups/1564504984994701,2026-09-18T03:35:52Z,raw_data_run_20260918_102948_3d1b49.csv,rec_a6adc779399b222a,False,"Yang mau kredit & cash unit baru toyota dp mulai dari 5jtan dan udh coll 5 bisa dibantu untuk proses , minat bisa hubungi 0895336681497 chatherina","yang mau kredit & cash unit baru toyota dp mulai dari 5jtan dan udh coll 5 bisa dibantu untuk proses , minat bisa hubungi 0895336681497 chatherina",Toyota Veloz,medium,community_context,False,,,,False,not_relevant,no_adas_keyword,,UNKNOWN,,,,,,,
rec_c376fb7dd7963297,Toyota Veloz,VELOZ HYBRID INDONESIA,https://www.facebook.com/groups/1564504984994701,post_10,post_10_comment_12,post_10,comment,,,,"Paket kredit bunga super murah se-jawa timur!!!
Raffi Auto200 Surabaya : 0851-9666-2274
Veloz Q HV Modelista TSS Two Tone 
dp 107.504jt… Lihat selengkapnya",https://www.facebook.com/groups/1564504984994701,2026-09-18T03:35:52Z,raw_data_run_20260918_102948_3d1b49.csv,rec_c376fb7dd7963297,False,Paket kredit bunga super murah se-jawa timur!!! Raffi Auto200 Surabaya : 0851-9666-2274 Veloz Q HV Modelista TSS Two Tone dp 107.504jt… Lihat selengkapnya,paket kredit bunga super murah se-jawa timur!!! raffi auto200 surabaya : 0851-9666-2274 veloz q hv modelista tss two tone dp 107.504jt… lihat selengkapnya,Toyota Veloz,high,explicit_text_alias_strong,True,TSS,combined_adas,,True,uncertain,generic_adas_terms_only,low,UNKNOWN,not_stated,not_stated,uncertain,neutral,not_stated,unclear,low
rec_0a38ba6807b305a3,Toyota Veloz,VELOZ HYBRID INDONESIA,https://www.facebook.com/groups/1564504984994701,post_10,post_10_comment_13,post_10,comment,,,,Paket kredit bunga super murah se-jawa timur!!!,https://www.facebook.com/groups/1564504984994701,2026-09-18T03:35:52Z,raw_data_run_20260918_102948_3d1b49.csv,rec_0a38ba6807b305a3,False,Paket kredit bunga super murah se-jawa timur!!!,paket kredit bunga super murah se-jawa timur!!!,Toyota Veloz,medium,community_context,False,,,,False,not_relevant,no_adas_keyword,,UNKNOWN,,,,,,,
rec_3f340615df3c4daa,Toyota Veloz,VELOZ HYBRID INDONESIA,https://www.facebook.com/groups/1564504984994701,post_10,post_10_comment_14,post_10,comment,,,,Raffi Auto200 Surabaya : 0851-9666-2274,https://www.facebook.com/groups/1564504984994701,2026-09-18T03:35:52Z,raw_data_run_20260918_102948_3d1b49.csv,rec_3f340615df3c4daa,False,Raffi Auto200 Surabaya : 0851-9666-2274,raffi auto200 surabaya : 0851-9666-2274,Toyota Veloz,medium,community_context,False,,,,False,not_relevant,no_adas_keyword,,UNKNOWN,,,,,,,
rec_ac634fe2a33c0c59,Toyota Veloz,VELOZ HYBRID INDONESIA,https://www.facebook.com/groups/1564504984994701,post_10,post_10_comment_15,post_10,comment,,,,Veloz Q HV Modelista TSS Two Tone,https://www.facebook.com/groups/1564504984994701,2026-09-18T03:35:52Z,raw_data_run_20260918_102948_3d1b49.csv,rec_ac634fe2a33c0c59,False,Veloz Q HV Modelista TSS Two Tone,veloz q hv modelista tss two tone,Toyota Veloz,high,explicit_text_alias_strong,True,TSS,combined_adas,,True,uncertain,generic_adas_terms_only,low,UNKNOWN,not_stated,not_stated,uncertain,neutral,not_stated,unclear,low
rec_585d380836b16fee,Toyota Veloz,VELOZ HYBRID INDONESIA,https://www.facebook.com/groups/1564504984994701,post_10,post_10_comment_16,post_10,comment,,,,dp 107.504jt… Lihat selengkapnya,https://www.facebook.com/groups/1564504984994701,2026-09-18T03:35:52Z,raw_data_run_20260918_102948_3d1b49.csv,rec_585d380836b16fee,False,dp 107.504jt… Lihat selengkapnya,dp 107.504jt… lihat selengkapnya,Toyota Veloz,medium,community_context,False,,,,False,not_relevant,no_adas_keyword,,UNKNOWN,,,,,,,
rec_b528579e3b21b77a,Toyota Veloz,VELOZ HYBRID INDONESIA,https://www.facebook.com/groups/1564504984994701,post_10,post_10_comment_17,post_10,comment,,,,"TESTDRIVE VELOZ HYBRID & YARIS CROSS HYBRID
Lokasi : SUMMARECON CROWN GADING (BELAKANG HI )
WAKTU : 08.00 - SELESAI
TANGGAL : 29 AGUSTUS 2026
HARI : SABTU
Lihat selengkapnya",https://www.facebook.com/groups/1564504984994701,2026-09-18T03:35:54Z,raw_data_run_20260918_102948_3d1b49.csv,rec_b528579e3b21b77a,False,TESTDRIVE VELOZ HYBRID & YARIS CROSS HYBRID Lokasi : SUMMARECON CROWN GADING (BELAKANG HI ) WAKTU : 08.00 - SELESAI TANGGAL : 29 AGUSTUS 2026 HARI : SABTU Lihat selengkapnya,testdrive veloz hybrid & yaris cross hybrid lokasi : summarecon crown gading (belakang hi ) waktu : 08.00 - selesai tanggal : 29 agustus 2026 hari : sabtu lihat selengkapnya,Toyota Veloz,medium,multiple_mentions_context_vehicle,False,,,,False,not_relevant,no_adas_keyword,,UNKNOWN,,,,,,,
rec_c2f8b5d65923ab70,Toyota Veloz,VELOZ HYBRID INDONESIA,https://www.facebook.com/groups/1564504984994701,post_10,post_10_comment_18,post_10,comment,,,,"Upgrade mobil mu, untuk upgrade hidupmu. 
Hubungi 088227756129 #hubungikami #toyota",https://www.facebook.com/groups/1564504984994701,2026-09-18T03:35:56Z,raw_data_run_20260918_102948_3d1b49.csv,rec_c2f8b5d65923ab70,False,"Upgrade mobil mu, untuk upgrade hidupmu. Hubungi 088227756129 #hubungikami #toyota","upgrade mobil mu, untuk upgrade hidupmu. hubungi 088227756129 #hubungikami #toyota",Toyota Veloz,medium,community_context,False,,,,False,not_relevant,no_adas_keyword,,UNKNOWN,,,,,,,
rec_5af20b568365b22f,Toyota Veloz,VELOZ HYBRID INDONESIA,https://www.facebook.com/groups/1564504984994701,post_10,post_10_comment_19,post_10,comment,,,,"Upgrade mobil mu, untuk upgrade hidupmu.",https://www.facebook.com/groups/1564504984994701,2026-09-18T03:35:56Z,raw_data_run_20260918_102948_3d1b49.csv,rec_5af20b568365b22f,False,"Upgrade mobil mu, untuk upgrade hidupmu.","upgrade mobil mu, untuk upgrade hidupmu.",Toyota Veloz,medium,community_context,False,,,,False,not_relevant,no_adas_keyword,,UNKNOWN,,,,,,,
rec_3b8af17ec980377f,Toyota Veloz,VELOZ HYBRID INDONESIA,https://www.facebook.com/groups/1564504984994701,post_10,post_10_comment_20,post_10,comment,,,,Hubungi 088227756129 #hubungikami #toyota,https://www.facebook.com/groups/1564504984994701,2026-09-18T03:35:56Z,raw_data_run_20260918_102948_3d1b49.csv,rec_3b8af17ec980377f,False,Hubungi 088227756129 #hubungikami #toyota,hubungi 088227756129 #hubungikami #toyota,Toyota Veloz,medium,community_context,False,,,,False,not_relevant,no_adas_keyword,,UNKNOWN,,,,,,,
rec_62fdeba98720e089,Toyota Veloz,VELOZ HYBRID INDONESIA,https://www.facebook.com/groups/1564504984994701,post_10,post_10_comment_21,post_10,comment,,,,Ijin share suhu suhu,https://www.facebook.com/groups/1564504984994701,2026-09-18T03:35:56Z,raw_data_run_20260918_102948_3d1b49.csv,rec_62fdeba98720e089,False,Ijin share suhu suhu,ijin share suhu suhu,Toyota Veloz,medium,community_context,False,,,,False,not_relevant,no_adas_keyword,,UNKNOWN,,,,,,,
rec_8099b3d975da5505,Toyota Veloz,VELOZ HYBRID INDONESIA,https://www.facebook.com/groups/1564504984994701,post_10,post_10_comment_22,post_10,comment,,,,"Bisa Trade in dari semua merk ke Veloz Hybrid.
New Veloz V HEV 2026
Harga : Rp303.000.000*
DP : Mulai dari 15%
Hubungi sekarang untuk jadwal Test Drive.
Lihat selengkapnya",https://www.facebook.com/groups/1564504984994701,2026-09-18T03:35:58Z,raw_data_run_20260918_102948_3d1b49.csv,rec_8099b3d975da5505,False,Bisa Trade in dari semua merk ke Veloz Hybrid. New Veloz V HEV 2026 Harga : Rp303.000.000* DP : Mulai dari 15% Hubungi sekarang untuk jadwal Test Drive. Lihat selengkapnya,bisa trade in dari semua merk ke veloz hybrid. new veloz v hev 2026 harga : rp303.000.000* dp : mulai dari 15% hubungi sekarang untuk jadwal test drive. lihat selengkapnya,Toyota Veloz,high,explicit_text_alias_strong,False,,,,False,not_relevant,no_adas_keyword,,UNKNOWN,,,,,,,
rec_5ebc53b987c5846a,Toyota Veloz,VELOZ HYBRID INDONESIA,https://www.facebook.com/groups/1564504984994701,post_10,post_10_comment_23,post_10,comment,,,,Siang om Abang smua. Info dong. Sya 10 th pke av Veloz manual 1.5.rencana pngen buat dp Veloz hybrd. Niatnya klo jd 100 buat DP.sisanya buat kbutuhan rmah. klo ambil 4 th estimasi  cicilan kena brp? Dan baiknya pake tipe apa. Sebelum nya terimakasih klo mau berbagi  informasi,https://www.facebook.com/groups/1564504984994701,2026-09-18T03:35:59Z,raw_data_run_20260918_102948_3d1b49.csv,rec_5ebc53b987c5846a,False,Siang om Abang smua. Info dong. Sya 10 th pke av Veloz manual 1.5.rencana pngen buat dp Veloz hybrd. Niatnya klo jd 100 buat DP.sisanya buat kbutuhan rmah. klo ambil 4 th estimasi cicilan kena brp? Dan baiknya pake tipe apa. Sebelum nya terimakasih klo mau berbagi informasi,siang om abang smua. info dong. sya 10 th pke av veloz manual 1.5.rencana pngen buat dp veloz hybrd. niatnya klo jd 100 buat dp.sisanya buat kbutuhan rmah. klo ambil 4 th estimasi cicilan kena brp? dan baiknya pake tipe apa. sebelum nya terimakasih klo mau berbagi informasi,Toyota Veloz,high,explicit_text_alias_strong,False,,,,False,not_relevant,no_adas_keyword,,UNKNOWN,,,,,,,
rec_792aa2f4565f80e5,Toyota Veloz,VELOZ HYBRID INDONESIA,https://www.facebook.com/groups/1564504984994701,post_10,post_10_comment_24,post_10,comment,,,,Mksdnya tipe apanya pak?? Apa sudah dpt??,https://www.facebook.com/groups/1564504984994701,2026-09-18T03:35:59Z,raw_data_run_20260918_102948_3d1b49.csv,rec_792aa2f4565f80e5,False,Mksdnya tipe apanya pak?? Apa sudah dpt??,mksdnya tipe apanya pak?? apa sudah dpt??,Toyota Veloz,medium,community_context,False,,,,False,not_relevant,no_adas_keyword,,UNKNOWN,,,,,,,
rec_ed39aedba2727b78,Toyota Veloz,VELOZ HYBRID INDONESIA,https://www.facebook.com/groups/1564504984994701,post_10,post_10_comment_25,post_10,comment,,,,Bisa balas inbox pak,https://www.facebook.com/groups/1564504984994701,2026-09-18T03:35:59Z,raw_data_run_20260918_102948_3d1b49.csv,rec_ed39aedba2727b78,False,Bisa balas inbox pak,bisa balas inbox pak,Toyota Veloz,medium,community_context,False,,,,False,not_relevant,no_adas_keyword,,UNKNOWN,,,,,,,
rec_edd103929229ee66,Toyota Veloz,VELOZ HYBRID INDONESIA,https://www.facebook.com/groups/1564504984994701,post_10,post_10_comment_26,post_10,comment,,,,"Izin beregabung
Sebelumnya perkenalkan anggota baru
Terimakasih Abg Admin yg izinkan bergabung digrup
Unit Veloz hybrid type V
Lihat selengkapnya",https://www.facebook.com/groups/1564504984994701,2026-09-18T03:35:59Z,raw_data_run_20260918_102948_3d1b49.csv,rec_edd103929229ee66,False,Izin beregabung Sebelumnya perkenalkan anggota baru Terimakasih Abg Admin yg izinkan bergabung digrup Unit Veloz hybrid type V Lihat selengkapnya,izin beregabung sebelumnya perkenalkan anggota baru terimakasih abg admin yg izinkan bergabung digrup unit veloz hybrid type v lihat selengkapnya,Toyota Veloz,high,explicit_text_alias_strong,False,,,,False,not_relevant,no_adas_keyword,,UNKNOWN,,,,,,,
rec_c9f70e1ed73af201,Toyota Veloz,VELOZ HYBRID INDONESIA,https://www.facebook.com/groups/1564504984994701,post_10,post_10_comment_27,post_10,comment,,,,Berpengaruh..,https://www.facebook.com/groups/1564504984994701,2026-09-18T03:36:00Z,raw_data_run_20260918_102948_3d1b49.csv,rec_c9f70e1ed73af201,False,Berpengaruh..,berpengaruh..,Toyota Veloz,medium,community_context,False,,,,False,not_relevant,no_adas_keyword,,UNKNOWN,,,,,,,
rec_e61886f1687f6811,Toyota Veloz,VELOZ HYBRID INDONESIA,https://www.facebook.com/groups/1564504984994701,post_10,post_10_comment_28,post_10,comment,,,,"Sya kmarin tanya2 mau gantu HU yg di tengah, walau dikerjain di beres, ttap batalin garansi jika suatu ada masal… Lihat selengkapnya",https://www.facebook.com/groups/1564504984994701,2026-09-18T03:36:00Z,raw_data_run_20260918_102948_3d1b49.csv,rec_e61886f1687f6811,False,"Sya kmarin tanya2 mau gantu HU yg di tengah, walau dikerjain di beres, ttap batalin garansi jika suatu ada masal… Lihat selengkapnya","sya kmarin tanya2 mau gantu hu yg di tengah, walau dikerjain di beres, ttap batalin garansi jika suatu ada masal… lihat selengkapnya",Toyota Veloz,medium,community_context,False,,,,False,not_relevant,no_adas_keyword,,UNKNOWN,,,,,,,
rec_1c368b9a9f94a39d,Toyota Veloz,VELOZ HYBRID INDONESIA,https://www.facebook.com/groups/1564504984994701,post_10,post_10_comment_29,post_10,comment,,,,masa segini?,https://www.facebook.com/groups/1564504984994701,2026-09-18T03:36:01Z,raw_data_run_20260918_102948_3d1b49.csv,rec_1c368b9a9f94a39d,False,masa segini?,masa segini?,Toyota Veloz,medium,community_context,False,,,,False,not_relevant,no_adas_keyword,,UNKNOWN,,,,,,,
rec_b75399f56065ce53,Toyota Veloz,VELOZ HYBRID INDONESIA,https://www.facebook.com/groups/1564504984994701,post_10,post_10_comment_30,post_10,comment,,,,"Biasa habis isi bensin itu om
coba bawa 1 jam pasti normal lagi.",https://www.facebook.com/groups/1564504984994701,2026-09-18T03:36:01Z,raw_data_run_20260918_102948_3d1b49.csv,rec_b75399f56065ce53,False,Biasa habis isi bensin itu om coba bawa 1 jam pasti normal lagi.,biasa habis isi bensin itu om coba bawa 1 jam pasti normal lagi.,Toyota Veloz,medium,community_context,False,,,,False,not_relevant,no_adas_keyword,,UNKNOWN,,,,,,,
rec_d97304e529a5db98,Toyota Veloz,VELOZ HYBRID INDONESIA,https://www.facebook.com/groups/1564504984994701,post_10,post_10_comment_31,post_10,comment,,,,Jaln menurun,https://www.facebook.com/groups/1564504984994701,2026-09-18T03:36:01Z,raw_data_run_20260918_102948_3d1b49.csv,rec_d97304e529a5db98,False,Jaln menurun,jaln menurun,Toyota Veloz,medium,community_context,False,,,,False,not_relevant,no_adas_keyword,,UNKNOWN,,,,,,,
rec_083f79ff292fd829,Toyota Veloz,VELOZ HYBRID INDONESIA,https://www.facebook.com/groups/1564504984994701,post_10,post_10_comment_32,post_10,comment,,,,"Pertalite
mau bertanya gan.. karena keadaan di Makassar saat ini sangat kesulitan untuk mencari BBM, saya tadi antri di SPBU pertamina hampir 2 jam, dan pertamax nya habis hanya ada pertalite.. akhirnya saya isi saja pertalite krn bensinnya sisa 2 batang...
apakah tidak masalah gan?
Dan jika Hal ini terus terus terjadi dalam waktu lama, apakah itu akan merusak mesin dsb?",https://www.facebook.com/groups/1564504984994701,2026-09-18T03:36:03Z,raw_data_run_20260918_102948_3d1b49.csv,rec_083f79ff292fd829,False,"Pertalite mau bertanya gan.. karena keadaan di Makassar saat ini sangat kesulitan untuk mencari BBM, saya tadi antri di SPBU pertamina hampir 2 jam, dan pertamax nya habis hanya ada pertalite.. akhirnya saya isi saja pertalite krn bensinnya sisa 2 batang... apakah tidak masalah gan? Dan jika Hal ini terus terus terjadi dalam waktu lama, apakah itu akan merusak mesin dsb?","pertalite mau bertanya gan.. karena keadaan di makassar saat ini sangat kesulitan untuk mencari bbm, saya tadi antri di spbu pertamina hampir 2 jam, dan pertamax nya habis hanya ada pertalite.. akhirnya saya isi saja pertalite krn bensinnya sisa 2 batang... apakah tidak masalah gan? dan jika hal ini terus terus terjadi dalam waktu lama, apakah itu akan merusak mesin dsb?",Toyota Veloz,medium,community_context,False,,,,False,not_relevant,no_adas_keyword,,UNKNOWN,,,,,,,
rec_4525dcc20c50a728,Toyota Veloz,VELOZ HYBRID INDONESIA,https://www.facebook.com/groups/1564504984994701,post_10,post_10_comment_33,post_10,comment,,,,Gamasalah om,https://www.facebook.com/groups/1564504984994701,2026-09-18T03:36:03Z,raw_data_run_20260918_102948_3d1b49.csv,rec_4525dcc20c50a728,False,Gamasalah om,gamasalah om,Toyota Veloz,medium,community_context,False,,,,False,not_relevant,no_adas_keyword,,UNKNOWN,,,,,,,
rec_e4df9821d92fbffe,Toyota Veloz,VELOZ HYBRID INDONESIA,https://www.facebook.com/groups/1564504984994701,post_10,post_10_comment_34,post_10,comment,,,,Gak masalah,https://www.facebook.com/groups/1564504984994701,2026-09-18T03:36:03Z,raw_data_run_20260918_102948_3d1b49.csv,rec_e4df9821d92fbffe,False,Gak masalah,gak masalah,Toyota Veloz,medium,community_context,False,,,,False,not_relevant,no_adas_keyword,,UNKNOWN,,,,,,,
rec_568391e13608b43f,Toyota Veloz,VELOZ HYBRID INDONESIA,https://www.facebook.com/groups/1564504984994701,post_10,post_10_comment_35,post_10,comment,,,,"Buat yang pake veloz hybrid tipe Q modelista, kalo lagi jalan trus di depan tiba2 berhenti apakah otomatis ngerem apa hanya khusus Tss sja ?",https://www.facebook.com/groups/1564504984994701,2026-09-18T03:36:03Z,raw_data_run_20260918_102948_3d1b49.csv,rec_568391e13608b43f,False,"Buat yang pake veloz hybrid tipe Q modelista, kalo lagi jalan trus di depan tiba2 berhenti apakah otomatis ngerem apa hanya khusus Tss sja ?","buat yang pake veloz hybrid tipe q modelista, kalo lagi jalan trus di depan tiba2 berhenti apakah otomatis ngerem apa hanya khusus tss sja ?",Toyota Veloz,high,explicit_text_alias_strong,True,TSS;otomatis ngerem,"layer_c_indonesian,combined_adas",,False,relevant,functional_keywords_with_context,medium,PDA,PDA:braking,not_stated,question,neutral,not_stated,unclear,medium
rec_5749fc6327215b2e,Toyota Veloz,VELOZ HYBRID INDONESIA,https://www.facebook.com/groups/1564504984994701,post_10,post_10_comment_36,post_10,comment,,,,Iya om tss nya gt.kadang klo depan bhnti kt remnya kurg injek dia nge rem sndiri.ngeselin,https://www.facebook.com/groups/1564504984994701,2026-09-18T03:36:03Z,raw_data_run_20260918_102948_3d1b49.csv,rec_5749fc6327215b2e,False,Iya om tss nya gt.kadang klo depan bhnti kt remnya kurg injek dia nge rem sndiri.ngeselin,iya om tss nya gt.kadang klo depan bhnti kt remnya kurg injek dia nge rem sndiri.ngeselin,Toyota Veloz,medium,community_context,True,TSS,combined_adas,,True,uncertain,generic_adas_terms_only,low,UNKNOWN,not_stated,not_stated,uncertain,neutral,not_stated,unclear,low
rec_b2786583f51d7616,Toyota Veloz,VELOZ HYBRID INDONESIA,https://www.facebook.com/groups/1564504984994701,post_10,post_10_comment_37,post_10,comment,,,,Fitur yg membantu di jalanan jakarta khusunya pemotor yang tiba tiba nyalip dan berhenti di depan.,https://www.facebook.com/groups/1564504984994701,2026-09-18T03:36:03Z,raw_data_run_20260918_102948_3d1b49.csv,rec_b2786583f51d7616,False,Fitur yg membantu di jalanan jakarta khusunya pemotor yang tiba tiba nyalip dan berhenti di depan.,fitur yg membantu di jalanan jakarta khusunya pemotor yang tiba tiba nyalip dan berhenti di depan.,Toyota Veloz,medium,community_context,False,,,,False,not_relevant,no_adas_keyword,,UNKNOWN,,,,,,,
rec_864ef98add457caf,Toyota Veloz,VELOZ HYBRID INDONESIA,https://www.facebook.com/groups/1564504984994701,post_10,post_10_comment_38,post_10,comment,,,,"Toyota Veloz Q CVT 2023
Harga Cash 228 jt Nego
An Pribadi
Pajak Panjang 8-2027
KM 53 rb
Lihat selengkapnya",https://www.facebook.com/groups/1564504984994701,2026-09-18T03:36:06Z,raw_data_run_20260918_102948_3d1b49.csv,rec_864ef98add457caf,False,Toyota Veloz Q CVT 2023 Harga Cash 228 jt Nego An Pribadi Pajak Panjang 8-2027 KM 53 rb Lihat selengkapnya,toyota veloz q cvt 2023 harga cash 228 jt nego an pribadi pajak panjang 8-2027 km 53 rb lihat selengkapnya,Toyota Veloz,high,explicit_text_alias_strong,False,,,,False,not_relevant,no_adas_keyword,,UNKNOWN,,,,,,,
rec_8187faf069151284,Toyota Veloz,VELOZ HYBRID INDONESIA,https://www.facebook.com/groups/1564504984994701,post_10,post_10_comment_39,post_10,comment,,,,Lokasi,https://www.facebook.com/groups/1564504984994701,2026-09-18T03:36:06Z,raw_data_run_20260918_102948_3d1b49.csv,rec_8187faf069151284,False,Lokasi,lokasi,Toyota Veloz,medium,community_context,False,,,,False,not_relevant,no_adas_keyword,,UNKNOWN,,,,,,,
rec_396de080a514f403,Toyota Veloz,VELOZ HYBRID INDONESIA,https://www.facebook.com/groups/1564504984994701,post_10,post_10_comment_40,post_10,comment,,,,"halo, aman gx ya cuci mobil hybrid di car wash biasa?",https://www.facebook.com/groups/1564504984994701,2026-09-18T03:36:08Z,raw_data_run_20260918_102948_3d1b49.csv,rec_396de080a514f403,False,"halo, aman gx ya cuci mobil hybrid di car wash biasa?","halo, aman gx ya cuci mobil hybrid di car wash biasa?",Toyota Veloz,medium,community_context,False,,,,False,not_relevant,no_adas_keyword,,UNKNOWN,,,,,,,
rec_c88667297f28ed81,Toyota Veloz,VELOZ HYBRID INDONESIA,https://www.facebook.com/groups/1564504984994701,post_10,post_10_comment_41,post_10,comment,,,,Aman omm,https://www.facebook.com/groups/1564504984994701,2026-09-18T03:36:08Z,raw_data_run_20260918_102948_3d1b49.csv,rec_c88667297f28ed81,False,Aman omm,aman omm,Toyota Veloz,medium,community_context,False,,,,False,not_relevant,no_adas_keyword,,UNKNOWN,,,,,,,
rec_81253a66c4bba169,Toyota Veloz,VELOZ HYBRID INDONESIA,https://www.facebook.com/groups/1564504984994701,post_10,post_10_comment_42,post_10,comment,,,,amannn,https://www.facebook.com/groups/1564504984994701,2026-09-18T03:36:08Z,raw_data_run_20260918_102948_3d1b49.csv,rec_81253a66c4bba169,False,amannn,amannn,Toyota Veloz,medium,community_context,False,,,,False,not_relevant,no_adas_keyword,,UNKNOWN,,,,,,,
rec_102a700110e0ec73,Toyota Veloz,VELOZ HYBRID INDONESIA,https://www.facebook.com/groups/1564504984994701,post_10,post_10_comment_43,post_10,comment,,,,Ada yang ngojol pake veloz hybrid gak??,https://www.facebook.com/groups/1564504984994701,2026-09-18T03:36:08Z,raw_data_run_20260918_102948_3d1b49.csv,rec_102a700110e0ec73,False,Ada yang ngojol pake veloz hybrid gak??,ada yang ngojol pake veloz hybrid gak??,Toyota Veloz,high,explicit_text_alias_strong,False,,,,False,not_relevant,no_adas_keyword,,UNKNOWN,,,,,,,
rec_1755b32de35ed56b,Toyota Veloz,VELOZ HYBRID INDONESIA,https://www.facebook.com/groups/1564504984994701,post_10,post_10_comment_44,post_10,comment,,,,Ada nih emang kenapa lurr?,https://www.facebook.com/groups/1564504984994701,2026-09-18T03:36:08Z,raw_data_run_20260918_102948_3d1b49.csv,rec_1755b32de35ed56b,False,Ada nih emang kenapa lurr?,ada nih emang kenapa lurr?,Toyota Veloz,medium,community_context,False,,,,False,not_relevant,no_adas_keyword,,UNKNOWN,,,,,,,
rec_c92b68ca16a28577,Toyota Veloz,VELOZ HYBRID INDONESIA,https://www.facebook.com/groups/1564504984994701,post_10,post_10_comment_45,post_10,comment,,,,"Setiap berkendara pakai Veloz saya, BBM dari dalam tangki berisik, terguncang-guncang, apa ada yg dengar juga ya, apa memang Veloz begitu ya",https://www.facebook.com/groups/1564504984994701,2026-09-18T03:36:08Z,raw_data_run_20260918_102948_3d1b49.csv,rec_c92b68ca16a28577,False,"Setiap berkendara pakai Veloz saya, BBM dari dalam tangki berisik, terguncang-guncang, apa ada yg dengar juga ya, apa memang Veloz begitu ya","setiap berkendara pakai veloz saya, bbm dari dalam tangki berisik, terguncang-guncang, apa ada yg dengar juga ya, apa memang veloz begitu ya",Toyota Veloz,high,explicit_text_alias_strong,False,,,,False,not_relevant,no_adas_keyword,,UNKNOWN,,,,,,,
rec_5b6bcf103ce21f78,Toyota Veloz,VELOZ HYBRID INDONESIA,https://www.facebook.com/groups/1564504984994701,post_10,post_10_comment_46,post_10,comment,,,,"tlg pencerahan.a dong om2, asuransi apa yg bagus dan gampang claim.a untuk mobil baru",https://www.facebook.com/groups/1564504984994701,2026-09-18T03:36:10Z,raw_data_run_20260918_102948_3d1b49.csv,rec_5b6bcf103ce21f78,False,"tlg pencerahan.a dong om2, asuransi apa yg bagus dan gampang claim.a untuk mobil baru","tlg pencerahan.a dong om2, asuransi apa yg bagus dan gampang claim.a untuk mobil baru",Toyota Veloz,medium,community_context,False,,,,False,not_relevant,no_adas_keyword,,UNKNOWN,,,,,,,
rec_6ce65c81f95426ec,Toyota Veloz,VELOZ HYBRID INDONESIA,https://www.facebook.com/groups/1564504984994701,post_10,post_10_comment_47,post_10,comment,,,,Saya pake triva,https://www.facebook.com/groups/1564504984994701,2026-09-18T03:36:10Z,raw_data_run_20260918_102948_3d1b49.csv,rec_6ce65c81f95426ec,False,Saya pake triva,saya pake triva,Toyota Veloz,medium,community_context,False,,,,False,not_relevant,no_adas_keyword,,UNKNOWN,,,,,,,
rec_bc2cc43932269fa9,Toyota Veloz,VELOZ HYBRID INDONESIA,https://www.facebook.com/groups/1564504984994701,post_10,post_10_comment_48,post_10,comment,,,,Daerah mana pak?,https://www.facebook.com/groups/1564504984994701,2026-09-18T03:36:10Z,raw_data_run_20260918_102948_3d1b49.csv,rec_bc2cc43932269fa9,False,Daerah mana pak?,daerah mana pak?,Toyota Veloz,medium,community_context,False,,,,False,not_relevant,no_adas_keyword,,UNKNOWN,,,,,,,
rec_53cdc59db9b87e93,Toyota Veloz,VELOZ HYBRID INDONESIA,https://www.facebook.com/groups/1564504984994701,post_10,post_10_comment_49,post_10,comment,,,,"Pertanyaan yg paling mendasar dan bikin penasaran cara berkendaraan mobil hybrid....
Adakah tombol untuk memindahkan penggunaan mesin aja atau listrik aja secara manual… Lihat selengkapnya",https://www.facebook.com/groups/1564504984994701,2026-09-18T03:36:10Z,raw_data_run_20260918_102948_3d1b49.csv,rec_53cdc59db9b87e93,False,Pertanyaan yg paling mendasar dan bikin penasaran cara berkendaraan mobil hybrid.... Adakah tombol untuk memindahkan penggunaan mesin aja atau listrik aja secara manual… Lihat selengkapnya,pertanyaan yg paling mendasar dan bikin penasaran cara berkendaraan mobil hybrid.... adakah tombol untuk memindahkan penggunaan mesin aja atau listrik aja secara manual… lihat selengkapnya,Toyota Veloz,medium,community_context,False,,,,False,not_relevant,no_adas_keyword,,UNKNOWN,,,,,,,
rec_c947f49eff53ea18,Toyota Veloz,VELOZ HYBRID INDONESIA,https://www.facebook.com/groups/1564504984994701,post_10,post_10_comment_50,post_10,comment,,,,Pertanyaan yg paling mendasar dan bikin penasaran cara berkendaraan mobil hybrid....,https://www.facebook.com/groups/1564504984994701,2026-09-18T03:36:10Z,raw_data_run_20260918_102948_3d1b49.csv,rec_c947f49eff53ea18,False,Pertanyaan yg paling mendasar dan bikin penasaran cara berkendaraan mobil hybrid....,pertanyaan yg paling mendasar dan bikin penasaran cara berkendaraan mobil hybrid....,Toyota Veloz,medium,community_context,False,,,,False,not_relevant,no_adas_keyword,,UNKNOWN,,,,,,,
rec_864670fd6d1aef35,Toyota Veloz,VELOZ HYBRID INDONESIA,https://www.facebook.com/groups/1564504984994701,post_10,post_10_comment_51,post_10,comment,,,,Adakah tombol untuk memindahkan penggunaan mesin aja atau listrik aja secara manual… Lihat selengkapnya,https://www.facebook.com/groups/1564504984994701,2026-09-18T03:36:10Z,raw_data_run_20260918_102948_3d1b49.csv,rec_864670fd6d1aef35,False,Adakah tombol untuk memindahkan penggunaan mesin aja atau listrik aja secara manual… Lihat selengkapnya,adakah tombol untuk memindahkan penggunaan mesin aja atau listrik aja secara manual… lihat selengkapnya,Toyota Veloz,medium,community_context,False,,,,False,not_relevant,no_adas_keyword,,UNKNOWN,,,,,,,
rec_1833dc046b69bceb,Toyota Veloz,VELOZ HYBRID INDONESIA,https://www.facebook.com/groups/1564504984994701,post_10,post_10_comment_52,post_10,comment,,,,"Otomatis om, udah canggih Fiture nya KLO hybrid. Tinggal gas saja KLO batrei 3 bar nanti mesin yg nyala dan Cars baterai nya",https://www.facebook.com/groups/1564504984994701,2026-09-18T03:36:10Z,raw_data_run_20260918_102948_3d1b49.csv,rec_1833dc046b69bceb,False,"Otomatis om, udah canggih Fiture nya KLO hybrid. Tinggal gas saja KLO batrei 3 bar nanti mesin yg nyala dan Cars baterai nya","otomatis om, udah canggih fiture nya klo hybrid. tinggal gas saja klo batrei 3 bar nanti mesin yg nyala dan cars baterai nya",Toyota Veloz,medium,community_context,False,,,,False,not_relevant,no_adas_keyword,,UNKNOWN,,,,,,,
rec_95c3f60162ecee06,Toyota Veloz,VELOZ HYBRID INDONESIA,https://www.facebook.com/groups/1564504984994701,post_10,post_10_comment_53,post_10,comment,,,,"Bawah stir sebelah kanan tu ada tombol ""eco mode"". Kalau ditekan pesannya selalu baterai tidak cukup. Apakah memang bisa dipak… Lihat selengkapnya",https://www.facebook.com/groups/1564504984994701,2026-09-18T03:36:10Z,raw_data_run_20260918_102948_3d1b49.csv,rec_95c3f60162ecee06,False,"Bawah stir sebelah kanan tu ada tombol ""eco mode"". Kalau ditekan pesannya selalu baterai tidak cukup. Apakah memang bisa dipak… Lihat selengkapnya","bawah stir sebelah kanan tu ada tombol ""eco mode"". kalau ditekan pesannya selalu baterai tidak cukup. apakah memang bisa dipak… lihat selengkapnya",Toyota Veloz,medium,community_context,False,,,,False,not_relevant,no_adas_keyword,,UNKNOWN,,,,,,,
rec_5c23e429948cc316,Toyota Veloz,VELOZ HYBRID INDONESIA,https://www.facebook.com/groups/1564504984994701,post_10,post_10_comment_54,post_10,comment,,,,"Owning Experience
Nanya suhu, kalau punya dana 220jt, prefer beli Veloz second thn 2023-2024 atau Stargzazer baru tipe tengah (Non-Adas)..
Mohon masukannya user Veloz, gimana owning experiencenya",https://www.facebook.com/groups/1564504984994701,2026-09-18T03:36:12Z,raw_data_run_20260918_102948_3d1b49.csv,rec_5c23e429948cc316,False,"Owning Experience Nanya suhu, kalau punya dana 220jt, prefer beli Veloz second thn 2023-2024 atau Stargzazer baru tipe tengah (Non-Adas).. Mohon masukannya user Veloz, gimana owning experiencenya","owning experience nanya suhu, kalau punya dana 220jt, prefer beli veloz second thn 2023-2024 atau stargzazer baru tipe tengah (non-adas).. mohon masukannya user veloz, gimana owning experiencenya",Toyota Veloz,high,explicit_text_alias_strong,True,ADAS,combined_adas,,True,uncertain,generic_adas_terms_only,low,UNKNOWN,not_stated,not_stated,uncertain,positive,not_stated,unclear,low
rec_18b3c1d26d904c5a,Toyota Veloz,VELOZ HYBRID INDONESIA,https://www.facebook.com/groups/1564504984994701,post_10,post_10_comment_55,post_10,comment,,,,Mobil baru lahh,https://www.facebook.com/groups/1564504984994701,2026-09-18T03:36:12Z,raw_data_run_20260918_102948_3d1b49.csv,rec_18b3c1d26d904c5a,False,Mobil baru lahh,mobil baru lahh,Toyota Veloz,medium,community_context,False,,,,False,not_relevant,no_adas_keyword,,UNKNOWN,,,,,,,
rec_f9cce0a8bd15c6aa,Toyota Veloz,VELOZ HYBRID INDONESIA,https://www.facebook.com/groups/1564504984994701,post_10,post_10_comment_56,post_10,comment,,,,Hyundai stargazer harga pasaran bekasnya hancur karena barunya aja diskonnya gede banget,https://www.facebook.com/groups/1564504984994701,2026-09-18T03:36:12Z,raw_data_run_20260918_102948_3d1b49.csv,rec_f9cce0a8bd15c6aa,False,Hyundai stargazer harga pasaran bekasnya hancur karena barunya aja diskonnya gede banget,hyundai stargazer harga pasaran bekasnya hancur karena barunya aja diskonnya gede banget,Toyota Veloz,medium,community_context,False,,,,False,not_relevant,no_adas_keyword,,UNKNOWN,,,,,,,
rec_df5bdb08f88d2623,Toyota Veloz,VELOZ HYBRID INDONESIA,https://www.facebook.com/groups/1564504984994701,post_10,post_10_comment_57,post_10,comment,,,,Mau tanya pake velos hybrid perliter biasanya berpa km ya mampunya untuk dalam kota,https://www.facebook.com/groups/1564504984994701,2026-09-18T03:36:14Z,raw_data_run_20260918_102948_3d1b49.csv,rec_df5bdb08f88d2623,False,Mau tanya pake velos hybrid perliter biasanya berpa km ya mampunya untuk dalam kota,mau tanya pake velos hybrid perliter biasanya berpa km ya mampunya untuk dalam kota,Toyota Veloz,medium,community_context,False,,,,False,not_relevant,no_adas_keyword,,UNKNOWN,,,,,,,
rec_8b10e00358e567e7,Toyota Veloz,VELOZ HYBRID INDONESIA,https://www.facebook.com/groups/1564504984994701,post_10,post_10_comment_58,post_10,comment,,,,"Asal speed gak sering diatas 110 KM/jam dapat lah 1 : 19 - 24 kadang bisa sampe 26, cuma klo sering main sped diatas itu 1 : 1… Lihat selengkapnya",https://www.facebook.com/groups/1564504984994701,2026-09-18T03:36:14Z,raw_data_run_20260918_102948_3d1b49.csv,rec_8b10e00358e567e7,False,"Asal speed gak sering diatas 110 KM/jam dapat lah 1 : 19 - 24 kadang bisa sampe 26, cuma klo sering main sped diatas itu 1 : 1… Lihat selengkapnya","asal speed gak sering diatas 110 km/jam dapat lah 1 : 19 - 24 kadang bisa sampe 26, cuma klo sering main sped diatas itu 1 : 1… lihat selengkapnya",Toyota Veloz,medium,community_context,False,,,,False,not_relevant,no_adas_keyword,,UNKNOWN,,,,,,,
rec_accac916795f43c6,Toyota Veloz,VELOZ HYBRID INDONESIA,https://www.facebook.com/groups/1564504984994701,post_10,post_10_comment_59,post_10,comment,,,,Dalam kota klo bwanya santai sering mode ev rata2 1 : 20-22,https://www.facebook.com/groups/1564504984994701,2026-09-18T03:36:14Z,raw_data_run_20260918_102948_3d1b49.csv,rec_accac916795f43c6,False,Dalam kota klo bwanya santai sering mode ev rata2 1 : 20-22,dalam kota klo bwanya santai sering mode ev rata2 1 : 20-22,Toyota Veloz,medium,community_context,False,,,,False,not_relevant,no_adas_keyword,,UNKNOWN,,,,,,,
rec_dcb2380d91ef9afc,Toyota Veloz,VELOZ HYBRID INDONESIA,https://www.facebook.com/groups/1564504984994701,post_10,post_10_comment_60,post_10,comment,,,,Kenapa diganti? Kalau beli yg hybrid kan udah dapet dr sananya?,https://www.facebook.com/groups/1564504984994701,2026-09-18T03:36:14Z,raw_data_run_20260918_102948_3d1b49.csv,rec_dcb2380d91ef9afc,False,Kenapa diganti? Kalau beli yg hybrid kan udah dapet dr sananya?,kenapa diganti? kalau beli yg hybrid kan udah dapet dr sananya?,Toyota Veloz,medium,community_context,False,,,,False,not_relevant,no_adas_keyword,,UNKNOWN,,,,,,,
rec_704c600416bdee42,Toyota Veloz,VELOZ HYBRID INDONESIA,https://www.facebook.com/groups/1564504984994701,post_10,post_10_comment_61,post_10,comment,,,,yg mana sih maksud nya?,https://www.facebook.com/groups/1564504984994701,2026-09-18T03:36:14Z,raw_data_run_20260918_102948_3d1b49.csv,rec_704c600416bdee42,False,yg mana sih maksud nya?,yg mana sih maksud nya?,Toyota Veloz,medium,community_context,False,,,,False,not_relevant,no_adas_keyword,,UNKNOWN,,,,,,,
rec_f8d4bf86ef019623,Toyota Veloz,VELOZ HYBRID INDONESIA,https://www.facebook.com/groups/1564504984994701,post_11,,,post,,,,"Toro Yulian
  ·
1minggu
Sy dpt gratis dr sales nya lumayan lah ga perlu keluar uang lagi
Balas
Bagikan
2",https://www.facebook.com/groups/1564504984994701,2026-09-18T03:36:14Z,raw_data_run_20260918_102948_3d1b49.csv,rec_f8d4bf86ef019623,False,Toro Yulian · 1minggu Sy dpt gratis dr sales nya lumayan lah ga perlu keluar uang lagi Balas Bagikan 2,toro yulian · 1minggu sy dpt gratis dr sales nya lumayan lah ga perlu keluar uang lagi balas bagikan 2,Toyota Veloz,medium,community_context,False,,,,False,not_relevant,no_adas_keyword,,UNKNOWN,,,,,,,
rec_1c6d2c23581266aa,Toyota Veloz,VELOZ HYBRID INDONESIA,https://www.facebook.com/groups/1564504984994701,post_11,post_11_comment_1,post_11,comment,,,,"mau tanya om, ac nya veloz hybrid bisa nyala tanpa mesin bensin nyala gak ya? misal untuk istirahat di rest area selama 1 jam gitu",https://www.facebook.com/groups/1564504984994701,2026-09-18T03:36:18Z,raw_data_run_20260918_102948_3d1b49.csv,rec_1c6d2c23581266aa,False,"mau tanya om, ac nya veloz hybrid bisa nyala tanpa mesin bensin nyala gak ya? misal untuk istirahat di rest area selama 1 jam gitu","mau tanya om, ac nya veloz hybrid bisa nyala tanpa mesin bensin nyala gak ya? misal untuk istirahat di rest area selama 1 jam gitu",Toyota Veloz,high,explicit_text_alias_strong,False,,,,False,not_relevant,no_adas_keyword,,UNKNOWN,,,,,,,
rec_34c6255ea2ff857f,Toyota Veloz,VELOZ HYBRID INDONESIA,https://www.facebook.com/groups/1564504984994701,post_11,post_11_comment_2,post_11,comment,,,,"bisa nyala tanpa mesin, tp tdk sampai 1 jam jg... intinya saat baterai sisa 40% atau 3 bar mesin akan menyala utk mengisi bate… Lihat selengkapnya",https://www.facebook.com/groups/1564504984994701,2026-09-18T03:36:18Z,raw_data_run_20260918_102948_3d1b49.csv,rec_34c6255ea2ff857f,False,"bisa nyala tanpa mesin, tp tdk sampai 1 jam jg... intinya saat baterai sisa 40% atau 3 bar mesin akan menyala utk mengisi bate… Lihat selengkapnya","bisa nyala tanpa mesin, tp tdk sampai 1 jam jg... intinya saat baterai sisa 40% atau 3 bar mesin akan menyala utk mengisi bate… lihat selengkapnya",Toyota Veloz,medium,community_context,False,,,,False,not_relevant,no_adas_keyword,,UNKNOWN,,,,,,,
rec_97cc3488870dc8c8,Toyota Veloz,VELOZ HYBRID INDONESIA,https://www.facebook.com/groups/1564504984994701,post_11,post_11_comment_3,post_11,comment,,,,Forum Sharing Seputar dan Jual Beli Veloz Hybrid,https://www.facebook.com/groups/1564504984994701,2026-09-18T03:36:18Z,raw_data_run_20260918_102948_3d1b49.csv,rec_97cc3488870dc8c8,False,Forum Sharing Seputar dan Jual Beli Veloz Hybrid,forum sharing seputar dan jual beli veloz hybrid,Toyota Veloz,high,explicit_text_alias_strong,False,,,,False,not_relevant,no_adas_keyword,,UNKNOWN,,,,,,,
rec_4d5d6197c91a4d49,Toyota Veloz,VELOZ HYBRID INDONESIA,https://www.facebook.com/groups/1564504984994701,post_11,post_11_comment_4,post_11,comment,,,,More Info: 0812 9324 1292 (Fadly),https://www.facebook.com/groups/1564504984994701,2026-09-18T03:36:18Z,raw_data_run_20260918_102948_3d1b49.csv,rec_4d5d6197c91a4d49,False,More Info: 0812 9324 1292 (Fadly),more info: 0812 9324 1292 (fadly),Toyota Veloz,medium,community_context,False,,,,False,not_relevant,no_adas_keyword,,UNKNOWN,,,,,,,
rec_44bfea98278fee32,Toyota Veloz,VELOZ HYBRID INDONESIA,https://www.facebook.com/groups/1564504984994701,post_11,post_11_comment_5,post_11,comment,,,,"Permisi om, mau tanya. Ada yg pernah pake skema cash bertahap om? Pembayaran nya sesuai OTR / ada tambahan lain ya?",https://www.facebook.com/groups/1564504984994701,2026-09-18T03:36:20Z,raw_data_run_20260918_102948_3d1b49.csv,rec_44bfea98278fee32,False,"Permisi om, mau tanya. Ada yg pernah pake skema cash bertahap om? Pembayaran nya sesuai OTR / ada tambahan lain ya?","permisi om, mau tanya. ada yg pernah pake skema cash bertahap om? pembayaran nya sesuai otr / ada tambahan lain ya?",Toyota Veloz,medium,community_context,False,,,,False,not_relevant,no_adas_keyword,,UNKNOWN,,,,,,,
rec_52d0208a53aba844,Toyota Veloz,VELOZ HYBRID INDONESIA,https://www.facebook.com/groups/1564504984994701,post_11,post_11_comment_6,post_11,comment,,,,Ambil cash aja harga OTR...dapat cash back... free asuransi All risk 1 tahun...free asesoris...yang punya dana cash adalah raja...bebas open Nego,https://www.facebook.com/groups/1564504984994701,2026-09-18T03:36:20Z,raw_data_run_20260918_102948_3d1b49.csv,rec_52d0208a53aba844,False,Ambil cash aja harga OTR...dapat cash back... free asuransi All risk 1 tahun...free asesoris...yang punya dana cash adalah raja...bebas open Nego,ambil cash aja harga otr...dapat cash back... free asuransi all risk 1 tahun...free asesoris...yang punya dana cash adalah raja...bebas open nego,Toyota Veloz,medium,community_context,False,,,,False,not_relevant,no_adas_keyword,,UNKNOWN,,,,,,,
rec_fbc73bcec52a10a1,Toyota Veloz,VELOZ HYBRID INDONESIA,https://www.facebook.com/groups/1564504984994701,post_11,post_11_comment_7,post_11,comment,,,,"Aku kmrn nanya veloz q mau cash bertahap yang 0%, misalkan cicilan 12 bulan, kena cas asuransi sekitar 14jtan, dari 336 ditota… Lihat selengkapnya",https://www.facebook.com/groups/1564504984994701,2026-09-18T03:36:20Z,raw_data_run_20260918_102948_3d1b49.csv,rec_fbc73bcec52a10a1,False,"Aku kmrn nanya veloz q mau cash bertahap yang 0%, misalkan cicilan 12 bulan, kena cas asuransi sekitar 14jtan, dari 336 ditota… Lihat selengkapnya","aku kmrn nanya veloz q mau cash bertahap yang 0%, misalkan cicilan 12 bulan, kena cas asuransi sekitar 14jtan, dari 336 ditota… lihat selengkapnya",Toyota Veloz,high,explicit_text_alias_strong,False,,,,False,not_relevant,no_adas_keyword,,UNKNOWN,,,,,,,
rec_6127c663d136e647,Toyota Veloz,VELOZ HYBRID INDONESIA,https://www.facebook.com/groups/1564504984994701,post_11,post_11_comment_8,post_11,comment,,,,"Om  kalau tekan dan lepas pedal rem kaki @sering bunyi krrekkk.krekkk terutama ketika Veloz hev baru jalan n parkir. Apakah itu wajar ya atau punya kondisi yang sama 
 Terimakasih kasih sudah mw menjawab.",https://www.facebook.com/groups/1564504984994701,2026-09-18T03:36:20Z,raw_data_run_20260918_102948_3d1b49.csv,rec_6127c663d136e647,False,Om kalau tekan dan lepas pedal rem kaki [mention] bunyi krrekkk.krekkk terutama ketika Veloz hev baru jalan n parkir. Apakah itu wajar ya atau punya kondisi yang sama Terimakasih kasih sudah mw menjawab.,om kalau tekan dan lepas pedal rem kaki [mention] bunyi krrekkk.krekkk terutama ketika veloz hev baru jalan n parkir. apakah itu wajar ya atau punya kondisi yang sama terimakasih kasih sudah mw menjawab.,Toyota Veloz,high,explicit_text_alias_strong,False,,,,False,not_relevant,no_adas_keyword,,UNKNOWN,,,,,,,
rec_11877fd242407db5,Toyota Veloz,VELOZ HYBRID INDONESIA,https://www.facebook.com/groups/1564504984994701,post_11,post_11_comment_9,post_11,comment,,,,Wajar,https://www.facebook.com/groups/1564504984994701,2026-09-18T03:36:20Z,raw_data_run_20260918_102948_3d1b49.csv,rec_11877fd242407db5,False,Wajar,wajar,Toyota Veloz,medium,community_context,False,,,,False,not_relevant,no_adas_keyword,,UNKNOWN,,,,,,,
rec_269288a3622a008a,Toyota Veloz,VELOZ HYBRID INDONESIA,https://www.facebook.com/groups/1564504984994701,post_11,post_11_comment_10,post_11,comment,,,,Punyaku smooth,https://www.facebook.com/groups/1564504984994701,2026-09-18T03:36:20Z,raw_data_run_20260918_102948_3d1b49.csv,rec_269288a3622a008a,False,Punyaku smooth,punyaku smooth,Toyota Veloz,medium,community_context,True,smooth,layer_c_indonesian,,False,uncertain,functional_keywords_no_behavioural_context,low,ACC,ACC:smoothness,not_stated,uncertain,positive,smooth,unclear,medium
rec_3fb60a90b51372bf,Toyota Veloz,VELOZ HYBRID INDONESIA,https://www.facebook.com/groups/1564504984994701,post_11,post_11_comment_11,post_11,comment,,,,"Yang mau kredit & cash unit baru toyota dp mulai dari 5jtan dan udh coll 5 bisa dibantu untuk proses , minat bisa hubungi 0895336681497 chatherina",https://www.facebook.com/groups/1564504984994701,2026-09-18T03:36:20Z,raw_data_run_20260918_102948_3d1b49.csv,rec_3fb60a90b51372bf,False,"Yang mau kredit & cash unit baru toyota dp mulai dari 5jtan dan udh coll 5 bisa dibantu untuk proses , minat bisa hubungi 0895336681497 chatherina","yang mau kredit & cash unit baru toyota dp mulai dari 5jtan dan udh coll 5 bisa dibantu untuk proses , minat bisa hubungi 0895336681497 chatherina",Toyota Veloz,medium,community_context,False,,,,False,not_relevant,no_adas_keyword,,UNKNOWN,,,,,,,
rec_224cb97e60a0348f,Toyota Veloz,VELOZ HYBRID INDONESIA,https://www.facebook.com/groups/1564504984994701,post_11,post_11_comment_12,post_11,comment,,,,"Paket kredit bunga super murah se-jawa timur!!!
Raffi Auto200 Surabaya : 0851-9666-2274
Veloz Q HV Modelista TSS Two Tone 
dp 107.504jt… Lihat selengkapnya",https://www.facebook.com/groups/1564504984994701,2026-09-18T03:36:20Z,raw_data_run_20260918_102948_3d1b49.csv,rec_224cb97e60a0348f,False,Paket kredit bunga super murah se-jawa timur!!! Raffi Auto200 Surabaya : 0851-9666-2274 Veloz Q HV Modelista TSS Two Tone dp 107.504jt… Lihat selengkapnya,paket kredit bunga super murah se-jawa timur!!! raffi auto200 surabaya : 0851-9666-2274 veloz q hv modelista tss two tone dp 107.504jt… lihat selengkapnya,Toyota Veloz,high,explicit_text_alias_strong,True,TSS,combined_adas,,True,uncertain,generic_adas_terms_only,low,UNKNOWN,not_stated,not_stated,uncertain,neutral,not_stated,unclear,low
rec_65cf46171780b6ed,Toyota Veloz,VELOZ HYBRID INDONESIA,https://www.facebook.com/groups/1564504984994701,post_11,post_11_comment_13,post_11,comment,,,,Paket kredit bunga super murah se-jawa timur!!!,https://www.facebook.com/groups/1564504984994701,2026-09-18T03:36:20Z,raw_data_run_20260918_102948_3d1b49.csv,rec_65cf46171780b6ed,False,Paket kredit bunga super murah se-jawa timur!!!,paket kredit bunga super murah se-jawa timur!!!,Toyota Veloz,medium,community_context,False,,,,False,not_relevant,no_adas_keyword,,UNKNOWN,,,,,,,
rec_e2c6631f9900e883,Toyota Veloz,VELOZ HYBRID INDONESIA,https://www.facebook.com/groups/1564504984994701,post_11,post_11_comment_14,post_11,comment,,,,Raffi Auto200 Surabaya : 0851-9666-2274,https://www.facebook.com/groups/1564504984994701,2026-09-18T03:36:20Z,raw_data_run_20260918_102948_3d1b49.csv,rec_e2c6631f9900e883,False,Raffi Auto200 Surabaya : 0851-9666-2274,raffi auto200 surabaya : 0851-9666-2274,Toyota Veloz,medium,community_context,False,,,,False,not_relevant,no_adas_keyword,,UNKNOWN,,,,,,,
rec_769b9fe21c48c82b,Toyota Veloz,VELOZ HYBRID INDONESIA,https://www.facebook.com/groups/1564504984994701,post_11,post_11_comment_15,post_11,comment,,,,Veloz Q HV Modelista TSS Two Tone,https://www.facebook.com/groups/1564504984994701,2026-09-18T03:36:20Z,raw_data_run_20260918_102948_3d1b49.csv,rec_769b9fe21c48c82b,False,Veloz Q HV Modelista TSS Two Tone,veloz q hv modelista tss two tone,Toyota Veloz,high,explicit_text_alias_strong,True,TSS,combined_adas,,True,uncertain,generic_adas_terms_only,low,UNKNOWN,not_stated,not_stated,uncertain,neutral,not_stated,unclear,low
rec_9a7978ba0de4ce22,Toyota Veloz,VELOZ HYBRID INDONESIA,https://www.facebook.com/groups/1564504984994701,post_11,post_11_comment_16,post_11,comment,,,,dp 107.504jt… Lihat selengkapnya,https://www.facebook.com/groups/1564504984994701,2026-09-18T03:36:20Z,raw_data_run_20260918_102948_3d1b49.csv,rec_9a7978ba0de4ce22,False,dp 107.504jt… Lihat selengkapnya,dp 107.504jt… lihat selengkapnya,Toyota Veloz,medium,community_context,False,,,,False,not_relevant,no_adas_keyword,,UNKNOWN,,,,,,,
rec_d3834f4bdd2ecf70,Toyota Veloz,VELOZ HYBRID INDONESIA,https://www.facebook.com/groups/1564504984994701,post_11,post_11_comment_17,post_11,comment,,,,"TESTDRIVE VELOZ HYBRID & YARIS CROSS HYBRID
Lokasi : SUMMARECON CROWN GADING (BELAKANG HI )
WAKTU : 08.00 - SELESAI
TANGGAL : 29 AGUSTUS 2026
HARI : SABTU
Lihat selengkapnya",https://www.facebook.com/groups/1564504984994701,2026-09-18T03:36:22Z,raw_data_run_20260918_102948_3d1b49.csv,rec_d3834f4bdd2ecf70,False,TESTDRIVE VELOZ HYBRID & YARIS CROSS HYBRID Lokasi : SUMMARECON CROWN GADING (BELAKANG HI ) WAKTU : 08.00 - SELESAI TANGGAL : 29 AGUSTUS 2026 HARI : SABTU Lihat selengkapnya,testdrive veloz hybrid & yaris cross hybrid lokasi : summarecon crown gading (belakang hi ) waktu : 08.00 - selesai tanggal : 29 agustus 2026 hari : sabtu lihat selengkapnya,Toyota Veloz,medium,multiple_mentions_context_vehicle,False,,,,False,not_relevant,no_adas_keyword,,UNKNOWN,,,,,,,
rec_afc1811a3c805430,Toyota Veloz,VELOZ HYBRID INDONESIA,https://www.facebook.com/groups/1564504984994701,post_11,post_11_comment_18,post_11,comment,,,,"Upgrade mobil mu, untuk upgrade hidupmu. 
Hubungi 088227756129 #hubungikami #toyota",https://www.facebook.com/groups/1564504984994701,2026-09-18T03:36:22Z,raw_data_run_20260918_102948_3d1b49.csv,rec_afc1811a3c805430,False,"Upgrade mobil mu, untuk upgrade hidupmu. Hubungi 088227756129 #hubungikami #toyota","upgrade mobil mu, untuk upgrade hidupmu. hubungi 088227756129 #hubungikami #toyota",Toyota Veloz,medium,community_context,False,,,,False,not_relevant,no_adas_keyword,,UNKNOWN,,,,,,,
rec_e66edd14cee98807,Toyota Veloz,VELOZ HYBRID INDONESIA,https://www.facebook.com/groups/1564504984994701,post_11,post_11_comment_19,post_11,comment,,,,"Upgrade mobil mu, untuk upgrade hidupmu.",https://www.facebook.com/groups/1564504984994701,2026-09-18T03:36:22Z,raw_data_run_20260918_102948_3d1b49.csv,rec_e66edd14cee98807,False,"Upgrade mobil mu, untuk upgrade hidupmu.","upgrade mobil mu, untuk upgrade hidupmu.",Toyota Veloz,medium,community_context,False,,,,False,not_relevant,no_adas_keyword,,UNKNOWN,,,,,,,
rec_94c3dc7c301594e7,Toyota Veloz,VELOZ HYBRID INDONESIA,https://www.facebook.com/groups/1564504984994701,post_11,post_11_comment_20,post_11,comment,,,,Hubungi 088227756129 #hubungikami #toyota,https://www.facebook.com/groups/1564504984994701,2026-09-18T03:36:22Z,raw_data_run_20260918_102948_3d1b49.csv,rec_94c3dc7c301594e7,False,Hubungi 088227756129 #hubungikami #toyota,hubungi 088227756129 #hubungikami #toyota,Toyota Veloz,medium,community_context,False,,,,False,not_relevant,no_adas_keyword,,UNKNOWN,,,,,,,
rec_8a71330f294e4f41,Toyota Veloz,VELOZ HYBRID INDONESIA,https://www.facebook.com/groups/1564504984994701,post_11,post_11_comment_21,post_11,comment,,,,Ijin share suhu suhu,https://www.facebook.com/groups/1564504984994701,2026-09-18T03:36:23Z,raw_data_run_20260918_102948_3d1b49.csv,rec_8a71330f294e4f41,False,Ijin share suhu suhu,ijin share suhu suhu,Toyota Veloz,medium,community_context,False,,,,False,not_relevant,no_adas_keyword,,UNKNOWN,,,,,,,
rec_e85cee08be842ef8,Toyota Veloz,VELOZ HYBRID INDONESIA,https://www.facebook.com/groups/1564504984994701,post_11,post_11_comment_22,post_11,comment,,,,"Bisa Trade in dari semua merk ke Veloz Hybrid.
New Veloz V HEV 2026
Harga : Rp303.000.000*
DP : Mulai dari 15%
Hubungi sekarang untuk jadwal Test Drive.
Lihat selengkapnya",https://www.facebook.com/groups/1564504984994701,2026-09-18T03:36:25Z,raw_data_run_20260918_102948_3d1b49.csv,rec_e85cee08be842ef8,False,Bisa Trade in dari semua merk ke Veloz Hybrid. New Veloz V HEV 2026 Harga : Rp303.000.000* DP : Mulai dari 15% Hubungi sekarang untuk jadwal Test Drive. Lihat selengkapnya,bisa trade in dari semua merk ke veloz hybrid. new veloz v hev 2026 harga : rp303.000.000* dp : mulai dari 15% hubungi sekarang untuk jadwal test drive. lihat selengkapnya,Toyota Veloz,high,explicit_text_alias_strong,False,,,,False,not_relevant,no_adas_keyword,,UNKNOWN,,,,,,,
rec_843e0b65e9171061,Toyota Veloz,VELOZ HYBRID INDONESIA,https://www.facebook.com/groups/1564504984994701,post_11,post_11_comment_23,post_11,comment,,,,Siang om Abang smua. Info dong. Sya 10 th pke av Veloz manual 1.5.rencana pngen buat dp Veloz hybrd. Niatnya klo jd 100 buat DP.sisanya buat kbutuhan rmah. klo ambil 4 th estimasi  cicilan kena brp? Dan baiknya pake tipe apa. Sebelum nya terimakasih klo mau berbagi  informasi,https://www.facebook.com/groups/1564504984994701,2026-09-18T03:36:25Z,raw_data_run_20260918_102948_3d1b49.csv,rec_843e0b65e9171061,False,Siang om Abang smua. Info dong. Sya 10 th pke av Veloz manual 1.5.rencana pngen buat dp Veloz hybrd. Niatnya klo jd 100 buat DP.sisanya buat kbutuhan rmah. klo ambil 4 th estimasi cicilan kena brp? Dan baiknya pake tipe apa. Sebelum nya terimakasih klo mau berbagi informasi,siang om abang smua. info dong. sya 10 th pke av veloz manual 1.5.rencana pngen buat dp veloz hybrd. niatnya klo jd 100 buat dp.sisanya buat kbutuhan rmah. klo ambil 4 th estimasi cicilan kena brp? dan baiknya pake tipe apa. sebelum nya terimakasih klo mau berbagi informasi,Toyota Veloz,high,explicit_text_alias_strong,False,,,,False,not_relevant,no_adas_keyword,,UNKNOWN,,,,,,,
rec_a2575798d2001bfd,Toyota Veloz,VELOZ HYBRID INDONESIA,https://www.facebook.com/groups/1564504984994701,post_11,post_11_comment_24,post_11,comment,,,,Mksdnya tipe apanya pak?? Apa sudah dpt??,https://www.facebook.com/groups/1564504984994701,2026-09-18T03:36:25Z,raw_data_run_20260918_102948_3d1b49.csv,rec_a2575798d2001bfd,False,Mksdnya tipe apanya pak?? Apa sudah dpt??,mksdnya tipe apanya pak?? apa sudah dpt??,Toyota Veloz,medium,community_context,False,,,,False,not_relevant,no_adas_keyword,,UNKNOWN,,,,,,,
rec_b41610093c8b683b,Toyota Veloz,VELOZ HYBRID INDONESIA,https://www.facebook.com/groups/1564504984994701,post_11,post_11_comment_25,post_11,comment,,,,Bisa balas inbox pak,https://www.facebook.com/groups/1564504984994701,2026-09-18T03:36:25Z,raw_data_run_20260918_102948_3d1b49.csv,rec_b41610093c8b683b,False,Bisa balas inbox pak,bisa balas inbox pak,Toyota Veloz,medium,community_context,False,,,,False,not_relevant,no_adas_keyword,,UNKNOWN,,,,,,,
rec_e44e5440f3edcc3c,Toyota Veloz,VELOZ HYBRID INDONESIA,https://www.facebook.com/groups/1564504984994701,post_11,post_11_comment_26,post_11,comment,,,,"Izin beregabung
Sebelumnya perkenalkan anggota baru
Terimakasih Abg Admin yg izinkan bergabung digrup
Unit Veloz hybrid type V
Lihat selengkapnya",https://www.facebook.com/groups/1564504984994701,2026-09-18T03:36:27Z,raw_data_run_20260918_102948_3d1b49.csv,rec_e44e5440f3edcc3c,False,Izin beregabung Sebelumnya perkenalkan anggota baru Terimakasih Abg Admin yg izinkan bergabung digrup Unit Veloz hybrid type V Lihat selengkapnya,izin beregabung sebelumnya perkenalkan anggota baru terimakasih abg admin yg izinkan bergabung digrup unit veloz hybrid type v lihat selengkapnya,Toyota Veloz,high,explicit_text_alias_strong,False,,,,False,not_relevant,no_adas_keyword,,UNKNOWN,,,,,,,
rec_d44df82b19b30f1e,Toyota Veloz,VELOZ HYBRID INDONESIA,https://www.facebook.com/groups/1564504984994701,post_11,post_11_comment_27,post_11,comment,,,,Berpengaruh..,https://www.facebook.com/groups/1564504984994701,2026-09-18T03:36:27Z,raw_data_run_20260918_102948_3d1b49.csv,rec_d44df82b19b30f1e,False,Berpengaruh..,berpengaruh..,Toyota Veloz,medium,community_context,False,,,,False,not_relevant,no_adas_keyword,,UNKNOWN,,,,,,,
rec_40d28900d40066bb,Toyota Veloz,VELOZ HYBRID INDONESIA,https://www.facebook.com/groups/1564504984994701,post_11,post_11_comment_28,post_11,comment,,,,"Sya kmarin tanya2 mau gantu HU yg di tengah, walau dikerjain di beres, ttap batalin garansi jika suatu ada masal… Lihat selengkapnya",https://www.facebook.com/groups/1564504984994701,2026-09-18T03:36:27Z,raw_data_run_20260918_102948_3d1b49.csv,rec_40d28900d40066bb,False,"Sya kmarin tanya2 mau gantu HU yg di tengah, walau dikerjain di beres, ttap batalin garansi jika suatu ada masal… Lihat selengkapnya","sya kmarin tanya2 mau gantu hu yg di tengah, walau dikerjain di beres, ttap batalin garansi jika suatu ada masal… lihat selengkapnya",Toyota Veloz,medium,community_context,False,,,,False,not_relevant,no_adas_keyword,,UNKNOWN,,,,,,,
rec_66fdd528c4729577,Toyota Veloz,VELOZ HYBRID INDONESIA,https://www.facebook.com/groups/1564504984994701,post_11,post_11_comment_29,post_11,comment,,,,masa segini?,https://www.facebook.com/groups/1564504984994701,2026-09-18T03:36:27Z,raw_data_run_20260918_102948_3d1b49.csv,rec_66fdd528c4729577,False,masa segini?,masa segini?,Toyota Veloz,medium,community_context,False,,,,False,not_relevant,no_adas_keyword,,UNKNOWN,,,,,,,
rec_854d8674ddd2455e,Toyota Veloz,VELOZ HYBRID INDONESIA,https://www.facebook.com/groups/1564504984994701,post_11,post_11_comment_30,post_11,comment,,,,"Biasa habis isi bensin itu om
coba bawa 1 jam pasti normal lagi.",https://www.facebook.com/groups/1564504984994701,2026-09-18T03:36:27Z,raw_data_run_20260918_102948_3d1b49.csv,rec_854d8674ddd2455e,False,Biasa habis isi bensin itu om coba bawa 1 jam pasti normal lagi.,biasa habis isi bensin itu om coba bawa 1 jam pasti normal lagi.,Toyota Veloz,medium,community_context,False,,,,False,not_relevant,no_adas_keyword,,UNKNOWN,,,,,,,
rec_cee7b758df0198c7,Toyota Veloz,VELOZ HYBRID INDONESIA,https://www.facebook.com/groups/1564504984994701,post_11,post_11_comment_31,post_11,comment,,,,Jaln menurun,https://www.facebook.com/groups/1564504984994701,2026-09-18T03:36:27Z,raw_data_run_20260918_102948_3d1b49.csv,rec_cee7b758df0198c7,False,Jaln menurun,jaln menurun,Toyota Veloz,medium,community_context,False,,,,False,not_relevant,no_adas_keyword,,UNKNOWN,,,,,,,
rec_4e9f10e13c192f14,Toyota Veloz,VELOZ HYBRID INDONESIA,https://www.facebook.com/groups/1564504984994701,post_11,post_11_comment_32,post_11,comment,,,,"Pertalite
mau bertanya gan.. karena keadaan di Makassar saat ini sangat kesulitan untuk mencari BBM, saya tadi antri di SPBU pertamina hampir 2 jam, dan pertamax nya habis hanya ada pertalite.. akhirnya saya isi saja pertalite krn bensinnya sisa 2 batang...
apakah tidak masalah gan?
Dan jika Hal ini terus terus terjadi dalam waktu lama, apakah itu akan merusak mesin dsb?",https://www.facebook.com/groups/1564504984994701,2026-09-18T03:36:29Z,raw_data_run_20260918_102948_3d1b49.csv,rec_4e9f10e13c192f14,False,"Pertalite mau bertanya gan.. karena keadaan di Makassar saat ini sangat kesulitan untuk mencari BBM, saya tadi antri di SPBU pertamina hampir 2 jam, dan pertamax nya habis hanya ada pertalite.. akhirnya saya isi saja pertalite krn bensinnya sisa 2 batang... apakah tidak masalah gan? Dan jika Hal ini terus terus terjadi dalam waktu lama, apakah itu akan merusak mesin dsb?","pertalite mau bertanya gan.. karena keadaan di makassar saat ini sangat kesulitan untuk mencari bbm, saya tadi antri di spbu pertamina hampir 2 jam, dan pertamax nya habis hanya ada pertalite.. akhirnya saya isi saja pertalite krn bensinnya sisa 2 batang... apakah tidak masalah gan? dan jika hal ini terus terus terjadi dalam waktu lama, apakah itu akan merusak mesin dsb?",Toyota Veloz,medium,community_context,False,,,,False,not_relevant,no_adas_keyword,,UNKNOWN,,,,,,,
rec_a0df612d95da1413,Toyota Veloz,VELOZ HYBRID INDONESIA,https://www.facebook.com/groups/1564504984994701,post_11,post_11_comment_33,post_11,comment,,,,Gamasalah om,https://www.facebook.com/groups/1564504984994701,2026-09-18T03:36:29Z,raw_data_run_20260918_102948_3d1b49.csv,rec_a0df612d95da1413,False,Gamasalah om,gamasalah om,Toyota Veloz,medium,community_context,False,,,,False,not_relevant,no_adas_keyword,,UNKNOWN,,,,,,,
rec_1d770d158f043ffe,Toyota Veloz,VELOZ HYBRID INDONESIA,https://www.facebook.com/groups/1564504984994701,post_11,post_11_comment_34,post_11,comment,,,,Gak masalah,https://www.facebook.com/groups/1564504984994701,2026-09-18T03:36:29Z,raw_data_run_20260918_102948_3d1b49.csv,rec_1d770d158f043ffe,False,Gak masalah,gak masalah,Toyota Veloz,medium,community_context,False,,,,False,not_relevant,no_adas_keyword,,UNKNOWN,,,,,,,
rec_781e37d8a3c6629b,Toyota Veloz,VELOZ HYBRID INDONESIA,https://www.facebook.com/groups/1564504984994701,post_11,post_11_comment_35,post_11,comment,,,,"Buat yang pake veloz hybrid tipe Q modelista, kalo lagi jalan trus di depan tiba2 berhenti apakah otomatis ngerem apa hanya khusus Tss sja ?",https://www.facebook.com/groups/1564504984994701,2026-09-18T03:36:30Z,raw_data_run_20260918_102948_3d1b49.csv,rec_781e37d8a3c6629b,False,"Buat yang pake veloz hybrid tipe Q modelista, kalo lagi jalan trus di depan tiba2 berhenti apakah otomatis ngerem apa hanya khusus Tss sja ?","buat yang pake veloz hybrid tipe q modelista, kalo lagi jalan trus di depan tiba2 berhenti apakah otomatis ngerem apa hanya khusus tss sja ?",Toyota Veloz,high,explicit_text_alias_strong,True,TSS;otomatis ngerem,"layer_c_indonesian,combined_adas",,False,relevant,functional_keywords_with_context,medium,PDA,PDA:braking,not_stated,question,neutral,not_stated,unclear,medium
rec_518f8ce5ff89013c,Toyota Veloz,VELOZ HYBRID INDONESIA,https://www.facebook.com/groups/1564504984994701,post_11,post_11_comment_36,post_11,comment,,,,Iya om tss nya gt.kadang klo depan bhnti kt remnya kurg injek dia nge rem sndiri.ngeselin,https://www.facebook.com/groups/1564504984994701,2026-09-18T03:36:30Z,raw_data_run_20260918_102948_3d1b49.csv,rec_518f8ce5ff89013c,False,Iya om tss nya gt.kadang klo depan bhnti kt remnya kurg injek dia nge rem sndiri.ngeselin,iya om tss nya gt.kadang klo depan bhnti kt remnya kurg injek dia nge rem sndiri.ngeselin,Toyota Veloz,medium,community_context,True,TSS,combined_adas,,True,uncertain,generic_adas_terms_only,low,UNKNOWN,not_stated,not_stated,uncertain,neutral,not_stated,unclear,low
rec_7b1d12415719b141,Toyota Veloz,VELOZ HYBRID INDONESIA,https://www.facebook.com/groups/1564504984994701,post_11,post_11_comment_37,post_11,comment,,,,Fitur yg membantu di jalanan jakarta khusunya pemotor yang tiba tiba nyalip dan berhenti di depan.,https://www.facebook.com/groups/1564504984994701,2026-09-18T03:36:30Z,raw_data_run_20260918_102948_3d1b49.csv,rec_7b1d12415719b141,False,Fitur yg membantu di jalanan jakarta khusunya pemotor yang tiba tiba nyalip dan berhenti di depan.,fitur yg membantu di jalanan jakarta khusunya pemotor yang tiba tiba nyalip dan berhenti di depan.,Toyota Veloz,medium,community_context,False,,,,False,not_relevant,no_adas_keyword,,UNKNOWN,,,,,,,
rec_2b826c0941f22342,Toyota Veloz,VELOZ HYBRID INDONESIA,https://www.facebook.com/groups/1564504984994701,post_11,post_11_comment_38,post_11,comment,,,,"Toyota Veloz Q CVT 2023
Harga Cash 228 jt Nego
An Pribadi
Pajak Panjang 8-2027
KM 53 rb
Lihat selengkapnya",https://www.facebook.com/groups/1564504984994701,2026-09-18T03:36:30Z,raw_data_run_20260918_102948_3d1b49.csv,rec_2b826c0941f22342,False,Toyota Veloz Q CVT 2023 Harga Cash 228 jt Nego An Pribadi Pajak Panjang 8-2027 KM 53 rb Lihat selengkapnya,toyota veloz q cvt 2023 harga cash 228 jt nego an pribadi pajak panjang 8-2027 km 53 rb lihat selengkapnya,Toyota Veloz,high,explicit_text_alias_strong,False,,,,False,not_relevant,no_adas_keyword,,UNKNOWN,,,,,,,
rec_6c77c5b4e5f85528,Toyota Veloz,VELOZ HYBRID INDONESIA,https://www.facebook.com/groups/1564504984994701,post_11,post_11_comment_39,post_11,comment,,,,Lokasi,https://www.facebook.com/groups/1564504984994701,2026-09-18T03:36:30Z,raw_data_run_20260918_102948_3d1b49.csv,rec_6c77c5b4e5f85528,False,Lokasi,lokasi,Toyota Veloz,medium,community_context,False,,,,False,not_relevant,no_adas_keyword,,UNKNOWN,,,,,,,
rec_55a8f21785dff82b,Toyota Veloz,VELOZ HYBRID INDONESIA,https://www.facebook.com/groups/1564504984994701,post_11,post_11_comment_40,post_11,comment,,,,"halo, aman gx ya cuci mobil hybrid di car wash biasa?",https://www.facebook.com/groups/1564504984994701,2026-09-18T03:36:32Z,raw_data_run_20260918_102948_3d1b49.csv,rec_55a8f21785dff82b,False,"halo, aman gx ya cuci mobil hybrid di car wash biasa?","halo, aman gx ya cuci mobil hybrid di car wash biasa?",Toyota Veloz,medium,community_context,False,,,,False,not_relevant,no_adas_keyword,,UNKNOWN,,,,,,,
rec_483328572fef44a7,Toyota Veloz,VELOZ HYBRID INDONESIA,https://www.facebook.com/groups/1564504984994701,post_11,post_11_comment_41,post_11,comment,,,,Aman omm,https://www.facebook.com/groups/1564504984994701,2026-09-18T03:36:32Z,raw_data_run_20260918_102948_3d1b49.csv,rec_483328572fef44a7,False,Aman omm,aman omm,Toyota Veloz,medium,community_context,False,,,,False,not_relevant,no_adas_keyword,,UNKNOWN,,,,,,,
rec_45199a3f379bdbd8,Toyota Veloz,VELOZ HYBRID INDONESIA,https://www.facebook.com/groups/1564504984994701,post_11,post_11_comment_42,post_11,comment,,,,amannn,https://www.facebook.com/groups/1564504984994701,2026-09-18T03:36:32Z,raw_data_run_20260918_102948_3d1b49.csv,rec_45199a3f379bdbd8,False,amannn,amannn,Toyota Veloz,medium,community_context,False,,,,False,not_relevant,no_adas_keyword,,UNKNOWN,,,,,,,
rec_20a5546244ab37f6,Toyota Veloz,VELOZ HYBRID INDONESIA,https://www.facebook.com/groups/1564504984994701,post_11,post_11_comment_43,post_11,comment,,,,Ada yang ngojol pake veloz hybrid gak??,https://www.facebook.com/groups/1564504984994701,2026-09-18T03:36:34Z,raw_data_run_20260918_102948_3d1b49.csv,rec_20a5546244ab37f6,False,Ada yang ngojol pake veloz hybrid gak??,ada yang ngojol pake veloz hybrid gak??,Toyota Veloz,high,explicit_text_alias_strong,False,,,,False,not_relevant,no_adas_keyword,,UNKNOWN,,,,,,,
rec_de05bb587d88212e,Toyota Veloz,VELOZ HYBRID INDONESIA,https://www.facebook.com/groups/1564504984994701,post_11,post_11_comment_44,post_11,comment,,,,Ada nih emang kenapa lurr?,https://www.facebook.com/groups/1564504984994701,2026-09-18T03:36:34Z,raw_data_run_20260918_102948_3d1b49.csv,rec_de05bb587d88212e,False,Ada nih emang kenapa lurr?,ada nih emang kenapa lurr?,Toyota Veloz,medium,community_context,False,,,,False,not_relevant,no_adas_keyword,,UNKNOWN,,,,,,,
rec_f5a0bd4882ed3c7b,Toyota Veloz,VELOZ HYBRID INDONESIA,https://www.facebook.com/groups/1564504984994701,post_11,post_11_comment_45,post_11,comment,,,,"Setiap berkendara pakai Veloz saya, BBM dari dalam tangki berisik, terguncang-guncang, apa ada yg dengar juga ya, apa memang Veloz begitu ya",https://www.facebook.com/groups/1564504984994701,2026-09-18T03:36:34Z,raw_data_run_20260918_102948_3d1b49.csv,rec_f5a0bd4882ed3c7b,False,"Setiap berkendara pakai Veloz saya, BBM dari dalam tangki berisik, terguncang-guncang, apa ada yg dengar juga ya, apa memang Veloz begitu ya","setiap berkendara pakai veloz saya, bbm dari dalam tangki berisik, terguncang-guncang, apa ada yg dengar juga ya, apa memang veloz begitu ya",Toyota Veloz,high,explicit_text_alias_strong,False,,,,False,not_relevant,no_adas_keyword,,UNKNOWN,,,,,,,
rec_905d7b17015d6618,Toyota Veloz,VELOZ HYBRID INDONESIA,https://www.facebook.com/groups/1564504984994701,post_11,post_11_comment_46,post_11,comment,,,,"tlg pencerahan.a dong om2, asuransi apa yg bagus dan gampang claim.a untuk mobil baru",https://www.facebook.com/groups/1564504984994701,2026-09-18T03:36:34Z,raw_data_run_20260918_102948_3d1b49.csv,rec_905d7b17015d6618,False,"tlg pencerahan.a dong om2, asuransi apa yg bagus dan gampang claim.a untuk mobil baru","tlg pencerahan.a dong om2, asuransi apa yg bagus dan gampang claim.a untuk mobil baru",Toyota Veloz,medium,community_context,False,,,,False,not_relevant,no_adas_keyword,,UNKNOWN,,,,,,,
rec_efc9dec2d2d9479f,Toyota Veloz,VELOZ HYBRID INDONESIA,https://www.facebook.com/groups/1564504984994701,post_11,post_11_comment_47,post_11,comment,,,,Saya pake triva,https://www.facebook.com/groups/1564504984994701,2026-09-18T03:36:34Z,raw_data_run_20260918_102948_3d1b49.csv,rec_efc9dec2d2d9479f,False,Saya pake triva,saya pake triva,Toyota Veloz,medium,community_context,False,,,,False,not_relevant,no_adas_keyword,,UNKNOWN,,,,,,,
rec_7d1f54f3a70c3d84,Toyota Veloz,VELOZ HYBRID INDONESIA,https://www.facebook.com/groups/1564504984994701,post_11,post_11_comment_48,post_11,comment,,,,Daerah mana pak?,https://www.facebook.com/groups/1564504984994701,2026-09-18T03:36:34Z,raw_data_run_20260918_102948_3d1b49.csv,rec_7d1f54f3a70c3d84,False,Daerah mana pak?,daerah mana pak?,Toyota Veloz,medium,community_context,False,,,,False,not_relevant,no_adas_keyword,,UNKNOWN,,,,,,,
rec_fd3517e6d5c02430,Toyota Veloz,VELOZ HYBRID INDONESIA,https://www.facebook.com/groups/1564504984994701,post_11,post_11_comment_49,post_11,comment,,,,"Pertanyaan yg paling mendasar dan bikin penasaran cara berkendaraan mobil hybrid....
Adakah tombol untuk memindahkan penggunaan mesin aja atau listrik aja secara manual… Lihat selengkapnya",https://www.facebook.com/groups/1564504984994701,2026-09-18T03:36:36Z,raw_data_run_20260918_102948_3d1b49.csv,rec_fd3517e6d5c02430,False,Pertanyaan yg paling mendasar dan bikin penasaran cara berkendaraan mobil hybrid.... Adakah tombol untuk memindahkan penggunaan mesin aja atau listrik aja secara manual… Lihat selengkapnya,pertanyaan yg paling mendasar dan bikin penasaran cara berkendaraan mobil hybrid.... adakah tombol untuk memindahkan penggunaan mesin aja atau listrik aja secara manual… lihat selengkapnya,Toyota Veloz,medium,community_context,False,,,,False,not_relevant,no_adas_keyword,,UNKNOWN,,,,,,,
rec_8da062f48f541dd7,Toyota Veloz,VELOZ HYBRID INDONESIA,https://www.facebook.com/groups/1564504984994701,post_11,post_11_comment_50,post_11,comment,,,,Pertanyaan yg paling mendasar dan bikin penasaran cara berkendaraan mobil hybrid....,https://www.facebook.com/groups/1564504984994701,2026-09-18T03:36:36Z,raw_data_run_20260918_102948_3d1b49.csv,rec_8da062f48f541dd7,False,Pertanyaan yg paling mendasar dan bikin penasaran cara berkendaraan mobil hybrid....,pertanyaan yg paling mendasar dan bikin penasaran cara berkendaraan mobil hybrid....,Toyota Veloz,medium,community_context,False,,,,False,not_relevant,no_adas_keyword,,UNKNOWN,,,,,,,
rec_d833c9762b64fed1,Toyota Veloz,VELOZ HYBRID INDONESIA,https://www.facebook.com/groups/1564504984994701,post_11,post_11_comment_51,post_11,comment,,,,Adakah tombol untuk memindahkan penggunaan mesin aja atau listrik aja secara manual… Lihat selengkapnya,https://www.facebook.com/groups/1564504984994701,2026-09-18T03:36:36Z,raw_data_run_20260918_102948_3d1b49.csv,rec_d833c9762b64fed1,False,Adakah tombol untuk memindahkan penggunaan mesin aja atau listrik aja secara manual… Lihat selengkapnya,adakah tombol untuk memindahkan penggunaan mesin aja atau listrik aja secara manual… lihat selengkapnya,Toyota Veloz,medium,community_context,False,,,,False,not_relevant,no_adas_keyword,,UNKNOWN,,,,,,,
rec_6b50c458e160554e,Toyota Veloz,VELOZ HYBRID INDONESIA,https://www.facebook.com/groups/1564504984994701,post_11,post_11_comment_52,post_11,comment,,,,"Otomatis om, udah canggih Fiture nya KLO hybrid. Tinggal gas saja KLO batrei 3 bar nanti mesin yg nyala dan Cars baterai nya",https://www.facebook.com/groups/1564504984994701,2026-09-18T03:36:36Z,raw_data_run_20260918_102948_3d1b49.csv,rec_6b50c458e160554e,False,"Otomatis om, udah canggih Fiture nya KLO hybrid. Tinggal gas saja KLO batrei 3 bar nanti mesin yg nyala dan Cars baterai nya","otomatis om, udah canggih fiture nya klo hybrid. tinggal gas saja klo batrei 3 bar nanti mesin yg nyala dan cars baterai nya",Toyota Veloz,medium,community_context,False,,,,False,not_relevant,no_adas_keyword,,UNKNOWN,,,,,,,
rec_99bba7629786c8f1,Toyota Veloz,VELOZ HYBRID INDONESIA,https://www.facebook.com/groups/1564504984994701,post_11,post_11_comment_53,post_11,comment,,,,"Bawah stir sebelah kanan tu ada tombol ""eco mode"". Kalau ditekan pesannya selalu baterai tidak cukup. Apakah memang bisa dipak… Lihat selengkapnya",https://www.facebook.com/groups/1564504984994701,2026-09-18T03:36:36Z,raw_data_run_20260918_102948_3d1b49.csv,rec_99bba7629786c8f1,False,"Bawah stir sebelah kanan tu ada tombol ""eco mode"". Kalau ditekan pesannya selalu baterai tidak cukup. Apakah memang bisa dipak… Lihat selengkapnya","bawah stir sebelah kanan tu ada tombol ""eco mode"". kalau ditekan pesannya selalu baterai tidak cukup. apakah memang bisa dipak… lihat selengkapnya",Toyota Veloz,medium,community_context,False,,,,False,not_relevant,no_adas_keyword,,UNKNOWN,,,,,,,
rec_659389d8b9240b6b,Toyota Veloz,VELOZ HYBRID INDONESIA,https://www.facebook.com/groups/1564504984994701,post_11,post_11_comment_54,post_11,comment,,,,"Owning Experience
Nanya suhu, kalau punya dana 220jt, prefer beli Veloz second thn 2023-2024 atau Stargzazer baru tipe tengah (Non-Adas)..
Mohon masukannya user Veloz, gimana owning experiencenya",https://www.facebook.com/groups/1564504984994701,2026-09-18T03:36:37Z,raw_data_run_20260918_102948_3d1b49.csv,rec_659389d8b9240b6b,False,"Owning Experience Nanya suhu, kalau punya dana 220jt, prefer beli Veloz second thn 2023-2024 atau Stargzazer baru tipe tengah (Non-Adas).. Mohon masukannya user Veloz, gimana owning experiencenya","owning experience nanya suhu, kalau punya dana 220jt, prefer beli veloz second thn 2023-2024 atau stargzazer baru tipe tengah (non-adas).. mohon masukannya user veloz, gimana owning experiencenya",Toyota Veloz,high,explicit_text_alias_strong,True,ADAS,combined_adas,,True,uncertain,generic_adas_terms_only,low,UNKNOWN,not_stated,not_stated,uncertain,positive,not_stated,unclear,low
rec_0a70c5ca5f080773,Toyota Veloz,VELOZ HYBRID INDONESIA,https://www.facebook.com/groups/1564504984994701,post_11,post_11_comment_55,post_11,comment,,,,Mobil baru lahh,https://www.facebook.com/groups/1564504984994701,2026-09-18T03:36:37Z,raw_data_run_20260918_102948_3d1b49.csv,rec_0a70c5ca5f080773,False,Mobil baru lahh,mobil baru lahh,Toyota Veloz,medium,community_context,False,,,,False,not_relevant,no_adas_keyword,,UNKNOWN,,,,,,,
rec_59eeeee29db55b91,Toyota Veloz,VELOZ HYBRID INDONESIA,https://www.facebook.com/groups/1564504984994701,post_11,post_11_comment_56,post_11,comment,,,,Hyundai stargazer harga pasaran bekasnya hancur karena barunya aja diskonnya gede banget,https://www.facebook.com/groups/1564504984994701,2026-09-18T03:36:37Z,raw_data_run_20260918_102948_3d1b49.csv,rec_59eeeee29db55b91,False,Hyundai stargazer harga pasaran bekasnya hancur karena barunya aja diskonnya gede banget,hyundai stargazer harga pasaran bekasnya hancur karena barunya aja diskonnya gede banget,Toyota Veloz,medium,community_context,False,,,,False,not_relevant,no_adas_keyword,,UNKNOWN,,,,,,,
rec_cde93a50db31e1de,Toyota Veloz,VELOZ HYBRID INDONESIA,https://www.facebook.com/groups/1564504984994701,post_11,post_11_comment_57,post_11,comment,,,,Mau tanya pake velos hybrid perliter biasanya berpa km ya mampunya untuk dalam kota,https://www.facebook.com/groups/1564504984994701,2026-09-18T03:36:37Z,raw_data_run_20260918_102948_3d1b49.csv,rec_cde93a50db31e1de,False,Mau tanya pake velos hybrid perliter biasanya berpa km ya mampunya untuk dalam kota,mau tanya pake velos hybrid perliter biasanya berpa km ya mampunya untuk dalam kota,Toyota Veloz,medium,community_context,False,,,,False,not_relevant,no_adas_keyword,,UNKNOWN,,,,,,,
rec_b919d90ea43f0d68,Toyota Veloz,VELOZ HYBRID INDONESIA,https://www.facebook.com/groups/1564504984994701,post_11,post_11_comment_58,post_11,comment,,,,"Asal speed gak sering diatas 110 KM/jam dapat lah 1 : 19 - 24 kadang bisa sampe 26, cuma klo sering main sped diatas itu 1 : 1… Lihat selengkapnya",https://www.facebook.com/groups/1564504984994701,2026-09-18T03:36:37Z,raw_data_run_20260918_102948_3d1b49.csv,rec_b919d90ea43f0d68,False,"Asal speed gak sering diatas 110 KM/jam dapat lah 1 : 19 - 24 kadang bisa sampe 26, cuma klo sering main sped diatas itu 1 : 1… Lihat selengkapnya","asal speed gak sering diatas 110 km/jam dapat lah 1 : 19 - 24 kadang bisa sampe 26, cuma klo sering main sped diatas itu 1 : 1… lihat selengkapnya",Toyota Veloz,medium,community_context,False,,,,False,not_relevant,no_adas_keyword,,UNKNOWN,,,,,,,
rec_bce90e6cfff890d6,Toyota Veloz,VELOZ HYBRID INDONESIA,https://www.facebook.com/groups/1564504984994701,post_11,post_11_comment_59,post_11,comment,,,,Dalam kota klo bwanya santai sering mode ev rata2 1 : 20-22,https://www.facebook.com/groups/1564504984994701,2026-09-18T03:36:37Z,raw_data_run_20260918_102948_3d1b49.csv,rec_bce90e6cfff890d6,False,Dalam kota klo bwanya santai sering mode ev rata2 1 : 20-22,dalam kota klo bwanya santai sering mode ev rata2 1 : 20-22,Toyota Veloz,medium,community_context,False,,,,False,not_relevant,no_adas_keyword,,UNKNOWN,,,,,,,
rec_ebf451d7deb08fcc,Toyota Veloz,VELOZ HYBRID INDONESIA,https://www.facebook.com/groups/1564504984994701,post_11,post_11_comment_60,post_11,comment,,,,Kenapa diganti? Kalau beli yg hybrid kan udah dapet dr sananya?,https://www.facebook.com/groups/1564504984994701,2026-09-18T03:36:39Z,raw_data_run_20260918_102948_3d1b49.csv,rec_ebf451d7deb08fcc,False,Kenapa diganti? Kalau beli yg hybrid kan udah dapet dr sananya?,kenapa diganti? kalau beli yg hybrid kan udah dapet dr sananya?,Toyota Veloz,medium,community_context,False,,,,False,not_relevant,no_adas_keyword,,UNKNOWN,,,,,,,
rec_19a46641d1bec365,Toyota Veloz,VELOZ HYBRID INDONESIA,https://www.facebook.com/groups/1564504984994701,post_11,post_11_comment_61,post_11,comment,,,,yg mana sih maksud nya?,https://www.facebook.com/groups/1564504984994701,2026-09-18T03:36:39Z,raw_data_run_20260918_102948_3d1b49.csv,rec_19a46641d1bec365,False,yg mana sih maksud nya?,yg mana sih maksud nya?,Toyota Veloz,medium,community_context,False,,,,False,not_relevant,no_adas_keyword,,UNKNOWN,,,,,,,
rec_f704e45098b7498a,Toyota Veloz,VELOZ HYBRID INDONESIA,https://www.facebook.com/groups/1564504984994701,1813267306785133,,,post,,,2026-09-21,"Budi Arifianto
  ·
1jam
Sy pake full pertalite aman aj om, perasaan malah lbh irit, rute luar kota dan dalam kota kombinasi pake pertamax biasanya 1:2… Lihat selengkapnya
Balas
Bagikan
1",https://www.facebook.com/groups/1564504984994701/posts/1813267306785133/?comment_id=1813284913450039&__cft__[0]=AZhYQ0_oCGr6YOTtRBN8DBu_2RchYumUH17jhLUZybervKkct64BhcJS5idZC9jSVCM7p5cp976yikdq7b2pngvU3FGxpZOBuWslV1nhR9howkJJNkTikavY7UmfVo2otK-SJmn27B3-g9VoPvGwKDB09uSv5tuuSda62nz1WVJ_3mH2Gr0J8ywZiw&__tn__=R-R,2026-09-22T02:37:03Z,raw_data_run_20260922_093653_b7c48f.csv,rec_f704e45098b7498a,False,"Budi Arifianto · 1jam Sy pake full pertalite aman aj om, perasaan malah lbh irit, rute luar kota dan dalam kota kombinasi pake pertamax biasanya 1:2… Lihat selengkapnya Balas Bagikan 1","budi arifianto · 1jam sy pake full pertalite aman aj om, perasaan malah lbh irit, rute luar kota dan dalam kota kombinasi pake pertamax biasanya 1:2… lihat selengkapnya balas bagikan 1",Toyota Veloz,medium,community_context,False,,,,False,not_relevant,no_adas_keyword,,UNKNOWN,,,,,,,
rec_dc19c6fffad73339,Toyota Veloz,VELOZ HYBRID INDONESIA,https://www.facebook.com/groups/1564504984994701,1813267306785133,1813267306785133_comment_1,1813267306785133,comment,,,2026-09-21,Kelasnya bapak bapak … Lihat selengkapnya,https://www.facebook.com/groups/1564504984994701/posts/1813267306785133/?comment_id=1813284913450039&__cft__[0]=AZhYQ0_oCGr6YOTtRBN8DBu_2RchYumUH17jhLUZybervKkct64BhcJS5idZC9jSVCM7p5cp976yikdq7b2pngvU3FGxpZOBuWslV1nhR9howkJJNkTikavY7UmfVo2otK-SJmn27B3-g9VoPvGwKDB09uSv5tuuSda62nz1WVJ_3mH2Gr0J8ywZiw&__tn__=R-R,2026-09-22T02:37:15Z,raw_data_run_20260922_093653_b7c48f.csv,rec_dc19c6fffad73339,False,Kelasnya bapak bapak … Lihat selengkapnya,kelasnya bapak bapak … lihat selengkapnya,Toyota Veloz,medium,community_context,False,,,,False,not_relevant,no_adas_keyword,,UNKNOWN,,,,,,,
rec_dd9dc188f017061f,Toyota Veloz,VELOZ HYBRID INDONESIA,https://www.facebook.com/groups/1564504984994701,1813267306785133,1813267306785133_comment_1,1813267306785133_comment_1,reply,,,2026-09-21,Kelasnya bapak bapak … Lihat selengkapnya,https://www.facebook.com/groups/1564504984994701/posts/1813267306785133/?comment_id=1813284913450039&__cft__[0]=AZhYQ0_oCGr6YOTtRBN8DBu_2RchYumUH17jhLUZybervKkct64BhcJS5idZC9jSVCM7p5cp976yikdq7b2pngvU3FGxpZOBuWslV1nhR9howkJJNkTikavY7UmfVo2otK-SJmn27B3-g9VoPvGwKDB09uSv5tuuSda62nz1WVJ_3mH2Gr0J8ywZiw&__tn__=R-R,2026-09-22T02:37:24Z,raw_data_run_20260922_093653_b7c48f.csv,rec_dd9dc188f017061f,False,Kelasnya bapak bapak … Lihat selengkapnya,kelasnya bapak bapak … lihat selengkapnya,Toyota Veloz,medium,community_context,False,,,,False,not_relevant,no_adas_keyword,,UNKNOWN,,,,,,,
rec_272ff3b93ba09b1c,Toyota Veloz,VELOZ HYBRID INDONESIA,https://www.facebook.com/groups/1564504984994701,1813267306785133,1813267306785133_comment_2,1813267306785133,comment,,,2026-09-21,"Semangat pagi semua kawan pengguna veloz hybrid..
Sahring dung apakah disini ada yg pakai BBM campur Pertalite dan pertamax separo separo setiap ngisi atau ada yg pakai pertalite saja..lalu konsumsi nya average nya berpa perliternya
Terimakasih",https://www.facebook.com/groups/1564504984994701/posts/1813267306785133/?comment_id=1813284913450039&__cft__[0]=AZhYQ0_oCGr6YOTtRBN8DBu_2RchYumUH17jhLUZybervKkct64BhcJS5idZC9jSVCM7p5cp976yikdq7b2pngvU3FGxpZOBuWslV1nhR9howkJJNkTikavY7UmfVo2otK-SJmn27B3-g9VoPvGwKDB09uSv5tuuSda62nz1WVJ_3mH2Gr0J8ywZiw&__tn__=R-R,2026-09-22T02:37:29Z,raw_data_run_20260922_093653_b7c48f.csv,rec_272ff3b93ba09b1c,False,Semangat pagi semua kawan pengguna veloz hybrid.. Sahring dung apakah disini ada yg pakai BBM campur Pertalite dan pertamax separo separo setiap ngisi atau ada yg pakai pertalite saja..lalu konsumsi nya average nya berpa perliternya Terimakasih,semangat pagi semua kawan pengguna veloz hybrid.. sahring dung apakah disini ada yg pakai bbm campur pertalite dan pertamax separo separo setiap ngisi atau ada yg pakai pertalite saja..lalu konsumsi nya average nya berpa perliternya terimakasih,Toyota Veloz,high,explicit_text_alias_strong,False,,,,False,not_relevant,no_adas_keyword,,UNKNOWN,,,,,,,
rec_b105b5ced4e0335e,Toyota Veloz,VELOZ HYBRID INDONESIA,https://www.facebook.com/groups/1564504984994701,1813267306785133,1813267306785133_comment_2,1813267306785133_comment_2,reply,,,2026-09-21,Kelasnya bapak bapak … Lihat selengkapnya,https://www.facebook.com/groups/1564504984994701/posts/1813267306785133/?comment_id=1813284913450039&__cft__[0]=AZhYQ0_oCGr6YOTtRBN8DBu_2RchYumUH17jhLUZybervKkct64BhcJS5idZC9jSVCM7p5cp976yikdq7b2pngvU3FGxpZOBuWslV1nhR9howkJJNkTikavY7UmfVo2otK-SJmn27B3-g9VoPvGwKDB09uSv5tuuSda62nz1WVJ_3mH2Gr0J8ywZiw&__tn__=R-R,2026-09-22T02:37:37Z,raw_data_run_20260922_093653_b7c48f.csv,rec_b105b5ced4e0335e,False,Kelasnya bapak bapak … Lihat selengkapnya,kelasnya bapak bapak … lihat selengkapnya,Toyota Veloz,medium,community_context,False,,,,False,not_relevant,no_adas_keyword,,UNKNOWN,,,,,,,
rec_b0283687b68d7b28,Toyota Veloz,VELOZ HYBRID INDONESIA,https://www.facebook.com/groups/1564504984994701,1813267306785133,1813267306785133_comment_3,1813267306785133,comment,,,2026-09-21,"Sy pake full pertalite aman aj om, perasaan malah lbh irit, rute luar kota dan dalam kota kombinasi pake pertamax biasanya 1:22-23 skrng malah bs 1:24-25.",https://www.facebook.com/groups/1564504984994701/posts/1813267306785133/?comment_id=1813284913450039&__cft__[0]=AZhYQ0_oCGr6YOTtRBN8DBu_2RchYumUH17jhLUZybervKkct64BhcJS5idZC9jSVCM7p5cp976yikdq7b2pngvU3FGxpZOBuWslV1nhR9howkJJNkTikavY7UmfVo2otK-SJmn27B3-g9VoPvGwKDB09uSv5tuuSda62nz1WVJ_3mH2Gr0J8ywZiw&__tn__=R-R,2026-09-22T02:37:42Z,raw_data_run_20260922_093653_b7c48f.csv,rec_b0283687b68d7b28,False,"Sy pake full pertalite aman aj om, perasaan malah lbh irit, rute luar kota dan dalam kota kombinasi pake pertamax biasanya 1:22-23 skrng malah bs 1:24-25.","sy pake full pertalite aman aj om, perasaan malah lbh irit, rute luar kota dan dalam kota kombinasi pake pertamax biasanya 1:22-23 skrng malah bs 1:24-25.",Toyota Veloz,medium,community_context,False,,,,False,not_relevant,no_adas_keyword,,UNKNOWN,,,,,,,
rec_d16d667e6abf5cb0,Toyota Veloz,VELOZ HYBRID INDONESIA,https://www.facebook.com/groups/1564504984994701,1813267306785133,1813267306785133_comment_3,1813267306785133_comment_3,reply,,,2026-09-21,Kelasnya bapak bapak … Lihat selengkapnya,https://www.facebook.com/groups/1564504984994701/posts/1813267306785133/?comment_id=1813284913450039&__cft__[0]=AZhYQ0_oCGr6YOTtRBN8DBu_2RchYumUH17jhLUZybervKkct64BhcJS5idZC9jSVCM7p5cp976yikdq7b2pngvU3FGxpZOBuWslV1nhR9howkJJNkTikavY7UmfVo2otK-SJmn27B3-g9VoPvGwKDB09uSv5tuuSda62nz1WVJ_3mH2Gr0J8ywZiw&__tn__=R-R,2026-09-22T02:37:50Z,raw_data_run_20260922_093653_b7c48f.csv,rec_d16d667e6abf5cb0,False,Kelasnya bapak bapak … Lihat selengkapnya,kelasnya bapak bapak … lihat selengkapnya,Toyota Veloz,medium,community_context,False,,,,False,not_relevant,no_adas_keyword,,UNKNOWN,,,,,,,
rec_3a5782257bd77911,Toyota Veloz,VELOZ HYBRID INDONESIA,https://www.facebook.com/groups/1564504984994701,1813267306785133,1813267306785133_comment_4,1813267306785133,comment,,,2026-09-21,"Budi Arifianto
berarti ono bolone yg pakai pertalite banyak aja hehee",https://www.facebook.com/groups/1564504984994701/posts/1813267306785133/?comment_id=1813284913450039&__cft__[0]=AZhYQ0_oCGr6YOTtRBN8DBu_2RchYumUH17jhLUZybervKkct64BhcJS5idZC9jSVCM7p5cp976yikdq7b2pngvU3FGxpZOBuWslV1nhR9howkJJNkTikavY7UmfVo2otK-SJmn27B3-g9VoPvGwKDB09uSv5tuuSda62nz1WVJ_3mH2Gr0J8ywZiw&__tn__=R-R,2026-09-22T02:37:55Z,raw_data_run_20260922_093653_b7c48f.csv,rec_3a5782257bd77911,False,Budi Arifianto berarti ono bolone yg pakai pertalite banyak aja hehee,budi arifianto berarti ono bolone yg pakai pertalite banyak aja hehee,Toyota Veloz,medium,community_context,False,,,,False,not_relevant,no_adas_keyword,,UNKNOWN,,,,,,,
rec_dc12c6738a1372cf,Toyota Veloz,VELOZ HYBRID INDONESIA,https://www.facebook.com/groups/1564504984994701,1813267306785133,1813267306785133_comment_4,1813267306785133_comment_4,reply,,,2026-09-21,Kelasnya bapak bapak … Lihat selengkapnya,https://www.facebook.com/groups/1564504984994701/posts/1813267306785133/?comment_id=1813284913450039&__cft__[0]=AZhYQ0_oCGr6YOTtRBN8DBu_2RchYumUH17jhLUZybervKkct64BhcJS5idZC9jSVCM7p5cp976yikdq7b2pngvU3FGxpZOBuWslV1nhR9howkJJNkTikavY7UmfVo2otK-SJmn27B3-g9VoPvGwKDB09uSv5tuuSda62nz1WVJ_3mH2Gr0J8ywZiw&__tn__=R-R,2026-09-22T02:38:03Z,raw_data_run_20260922_093653_b7c48f.csv,rec_dc12c6738a1372cf,False,Kelasnya bapak bapak … Lihat selengkapnya,kelasnya bapak bapak … lihat selengkapnya,Toyota Veloz,medium,community_context,False,,,,False,not_relevant,no_adas_keyword,,UNKNOWN,,,,,,,
rec_0e90d42a297af74f,Toyota Veloz,VELOZ HYBRID INDONESIA,https://www.facebook.com/groups/1564504984994701,1813267306785133,1813267306785133_comment_5,1813267306785133,comment,,,2026-09-21,Saya isi pertalite om,https://www.facebook.com/groups/1564504984994701/posts/1813267306785133/?comment_id=1813284913450039&__cft__[0]=AZhYQ0_oCGr6YOTtRBN8DBu_2RchYumUH17jhLUZybervKkct64BhcJS5idZC9jSVCM7p5cp976yikdq7b2pngvU3FGxpZOBuWslV1nhR9howkJJNkTikavY7UmfVo2otK-SJmn27B3-g9VoPvGwKDB09uSv5tuuSda62nz1WVJ_3mH2Gr0J8ywZiw&__tn__=R-R,2026-09-22T02:38:08Z,raw_data_run_20260922_093653_b7c48f.csv,rec_0e90d42a297af74f,False,Saya isi pertalite om,saya isi pertalite om,Toyota Veloz,medium,community_context,False,,,,False,not_relevant,no_adas_keyword,,UNKNOWN,,,,,,,
rec_a4bb2b1ef06b0faf,Toyota Veloz,VELOZ HYBRID INDONESIA,https://www.facebook.com/groups/1564504984994701,1813267306785133,1813267306785133_comment_5,1813267306785133_comment_5,reply,,,2026-09-21,Kelasnya bapak bapak … Lihat selengkapnya,https://www.facebook.com/groups/1564504984994701/posts/1813267306785133/?comment_id=1813284913450039&__cft__[0]=AZhYQ0_oCGr6YOTtRBN8DBu_2RchYumUH17jhLUZybervKkct64BhcJS5idZC9jSVCM7p5cp976yikdq7b2pngvU3FGxpZOBuWslV1nhR9howkJJNkTikavY7UmfVo2otK-SJmn27B3-g9VoPvGwKDB09uSv5tuuSda62nz1WVJ_3mH2Gr0J8ywZiw&__tn__=R-R,2026-09-22T02:38:14Z,raw_data_run_20260922_093653_b7c48f.csv,rec_a4bb2b1ef06b0faf,False,Kelasnya bapak bapak … Lihat selengkapnya,kelasnya bapak bapak … lihat selengkapnya,Toyota Veloz,medium,community_context,False,,,,False,not_relevant,no_adas_keyword,,UNKNOWN,,,,,,,
