record_id,vehicle,community,community_url,post_id,comment_id,parent_id,source_type,author_id,author_pseudonym,date,text_raw,url,scraped_at,_origin,dedup_key,is_duplicate,text_clean,text_normalized,vehicle_v2,vehicle_confidence,vehicle_reason,candidate_adas,matched_keywords,layer_hit,feature_names_hit,generic_adas_only,adas_relevance,relevance_reason,relevance_confidence,feature,subfeature,driving_scenario,evidence_type,sentiment,smoothness,expectation_mismatch,feature_confidence
rec_aed6efac0665d0bf,Toyota Yaris,Yaris Cross Community Indonesia (YCCI),https://www.facebook.com/groups/331613226681705,post_1,,,post,,,,"@ES TEH ONLY SJ
@YARIS TRD S 2017 MANUAL BEBAS LINTAS PLAT NEMPEL HARGA 68JUTA SAJA LOKASI PASURUAN CALL WA 
https://wa.me/62085137751296",https://www.facebook.com/groups/331613226681705,2026-09-17T15:35:05Z,raw_data_run_20260917_223451_d693b9.csv,rec_aed6efac0665d0bf,False,[mention] TEH ONLY SJ [mention] TRD S 2017 MANUAL BEBAS LINTAS PLAT NEMPEL HARGA 68JUTA SAJA LOKASI PASURUAN CALL WA [url],[mention] teh only sj [mention] trd s 2017 manual bebas lintas plat nempel harga 68juta saja lokasi pasuruan call wa [url],Toyota Yaris,medium,community_context,False,,,,False,not_relevant,no_adas_keyword,,UNKNOWN,,,,,,,
rec_10918c25aa282064,Toyota Yaris,Yaris Cross Community Indonesia (YCCI),https://www.facebook.com/groups/331613226681705,post_1,post_1_comment_1,post_1,comment,,,,"@ES TEH ONLY SJ
@YARIS TRD S 2017 MANUAL BEBAS LINTAS PLAT NEMPEL HARGA 68JUTA SAJA LOKASI PASURUAN CALL WA 
https://wa.me/62085137751296",https://www.facebook.com/groups/331613226681705,2026-09-17T15:35:10Z,raw_data_run_20260917_223451_d693b9.csv,rec_10918c25aa282064,False,[mention] TEH ONLY SJ [mention] TRD S 2017 MANUAL BEBAS LINTAS PLAT NEMPEL HARGA 68JUTA SAJA LOKASI PASURUAN CALL WA [url],[mention] teh only sj [mention] trd s 2017 manual bebas lintas plat nempel harga 68juta saja lokasi pasuruan call wa [url],Toyota Yaris,medium,community_context,False,,,,False,not_relevant,no_adas_keyword,,UNKNOWN,,,,,,,
rec_6c62c0bef923f257,Toyota Yaris,Yaris Cross Community Indonesia (YCCI),https://www.facebook.com/groups/331613226681705,post_1,post_1_comment_2,post_1,comment,,,,@ES TEH ONLY SJ,https://www.facebook.com/groups/331613226681705,2026-09-17T15:35:11Z,raw_data_run_20260917_223451_d693b9.csv,rec_6c62c0bef923f257,False,[mention] TEH ONLY SJ,[mention] teh only sj,Toyota Yaris,medium,community_context,False,,,,False,not_relevant,no_adas_keyword,,UNKNOWN,,,,,,,
rec_ebb1c5fb635f10fc,Toyota Yaris,Yaris Cross Community Indonesia (YCCI),https://www.facebook.com/groups/331613226681705,post_1,post_1_comment_3,post_1,comment,,,,"@YARIS TRD S 2017 MANUAL BEBAS LINTAS PLAT NEMPEL HARGA 68JUTA SAJA LOKASI PASURUAN CALL WA 
https://wa.me/62085137751296",https://www.facebook.com/groups/331613226681705,2026-09-17T15:35:11Z,raw_data_run_20260917_223451_d693b9.csv,rec_ebb1c5fb635f10fc,False,[mention] TRD S 2017 MANUAL BEBAS LINTAS PLAT NEMPEL HARGA 68JUTA SAJA LOKASI PASURUAN CALL WA [url],[mention] trd s 2017 manual bebas lintas plat nempel harga 68juta saja lokasi pasuruan call wa [url],Toyota Yaris,medium,community_context,False,,,,False,not_relevant,no_adas_keyword,,UNKNOWN,,,,,,,
rec_b0a26597f9197626,Toyota Yaris,Yaris Cross Community Indonesia (YCCI),https://www.facebook.com/groups/331613226681705,post_1,post_1_comment_4,post_1,comment,,,,Xmate karpet mobil Yaris Cross,https://www.facebook.com/groups/331613226681705,2026-09-17T15:35:11Z,raw_data_run_20260917_223451_d693b9.csv,rec_b0a26597f9197626,False,Xmate karpet mobil Yaris Cross,xmate karpet mobil yaris cross,Toyota Yaris,high,explicit_text_alias_strong,False,,,,False,not_relevant,no_adas_keyword,,UNKNOWN,,,,,,,
rec_5126886a85b19c8a,Toyota Yaris,Yaris Cross Community Indonesia (YCCI),https://www.facebook.com/groups/331613226681705,post_1,post_1_comment_5,post_1,comment,,,,Mempererat dan memperluas hubungan silahturahmi antar sesama pengguna mobil Toyota Yaris Cross,https://www.facebook.com/groups/331613226681705,2026-09-17T15:35:11Z,raw_data_run_20260917_223451_d693b9.csv,rec_5126886a85b19c8a,False,Mempererat dan memperluas hubungan silahturahmi antar sesama pengguna mobil Toyota Yaris Cross,mempererat dan memperluas hubungan silahturahmi antar sesama pengguna mobil toyota yaris cross,Toyota Yaris,high,explicit_text_alias_strong,False,,,,False,not_relevant,no_adas_keyword,,UNKNOWN,,,,,,,
rec_3d3b2d25a35c4e3f,Toyota Yaris,Yaris Cross Community Indonesia (YCCI),https://www.facebook.com/groups/331613226681705,post_1,post_1_comment_6,post_1,comment,,,,"dijual
New Yaris TRDSportivo 2018 Manual … Lihat selengkapnya",https://www.facebook.com/groups/331613226681705,2026-09-17T15:35:12Z,raw_data_run_20260917_223451_d693b9.csv,rec_3d3b2d25a35c4e3f,False,dijual New Yaris TRDSportivo 2018 Manual … Lihat selengkapnya,dijual new yaris trdsportivo 2018 manual … lihat selengkapnya,Toyota Yaris,high,explicit_text_alias_strong,False,,,,False,not_relevant,no_adas_keyword,,UNKNOWN,,,,,,,
rec_cfa72fc6a9b25015,Toyota Yaris,Yaris Cross Community Indonesia (YCCI),https://www.facebook.com/groups/331613226681705,post_1,post_1_comment_7,post_1,comment,,,,dijual,https://www.facebook.com/groups/331613226681705,2026-09-17T15:35:12Z,raw_data_run_20260917_223451_d693b9.csv,rec_cfa72fc6a9b25015,False,dijual,dijual,Toyota Yaris,medium,community_context,False,,,,False,not_relevant,no_adas_keyword,,UNKNOWN,,,,,,,
rec_b311c4ead6c2f999,Toyota Yaris,Yaris Cross Community Indonesia (YCCI),https://www.facebook.com/groups/331613226681705,post_1,post_1_comment_8,post_1,comment,,,,New Yaris TRDSportivo 2018 Manual … Lihat selengkapnya,https://www.facebook.com/groups/331613226681705,2026-09-17T15:35:12Z,raw_data_run_20260917_223451_d693b9.csv,rec_b311c4ead6c2f999,False,New Yaris TRDSportivo 2018 Manual … Lihat selengkapnya,new yaris trdsportivo 2018 manual … lihat selengkapnya,Toyota Yaris,high,explicit_text_alias_strong,False,,,,False,not_relevant,no_adas_keyword,,UNKNOWN,,,,,,,
rec_2c8b4aff1d197f49,Toyota Yaris,Yaris Cross Community Indonesia (YCCI),https://www.facebook.com/groups/331613226681705,post_1,post_1_comment_9,post_1,comment,,,,"FS Toyota Yaris Cross Hybrid GR TSS Black
Ijin kakak admin dan lainnya,
Mau jual mobil irit lincah keren ini
NIK 2024 atas nama CV milik sendiri
Lihat selengkapnya",https://www.facebook.com/groups/331613226681705,2026-09-17T15:35:12Z,raw_data_run_20260917_223451_d693b9.csv,rec_2c8b4aff1d197f49,False,"FS Toyota Yaris Cross Hybrid GR TSS Black Ijin kakak admin dan lainnya, Mau jual mobil irit lincah keren ini NIK 2024 atas nama CV milik sendiri Lihat selengkapnya","fs toyota yaris cross hybrid gr tss black ijin kakak admin dan lainnya, mau jual mobil irit lincah keren ini nik 2024 atas nama cv milik sendiri lihat selengkapnya",Toyota Yaris,high,explicit_text_alias_strong,True,TSS,combined_adas,,True,uncertain,generic_adas_terms_only,low,UNKNOWN,not_stated,not_stated,uncertain,positive,not_stated,unclear,low
rec_ccfd2b4165b082ab,Toyota Yaris,Yaris Cross Community Indonesia (YCCI),https://www.facebook.com/groups/331613226681705,post_1,post_1_comment_10,post_1,comment,,,,"Yaris Cross G 2024
Hitam
Surat² lengkap
Pajak on
Odo 27rban on-going… Lihat selengkapnya",https://www.facebook.com/groups/331613226681705,2026-09-17T15:35:16Z,raw_data_run_20260917_223451_d693b9.csv,rec_ccfd2b4165b082ab,False,Yaris Cross G 2024 Hitam Surat² lengkap Pajak on Odo 27rban on-going… Lihat selengkapnya,yaris cross g 2024 hitam surat² lengkap pajak on odo 27rban on-going… lihat selengkapnya,Toyota Yaris,high,explicit_text_alias_strong,False,,,,False,not_relevant,no_adas_keyword,,UNKNOWN,,,,,,,
rec_e530870a7ed84e01,Toyota Yaris,Yaris Cross Community Indonesia (YCCI),https://www.facebook.com/groups/331613226681705,post_1,post_1_comment_11,post_1,comment,,,,Yaris Cross G 2024,https://www.facebook.com/groups/331613226681705,2026-09-17T15:35:16Z,raw_data_run_20260917_223451_d693b9.csv,rec_e530870a7ed84e01,False,Yaris Cross G 2024,yaris cross g 2024,Toyota Yaris,high,explicit_text_alias_strong,False,,,,False,not_relevant,no_adas_keyword,,UNKNOWN,,,,,,,
rec_d067b5693e5617f8,Toyota Yaris,Yaris Cross Community Indonesia (YCCI),https://www.facebook.com/groups/331613226681705,post_1,post_1_comment_12,post_1,comment,,,,Hitam,https://www.facebook.com/groups/331613226681705,2026-09-17T15:35:16Z,raw_data_run_20260917_223451_d693b9.csv,rec_d067b5693e5617f8,False,Hitam,hitam,Toyota Yaris,medium,community_context,False,,,,False,not_relevant,no_adas_keyword,,UNKNOWN,,,,,,,
rec_c6d3e1a81b663c96,Toyota Yaris,Yaris Cross Community Indonesia (YCCI),https://www.facebook.com/groups/331613226681705,post_1,post_1_comment_13,post_1,comment,,,,Surat² lengkap,https://www.facebook.com/groups/331613226681705,2026-09-17T15:35:16Z,raw_data_run_20260917_223451_d693b9.csv,rec_c6d3e1a81b663c96,False,Surat² lengkap,surat² lengkap,Toyota Yaris,medium,community_context,False,,,,False,not_relevant,no_adas_keyword,,UNKNOWN,,,,,,,
rec_26e8a45c6e0214fe,Toyota Yaris,Yaris Cross Community Indonesia (YCCI),https://www.facebook.com/groups/331613226681705,post_1,post_1_comment_14,post_1,comment,,,,Pajak on,https://www.facebook.com/groups/331613226681705,2026-09-17T15:35:16Z,raw_data_run_20260917_223451_d693b9.csv,rec_26e8a45c6e0214fe,False,Pajak on,pajak on,Toyota Yaris,medium,community_context,False,,,,False,not_relevant,no_adas_keyword,,UNKNOWN,,,,,,,
rec_81f21cb2d8345090,Toyota Yaris,Yaris Cross Community Indonesia (YCCI),https://www.facebook.com/groups/331613226681705,post_1,post_1_comment_15,post_1,comment,,,,Odo 27rban on-going… Lihat selengkapnya,https://www.facebook.com/groups/331613226681705,2026-09-17T15:35:16Z,raw_data_run_20260917_223451_d693b9.csv,rec_81f21cb2d8345090,False,Odo 27rban on-going… Lihat selengkapnya,odo 27rban on-going… lihat selengkapnya,Toyota Yaris,medium,community_context,False,,,,False,not_relevant,no_adas_keyword,,UNKNOWN,,,,,,,
rec_f1ea2dd232c87da7,Toyota Yaris,Yaris Cross Community Indonesia (YCCI),https://www.facebook.com/groups/331613226681705,post_1,post_1_comment_16,post_1,comment,,,,"STNK ONLY DAN APLIKASI SAJA RIWAYAT LEASING JELAS BUKAN UNIT RENTAL DAN CURIAN
YANG PAHAM DAN BERPENGALAMAN … Lihat selengkapnya",https://www.facebook.com/groups/331613226681705,2026-09-17T15:35:17Z,raw_data_run_20260917_223451_d693b9.csv,rec_f1ea2dd232c87da7,False,STNK ONLY DAN APLIKASI SAJA RIWAYAT LEASING JELAS BUKAN UNIT RENTAL DAN CURIAN YANG PAHAM DAN BERPENGALAMAN … Lihat selengkapnya,stnk only dan aplikasi saja riwayat leasing jelas bukan unit rental dan curian yang paham dan berpengalaman … lihat selengkapnya,Toyota Yaris,medium,community_context,False,,,,False,not_relevant,no_adas_keyword,,UNKNOWN,,,,,,,
rec_0161968cb727be1a,Toyota Yaris,Yaris Cross Community Indonesia (YCCI),https://www.facebook.com/groups/331613226681705,post_1,post_1_comment_17,post_1,comment,,,,STNK ONLY DAN APLIKASI SAJA RIWAYAT LEASING JELAS BUKAN UNIT RENTAL DAN CURIAN,https://www.facebook.com/groups/331613226681705,2026-09-17T15:35:17Z,raw_data_run_20260917_223451_d693b9.csv,rec_0161968cb727be1a,False,STNK ONLY DAN APLIKASI SAJA RIWAYAT LEASING JELAS BUKAN UNIT RENTAL DAN CURIAN,stnk only dan aplikasi saja riwayat leasing jelas bukan unit rental dan curian,Toyota Yaris,medium,community_context,False,,,,False,not_relevant,no_adas_keyword,,UNKNOWN,,,,,,,
rec_1e108e46dbc8eb6e,Toyota Yaris,Yaris Cross Community Indonesia (YCCI),https://www.facebook.com/groups/331613226681705,post_1,post_1_comment_18,post_1,comment,,,,YANG PAHAM DAN BERPENGALAMAN … Lihat selengkapnya,https://www.facebook.com/groups/331613226681705,2026-09-17T15:35:17Z,raw_data_run_20260917_223451_d693b9.csv,rec_1e108e46dbc8eb6e,False,YANG PAHAM DAN BERPENGALAMAN … Lihat selengkapnya,yang paham dan berpengalaman … lihat selengkapnya,Toyota Yaris,medium,community_context,False,,,,False,not_relevant,no_adas_keyword,,UNKNOWN,,,,,,,
rec_e7ab43e7a9ee6b0e,Toyota Yaris,Yaris Cross Community Indonesia (YCCI),https://www.facebook.com/groups/331613226681705,post_1,post_1_comment_19,post_1,comment,,,,"Jual sparepart berkualitas 
Whatsapp 
 085934378954… Lihat selengkapnya",https://www.facebook.com/groups/331613226681705,2026-09-17T15:35:19Z,raw_data_run_20260917_223451_d693b9.csv,rec_e7ab43e7a9ee6b0e,False,Jual sparepart berkualitas Whatsapp 085934378954… Lihat selengkapnya,jual sparepart berkualitas whatsapp 085934378954… lihat selengkapnya,Toyota Yaris,medium,community_context,False,,,,False,not_relevant,no_adas_keyword,,UNKNOWN,,,,,,,
rec_09c628b769117bee,Toyota Yaris,Yaris Cross Community Indonesia (YCCI),https://www.facebook.com/groups/331613226681705,post_1,post_1_comment_20,post_1,comment,,,,Jual sparepart berkualitas,https://www.facebook.com/groups/331613226681705,2026-09-17T15:35:19Z,raw_data_run_20260917_223451_d693b9.csv,rec_09c628b769117bee,False,Jual sparepart berkualitas,jual sparepart berkualitas,Toyota Yaris,medium,community_context,False,,,,False,not_relevant,no_adas_keyword,,UNKNOWN,,,,,,,
rec_3b47eac080b9d9aa,Toyota Yaris,Yaris Cross Community Indonesia (YCCI),https://www.facebook.com/groups/331613226681705,post_1,post_1_comment_21,post_1,comment,,,,"Whatsapp 
 085934378954… Lihat selengkapnya",https://www.facebook.com/groups/331613226681705,2026-09-17T15:35:19Z,raw_data_run_20260917_223451_d693b9.csv,rec_3b47eac080b9d9aa,False,Whatsapp 085934378954… Lihat selengkapnya,whatsapp 085934378954… lihat selengkapnya,Toyota Yaris,medium,community_context,False,,,,False,not_relevant,no_adas_keyword,,UNKNOWN,,,,,,,
rec_f20fba32b13155d4,Toyota Yaris,Yaris Cross Community Indonesia (YCCI),https://www.facebook.com/groups/331613226681705,post_1,post_1_comment_22,post_1,comment,,,,"Kamera parkir TOYOTA 
 inova reborn… Lihat selengkapnya",https://www.facebook.com/groups/331613226681705,2026-09-17T15:35:21Z,raw_data_run_20260917_223451_d693b9.csv,rec_f20fba32b13155d4,False,Kamera parkir TOYOTA inova reborn… Lihat selengkapnya,kamera parkir toyota inova reborn… lihat selengkapnya,Toyota Yaris,medium,community_context,False,,,,False,not_relevant,no_adas_keyword,,UNKNOWN,,,,,,,
rec_1ebfb39b2573b6b4,Toyota Yaris,Yaris Cross Community Indonesia (YCCI),https://www.facebook.com/groups/331613226681705,post_1,post_1_comment_23,post_1,comment,,,,Kamera parkir TOYOTA,https://www.facebook.com/groups/331613226681705,2026-09-17T15:35:21Z,raw_data_run_20260917_223451_d693b9.csv,rec_1ebfb39b2573b6b4,False,Kamera parkir TOYOTA,kamera parkir toyota,Toyota Yaris,medium,community_context,False,,,,False,not_relevant,no_adas_keyword,,UNKNOWN,,,,,,,
rec_94d5f7a476ccb39b,Toyota Yaris,Yaris Cross Community Indonesia (YCCI),https://www.facebook.com/groups/331613226681705,post_1,post_1_comment_24,post_1,comment,,,,inova reborn… Lihat selengkapnya,https://www.facebook.com/groups/331613226681705,2026-09-17T15:35:21Z,raw_data_run_20260917_223451_d693b9.csv,rec_94d5f7a476ccb39b,False,inova reborn… Lihat selengkapnya,inova reborn… lihat selengkapnya,Toyota Yaris,medium,community_context,False,,,,False,not_relevant,no_adas_keyword,,UNKNOWN,,,,,,,
rec_6df2c2358b8521ca,Toyota Yaris,Yaris Cross Community Indonesia (YCCI),https://www.facebook.com/groups/331613226681705,post_1,post_1_comment_25,post_1,comment,,,,"Dijual Murah Paket Velg+ Ban RPF R16 Yaris Second Mulus, Jauh Bisa Kirim Lewat Shopee https://s.shopee.co.id/80CTfROAaO",https://www.facebook.com/groups/331613226681705,2026-09-17T15:35:23Z,raw_data_run_20260917_223451_d693b9.csv,rec_6df2c2358b8521ca,False,"Dijual Murah Paket Velg+ Ban RPF R16 Yaris Second Mulus, Jauh Bisa Kirim Lewat Shopee [url]","dijual murah paket velg+ ban rpf r16 yaris second mulus, jauh bisa kirim lewat shopee [url]",Toyota Yaris,high,explicit_text_alias_strong,False,,,,False,not_relevant,no_adas_keyword,,UNKNOWN,,,,,,,
rec_0d40be5c3478f91a,Toyota Yaris,Yaris Cross Community Indonesia (YCCI),https://www.facebook.com/groups/331613226681705,post_1,post_1_comment_26,post_1,comment,,,,"dijual
Yaris TRDSportivo 2019 Matic … Lihat selengkapnya",https://www.facebook.com/groups/331613226681705,2026-09-17T15:35:24Z,raw_data_run_20260917_223451_d693b9.csv,rec_0d40be5c3478f91a,False,dijual Yaris TRDSportivo 2019 Matic … Lihat selengkapnya,dijual yaris trdsportivo 2019 matic … lihat selengkapnya,Toyota Yaris,high,explicit_text_alias_strong,False,,,,False,not_relevant,no_adas_keyword,,UNKNOWN,,,,,,,
rec_de7933066be908bf,Toyota Yaris,Yaris Cross Community Indonesia (YCCI),https://www.facebook.com/groups/331613226681705,post_1,post_1_comment_27,post_1,comment,,,,Yaris TRDSportivo 2019 Matic … Lihat selengkapnya,https://www.facebook.com/groups/331613226681705,2026-09-17T15:35:24Z,raw_data_run_20260917_223451_d693b9.csv,rec_de7933066be908bf,False,Yaris TRDSportivo 2019 Matic … Lihat selengkapnya,yaris trdsportivo 2019 matic … lihat selengkapnya,Toyota Yaris,high,explicit_text_alias_strong,False,,,,False,not_relevant,no_adas_keyword,,UNKNOWN,,,,,,,
rec_6caa0bc9976378bf,Toyota Yaris,Yaris Cross Community Indonesia (YCCI),https://www.facebook.com/groups/331613226681705,post_1,post_1_comment_28,post_1,comment,,,,"Edisi Bantu Jual Punya Teman
For Sale Toyota Yaris Cross S Hybrid GR TSS 2024 
Tipe Tertinggi 
Warna Two tone Putih - Hitam… Lihat selengkapnya",https://www.facebook.com/groups/331613226681705,2026-09-17T15:35:27Z,raw_data_run_20260917_223451_d693b9.csv,rec_6caa0bc9976378bf,False,Edisi Bantu Jual Punya Teman For Sale Toyota Yaris Cross S Hybrid GR TSS 2024 Tipe Tertinggi Warna Two tone Putih - Hitam… Lihat selengkapnya,edisi bantu jual punya teman for sale toyota yaris cross s hybrid gr tss 2024 tipe tertinggi warna two tone putih - hitam… lihat selengkapnya,Toyota Yaris,high,explicit_text_alias_strong,True,TSS,combined_adas,,True,uncertain,generic_adas_terms_only,low,UNKNOWN,not_stated,not_stated,uncertain,positive,not_stated,unclear,low
rec_a0a9e064682f4f4a,Toyota Yaris,Yaris Cross Community Indonesia (YCCI),https://www.facebook.com/groups/331613226681705,post_1,post_1_comment_29,post_1,comment,,,,Edisi Bantu Jual Punya Teman,https://www.facebook.com/groups/331613226681705,2026-09-17T15:35:27Z,raw_data_run_20260917_223451_d693b9.csv,rec_a0a9e064682f4f4a,False,Edisi Bantu Jual Punya Teman,edisi bantu jual punya teman,Toyota Yaris,medium,community_context,False,,,,False,not_relevant,no_adas_keyword,,UNKNOWN,,,,,,,
rec_a35ea129bbb08611,Toyota Yaris,Yaris Cross Community Indonesia (YCCI),https://www.facebook.com/groups/331613226681705,post_1,post_1_comment_30,post_1,comment,,,,For Sale Toyota Yaris Cross S Hybrid GR TSS 2024,https://www.facebook.com/groups/331613226681705,2026-09-17T15:35:27Z,raw_data_run_20260917_223451_d693b9.csv,rec_a35ea129bbb08611,False,For Sale Toyota Yaris Cross S Hybrid GR TSS 2024,for sale toyota yaris cross s hybrid gr tss 2024,Toyota Yaris,high,explicit_text_alias_strong,True,TSS,combined_adas,,True,uncertain,generic_adas_terms_only,low,UNKNOWN,not_stated,not_stated,uncertain,neutral,not_stated,unclear,low
rec_344db96acb633f95,Toyota Yaris,Yaris Cross Community Indonesia (YCCI),https://www.facebook.com/groups/331613226681705,post_1,post_1_comment_31,post_1,comment,,,,Tipe Tertinggi,https://www.facebook.com/groups/331613226681705,2026-09-17T15:35:27Z,raw_data_run_20260917_223451_d693b9.csv,rec_344db96acb633f95,False,Tipe Tertinggi,tipe tertinggi,Toyota Yaris,medium,community_context,False,,,,False,not_relevant,no_adas_keyword,,UNKNOWN,,,,,,,
rec_44b9b95b37d46b65,Toyota Yaris,Yaris Cross Community Indonesia (YCCI),https://www.facebook.com/groups/331613226681705,post_1,post_1_comment_32,post_1,comment,,,,Warna Two tone Putih - Hitam… Lihat selengkapnya,https://www.facebook.com/groups/331613226681705,2026-09-17T15:35:27Z,raw_data_run_20260917_223451_d693b9.csv,rec_44b9b95b37d46b65,False,Warna Two tone Putih - Hitam… Lihat selengkapnya,warna two tone putih - hitam… lihat selengkapnya,Toyota Yaris,medium,community_context,False,,,,False,not_relevant,no_adas_keyword,,UNKNOWN,,,,,,,
rec_08245ee66b9c4ffe,Toyota Yaris,Yaris Cross Community Indonesia (YCCI),https://www.facebook.com/groups/331613226681705,post_1,post_1_comment_33,post_1,comment,,,,"@YARIS+TRD+SPORTIVO+2017+MANUAL+MT+
@SS+STNK+ONLY+SAJA+WAJIB+FAHAM+RIWAYAT+SANGAT+JELAS+HARGA+68JUTA+minat+wa.+083876865676",https://www.facebook.com/groups/331613226681705,2026-09-17T15:35:29Z,raw_data_run_20260917_223451_d693b9.csv,rec_08245ee66b9c4ffe,False,[mention] +TRD+SPORTIVO+2017+MANUAL+MT+ [mention] +STNK+ONLY+SAJA+WAJIB+FAHAM+RIWAYAT+SANGAT+JELAS+HARGA+68JUTA+minat+wa.+083876865676,[mention] +trd+sportivo+2017+manual+mt+ [mention] +stnk+only+saja+wajib+faham+riwayat+sangat+jelas+harga+68juta+minat+wa.+083876865676,Toyota Yaris,medium,community_context,False,,,,False,not_relevant,no_adas_keyword,,UNKNOWN,,,,,,,
rec_061c86b108ef0098,Toyota Yaris,Yaris Cross Community Indonesia (YCCI),https://www.facebook.com/groups/331613226681705,post_1,post_1_comment_34,post_1,comment,,,,@YARIS+TRD+SPORTIVO+2017+MANUAL+MT+,https://www.facebook.com/groups/331613226681705,2026-09-17T15:35:29Z,raw_data_run_20260917_223451_d693b9.csv,rec_061c86b108ef0098,False,[mention] +TRD+SPORTIVO+2017+MANUAL+MT+,[mention] +trd+sportivo+2017+manual+mt+,Toyota Yaris,medium,community_context,False,,,,False,not_relevant,no_adas_keyword,,UNKNOWN,,,,,,,
rec_b3e0d7fc0b1a85e2,Toyota Yaris,Yaris Cross Community Indonesia (YCCI),https://www.facebook.com/groups/331613226681705,post_1,post_1_comment_35,post_1,comment,,,,@SS+STNK+ONLY+SAJA+WAJIB+FAHAM+RIWAYAT+SANGAT+JELAS+HARGA+68JUTA+minat+wa.+083876865676,https://www.facebook.com/groups/331613226681705,2026-09-17T15:35:29Z,raw_data_run_20260917_223451_d693b9.csv,rec_b3e0d7fc0b1a85e2,False,[mention] +STNK+ONLY+SAJA+WAJIB+FAHAM+RIWAYAT+SANGAT+JELAS+HARGA+68JUTA+minat+wa.+083876865676,[mention] +stnk+only+saja+wajib+faham+riwayat+sangat+jelas+harga+68juta+minat+wa.+083876865676,Toyota Yaris,medium,community_context,False,,,,False,not_relevant,no_adas_keyword,,UNKNOWN,,,,,,,
rec_b450521116198dd1,Toyota Yaris,Yaris Cross Community Indonesia (YCCI),https://www.facebook.com/groups/331613226681705,post_1,post_1_comment_36,post_1,comment,,,,"𝗠𝗲𝘀𝗶𝗻 𝗦𝗲𝗴𝗲𝗹𝘂𝗻𝗱𝘂𝗻𝗴 𝗞𝗼𝗺𝗽𝗹𝗶𝘁, 𝗞𝗼𝗻𝗱𝗶𝘀𝗶 𝗦𝗮𝗻𝗴𝗮𝘁 𝗦𝗲𝗵𝗮𝘁 & 𝗡𝘆𝗮𝗹𝗮 𝗡𝗼𝗿𝗺𝗮𝗹
Siap COD di lokasi, bisa cek dulu kondisi fisiknya dulu
https://s.shopee.co.id/7psvwcMrVq
https://s.shopee.co.id/7psvwcMrVq
Segelundung murah mawon monggo dg SS lengkap
Bisa jg… Lihat selengkapnya",https://www.facebook.com/groups/331613226681705,2026-09-17T15:35:31Z,raw_data_run_20260917_223451_d693b9.csv,rec_b450521116198dd1,False,"𝗠𝗲𝘀𝗶𝗻 𝗦𝗲𝗴𝗲𝗹𝘂𝗻𝗱𝘂𝗻𝗴 𝗞𝗼𝗺𝗽𝗹𝗶𝘁, 𝗞𝗼𝗻𝗱𝗶𝘀𝗶 𝗦𝗮𝗻𝗴𝗮𝘁 𝗦𝗲𝗵𝗮𝘁 & 𝗡𝘆𝗮𝗹𝗮 𝗡𝗼𝗿𝗺𝗮𝗹 Siap COD di lokasi, bisa cek dulu kondisi fisiknya dulu [url] [url] Segelundung murah mawon monggo dg SS lengkap Bisa jg… Lihat selengkapnya","𝗠𝗲𝘀𝗶𝗻 𝗦𝗲𝗴𝗲𝗹𝘂𝗻𝗱𝘂𝗻𝗴 𝗞𝗼𝗺𝗽𝗹𝗶𝘁, 𝗞𝗼𝗻𝗱𝗶𝘀𝗶 𝗦𝗮𝗻𝗴𝗮𝘁 𝗦𝗲𝗵𝗮𝘁 & 𝗡𝘆𝗮𝗹𝗮 𝗡𝗼𝗿𝗺𝗮𝗹 siap cod di lokasi, bisa cek dulu kondisi fisiknya dulu [url] [url] segelundung murah mawon monggo dg ss lengkap bisa jg… lihat selengkapnya",Toyota Yaris,medium,community_context,False,,,,False,not_relevant,no_adas_keyword,,UNKNOWN,,,,,,,
rec_af619559aa9441c4,Toyota Yaris,Yaris Cross Community Indonesia (YCCI),https://www.facebook.com/groups/331613226681705,post_1,post_1_comment_37,post_1,comment,,,,"𝗠𝗲𝘀𝗶𝗻 𝗦𝗲𝗴𝗲𝗹𝘂𝗻𝗱𝘂𝗻𝗴 𝗞𝗼𝗺𝗽𝗹𝗶𝘁, 𝗞𝗼𝗻𝗱𝗶𝘀𝗶 𝗦𝗮𝗻𝗴𝗮𝘁 𝗦𝗲𝗵𝗮𝘁 & 𝗡𝘆𝗮𝗹𝗮 𝗡𝗼𝗿𝗺𝗮𝗹",https://www.facebook.com/groups/331613226681705,2026-09-17T15:35:31Z,raw_data_run_20260917_223451_d693b9.csv,rec_af619559aa9441c4,False,"𝗠𝗲𝘀𝗶𝗻 𝗦𝗲𝗴𝗲𝗹𝘂𝗻𝗱𝘂𝗻𝗴 𝗞𝗼𝗺𝗽𝗹𝗶𝘁, 𝗞𝗼𝗻𝗱𝗶𝘀𝗶 𝗦𝗮𝗻𝗴𝗮𝘁 𝗦𝗲𝗵𝗮𝘁 & 𝗡𝘆𝗮𝗹𝗮 𝗡𝗼𝗿𝗺𝗮𝗹","𝗠𝗲𝘀𝗶𝗻 𝗦𝗲𝗴𝗲𝗹𝘂𝗻𝗱𝘂𝗻𝗴 𝗞𝗼𝗺𝗽𝗹𝗶𝘁, 𝗞𝗼𝗻𝗱𝗶𝘀𝗶 𝗦𝗮𝗻𝗴𝗮𝘁 𝗦𝗲𝗵𝗮𝘁 & 𝗡𝘆𝗮𝗹𝗮 𝗡𝗼𝗿𝗺𝗮𝗹",Toyota Yaris,medium,community_context,False,,,,False,not_relevant,no_adas_keyword,,UNKNOWN,,,,,,,
rec_e74ae0c3d64f6a2b,Toyota Yaris,Yaris Cross Community Indonesia (YCCI),https://www.facebook.com/groups/331613226681705,post_1,post_1_comment_38,post_1,comment,,,,"Siap COD di lokasi, bisa cek dulu kondisi fisiknya dulu",https://www.facebook.com/groups/331613226681705,2026-09-17T15:35:31Z,raw_data_run_20260917_223451_d693b9.csv,rec_e74ae0c3d64f6a2b,False,"Siap COD di lokasi, bisa cek dulu kondisi fisiknya dulu","siap cod di lokasi, bisa cek dulu kondisi fisiknya dulu",Toyota Yaris,medium,community_context,False,,,,False,not_relevant,no_adas_keyword,,UNKNOWN,,,,,,,
rec_4693109cd54e4c3d,Toyota Yaris,Yaris Cross Community Indonesia (YCCI),https://www.facebook.com/groups/331613226681705,post_1,post_1_comment_39,post_1,comment,,,,https://s.shopee.co.id/7psvwcMrVq,https://www.facebook.com/groups/331613226681705,2026-09-17T15:35:31Z,raw_data_run_20260917_223451_d693b9.csv,rec_4693109cd54e4c3d,False,[url],[url],Toyota Yaris,medium,community_context,False,,,,False,not_relevant,no_adas_keyword,,UNKNOWN,,,,,,,
rec_70a5de96bc591c42,Toyota Yaris,Yaris Cross Community Indonesia (YCCI),https://www.facebook.com/groups/331613226681705,post_1,post_1_comment_40,post_1,comment,,,,"Segelundung murah mawon monggo dg SS lengkap
Bisa jg… Lihat selengkapnya",https://www.facebook.com/groups/331613226681705,2026-09-17T15:35:31Z,raw_data_run_20260917_223451_d693b9.csv,rec_70a5de96bc591c42,False,Segelundung murah mawon monggo dg SS lengkap Bisa jg… Lihat selengkapnya,segelundung murah mawon monggo dg ss lengkap bisa jg… lihat selengkapnya,Toyota Yaris,medium,community_context,False,,,,False,not_relevant,no_adas_keyword,,UNKNOWN,,,,,,,
rec_cde35d68c302109b,Toyota Yaris,Yaris Cross Community Indonesia (YCCI),https://www.facebook.com/groups/331613226681705,post_1,post_1_comment_41,post_1,comment,,,,"Yaris Cross 1.5 G Cvt 2026
Km 50 Perak
Mobil bekas rasa baru
Cash/kredit
Harga 325 juta(Boleh Nego sampai deal)
Lihat selengkapnya",https://www.facebook.com/groups/331613226681705,2026-09-17T15:35:33Z,raw_data_run_20260917_223451_d693b9.csv,rec_cde35d68c302109b,False,Yaris Cross 1.5 G Cvt 2026 Km 50 Perak Mobil bekas rasa baru Cash/kredit Harga 325 juta(Boleh Nego sampai deal) Lihat selengkapnya,yaris cross 1.5 g cvt 2026 km 50 perak mobil bekas rasa baru cash/kredit harga 325 juta(boleh nego sampai deal) lihat selengkapnya,Toyota Yaris,high,explicit_text_alias_strong,False,,,,False,not_relevant,no_adas_keyword,,UNKNOWN,,,,,,,
rec_246a0a82ad1febe6,Toyota Yaris,Yaris Cross Community Indonesia (YCCI),https://www.facebook.com/groups/331613226681705,post_1,post_1_comment_42,post_1,comment,,,,"Saya sebagai user yaris cross ko heran ya, knapa ko banyak yg mau jual mobil padahal kondisi nya masih bisa di bilang baru.",https://www.facebook.com/groups/331613226681705,2026-09-17T15:35:33Z,raw_data_run_20260917_223451_d693b9.csv,rec_246a0a82ad1febe6,False,"Saya sebagai user yaris cross ko heran ya, knapa ko banyak yg mau jual mobil padahal kondisi nya masih bisa di bilang baru.","saya sebagai user yaris cross ko heran ya, knapa ko banyak yg mau jual mobil padahal kondisi nya masih bisa di bilang baru.",Toyota Yaris,high,explicit_text_alias_strong,False,,,,False,not_relevant,no_adas_keyword,,UNKNOWN,,,,,,,
rec_9ca8ba66b716fb94,Toyota Yaris,Yaris Cross Community Indonesia (YCCI),https://www.facebook.com/groups/331613226681705,post_1,post_1_comment_43,post_1,comment,,,,Ap… Lihat selengkapnya,https://www.facebook.com/groups/331613226681705,2026-09-17T15:35:33Z,raw_data_run_20260917_223451_d693b9.csv,rec_9ca8ba66b716fb94,False,Ap… Lihat selengkapnya,ap… lihat selengkapnya,Toyota Yaris,medium,community_context,False,,,,False,not_relevant,no_adas_keyword,,UNKNOWN,,,,,,,
rec_73df1010db2ef5ca,Toyota Yaris,Yaris Cross Community Indonesia (YCCI),https://www.facebook.com/groups/331613226681705,post_1,post_1_comment_44,post_1,comment,,,,bisa tuker tambah ga,https://www.facebook.com/groups/331613226681705,2026-09-17T15:35:33Z,raw_data_run_20260917_223451_d693b9.csv,rec_73df1010db2ef5ca,False,bisa tuker tambah ga,bisa tuker tambah ga,Toyota Yaris,medium,community_context,False,,,,False,not_relevant,no_adas_keyword,,UNKNOWN,,,,,,,
rec_cc59f80243a892ff,Toyota Yaris,Yaris Cross Community Indonesia (YCCI),https://www.facebook.com/groups/331613226681705,post_1,post_1_comment_45,post_1,comment,,,,Bismillah..… Lihat selengkapnya,https://www.facebook.com/groups/331613226681705,2026-09-17T15:35:34Z,raw_data_run_20260917_223451_d693b9.csv,rec_cc59f80243a892ff,False,Bismillah..… Lihat selengkapnya,bismillah..… lihat selengkapnya,Toyota Yaris,medium,community_context,False,,,,False,not_relevant,no_adas_keyword,,UNKNOWN,,,,,,,
rec_adf6a2a8c1eccbb0,Toyota Yaris,Yaris Cross Community Indonesia (YCCI),https://www.facebook.com/groups/331613226681705,post_1,post_1_comment_46,post_1,comment,,,,"Izin cari rezeki
Bodykit Xpander Cross. Harga fullset mulai dari 1 jt-an
Salam Modifikasi Indonesia
-------------------------------------------------------
Upgrade your car with :
𝐁𝐎𝐃𝐘𝐊𝐈𝐓 𝐈𝐍𝐃𝐎𝐍𝐄𝐒𝐈𝐀
Lihat selengkapnya",https://www.facebook.com/groups/331613226681705,2026-09-17T15:35:38Z,raw_data_run_20260917_223451_d693b9.csv,rec_adf6a2a8c1eccbb0,False,Izin cari rezeki Bodykit Xpander Cross. Harga fullset mulai dari 1 jt-an Salam Modifikasi Indonesia ------------------------------------------------------- Upgrade your car with : 𝐁𝐎𝐃𝐘𝐊𝐈𝐓 𝐈𝐍𝐃𝐎𝐍𝐄𝐒𝐈𝐀 Lihat selengkapnya,izin cari rezeki bodykit xpander cross. harga fullset mulai dari 1 jt-an salam modifikasi indonesia ------------------------------------------------------- upgrade your car with : 𝐁𝐎𝐃𝐘𝐊𝐈𝐓 𝐈𝐍𝐃𝐎𝐍𝐄𝐒𝐈𝐀 lihat selengkapnya,Toyota Yaris,medium,community_context,False,,,,False,not_relevant,no_adas_keyword,,UNKNOWN,,,,,,,
rec_20e544c586aa66e3,Toyota Yaris,Yaris Cross Community Indonesia (YCCI),https://www.facebook.com/groups/331613226681705,post_1,post_1_comment_47,post_1,comment,,,,"@YARIS+TRD+SPORTIVO+2017+MANUAL+MT+
@SS+STNK+ONLY+SAJA+WAJIB+FAHAM+RIWAYAT+SANGAT+JELAS+HARGA+68JUTA+minat+inbok",https://www.facebook.com/groups/331613226681705,2026-09-17T15:35:39Z,raw_data_run_20260917_223451_d693b9.csv,rec_20e544c586aa66e3,False,[mention] +TRD+SPORTIVO+2017+MANUAL+MT+ [mention] +STNK+ONLY+SAJA+WAJIB+FAHAM+RIWAYAT+SANGAT+JELAS+HARGA+68JUTA+minat+inbok,[mention] +trd+sportivo+2017+manual+mt+ [mention] +stnk+only+saja+wajib+faham+riwayat+sangat+jelas+harga+68juta+minat+inbok,Toyota Yaris,medium,community_context,False,,,,False,not_relevant,no_adas_keyword,,UNKNOWN,,,,,,,
rec_891867833446e88a,Toyota Yaris,Yaris Cross Community Indonesia (YCCI),https://www.facebook.com/groups/331613226681705,post_1,post_1_comment_48,post_1,comment,,,,@SS+STNK+ONLY+SAJA+WAJIB+FAHAM+RIWAYAT+SANGAT+JELAS+HARGA+68JUTA+minat+inbok,https://www.facebook.com/groups/331613226681705,2026-09-17T15:35:39Z,raw_data_run_20260917_223451_d693b9.csv,rec_891867833446e88a,False,[mention] +STNK+ONLY+SAJA+WAJIB+FAHAM+RIWAYAT+SANGAT+JELAS+HARGA+68JUTA+minat+inbok,[mention] +stnk+only+saja+wajib+faham+riwayat+sangat+jelas+harga+68juta+minat+inbok,Toyota Yaris,medium,community_context,False,,,,False,not_relevant,no_adas_keyword,,UNKNOWN,,,,,,,
rec_9c6aade7ccbb43de,Toyota Yaris,Yaris Cross Community Indonesia (YCCI),https://www.facebook.com/groups/331613226681705,post_1,post_1_comment_49,post_1,comment,,,,"Salam sedikit perkongsian item untuk TOYOTA YARIS CROSS yang ada didalam platform shopee. Silakan survey jika ada yang mencari. Gambar hasil gemini
 .TQ admin 
Trapo Karpet Kereta Car Mat Toyota Yaris Cross Non-Hybrid (2023-Present) 
 https://s.shopee.com.my/7KpiEBNi2W.
Kamatto Classic Toyota Yaris Cross XP210 (2020-Present) Car Floor Mat and Carpet
 https://s.shopee.com.my/AUmjzkeWog… Lihat selengkapnya",https://www.facebook.com/groups/331613226681705,2026-09-17T15:35:41Z,raw_data_run_20260917_223451_d693b9.csv,rec_9c6aade7ccbb43de,False,Salam sedikit perkongsian item untuk TOYOTA YARIS CROSS yang ada didalam platform shopee. Silakan survey jika ada yang mencari. Gambar hasil gemini .TQ admin Trapo Karpet Kereta Car Mat Toyota Yaris Cross Non-Hybrid (2023-Present) [url] Kamatto Classic Toyota Yaris Cross XP210 (2020-Present) Car Floor Mat and Carpet [url] Lihat selengkapnya,salam sedikit perkongsian item untuk toyota yaris cross yang ada didalam platform shopee. silakan survey jika ada yang mencari. gambar hasil gemini .tq admin trapo karpet kereta car mat toyota yaris cross non-hybrid (2023-present) [url] kamatto classic toyota yaris cross xp210 (2020-present) car floor mat and carpet [url] lihat selengkapnya,Toyota Yaris,high,explicit_text_alias_strong,False,,,,False,not_relevant,no_adas_keyword,,UNKNOWN,,,,,,,
rec_7a1e06be043e383b,Toyota Yaris,Yaris Cross Community Indonesia (YCCI),https://www.facebook.com/groups/331613226681705,post_1,post_1_comment_50,post_1,comment,,,,"Salam sedikit perkongsian item untuk TOYOTA YARIS CROSS yang ada didalam platform shopee. Silakan survey jika ada yang mencari. Gambar hasil gemini
 .TQ admin",https://www.facebook.com/groups/331613226681705,2026-09-17T15:35:41Z,raw_data_run_20260917_223451_d693b9.csv,rec_7a1e06be043e383b,False,Salam sedikit perkongsian item untuk TOYOTA YARIS CROSS yang ada didalam platform shopee. Silakan survey jika ada yang mencari. Gambar hasil gemini .TQ admin,salam sedikit perkongsian item untuk toyota yaris cross yang ada didalam platform shopee. silakan survey jika ada yang mencari. gambar hasil gemini .tq admin,Toyota Yaris,high,explicit_text_alias_strong,False,,,,False,not_relevant,no_adas_keyword,,UNKNOWN,,,,,,,
rec_9e4cda7d65741596,Toyota Yaris,Yaris Cross Community Indonesia (YCCI),https://www.facebook.com/groups/331613226681705,post_1,post_1_comment_51,post_1,comment,,,,Trapo Karpet Kereta Car Mat Toyota Yaris Cross Non-Hybrid (2023-Present),https://www.facebook.com/groups/331613226681705,2026-09-17T15:35:41Z,raw_data_run_20260917_223451_d693b9.csv,rec_9e4cda7d65741596,False,Trapo Karpet Kereta Car Mat Toyota Yaris Cross Non-Hybrid (2023-Present),trapo karpet kereta car mat toyota yaris cross non-hybrid (2023-present),Toyota Yaris,high,explicit_text_alias_strong,False,,,,False,not_relevant,no_adas_keyword,,UNKNOWN,,,,,,,
rec_87c33b27a10b538b,Toyota Yaris,Yaris Cross Community Indonesia (YCCI),https://www.facebook.com/groups/331613226681705,post_1,post_1_comment_52,post_1,comment,,,,https://s.shopee.com.my/7KpiEBNi2W.,https://www.facebook.com/groups/331613226681705,2026-09-17T15:35:41Z,raw_data_run_20260917_223451_d693b9.csv,rec_87c33b27a10b538b,False,[url],[url],Toyota Yaris,medium,community_context,False,,,,False,not_relevant,no_adas_keyword,,UNKNOWN,,,,,,,
rec_d34850b4c48b8c60,Toyota Yaris,Yaris Cross Community Indonesia (YCCI),https://www.facebook.com/groups/331613226681705,post_1,post_1_comment_53,post_1,comment,,,,Kamatto Classic Toyota Yaris Cross XP210 (2020-Present) Car Floor Mat and Carpet,https://www.facebook.com/groups/331613226681705,2026-09-17T15:35:41Z,raw_data_run_20260917_223451_d693b9.csv,rec_d34850b4c48b8c60,False,Kamatto Classic Toyota Yaris Cross XP210 (2020-Present) Car Floor Mat and Carpet,kamatto classic toyota yaris cross xp210 (2020-present) car floor mat and carpet,Toyota Yaris,high,explicit_text_alias_strong,False,,,,False,not_relevant,no_adas_keyword,,UNKNOWN,,,,,,,
rec_27b523701a3c46ec,Toyota Yaris,Yaris Cross Community Indonesia (YCCI),https://www.facebook.com/groups/331613226681705,post_1,post_1_comment_54,post_1,comment,,,,https://s.shopee.com.my/AUmjzkeWog… Lihat selengkapnya,https://www.facebook.com/groups/331613226681705,2026-09-17T15:35:41Z,raw_data_run_20260917_223451_d693b9.csv,rec_27b523701a3c46ec,False,[url] Lihat selengkapnya,[url] lihat selengkapnya,Toyota Yaris,medium,community_context,False,,,,False,not_relevant,no_adas_keyword,,UNKNOWN,,,,,,,
rec_abb52a2c2a8b74c0,Toyota Yaris,Yaris Cross Community Indonesia (YCCI),https://www.facebook.com/groups/331613226681705,post_1,post_1_comment_55,post_1,comment,,,,"Ambient Light Car
Premium Ambience Light No Bintik Grade A+
Bisa Disemua Mobil
-
Bisa Rgb Matrix Kontrol Lewat Aplikasi
+ Setting 1 Warna
-
Lihat selengkapnya",https://www.facebook.com/groups/331613226681705,2026-09-17T15:35:43Z,raw_data_run_20260917_223451_d693b9.csv,rec_abb52a2c2a8b74c0,False,Ambient Light Car Premium Ambience Light No Bintik Grade A+ Bisa Disemua Mobil - Bisa Rgb Matrix Kontrol Lewat Aplikasi + Setting 1 Warna - Lihat selengkapnya,ambient light car premium ambience light no bintik grade a+ bisa disemua mobil - bisa rgb matrix kontrol lewat aplikasi + setting 1 warna - lihat selengkapnya,Toyota Yaris,medium,community_context,False,,,,False,not_relevant,no_adas_keyword,,UNKNOWN,,,,,,,
rec_aed5759c43bc8f28,Toyota Yaris,Yaris Cross Community Indonesia (YCCI),https://www.facebook.com/groups/331613226681705,post_1,post_1_comment_56,post_1,comment,,,,Mau om,https://www.facebook.com/groups/331613226681705,2026-09-17T15:35:43Z,raw_data_run_20260917_223451_d693b9.csv,rec_aed5759c43bc8f28,False,Mau om,mau om,Toyota Yaris,medium,community_context,False,,,,False,not_relevant,no_adas_keyword,,UNKNOWN,,,,,,,
rec_52537eff166c6415,Toyota Yaris,Yaris Cross Community Indonesia (YCCI),https://www.facebook.com/groups/331613226681705,post_1,post_1_comment_57,post_1,comment,,,,"@YARIS TRD SPORTIVO 2017 MANUAL MT 
@SS STNK ONLY SAJA WAJIB FAHAM RIWAYAT SANGAT JELAS HARGA 68JUTA CALL BY WA 
https://wa.me/62085126495267",https://www.facebook.com/groups/331613226681705,2026-09-17T15:35:44Z,raw_data_run_20260917_223451_d693b9.csv,rec_52537eff166c6415,False,[mention] TRD SPORTIVO 2017 MANUAL MT [mention] STNK ONLY SAJA WAJIB FAHAM RIWAYAT SANGAT JELAS HARGA 68JUTA CALL BY WA [url],[mention] trd sportivo 2017 manual mt [mention] stnk only saja wajib faham riwayat sangat jelas harga 68juta call by wa [url],Toyota Yaris,medium,community_context,False,,,,False,not_relevant,no_adas_keyword,,UNKNOWN,,,,,,,
rec_6858a5c63ccfc6c9,Toyota Yaris,Yaris Cross Community Indonesia (YCCI),https://www.facebook.com/groups/331613226681705,post_1,post_1_comment_58,post_1,comment,,,,@YARIS TRD SPORTIVO 2017 MANUAL MT,https://www.facebook.com/groups/331613226681705,2026-09-17T15:35:44Z,raw_data_run_20260917_223451_d693b9.csv,rec_6858a5c63ccfc6c9,False,[mention] TRD SPORTIVO 2017 MANUAL MT,[mention] trd sportivo 2017 manual mt,Toyota Yaris,medium,community_context,False,,,,False,not_relevant,no_adas_keyword,,UNKNOWN,,,,,,,
rec_399afa2e7817b339,Toyota Yaris,Yaris Cross Community Indonesia (YCCI),https://www.facebook.com/groups/331613226681705,post_1,post_1_comment_59,post_1,comment,,,,"@SS STNK ONLY SAJA WAJIB FAHAM RIWAYAT SANGAT JELAS HARGA 68JUTA CALL BY WA 
https://wa.me/62085126495267",https://www.facebook.com/groups/331613226681705,2026-09-17T15:35:44Z,raw_data_run_20260917_223451_d693b9.csv,rec_399afa2e7817b339,False,[mention] STNK ONLY SAJA WAJIB FAHAM RIWAYAT SANGAT JELAS HARGA 68JUTA CALL BY WA [url],[mention] stnk only saja wajib faham riwayat sangat jelas harga 68juta call by wa [url],Toyota Yaris,medium,community_context,False,,,,False,not_relevant,no_adas_keyword,,UNKNOWN,,,,,,,
rec_0e85427279da94cd,Toyota Yaris,Yaris Cross Community Indonesia (YCCI),https://www.facebook.com/groups/331613226681705,post_1,post_1_comment_60,post_1,comment,,,,"*Cover jok : Yaris lele ( SECOND ) 
*Tahun*     : 2014-2021… Lihat selengkapnya",https://www.facebook.com/groups/331613226681705,2026-09-17T15:35:46Z,raw_data_run_20260917_223451_d693b9.csv,rec_0e85427279da94cd,False,*Cover jok : Yaris lele ( SECOND ) *Tahun* : 2014-2021… Lihat selengkapnya,*cover jok : yaris lele ( second ) *tahun* : 2014-2021… lihat selengkapnya,Toyota Yaris,high,explicit_text_alias_strong,False,,,,False,not_relevant,no_adas_keyword,,UNKNOWN,,,,,,,
rec_449e6e1719d7589d,Toyota Yaris,Yaris Cross Community Indonesia (YCCI),https://www.facebook.com/groups/331613226681705,post_1,post_1_comment_61,post_1,comment,,,,*Cover jok : Yaris lele ( SECOND ),https://www.facebook.com/groups/331613226681705,2026-09-17T15:35:46Z,raw_data_run_20260917_223451_d693b9.csv,rec_449e6e1719d7589d,False,*Cover jok : Yaris lele ( SECOND ),*cover jok : yaris lele ( second ),Toyota Yaris,high,explicit_text_alias_strong,False,,,,False,not_relevant,no_adas_keyword,,UNKNOWN,,,,,,,
rec_cf3a05bb737b7fa8,Toyota Yaris,Yaris Cross Community Indonesia (YCCI),https://www.facebook.com/groups/331613226681705,post_1,post_1_comment_62,post_1,comment,,,,*Tahun*     : 2014-2021… Lihat selengkapnya,https://www.facebook.com/groups/331613226681705,2026-09-17T15:35:46Z,raw_data_run_20260917_223451_d693b9.csv,rec_cf3a05bb737b7fa8,False,*Tahun* : 2014-2021… Lihat selengkapnya,*tahun* : 2014-2021… lihat selengkapnya,Toyota Yaris,medium,community_context,False,,,,False,not_relevant,no_adas_keyword,,UNKNOWN,,,,,,,
rec_2cc09b16793fa589,Toyota Yaris,Yaris Cross Community Indonesia (YCCI),https://www.facebook.com/groups/331613226681705,post_2,,,post,,,,"@YARIS TRD S 2017 MANUAL BEBAS LINTAS PLAT NEMPEL HARGA 68JUTA SAJA LOKASI PASURUAN CALL WA 
https://wa.me/62085137751296",https://www.facebook.com/groups/331613226681705,2026-09-17T15:35:46Z,raw_data_run_20260917_223451_d693b9.csv,rec_2cc09b16793fa589,False,[mention] TRD S 2017 MANUAL BEBAS LINTAS PLAT NEMPEL HARGA 68JUTA SAJA LOKASI PASURUAN CALL WA [url],[mention] trd s 2017 manual bebas lintas plat nempel harga 68juta saja lokasi pasuruan call wa [url],Toyota Yaris,medium,community_context,False,,,,False,not_relevant,no_adas_keyword,,UNKNOWN,,,,,,,
rec_0e506f9f71dcc9a9,Toyota Yaris,Yaris Cross Community Indonesia (YCCI),https://www.facebook.com/groups/331613226681705,post_2,post_2_comment_1,post_2,comment,,,,"@ES TEH ONLY SJ
@YARIS TRD S 2017 MANUAL BEBAS LINTAS PLAT NEMPEL HARGA 68JUTA SAJA LOKASI PASURUAN CALL WA 
https://wa.me/62085137751296",https://www.facebook.com/groups/331613226681705,2026-09-17T15:35:50Z,raw_data_run_20260917_223451_d693b9.csv,rec_0e506f9f71dcc9a9,False,[mention] TEH ONLY SJ [mention] TRD S 2017 MANUAL BEBAS LINTAS PLAT NEMPEL HARGA 68JUTA SAJA LOKASI PASURUAN CALL WA [url],[mention] teh only sj [mention] trd s 2017 manual bebas lintas plat nempel harga 68juta saja lokasi pasuruan call wa [url],Toyota Yaris,medium,community_context,False,,,,False,not_relevant,no_adas_keyword,,UNKNOWN,,,,,,,
rec_483b6521c461237d,Toyota Yaris,Yaris Cross Community Indonesia (YCCI),https://www.facebook.com/groups/331613226681705,post_2,post_2_comment_2,post_2,comment,,,,@ES TEH ONLY SJ,https://www.facebook.com/groups/331613226681705,2026-09-17T15:35:50Z,raw_data_run_20260917_223451_d693b9.csv,rec_483b6521c461237d,False,[mention] TEH ONLY SJ,[mention] teh only sj,Toyota Yaris,medium,community_context,False,,,,False,not_relevant,no_adas_keyword,,UNKNOWN,,,,,,,
rec_f3d6ebbcdc5f2d69,Toyota Yaris,Yaris Cross Community Indonesia (YCCI),https://www.facebook.com/groups/331613226681705,post_2,post_2_comment_3,post_2,comment,,,,"@YARIS TRD S 2017 MANUAL BEBAS LINTAS PLAT NEMPEL HARGA 68JUTA SAJA LOKASI PASURUAN CALL WA 
https://wa.me/62085137751296",https://www.facebook.com/groups/331613226681705,2026-09-17T15:35:50Z,raw_data_run_20260917_223451_d693b9.csv,rec_f3d6ebbcdc5f2d69,False,[mention] TRD S 2017 MANUAL BEBAS LINTAS PLAT NEMPEL HARGA 68JUTA SAJA LOKASI PASURUAN CALL WA [url],[mention] trd s 2017 manual bebas lintas plat nempel harga 68juta saja lokasi pasuruan call wa [url],Toyota Yaris,medium,community_context,False,,,,False,not_relevant,no_adas_keyword,,UNKNOWN,,,,,,,
rec_10e472c9f337522f,Toyota Yaris,Yaris Cross Community Indonesia (YCCI),https://www.facebook.com/groups/331613226681705,post_2,post_2_comment_4,post_2,comment,,,,Xmate karpet mobil Yaris Cross,https://www.facebook.com/groups/331613226681705,2026-09-17T15:35:50Z,raw_data_run_20260917_223451_d693b9.csv,rec_10e472c9f337522f,False,Xmate karpet mobil Yaris Cross,xmate karpet mobil yaris cross,Toyota Yaris,high,explicit_text_alias_strong,False,,,,False,not_relevant,no_adas_keyword,,UNKNOWN,,,,,,,
rec_6db8e4f22b6093b5,Toyota Yaris,Yaris Cross Community Indonesia (YCCI),https://www.facebook.com/groups/331613226681705,post_2,post_2_comment_5,post_2,comment,,,,Mempererat dan memperluas hubungan silahturahmi antar sesama pengguna mobil Toyota Yaris Cross,https://www.facebook.com/groups/331613226681705,2026-09-17T15:35:50Z,raw_data_run_20260917_223451_d693b9.csv,rec_6db8e4f22b6093b5,False,Mempererat dan memperluas hubungan silahturahmi antar sesama pengguna mobil Toyota Yaris Cross,mempererat dan memperluas hubungan silahturahmi antar sesama pengguna mobil toyota yaris cross,Toyota Yaris,high,explicit_text_alias_strong,False,,,,False,not_relevant,no_adas_keyword,,UNKNOWN,,,,,,,
rec_a12f86c734066dc8,Toyota Yaris,Yaris Cross Community Indonesia (YCCI),https://www.facebook.com/groups/331613226681705,post_2,post_2_comment_6,post_2,comment,,,,"dijual
New Yaris TRDSportivo 2018 Manual … Lihat selengkapnya",https://www.facebook.com/groups/331613226681705,2026-09-17T15:35:51Z,raw_data_run_20260917_223451_d693b9.csv,rec_a12f86c734066dc8,False,dijual New Yaris TRDSportivo 2018 Manual … Lihat selengkapnya,dijual new yaris trdsportivo 2018 manual … lihat selengkapnya,Toyota Yaris,high,explicit_text_alias_strong,False,,,,False,not_relevant,no_adas_keyword,,UNKNOWN,,,,,,,
rec_bad0590bf12d9263,Toyota Yaris,Yaris Cross Community Indonesia (YCCI),https://www.facebook.com/groups/331613226681705,post_2,post_2_comment_7,post_2,comment,,,,dijual,https://www.facebook.com/groups/331613226681705,2026-09-17T15:35:51Z,raw_data_run_20260917_223451_d693b9.csv,rec_bad0590bf12d9263,False,dijual,dijual,Toyota Yaris,medium,community_context,False,,,,False,not_relevant,no_adas_keyword,,UNKNOWN,,,,,,,
rec_00ebcfbcd328a81c,Toyota Yaris,Yaris Cross Community Indonesia (YCCI),https://www.facebook.com/groups/331613226681705,post_2,post_2_comment_8,post_2,comment,,,,New Yaris TRDSportivo 2018 Manual … Lihat selengkapnya,https://www.facebook.com/groups/331613226681705,2026-09-17T15:35:51Z,raw_data_run_20260917_223451_d693b9.csv,rec_00ebcfbcd328a81c,False,New Yaris TRDSportivo 2018 Manual … Lihat selengkapnya,new yaris trdsportivo 2018 manual … lihat selengkapnya,Toyota Yaris,high,explicit_text_alias_strong,False,,,,False,not_relevant,no_adas_keyword,,UNKNOWN,,,,,,,
rec_f1027dd1bbafaa95,Toyota Yaris,Yaris Cross Community Indonesia (YCCI),https://www.facebook.com/groups/331613226681705,post_2,post_2_comment_9,post_2,comment,,,,"FS Toyota Yaris Cross Hybrid GR TSS Black
Ijin kakak admin dan lainnya,
Mau jual mobil irit lincah keren ini
NIK 2024 atas nama CV milik sendiri
Lihat selengkapnya",https://www.facebook.com/groups/331613226681705,2026-09-17T15:35:51Z,raw_data_run_20260917_223451_d693b9.csv,rec_f1027dd1bbafaa95,False,"FS Toyota Yaris Cross Hybrid GR TSS Black Ijin kakak admin dan lainnya, Mau jual mobil irit lincah keren ini NIK 2024 atas nama CV milik sendiri Lihat selengkapnya","fs toyota yaris cross hybrid gr tss black ijin kakak admin dan lainnya, mau jual mobil irit lincah keren ini nik 2024 atas nama cv milik sendiri lihat selengkapnya",Toyota Yaris,high,explicit_text_alias_strong,True,TSS,combined_adas,,True,uncertain,generic_adas_terms_only,low,UNKNOWN,not_stated,not_stated,uncertain,positive,not_stated,unclear,low
rec_22bd8aaea84b717f,Toyota Yaris,Yaris Cross Community Indonesia (YCCI),https://www.facebook.com/groups/331613226681705,post_2,post_2_comment_10,post_2,comment,,,,"Yaris Cross G 2024
Hitam
Surat² lengkap
Pajak on
Odo 27rban on-going… Lihat selengkapnya",https://www.facebook.com/groups/331613226681705,2026-09-17T15:35:54Z,raw_data_run_20260917_223451_d693b9.csv,rec_22bd8aaea84b717f,False,Yaris Cross G 2024 Hitam Surat² lengkap Pajak on Odo 27rban on-going… Lihat selengkapnya,yaris cross g 2024 hitam surat² lengkap pajak on odo 27rban on-going… lihat selengkapnya,Toyota Yaris,high,explicit_text_alias_strong,False,,,,False,not_relevant,no_adas_keyword,,UNKNOWN,,,,,,,
rec_9147b223ee2284d3,Toyota Yaris,Yaris Cross Community Indonesia (YCCI),https://www.facebook.com/groups/331613226681705,post_2,post_2_comment_11,post_2,comment,,,,Yaris Cross G 2024,https://www.facebook.com/groups/331613226681705,2026-09-17T15:35:54Z,raw_data_run_20260917_223451_d693b9.csv,rec_9147b223ee2284d3,False,Yaris Cross G 2024,yaris cross g 2024,Toyota Yaris,high,explicit_text_alias_strong,False,,,,False,not_relevant,no_adas_keyword,,UNKNOWN,,,,,,,
rec_9f796c03b1e55041,Toyota Yaris,Yaris Cross Community Indonesia (YCCI),https://www.facebook.com/groups/331613226681705,post_2,post_2_comment_12,post_2,comment,,,,Hitam,https://www.facebook.com/groups/331613226681705,2026-09-17T15:35:54Z,raw_data_run_20260917_223451_d693b9.csv,rec_9f796c03b1e55041,False,Hitam,hitam,Toyota Yaris,medium,community_context,False,,,,False,not_relevant,no_adas_keyword,,UNKNOWN,,,,,,,
rec_e9df5f883517c9be,Toyota Yaris,Yaris Cross Community Indonesia (YCCI),https://www.facebook.com/groups/331613226681705,post_2,post_2_comment_13,post_2,comment,,,,Surat² lengkap,https://www.facebook.com/groups/331613226681705,2026-09-17T15:35:54Z,raw_data_run_20260917_223451_d693b9.csv,rec_e9df5f883517c9be,False,Surat² lengkap,surat² lengkap,Toyota Yaris,medium,community_context,False,,,,False,not_relevant,no_adas_keyword,,UNKNOWN,,,,,,,
rec_bada5e6e123a4b7a,Toyota Yaris,Yaris Cross Community Indonesia (YCCI),https://www.facebook.com/groups/331613226681705,post_2,post_2_comment_14,post_2,comment,,,,Pajak on,https://www.facebook.com/groups/331613226681705,2026-09-17T15:35:54Z,raw_data_run_20260917_223451_d693b9.csv,rec_bada5e6e123a4b7a,False,Pajak on,pajak on,Toyota Yaris,medium,community_context,False,,,,False,not_relevant,no_adas_keyword,,UNKNOWN,,,,,,,
rec_8466e88fda05ee51,Toyota Yaris,Yaris Cross Community Indonesia (YCCI),https://www.facebook.com/groups/331613226681705,post_2,post_2_comment_15,post_2,comment,,,,Odo 27rban on-going… Lihat selengkapnya,https://www.facebook.com/groups/331613226681705,2026-09-17T15:35:54Z,raw_data_run_20260917_223451_d693b9.csv,rec_8466e88fda05ee51,False,Odo 27rban on-going… Lihat selengkapnya,odo 27rban on-going… lihat selengkapnya,Toyota Yaris,medium,community_context,False,,,,False,not_relevant,no_adas_keyword,,UNKNOWN,,,,,,,
rec_71f25c81c1c3afc1,Toyota Yaris,Yaris Cross Community Indonesia (YCCI),https://www.facebook.com/groups/331613226681705,post_2,post_2_comment_16,post_2,comment,,,,"STNK ONLY DAN APLIKASI SAJA RIWAYAT LEASING JELAS BUKAN UNIT RENTAL DAN CURIAN
YANG PAHAM DAN BERPENGALAMAN … Lihat selengkapnya",https://www.facebook.com/groups/331613226681705,2026-09-17T15:35:56Z,raw_data_run_20260917_223451_d693b9.csv,rec_71f25c81c1c3afc1,False,STNK ONLY DAN APLIKASI SAJA RIWAYAT LEASING JELAS BUKAN UNIT RENTAL DAN CURIAN YANG PAHAM DAN BERPENGALAMAN … Lihat selengkapnya,stnk only dan aplikasi saja riwayat leasing jelas bukan unit rental dan curian yang paham dan berpengalaman … lihat selengkapnya,Toyota Yaris,medium,community_context,False,,,,False,not_relevant,no_adas_keyword,,UNKNOWN,,,,,,,
rec_8e13a210d3ef4960,Toyota Yaris,Yaris Cross Community Indonesia (YCCI),https://www.facebook.com/groups/331613226681705,post_2,post_2_comment_17,post_2,comment,,,,STNK ONLY DAN APLIKASI SAJA RIWAYAT LEASING JELAS BUKAN UNIT RENTAL DAN CURIAN,https://www.facebook.com/groups/331613226681705,2026-09-17T15:35:56Z,raw_data_run_20260917_223451_d693b9.csv,rec_8e13a210d3ef4960,False,STNK ONLY DAN APLIKASI SAJA RIWAYAT LEASING JELAS BUKAN UNIT RENTAL DAN CURIAN,stnk only dan aplikasi saja riwayat leasing jelas bukan unit rental dan curian,Toyota Yaris,medium,community_context,False,,,,False,not_relevant,no_adas_keyword,,UNKNOWN,,,,,,,
rec_2307f48d5908f564,Toyota Yaris,Yaris Cross Community Indonesia (YCCI),https://www.facebook.com/groups/331613226681705,post_2,post_2_comment_18,post_2,comment,,,,YANG PAHAM DAN BERPENGALAMAN … Lihat selengkapnya,https://www.facebook.com/groups/331613226681705,2026-09-17T15:35:56Z,raw_data_run_20260917_223451_d693b9.csv,rec_2307f48d5908f564,False,YANG PAHAM DAN BERPENGALAMAN … Lihat selengkapnya,yang paham dan berpengalaman … lihat selengkapnya,Toyota Yaris,medium,community_context,False,,,,False,not_relevant,no_adas_keyword,,UNKNOWN,,,,,,,
rec_f8eb42623ef5aee7,Toyota Yaris,Yaris Cross Community Indonesia (YCCI),https://www.facebook.com/groups/331613226681705,post_2,post_2_comment_19,post_2,comment,,,,"Jual sparepart berkualitas 
Whatsapp 
 085934378954… Lihat selengkapnya",https://www.facebook.com/groups/331613226681705,2026-09-17T15:35:58Z,raw_data_run_20260917_223451_d693b9.csv,rec_f8eb42623ef5aee7,False,Jual sparepart berkualitas Whatsapp 085934378954… Lihat selengkapnya,jual sparepart berkualitas whatsapp 085934378954… lihat selengkapnya,Toyota Yaris,medium,community_context,False,,,,False,not_relevant,no_adas_keyword,,UNKNOWN,,,,,,,
rec_b70e425c47095f6c,Toyota Yaris,Yaris Cross Community Indonesia (YCCI),https://www.facebook.com/groups/331613226681705,post_2,post_2_comment_20,post_2,comment,,,,Jual sparepart berkualitas,https://www.facebook.com/groups/331613226681705,2026-09-17T15:35:58Z,raw_data_run_20260917_223451_d693b9.csv,rec_b70e425c47095f6c,False,Jual sparepart berkualitas,jual sparepart berkualitas,Toyota Yaris,medium,community_context,False,,,,False,not_relevant,no_adas_keyword,,UNKNOWN,,,,,,,
rec_f71e0a9854078d79,Toyota Yaris,Yaris Cross Community Indonesia (YCCI),https://www.facebook.com/groups/331613226681705,post_2,post_2_comment_21,post_2,comment,,,,"Whatsapp 
 085934378954… Lihat selengkapnya",https://www.facebook.com/groups/331613226681705,2026-09-17T15:35:58Z,raw_data_run_20260917_223451_d693b9.csv,rec_f71e0a9854078d79,False,Whatsapp 085934378954… Lihat selengkapnya,whatsapp 085934378954… lihat selengkapnya,Toyota Yaris,medium,community_context,False,,,,False,not_relevant,no_adas_keyword,,UNKNOWN,,,,,,,
rec_5bb60a00a10eb5e9,Toyota Yaris,Yaris Cross Community Indonesia (YCCI),https://www.facebook.com/groups/331613226681705,post_2,post_2_comment_22,post_2,comment,,,,"Kamera parkir TOYOTA 
 inova reborn… Lihat selengkapnya",https://www.facebook.com/groups/331613226681705,2026-09-17T15:35:59Z,raw_data_run_20260917_223451_d693b9.csv,rec_5bb60a00a10eb5e9,False,Kamera parkir TOYOTA inova reborn… Lihat selengkapnya,kamera parkir toyota inova reborn… lihat selengkapnya,Toyota Yaris,medium,community_context,False,,,,False,not_relevant,no_adas_keyword,,UNKNOWN,,,,,,,
rec_36873526cc078575,Toyota Yaris,Yaris Cross Community Indonesia (YCCI),https://www.facebook.com/groups/331613226681705,post_2,post_2_comment_23,post_2,comment,,,,Kamera parkir TOYOTA,https://www.facebook.com/groups/331613226681705,2026-09-17T15:35:59Z,raw_data_run_20260917_223451_d693b9.csv,rec_36873526cc078575,False,Kamera parkir TOYOTA,kamera parkir toyota,Toyota Yaris,medium,community_context,False,,,,False,not_relevant,no_adas_keyword,,UNKNOWN,,,,,,,
rec_178d242bce43a438,Toyota Yaris,Yaris Cross Community Indonesia (YCCI),https://www.facebook.com/groups/331613226681705,post_2,post_2_comment_24,post_2,comment,,,,inova reborn… Lihat selengkapnya,https://www.facebook.com/groups/331613226681705,2026-09-17T15:35:59Z,raw_data_run_20260917_223451_d693b9.csv,rec_178d242bce43a438,False,inova reborn… Lihat selengkapnya,inova reborn… lihat selengkapnya,Toyota Yaris,medium,community_context,False,,,,False,not_relevant,no_adas_keyword,,UNKNOWN,,,,,,,
rec_0fc295d96fc97e54,Toyota Yaris,Yaris Cross Community Indonesia (YCCI),https://www.facebook.com/groups/331613226681705,post_2,post_2_comment_25,post_2,comment,,,,"Dijual Murah Paket Velg+ Ban RPF R16 Yaris Second Mulus, Jauh Bisa Kirim Lewat Shopee https://s.shopee.co.id/80CTfROAaO",https://www.facebook.com/groups/331613226681705,2026-09-17T15:36:01Z,raw_data_run_20260917_223451_d693b9.csv,rec_0fc295d96fc97e54,False,"Dijual Murah Paket Velg+ Ban RPF R16 Yaris Second Mulus, Jauh Bisa Kirim Lewat Shopee [url]","dijual murah paket velg+ ban rpf r16 yaris second mulus, jauh bisa kirim lewat shopee [url]",Toyota Yaris,high,explicit_text_alias_strong,False,,,,False,not_relevant,no_adas_keyword,,UNKNOWN,,,,,,,
rec_20bfe57520985e01,Toyota Yaris,Yaris Cross Community Indonesia (YCCI),https://www.facebook.com/groups/331613226681705,post_2,post_2_comment_26,post_2,comment,,,,"dijual
Yaris TRDSportivo 2019 Matic … Lihat selengkapnya",https://www.facebook.com/groups/331613226681705,2026-09-17T15:36:03Z,raw_data_run_20260917_223451_d693b9.csv,rec_20bfe57520985e01,False,dijual Yaris TRDSportivo 2019 Matic … Lihat selengkapnya,dijual yaris trdsportivo 2019 matic … lihat selengkapnya,Toyota Yaris,high,explicit_text_alias_strong,False,,,,False,not_relevant,no_adas_keyword,,UNKNOWN,,,,,,,
rec_e1d32426950aa821,Toyota Yaris,Yaris Cross Community Indonesia (YCCI),https://www.facebook.com/groups/331613226681705,post_2,post_2_comment_27,post_2,comment,,,,Yaris TRDSportivo 2019 Matic … Lihat selengkapnya,https://www.facebook.com/groups/331613226681705,2026-09-17T15:36:03Z,raw_data_run_20260917_223451_d693b9.csv,rec_e1d32426950aa821,False,Yaris TRDSportivo 2019 Matic … Lihat selengkapnya,yaris trdsportivo 2019 matic … lihat selengkapnya,Toyota Yaris,high,explicit_text_alias_strong,False,,,,False,not_relevant,no_adas_keyword,,UNKNOWN,,,,,,,
rec_56d186252bfa89e3,Toyota Yaris,Yaris Cross Community Indonesia (YCCI),https://www.facebook.com/groups/331613226681705,post_2,post_2_comment_28,post_2,comment,,,,"Edisi Bantu Jual Punya Teman
For Sale Toyota Yaris Cross S Hybrid GR TSS 2024 
Tipe Tertinggi 
Warna Two tone Putih - Hitam… Lihat selengkapnya",https://www.facebook.com/groups/331613226681705,2026-09-17T15:36:06Z,raw_data_run_20260917_223451_d693b9.csv,rec_56d186252bfa89e3,False,Edisi Bantu Jual Punya Teman For Sale Toyota Yaris Cross S Hybrid GR TSS 2024 Tipe Tertinggi Warna Two tone Putih - Hitam… Lihat selengkapnya,edisi bantu jual punya teman for sale toyota yaris cross s hybrid gr tss 2024 tipe tertinggi warna two tone putih - hitam… lihat selengkapnya,Toyota Yaris,high,explicit_text_alias_strong,True,TSS,combined_adas,,True,uncertain,generic_adas_terms_only,low,UNKNOWN,not_stated,not_stated,uncertain,positive,not_stated,unclear,low
rec_2642408d7c7ebfe1,Toyota Yaris,Yaris Cross Community Indonesia (YCCI),https://www.facebook.com/groups/331613226681705,post_2,post_2_comment_29,post_2,comment,,,,Edisi Bantu Jual Punya Teman,https://www.facebook.com/groups/331613226681705,2026-09-17T15:36:06Z,raw_data_run_20260917_223451_d693b9.csv,rec_2642408d7c7ebfe1,False,Edisi Bantu Jual Punya Teman,edisi bantu jual punya teman,Toyota Yaris,medium,community_context,False,,,,False,not_relevant,no_adas_keyword,,UNKNOWN,,,,,,,
rec_ecad6cd622047244,Toyota Yaris,Yaris Cross Community Indonesia (YCCI),https://www.facebook.com/groups/331613226681705,post_2,post_2_comment_30,post_2,comment,,,,For Sale Toyota Yaris Cross S Hybrid GR TSS 2024,https://www.facebook.com/groups/331613226681705,2026-09-17T15:36:06Z,raw_data_run_20260917_223451_d693b9.csv,rec_ecad6cd622047244,False,For Sale Toyota Yaris Cross S Hybrid GR TSS 2024,for sale toyota yaris cross s hybrid gr tss 2024,Toyota Yaris,high,explicit_text_alias_strong,True,TSS,combined_adas,,True,uncertain,generic_adas_terms_only,low,UNKNOWN,not_stated,not_stated,uncertain,neutral,not_stated,unclear,low
rec_a20f07d7bc73f30f,Toyota Yaris,Yaris Cross Community Indonesia (YCCI),https://www.facebook.com/groups/331613226681705,post_2,post_2_comment_31,post_2,comment,,,,Tipe Tertinggi,https://www.facebook.com/groups/331613226681705,2026-09-17T15:36:06Z,raw_data_run_20260917_223451_d693b9.csv,rec_a20f07d7bc73f30f,False,Tipe Tertinggi,tipe tertinggi,Toyota Yaris,medium,community_context,False,,,,False,not_relevant,no_adas_keyword,,UNKNOWN,,,,,,,
rec_8fb3576ef622904e,Toyota Yaris,Yaris Cross Community Indonesia (YCCI),https://www.facebook.com/groups/331613226681705,post_2,post_2_comment_32,post_2,comment,,,,Warna Two tone Putih - Hitam… Lihat selengkapnya,https://www.facebook.com/groups/331613226681705,2026-09-17T15:36:06Z,raw_data_run_20260917_223451_d693b9.csv,rec_8fb3576ef622904e,False,Warna Two tone Putih - Hitam… Lihat selengkapnya,warna two tone putih - hitam… lihat selengkapnya,Toyota Yaris,medium,community_context,False,,,,False,not_relevant,no_adas_keyword,,UNKNOWN,,,,,,,
rec_563c8cce63b7bf9c,Toyota Yaris,Yaris Cross Community Indonesia (YCCI),https://www.facebook.com/groups/331613226681705,post_2,post_2_comment_33,post_2,comment,,,,"@YARIS+TRD+SPORTIVO+2017+MANUAL+MT+
@SS+STNK+ONLY+SAJA+WAJIB+FAHAM+RIWAYAT+SANGAT+JELAS+HARGA+68JUTA+minat+wa.+083876865676",https://www.facebook.com/groups/331613226681705,2026-09-17T15:36:07Z,raw_data_run_20260917_223451_d693b9.csv,rec_563c8cce63b7bf9c,False,[mention] +TRD+SPORTIVO+2017+MANUAL+MT+ [mention] +STNK+ONLY+SAJA+WAJIB+FAHAM+RIWAYAT+SANGAT+JELAS+HARGA+68JUTA+minat+wa.+083876865676,[mention] +trd+sportivo+2017+manual+mt+ [mention] +stnk+only+saja+wajib+faham+riwayat+sangat+jelas+harga+68juta+minat+wa.+083876865676,Toyota Yaris,medium,community_context,False,,,,False,not_relevant,no_adas_keyword,,UNKNOWN,,,,,,,
rec_7af6a9c8f81cba61,Toyota Yaris,Yaris Cross Community Indonesia (YCCI),https://www.facebook.com/groups/331613226681705,post_2,post_2_comment_34,post_2,comment,,,,@YARIS+TRD+SPORTIVO+2017+MANUAL+MT+,https://www.facebook.com/groups/331613226681705,2026-09-17T15:36:07Z,raw_data_run_20260917_223451_d693b9.csv,rec_7af6a9c8f81cba61,False,[mention] +TRD+SPORTIVO+2017+MANUAL+MT+,[mention] +trd+sportivo+2017+manual+mt+,Toyota Yaris,medium,community_context,False,,,,False,not_relevant,no_adas_keyword,,UNKNOWN,,,,,,,
rec_dd66ef24ff78f16d,Toyota Yaris,Yaris Cross Community Indonesia (YCCI),https://www.facebook.com/groups/331613226681705,post_2,post_2_comment_35,post_2,comment,,,,@SS+STNK+ONLY+SAJA+WAJIB+FAHAM+RIWAYAT+SANGAT+JELAS+HARGA+68JUTA+minat+wa.+083876865676,https://www.facebook.com/groups/331613226681705,2026-09-17T15:36:07Z,raw_data_run_20260917_223451_d693b9.csv,rec_dd66ef24ff78f16d,False,[mention] +STNK+ONLY+SAJA+WAJIB+FAHAM+RIWAYAT+SANGAT+JELAS+HARGA+68JUTA+minat+wa.+083876865676,[mention] +stnk+only+saja+wajib+faham+riwayat+sangat+jelas+harga+68juta+minat+wa.+083876865676,Toyota Yaris,medium,community_context,False,,,,False,not_relevant,no_adas_keyword,,UNKNOWN,,,,,,,
rec_dcfb79876771d9d6,Toyota Yaris,Yaris Cross Community Indonesia (YCCI),https://www.facebook.com/groups/331613226681705,post_2,post_2_comment_36,post_2,comment,,,,"𝗠𝗲𝘀𝗶𝗻 𝗦𝗲𝗴𝗲𝗹𝘂𝗻𝗱𝘂𝗻𝗴 𝗞𝗼𝗺𝗽𝗹𝗶𝘁, 𝗞𝗼𝗻𝗱𝗶𝘀𝗶 𝗦𝗮𝗻𝗴𝗮𝘁 𝗦𝗲𝗵𝗮𝘁 & 𝗡𝘆𝗮𝗹𝗮 𝗡𝗼𝗿𝗺𝗮𝗹
Siap COD di lokasi, bisa cek dulu kondisi fisiknya dulu
https://s.shopee.co.id/7psvwcMrVq
https://s.shopee.co.id/7psvwcMrVq
Segelundung murah mawon monggo dg SS lengkap
Bisa jg… Lihat selengkapnya",https://www.facebook.com/groups/331613226681705,2026-09-17T15:36:09Z,raw_data_run_20260917_223451_d693b9.csv,rec_dcfb79876771d9d6,False,"𝗠𝗲𝘀𝗶𝗻 𝗦𝗲𝗴𝗲𝗹𝘂𝗻𝗱𝘂𝗻𝗴 𝗞𝗼𝗺𝗽𝗹𝗶𝘁, 𝗞𝗼𝗻𝗱𝗶𝘀𝗶 𝗦𝗮𝗻𝗴𝗮𝘁 𝗦𝗲𝗵𝗮𝘁 & 𝗡𝘆𝗮𝗹𝗮 𝗡𝗼𝗿𝗺𝗮𝗹 Siap COD di lokasi, bisa cek dulu kondisi fisiknya dulu [url] [url] Segelundung murah mawon monggo dg SS lengkap Bisa jg… Lihat selengkapnya","𝗠𝗲𝘀𝗶𝗻 𝗦𝗲𝗴𝗲𝗹𝘂𝗻𝗱𝘂𝗻𝗴 𝗞𝗼𝗺𝗽𝗹𝗶𝘁, 𝗞𝗼𝗻𝗱𝗶𝘀𝗶 𝗦𝗮𝗻𝗴𝗮𝘁 𝗦𝗲𝗵𝗮𝘁 & 𝗡𝘆𝗮𝗹𝗮 𝗡𝗼𝗿𝗺𝗮𝗹 siap cod di lokasi, bisa cek dulu kondisi fisiknya dulu [url] [url] segelundung murah mawon monggo dg ss lengkap bisa jg… lihat selengkapnya",Toyota Yaris,medium,community_context,False,,,,False,not_relevant,no_adas_keyword,,UNKNOWN,,,,,,,
rec_c9207b82bbaefa98,Toyota Yaris,Yaris Cross Community Indonesia (YCCI),https://www.facebook.com/groups/331613226681705,post_2,post_2_comment_37,post_2,comment,,,,"𝗠𝗲𝘀𝗶𝗻 𝗦𝗲𝗴𝗲𝗹𝘂𝗻𝗱𝘂𝗻𝗴 𝗞𝗼𝗺𝗽𝗹𝗶𝘁, 𝗞𝗼𝗻𝗱𝗶𝘀𝗶 𝗦𝗮𝗻𝗴𝗮𝘁 𝗦𝗲𝗵𝗮𝘁 & 𝗡𝘆𝗮𝗹𝗮 𝗡𝗼𝗿𝗺𝗮𝗹",https://www.facebook.com/groups/331613226681705,2026-09-17T15:36:09Z,raw_data_run_20260917_223451_d693b9.csv,rec_c9207b82bbaefa98,False,"𝗠𝗲𝘀𝗶𝗻 𝗦𝗲𝗴𝗲𝗹𝘂𝗻𝗱𝘂𝗻𝗴 𝗞𝗼𝗺𝗽𝗹𝗶𝘁, 𝗞𝗼𝗻𝗱𝗶𝘀𝗶 𝗦𝗮𝗻𝗴𝗮𝘁 𝗦𝗲𝗵𝗮𝘁 & 𝗡𝘆𝗮𝗹𝗮 𝗡𝗼𝗿𝗺𝗮𝗹","𝗠𝗲𝘀𝗶𝗻 𝗦𝗲𝗴𝗲𝗹𝘂𝗻𝗱𝘂𝗻𝗴 𝗞𝗼𝗺𝗽𝗹𝗶𝘁, 𝗞𝗼𝗻𝗱𝗶𝘀𝗶 𝗦𝗮𝗻𝗴𝗮𝘁 𝗦𝗲𝗵𝗮𝘁 & 𝗡𝘆𝗮𝗹𝗮 𝗡𝗼𝗿𝗺𝗮𝗹",Toyota Yaris,medium,community_context,False,,,,False,not_relevant,no_adas_keyword,,UNKNOWN,,,,,,,
rec_c2c947db63691502,Toyota Yaris,Yaris Cross Community Indonesia (YCCI),https://www.facebook.com/groups/331613226681705,post_2,post_2_comment_38,post_2,comment,,,,"Siap COD di lokasi, bisa cek dulu kondisi fisiknya dulu",https://www.facebook.com/groups/331613226681705,2026-09-17T15:36:09Z,raw_data_run_20260917_223451_d693b9.csv,rec_c2c947db63691502,False,"Siap COD di lokasi, bisa cek dulu kondisi fisiknya dulu","siap cod di lokasi, bisa cek dulu kondisi fisiknya dulu",Toyota Yaris,medium,community_context,False,,,,False,not_relevant,no_adas_keyword,,UNKNOWN,,,,,,,
rec_69f3910b9acde916,Toyota Yaris,Yaris Cross Community Indonesia (YCCI),https://www.facebook.com/groups/331613226681705,post_2,post_2_comment_39,post_2,comment,,,,https://s.shopee.co.id/7psvwcMrVq,https://www.facebook.com/groups/331613226681705,2026-09-17T15:36:09Z,raw_data_run_20260917_223451_d693b9.csv,rec_69f3910b9acde916,False,[url],[url],Toyota Yaris,medium,community_context,False,,,,False,not_relevant,no_adas_keyword,,UNKNOWN,,,,,,,
rec_d0ca40cb107b8a3d,Toyota Yaris,Yaris Cross Community Indonesia (YCCI),https://www.facebook.com/groups/331613226681705,post_2,post_2_comment_40,post_2,comment,,,,"Segelundung murah mawon monggo dg SS lengkap
Bisa jg… Lihat selengkapnya",https://www.facebook.com/groups/331613226681705,2026-09-17T15:36:09Z,raw_data_run_20260917_223451_d693b9.csv,rec_d0ca40cb107b8a3d,False,Segelundung murah mawon monggo dg SS lengkap Bisa jg… Lihat selengkapnya,segelundung murah mawon monggo dg ss lengkap bisa jg… lihat selengkapnya,Toyota Yaris,medium,community_context,False,,,,False,not_relevant,no_adas_keyword,,UNKNOWN,,,,,,,
rec_0028773b8a6c8e21,Toyota Yaris,Yaris Cross Community Indonesia (YCCI),https://www.facebook.com/groups/331613226681705,post_2,post_2_comment_41,post_2,comment,,,,"Yaris Cross 1.5 G Cvt 2026
Km 50 Perak
Mobil bekas rasa baru
Cash/kredit
Harga 325 juta(Boleh Nego sampai deal)
Lihat selengkapnya",https://www.facebook.com/groups/331613226681705,2026-09-17T15:36:11Z,raw_data_run_20260917_223451_d693b9.csv,rec_0028773b8a6c8e21,False,Yaris Cross 1.5 G Cvt 2026 Km 50 Perak Mobil bekas rasa baru Cash/kredit Harga 325 juta(Boleh Nego sampai deal) Lihat selengkapnya,yaris cross 1.5 g cvt 2026 km 50 perak mobil bekas rasa baru cash/kredit harga 325 juta(boleh nego sampai deal) lihat selengkapnya,Toyota Yaris,high,explicit_text_alias_strong,False,,,,False,not_relevant,no_adas_keyword,,UNKNOWN,,,,,,,
rec_ec92e4a2d970772e,Toyota Yaris,Yaris Cross Community Indonesia (YCCI),https://www.facebook.com/groups/331613226681705,post_2,post_2_comment_42,post_2,comment,,,,"Saya sebagai user yaris cross ko heran ya, knapa ko banyak yg mau jual mobil padahal kondisi nya masih bisa di bilang baru.",https://www.facebook.com/groups/331613226681705,2026-09-17T15:36:11Z,raw_data_run_20260917_223451_d693b9.csv,rec_ec92e4a2d970772e,False,"Saya sebagai user yaris cross ko heran ya, knapa ko banyak yg mau jual mobil padahal kondisi nya masih bisa di bilang baru.","saya sebagai user yaris cross ko heran ya, knapa ko banyak yg mau jual mobil padahal kondisi nya masih bisa di bilang baru.",Toyota Yaris,high,explicit_text_alias_strong,False,,,,False,not_relevant,no_adas_keyword,,UNKNOWN,,,,,,,
rec_2ec4176baadebbe1,Toyota Yaris,Yaris Cross Community Indonesia (YCCI),https://www.facebook.com/groups/331613226681705,post_2,post_2_comment_43,post_2,comment,,,,Ap… Lihat selengkapnya,https://www.facebook.com/groups/331613226681705,2026-09-17T15:36:11Z,raw_data_run_20260917_223451_d693b9.csv,rec_2ec4176baadebbe1,False,Ap… Lihat selengkapnya,ap… lihat selengkapnya,Toyota Yaris,medium,community_context,False,,,,False,not_relevant,no_adas_keyword,,UNKNOWN,,,,,,,
rec_44b8581d9f8bfb5e,Toyota Yaris,Yaris Cross Community Indonesia (YCCI),https://www.facebook.com/groups/331613226681705,post_2,post_2_comment_44,post_2,comment,,,,bisa tuker tambah ga,https://www.facebook.com/groups/331613226681705,2026-09-17T15:36:11Z,raw_data_run_20260917_223451_d693b9.csv,rec_44b8581d9f8bfb5e,False,bisa tuker tambah ga,bisa tuker tambah ga,Toyota Yaris,medium,community_context,False,,,,False,not_relevant,no_adas_keyword,,UNKNOWN,,,,,,,
rec_6a99516abbbc322d,Toyota Yaris,Yaris Cross Community Indonesia (YCCI),https://www.facebook.com/groups/331613226681705,post_2,post_2_comment_45,post_2,comment,,,,Bismillah..… Lihat selengkapnya,https://www.facebook.com/groups/331613226681705,2026-09-17T15:36:12Z,raw_data_run_20260917_223451_d693b9.csv,rec_6a99516abbbc322d,False,Bismillah..… Lihat selengkapnya,bismillah..… lihat selengkapnya,Toyota Yaris,medium,community_context,False,,,,False,not_relevant,no_adas_keyword,,UNKNOWN,,,,,,,
rec_d6f269b1f974ecfc,Toyota Yaris,Yaris Cross Community Indonesia (YCCI),https://www.facebook.com/groups/331613226681705,post_2,post_2_comment_46,post_2,comment,,,,"*Cover jok :  Yaris
 ( Second)… Lihat selengkapnya",https://www.facebook.com/groups/331613226681705,2026-09-17T15:36:14Z,raw_data_run_20260917_223451_d693b9.csv,rec_d6f269b1f974ecfc,False,*Cover jok : Yaris ( Second)… Lihat selengkapnya,*cover jok : yaris ( second)… lihat selengkapnya,Toyota Yaris,high,explicit_text_alias_strong,False,,,,False,not_relevant,no_adas_keyword,,UNKNOWN,,,,,,,
rec_93520564df80b813,Toyota Yaris,Yaris Cross Community Indonesia (YCCI),https://www.facebook.com/groups/331613226681705,post_2,post_2_comment_47,post_2,comment,,,,*Cover jok :  Yaris,https://www.facebook.com/groups/331613226681705,2026-09-17T15:36:14Z,raw_data_run_20260917_223451_d693b9.csv,rec_93520564df80b813,False,*Cover jok : Yaris,*cover jok : yaris,Toyota Yaris,high,explicit_text_alias_strong,False,,,,False,not_relevant,no_adas_keyword,,UNKNOWN,,,,,,,
rec_072badf14177ae0c,Toyota Yaris,Yaris Cross Community Indonesia (YCCI),https://www.facebook.com/groups/331613226681705,post_2,post_2_comment_48,post_2,comment,,,,( Second)… Lihat selengkapnya,https://www.facebook.com/groups/331613226681705,2026-09-17T15:36:14Z,raw_data_run_20260917_223451_d693b9.csv,rec_072badf14177ae0c,False,( Second)… Lihat selengkapnya,( second)… lihat selengkapnya,Toyota Yaris,medium,community_context,False,,,,False,not_relevant,no_adas_keyword,,UNKNOWN,,,,,,,
rec_c60159ad1f49486a,Toyota Yaris,Yaris Cross Community Indonesia (YCCI),https://www.facebook.com/groups/331613226681705,post_2,post_2_comment_49,post_2,comment,,,,"Izin cari rezeki
Bodykit Xpander Cross. Harga fullset mulai dari 1 jt-an
Salam Modifikasi Indonesia
-------------------------------------------------------
Upgrade your car with :
𝐁𝐎𝐃𝐘𝐊𝐈𝐓 𝐈𝐍𝐃𝐎𝐍𝐄𝐒𝐈𝐀
Lihat selengkapnya",https://www.facebook.com/groups/331613226681705,2026-09-17T15:36:16Z,raw_data_run_20260917_223451_d693b9.csv,rec_c60159ad1f49486a,False,Izin cari rezeki Bodykit Xpander Cross. Harga fullset mulai dari 1 jt-an Salam Modifikasi Indonesia ------------------------------------------------------- Upgrade your car with : 𝐁𝐎𝐃𝐘𝐊𝐈𝐓 𝐈𝐍𝐃𝐎𝐍𝐄𝐒𝐈𝐀 Lihat selengkapnya,izin cari rezeki bodykit xpander cross. harga fullset mulai dari 1 jt-an salam modifikasi indonesia ------------------------------------------------------- upgrade your car with : 𝐁𝐎𝐃𝐘𝐊𝐈𝐓 𝐈𝐍𝐃𝐎𝐍𝐄𝐒𝐈𝐀 lihat selengkapnya,Toyota Yaris,medium,community_context,False,,,,False,not_relevant,no_adas_keyword,,UNKNOWN,,,,,,,
rec_3e55e9f538d0ccb8,Toyota Yaris,Yaris Cross Community Indonesia (YCCI),https://www.facebook.com/groups/331613226681705,post_2,post_2_comment_50,post_2,comment,,,,"@YARIS+TRD+SPORTIVO+2017+MANUAL+MT+
@SS+STNK+ONLY+SAJA+WAJIB+FAHAM+RIWAYAT+SANGAT+JELAS+HARGA+68JUTA+minat+inbok",https://www.facebook.com/groups/331613226681705,2026-09-17T15:36:17Z,raw_data_run_20260917_223451_d693b9.csv,rec_3e55e9f538d0ccb8,False,[mention] +TRD+SPORTIVO+2017+MANUAL+MT+ [mention] +STNK+ONLY+SAJA+WAJIB+FAHAM+RIWAYAT+SANGAT+JELAS+HARGA+68JUTA+minat+inbok,[mention] +trd+sportivo+2017+manual+mt+ [mention] +stnk+only+saja+wajib+faham+riwayat+sangat+jelas+harga+68juta+minat+inbok,Toyota Yaris,medium,community_context,False,,,,False,not_relevant,no_adas_keyword,,UNKNOWN,,,,,,,
rec_8de11c0544be52bb,Toyota Yaris,Yaris Cross Community Indonesia (YCCI),https://www.facebook.com/groups/331613226681705,post_2,post_2_comment_51,post_2,comment,,,,@SS+STNK+ONLY+SAJA+WAJIB+FAHAM+RIWAYAT+SANGAT+JELAS+HARGA+68JUTA+minat+inbok,https://www.facebook.com/groups/331613226681705,2026-09-17T15:36:17Z,raw_data_run_20260917_223451_d693b9.csv,rec_8de11c0544be52bb,False,[mention] +STNK+ONLY+SAJA+WAJIB+FAHAM+RIWAYAT+SANGAT+JELAS+HARGA+68JUTA+minat+inbok,[mention] +stnk+only+saja+wajib+faham+riwayat+sangat+jelas+harga+68juta+minat+inbok,Toyota Yaris,medium,community_context,False,,,,False,not_relevant,no_adas_keyword,,UNKNOWN,,,,,,,
rec_afdffb2fe6330691,Toyota Yaris,Yaris Cross Community Indonesia (YCCI),https://www.facebook.com/groups/331613226681705,post_2,post_2_comment_52,post_2,comment,,,,"Salam sedikit perkongsian item untuk TOYOTA YARIS CROSS yang ada didalam platform shopee. Silakan survey jika ada yang mencari. Gambar hasil gemini
 .TQ admin 
Trapo Karpet Kereta Car Mat Toyota Yaris Cross Non-Hybrid (2023-Present) 
 https://s.shopee.com.my/7KpiEBNi2W.
Kamatto Classic Toyota Yaris Cross XP210 (2020-Present) Car Floor Mat and Carpet
 https://s.shopee.com.my/AUmjzkeWog… Lihat selengkapnya",https://www.facebook.com/groups/331613226681705,2026-09-17T15:36:19Z,raw_data_run_20260917_223451_d693b9.csv,rec_afdffb2fe6330691,False,Salam sedikit perkongsian item untuk TOYOTA YARIS CROSS yang ada didalam platform shopee. Silakan survey jika ada yang mencari. Gambar hasil gemini .TQ admin Trapo Karpet Kereta Car Mat Toyota Yaris Cross Non-Hybrid (2023-Present) [url] Kamatto Classic Toyota Yaris Cross XP210 (2020-Present) Car Floor Mat and Carpet [url] Lihat selengkapnya,salam sedikit perkongsian item untuk toyota yaris cross yang ada didalam platform shopee. silakan survey jika ada yang mencari. gambar hasil gemini .tq admin trapo karpet kereta car mat toyota yaris cross non-hybrid (2023-present) [url] kamatto classic toyota yaris cross xp210 (2020-present) car floor mat and carpet [url] lihat selengkapnya,Toyota Yaris,high,explicit_text_alias_strong,False,,,,False,not_relevant,no_adas_keyword,,UNKNOWN,,,,,,,
rec_c6521bb9f01cec5f,Toyota Yaris,Yaris Cross Community Indonesia (YCCI),https://www.facebook.com/groups/331613226681705,post_2,post_2_comment_53,post_2,comment,,,,"Salam sedikit perkongsian item untuk TOYOTA YARIS CROSS yang ada didalam platform shopee. Silakan survey jika ada yang mencari. Gambar hasil gemini
 .TQ admin",https://www.facebook.com/groups/331613226681705,2026-09-17T15:36:19Z,raw_data_run_20260917_223451_d693b9.csv,rec_c6521bb9f01cec5f,False,Salam sedikit perkongsian item untuk TOYOTA YARIS CROSS yang ada didalam platform shopee. Silakan survey jika ada yang mencari. Gambar hasil gemini .TQ admin,salam sedikit perkongsian item untuk toyota yaris cross yang ada didalam platform shopee. silakan survey jika ada yang mencari. gambar hasil gemini .tq admin,Toyota Yaris,high,explicit_text_alias_strong,False,,,,False,not_relevant,no_adas_keyword,,UNKNOWN,,,,,,,
rec_a2801464e1d11cf0,Toyota Yaris,Yaris Cross Community Indonesia (YCCI),https://www.facebook.com/groups/331613226681705,post_2,post_2_comment_54,post_2,comment,,,,Trapo Karpet Kereta Car Mat Toyota Yaris Cross Non-Hybrid (2023-Present),https://www.facebook.com/groups/331613226681705,2026-09-17T15:36:19Z,raw_data_run_20260917_223451_d693b9.csv,rec_a2801464e1d11cf0,False,Trapo Karpet Kereta Car Mat Toyota Yaris Cross Non-Hybrid (2023-Present),trapo karpet kereta car mat toyota yaris cross non-hybrid (2023-present),Toyota Yaris,high,explicit_text_alias_strong,False,,,,False,not_relevant,no_adas_keyword,,UNKNOWN,,,,,,,
rec_4f25f9ba5c9f2581,Toyota Yaris,Yaris Cross Community Indonesia (YCCI),https://www.facebook.com/groups/331613226681705,post_2,post_2_comment_55,post_2,comment,,,,https://s.shopee.com.my/7KpiEBNi2W.,https://www.facebook.com/groups/331613226681705,2026-09-17T15:36:19Z,raw_data_run_20260917_223451_d693b9.csv,rec_4f25f9ba5c9f2581,False,[url],[url],Toyota Yaris,medium,community_context,False,,,,False,not_relevant,no_adas_keyword,,UNKNOWN,,,,,,,
rec_ee6009df7c0422e7,Toyota Yaris,Yaris Cross Community Indonesia (YCCI),https://www.facebook.com/groups/331613226681705,post_2,post_2_comment_56,post_2,comment,,,,Kamatto Classic Toyota Yaris Cross XP210 (2020-Present) Car Floor Mat and Carpet,https://www.facebook.com/groups/331613226681705,2026-09-17T15:36:19Z,raw_data_run_20260917_223451_d693b9.csv,rec_ee6009df7c0422e7,False,Kamatto Classic Toyota Yaris Cross XP210 (2020-Present) Car Floor Mat and Carpet,kamatto classic toyota yaris cross xp210 (2020-present) car floor mat and carpet,Toyota Yaris,high,explicit_text_alias_strong,False,,,,False,not_relevant,no_adas_keyword,,UNKNOWN,,,,,,,
rec_7132f9cdb75f410b,Toyota Yaris,Yaris Cross Community Indonesia (YCCI),https://www.facebook.com/groups/331613226681705,post_2,post_2_comment_57,post_2,comment,,,,https://s.shopee.com.my/AUmjzkeWog… Lihat selengkapnya,https://www.facebook.com/groups/331613226681705,2026-09-17T15:36:19Z,raw_data_run_20260917_223451_d693b9.csv,rec_7132f9cdb75f410b,False,[url] Lihat selengkapnya,[url] lihat selengkapnya,Toyota Yaris,medium,community_context,False,,,,False,not_relevant,no_adas_keyword,,UNKNOWN,,,,,,,
rec_6f94ffe49ed7f2de,Toyota Yaris,Yaris Cross Community Indonesia (YCCI),https://www.facebook.com/groups/331613226681705,post_2,post_2_comment_58,post_2,comment,,,,"Ambient Light Car
Premium Ambience Light No Bintik Grade A+
Bisa Disemua Mobil
-
Bisa Rgb Matrix Kontrol Lewat Aplikasi
+ Setting 1 Warna
-
Lihat selengkapnya",https://www.facebook.com/groups/331613226681705,2026-09-17T15:36:20Z,raw_data_run_20260917_223451_d693b9.csv,rec_6f94ffe49ed7f2de,False,Ambient Light Car Premium Ambience Light No Bintik Grade A+ Bisa Disemua Mobil - Bisa Rgb Matrix Kontrol Lewat Aplikasi + Setting 1 Warna - Lihat selengkapnya,ambient light car premium ambience light no bintik grade a+ bisa disemua mobil - bisa rgb matrix kontrol lewat aplikasi + setting 1 warna - lihat selengkapnya,Toyota Yaris,medium,community_context,False,,,,False,not_relevant,no_adas_keyword,,UNKNOWN,,,,,,,
rec_53aea9d62df4cca1,Toyota Yaris,Yaris Cross Community Indonesia (YCCI),https://www.facebook.com/groups/331613226681705,post_2,post_2_comment_59,post_2,comment,,,,Mau om,https://www.facebook.com/groups/331613226681705,2026-09-17T15:36:20Z,raw_data_run_20260917_223451_d693b9.csv,rec_53aea9d62df4cca1,False,Mau om,mau om,Toyota Yaris,medium,community_context,False,,,,False,not_relevant,no_adas_keyword,,UNKNOWN,,,,,,,
rec_98a819eaca5fdffb,Toyota Yaris,Yaris Cross Community Indonesia (YCCI),https://www.facebook.com/groups/331613226681705,post_2,post_2_comment_60,post_2,comment,,,,"@YARIS TRD SPORTIVO 2017 MANUAL MT 
@SS STNK ONLY SAJA WAJIB FAHAM RIWAYAT SANGAT JELAS HARGA 68JUTA CALL BY WA 
https://wa.me/62085126495267",https://www.facebook.com/groups/331613226681705,2026-09-17T15:36:22Z,raw_data_run_20260917_223451_d693b9.csv,rec_98a819eaca5fdffb,False,[mention] TRD SPORTIVO 2017 MANUAL MT [mention] STNK ONLY SAJA WAJIB FAHAM RIWAYAT SANGAT JELAS HARGA 68JUTA CALL BY WA [url],[mention] trd sportivo 2017 manual mt [mention] stnk only saja wajib faham riwayat sangat jelas harga 68juta call by wa [url],Toyota Yaris,medium,community_context,False,,,,False,not_relevant,no_adas_keyword,,UNKNOWN,,,,,,,
rec_44a3efea4e3dbb7f,Toyota Yaris,Yaris Cross Community Indonesia (YCCI),https://www.facebook.com/groups/331613226681705,post_2,post_2_comment_61,post_2,comment,,,,@YARIS TRD SPORTIVO 2017 MANUAL MT,https://www.facebook.com/groups/331613226681705,2026-09-17T15:36:22Z,raw_data_run_20260917_223451_d693b9.csv,rec_44a3efea4e3dbb7f,False,[mention] TRD SPORTIVO 2017 MANUAL MT,[mention] trd sportivo 2017 manual mt,Toyota Yaris,medium,community_context,False,,,,False,not_relevant,no_adas_keyword,,UNKNOWN,,,,,,,
rec_cb2fd5488526ac83,Toyota Yaris,Yaris Cross Community Indonesia (YCCI),https://www.facebook.com/groups/331613226681705,post_2,post_2_comment_62,post_2,comment,,,,"@SS STNK ONLY SAJA WAJIB FAHAM RIWAYAT SANGAT JELAS HARGA 68JUTA CALL BY WA 
https://wa.me/62085126495267",https://www.facebook.com/groups/331613226681705,2026-09-17T15:36:22Z,raw_data_run_20260917_223451_d693b9.csv,rec_cb2fd5488526ac83,False,[mention] STNK ONLY SAJA WAJIB FAHAM RIWAYAT SANGAT JELAS HARGA 68JUTA CALL BY WA [url],[mention] stnk only saja wajib faham riwayat sangat jelas harga 68juta call by wa [url],Toyota Yaris,medium,community_context,False,,,,False,not_relevant,no_adas_keyword,,UNKNOWN,,,,,,,
rec_58f43507394848be,Toyota Yaris,Yaris Cross Community Indonesia (YCCI),https://www.facebook.com/groups/331613226681705,post_3,,,post,,,,Mempererat dan memperluas hubungan silahturahmi antar sesama pengguna mobil Toyota Yaris Cross,https://www.facebook.com/groups/331613226681705,2026-09-17T15:36:22Z,raw_data_run_20260917_223451_d693b9.csv,rec_58f43507394848be,False,Mempererat dan memperluas hubungan silahturahmi antar sesama pengguna mobil Toyota Yaris Cross,mempererat dan memperluas hubungan silahturahmi antar sesama pengguna mobil toyota yaris cross,Toyota Yaris,high,explicit_text_alias_strong,False,,,,False,not_relevant,no_adas_keyword,,UNKNOWN,,,,,,,
rec_e812e383cf6558cd,Toyota Yaris,Yaris Cross Community Indonesia (YCCI),https://www.facebook.com/groups/331613226681705,post_3,post_3_comment_1,post_3,comment,,,,"@ES TEH ONLY SJ
@YARIS TRD S 2017 MANUAL BEBAS LINTAS PLAT NEMPEL HARGA 68JUTA SAJA LOKASI PASURUAN CALL WA 
https://wa.me/62085137751296",https://www.facebook.com/groups/331613226681705,2026-09-17T15:36:25Z,raw_data_run_20260917_223451_d693b9.csv,rec_e812e383cf6558cd,False,[mention] TEH ONLY SJ [mention] TRD S 2017 MANUAL BEBAS LINTAS PLAT NEMPEL HARGA 68JUTA SAJA LOKASI PASURUAN CALL WA [url],[mention] teh only sj [mention] trd s 2017 manual bebas lintas plat nempel harga 68juta saja lokasi pasuruan call wa [url],Toyota Yaris,medium,community_context,False,,,,False,not_relevant,no_adas_keyword,,UNKNOWN,,,,,,,
rec_6e4cefd2251d5674,Toyota Yaris,Yaris Cross Community Indonesia (YCCI),https://www.facebook.com/groups/331613226681705,post_3,post_3_comment_2,post_3,comment,,,,@ES TEH ONLY SJ,https://www.facebook.com/groups/331613226681705,2026-09-17T15:36:25Z,raw_data_run_20260917_223451_d693b9.csv,rec_6e4cefd2251d5674,False,[mention] TEH ONLY SJ,[mention] teh only sj,Toyota Yaris,medium,community_context,False,,,,False,not_relevant,no_adas_keyword,,UNKNOWN,,,,,,,
rec_cb0f5607e8ec7830,Toyota Yaris,Yaris Cross Community Indonesia (YCCI),https://www.facebook.com/groups/331613226681705,post_3,post_3_comment_3,post_3,comment,,,,"@YARIS TRD S 2017 MANUAL BEBAS LINTAS PLAT NEMPEL HARGA 68JUTA SAJA LOKASI PASURUAN CALL WA 
https://wa.me/62085137751296",https://www.facebook.com/groups/331613226681705,2026-09-17T15:36:25Z,raw_data_run_20260917_223451_d693b9.csv,rec_cb0f5607e8ec7830,False,[mention] TRD S 2017 MANUAL BEBAS LINTAS PLAT NEMPEL HARGA 68JUTA SAJA LOKASI PASURUAN CALL WA [url],[mention] trd s 2017 manual bebas lintas plat nempel harga 68juta saja lokasi pasuruan call wa [url],Toyota Yaris,medium,community_context,False,,,,False,not_relevant,no_adas_keyword,,UNKNOWN,,,,,,,
rec_08c092e96684d3c0,Toyota Yaris,Yaris Cross Community Indonesia (YCCI),https://www.facebook.com/groups/331613226681705,post_3,post_3_comment_4,post_3,comment,,,,Xmate karpet mobil Yaris Cross,https://www.facebook.com/groups/331613226681705,2026-09-17T15:36:25Z,raw_data_run_20260917_223451_d693b9.csv,rec_08c092e96684d3c0,False,Xmate karpet mobil Yaris Cross,xmate karpet mobil yaris cross,Toyota Yaris,high,explicit_text_alias_strong,False,,,,False,not_relevant,no_adas_keyword,,UNKNOWN,,,,,,,
rec_50dbb08d525004bd,Toyota Yaris,Yaris Cross Community Indonesia (YCCI),https://www.facebook.com/groups/331613226681705,post_3,post_3_comment_5,post_3,comment,,,,Mempererat dan memperluas hubungan silahturahmi antar sesama pengguna mobil Toyota Yaris Cross,https://www.facebook.com/groups/331613226681705,2026-09-17T15:36:25Z,raw_data_run_20260917_223451_d693b9.csv,rec_50dbb08d525004bd,False,Mempererat dan memperluas hubungan silahturahmi antar sesama pengguna mobil Toyota Yaris Cross,mempererat dan memperluas hubungan silahturahmi antar sesama pengguna mobil toyota yaris cross,Toyota Yaris,high,explicit_text_alias_strong,False,,,,False,not_relevant,no_adas_keyword,,UNKNOWN,,,,,,,
rec_f4444acaaf43eb18,Toyota Yaris,Yaris Cross Community Indonesia (YCCI),https://www.facebook.com/groups/331613226681705,post_3,post_3_comment_6,post_3,comment,,,,"dijual
New Yaris TRDSportivo 2018 Manual … Lihat selengkapnya",https://www.facebook.com/groups/331613226681705,2026-09-17T15:36:27Z,raw_data_run_20260917_223451_d693b9.csv,rec_f4444acaaf43eb18,False,dijual New Yaris TRDSportivo 2018 Manual … Lihat selengkapnya,dijual new yaris trdsportivo 2018 manual … lihat selengkapnya,Toyota Yaris,high,explicit_text_alias_strong,False,,,,False,not_relevant,no_adas_keyword,,UNKNOWN,,,,,,,
rec_dc4e7e73de670526,Toyota Yaris,Yaris Cross Community Indonesia (YCCI),https://www.facebook.com/groups/331613226681705,post_3,post_3_comment_7,post_3,comment,,,,dijual,https://www.facebook.com/groups/331613226681705,2026-09-17T15:36:27Z,raw_data_run_20260917_223451_d693b9.csv,rec_dc4e7e73de670526,False,dijual,dijual,Toyota Yaris,medium,community_context,False,,,,False,not_relevant,no_adas_keyword,,UNKNOWN,,,,,,,
rec_118b3639f3da130d,Toyota Yaris,Yaris Cross Community Indonesia (YCCI),https://www.facebook.com/groups/331613226681705,post_3,post_3_comment_8,post_3,comment,,,,New Yaris TRDSportivo 2018 Manual … Lihat selengkapnya,https://www.facebook.com/groups/331613226681705,2026-09-17T15:36:27Z,raw_data_run_20260917_223451_d693b9.csv,rec_118b3639f3da130d,False,New Yaris TRDSportivo 2018 Manual … Lihat selengkapnya,new yaris trdsportivo 2018 manual … lihat selengkapnya,Toyota Yaris,high,explicit_text_alias_strong,False,,,,False,not_relevant,no_adas_keyword,,UNKNOWN,,,,,,,
rec_89bd6e735845b1df,Toyota Yaris,Yaris Cross Community Indonesia (YCCI),https://www.facebook.com/groups/331613226681705,post_3,post_3_comment_9,post_3,comment,,,,"FS Toyota Yaris Cross Hybrid GR TSS Black
Ijin kakak admin dan lainnya,
Mau jual mobil irit lincah keren ini
NIK 2024 atas nama CV milik sendiri
Lihat selengkapnya",https://www.facebook.com/groups/331613226681705,2026-09-17T15:36:27Z,raw_data_run_20260917_223451_d693b9.csv,rec_89bd6e735845b1df,False,"FS Toyota Yaris Cross Hybrid GR TSS Black Ijin kakak admin dan lainnya, Mau jual mobil irit lincah keren ini NIK 2024 atas nama CV milik sendiri Lihat selengkapnya","fs toyota yaris cross hybrid gr tss black ijin kakak admin dan lainnya, mau jual mobil irit lincah keren ini nik 2024 atas nama cv milik sendiri lihat selengkapnya",Toyota Yaris,high,explicit_text_alias_strong,True,TSS,combined_adas,,True,uncertain,generic_adas_terms_only,low,UNKNOWN,not_stated,not_stated,uncertain,positive,not_stated,unclear,low
rec_75b1dcf3cc1b7752,Toyota Yaris,Yaris Cross Community Indonesia (YCCI),https://www.facebook.com/groups/331613226681705,post_3,post_3_comment_10,post_3,comment,,,,"Yaris Cross G 2024
Hitam
Surat² lengkap
Pajak on
Odo 27rban on-going… Lihat selengkapnya",https://www.facebook.com/groups/331613226681705,2026-09-17T15:36:30Z,raw_data_run_20260917_223451_d693b9.csv,rec_75b1dcf3cc1b7752,False,Yaris Cross G 2024 Hitam Surat² lengkap Pajak on Odo 27rban on-going… Lihat selengkapnya,yaris cross g 2024 hitam surat² lengkap pajak on odo 27rban on-going… lihat selengkapnya,Toyota Yaris,high,explicit_text_alias_strong,False,,,,False,not_relevant,no_adas_keyword,,UNKNOWN,,,,,,,
rec_e68888c223d60cc3,Toyota Yaris,Yaris Cross Community Indonesia (YCCI),https://www.facebook.com/groups/331613226681705,post_3,post_3_comment_11,post_3,comment,,,,Yaris Cross G 2024,https://www.facebook.com/groups/331613226681705,2026-09-17T15:36:30Z,raw_data_run_20260917_223451_d693b9.csv,rec_e68888c223d60cc3,False,Yaris Cross G 2024,yaris cross g 2024,Toyota Yaris,high,explicit_text_alias_strong,False,,,,False,not_relevant,no_adas_keyword,,UNKNOWN,,,,,,,
rec_b6f67d448d242d78,Toyota Yaris,Yaris Cross Community Indonesia (YCCI),https://www.facebook.com/groups/331613226681705,post_3,post_3_comment_12,post_3,comment,,,,Hitam,https://www.facebook.com/groups/331613226681705,2026-09-17T15:36:30Z,raw_data_run_20260917_223451_d693b9.csv,rec_b6f67d448d242d78,False,Hitam,hitam,Toyota Yaris,medium,community_context,False,,,,False,not_relevant,no_adas_keyword,,UNKNOWN,,,,,,,
rec_c02d148dadb0b568,Toyota Yaris,Yaris Cross Community Indonesia (YCCI),https://www.facebook.com/groups/331613226681705,post_3,post_3_comment_13,post_3,comment,,,,Surat² lengkap,https://www.facebook.com/groups/331613226681705,2026-09-17T15:36:30Z,raw_data_run_20260917_223451_d693b9.csv,rec_c02d148dadb0b568,False,Surat² lengkap,surat² lengkap,Toyota Yaris,medium,community_context,False,,,,False,not_relevant,no_adas_keyword,,UNKNOWN,,,,,,,
rec_4ccc32721a110583,Toyota Yaris,Yaris Cross Community Indonesia (YCCI),https://www.facebook.com/groups/331613226681705,post_3,post_3_comment_14,post_3,comment,,,,Pajak on,https://www.facebook.com/groups/331613226681705,2026-09-17T15:36:30Z,raw_data_run_20260917_223451_d693b9.csv,rec_4ccc32721a110583,False,Pajak on,pajak on,Toyota Yaris,medium,community_context,False,,,,False,not_relevant,no_adas_keyword,,UNKNOWN,,,,,,,
rec_29de401f8b45a1fa,Toyota Yaris,Yaris Cross Community Indonesia (YCCI),https://www.facebook.com/groups/331613226681705,post_3,post_3_comment_15,post_3,comment,,,,Odo 27rban on-going… Lihat selengkapnya,https://www.facebook.com/groups/331613226681705,2026-09-17T15:36:30Z,raw_data_run_20260917_223451_d693b9.csv,rec_29de401f8b45a1fa,False,Odo 27rban on-going… Lihat selengkapnya,odo 27rban on-going… lihat selengkapnya,Toyota Yaris,medium,community_context,False,,,,False,not_relevant,no_adas_keyword,,UNKNOWN,,,,,,,
rec_0fc08554ad1b8cda,Toyota Yaris,Yaris Cross Community Indonesia (YCCI),https://www.facebook.com/groups/331613226681705,post_3,post_3_comment_16,post_3,comment,,,,"STNK ONLY DAN APLIKASI SAJA RIWAYAT LEASING JELAS BUKAN UNIT RENTAL DAN CURIAN
YANG PAHAM DAN BERPENGALAMAN … Lihat selengkapnya",https://www.facebook.com/groups/331613226681705,2026-09-17T15:36:32Z,raw_data_run_20260917_223451_d693b9.csv,rec_0fc08554ad1b8cda,False,STNK ONLY DAN APLIKASI SAJA RIWAYAT LEASING JELAS BUKAN UNIT RENTAL DAN CURIAN YANG PAHAM DAN BERPENGALAMAN … Lihat selengkapnya,stnk only dan aplikasi saja riwayat leasing jelas bukan unit rental dan curian yang paham dan berpengalaman … lihat selengkapnya,Toyota Yaris,medium,community_context,False,,,,False,not_relevant,no_adas_keyword,,UNKNOWN,,,,,,,
rec_7d6e9fe902410561,Toyota Yaris,Yaris Cross Community Indonesia (YCCI),https://www.facebook.com/groups/331613226681705,post_3,post_3_comment_17,post_3,comment,,,,STNK ONLY DAN APLIKASI SAJA RIWAYAT LEASING JELAS BUKAN UNIT RENTAL DAN CURIAN,https://www.facebook.com/groups/331613226681705,2026-09-17T15:36:32Z,raw_data_run_20260917_223451_d693b9.csv,rec_7d6e9fe902410561,False,STNK ONLY DAN APLIKASI SAJA RIWAYAT LEASING JELAS BUKAN UNIT RENTAL DAN CURIAN,stnk only dan aplikasi saja riwayat leasing jelas bukan unit rental dan curian,Toyota Yaris,medium,community_context,False,,,,False,not_relevant,no_adas_keyword,,UNKNOWN,,,,,,,
rec_711e2e2709124b35,Toyota Yaris,Yaris Cross Community Indonesia (YCCI),https://www.facebook.com/groups/331613226681705,post_3,post_3_comment_18,post_3,comment,,,,YANG PAHAM DAN BERPENGALAMAN … Lihat selengkapnya,https://www.facebook.com/groups/331613226681705,2026-09-17T15:36:32Z,raw_data_run_20260917_223451_d693b9.csv,rec_711e2e2709124b35,False,YANG PAHAM DAN BERPENGALAMAN … Lihat selengkapnya,yang paham dan berpengalaman … lihat selengkapnya,Toyota Yaris,medium,community_context,False,,,,False,not_relevant,no_adas_keyword,,UNKNOWN,,,,,,,
rec_59ddf56947dd9e1a,Toyota Yaris,Yaris Cross Community Indonesia (YCCI),https://www.facebook.com/groups/331613226681705,post_3,post_3_comment_19,post_3,comment,,,,"Jual sparepart berkualitas 
Whatsapp 
 085934378954… Lihat selengkapnya",https://www.facebook.com/groups/331613226681705,2026-09-17T15:36:34Z,raw_data_run_20260917_223451_d693b9.csv,rec_59ddf56947dd9e1a,False,Jual sparepart berkualitas Whatsapp 085934378954… Lihat selengkapnya,jual sparepart berkualitas whatsapp 085934378954… lihat selengkapnya,Toyota Yaris,medium,community_context,False,,,,False,not_relevant,no_adas_keyword,,UNKNOWN,,,,,,,
rec_a7cf2f319d133be1,Toyota Yaris,Yaris Cross Community Indonesia (YCCI),https://www.facebook.com/groups/331613226681705,post_3,post_3_comment_20,post_3,comment,,,,Jual sparepart berkualitas,https://www.facebook.com/groups/331613226681705,2026-09-17T15:36:34Z,raw_data_run_20260917_223451_d693b9.csv,rec_a7cf2f319d133be1,False,Jual sparepart berkualitas,jual sparepart berkualitas,Toyota Yaris,medium,community_context,False,,,,False,not_relevant,no_adas_keyword,,UNKNOWN,,,,,,,
rec_6abea8e803b1ac7b,Toyota Yaris,Yaris Cross Community Indonesia (YCCI),https://www.facebook.com/groups/331613226681705,post_3,post_3_comment_21,post_3,comment,,,,"Whatsapp 
 085934378954… Lihat selengkapnya",https://www.facebook.com/groups/331613226681705,2026-09-17T15:36:34Z,raw_data_run_20260917_223451_d693b9.csv,rec_6abea8e803b1ac7b,False,Whatsapp 085934378954… Lihat selengkapnya,whatsapp 085934378954… lihat selengkapnya,Toyota Yaris,medium,community_context,False,,,,False,not_relevant,no_adas_keyword,,UNKNOWN,,,,,,,
rec_00fcb5d8cebbfa07,Toyota Yaris,Yaris Cross Community Indonesia (YCCI),https://www.facebook.com/groups/331613226681705,post_3,post_3_comment_22,post_3,comment,,,,"Kamera parkir TOYOTA 
 inova reborn… Lihat selengkapnya",https://www.facebook.com/groups/331613226681705,2026-09-17T15:36:35Z,raw_data_run_20260917_223451_d693b9.csv,rec_00fcb5d8cebbfa07,False,Kamera parkir TOYOTA inova reborn… Lihat selengkapnya,kamera parkir toyota inova reborn… lihat selengkapnya,Toyota Yaris,medium,community_context,False,,,,False,not_relevant,no_adas_keyword,,UNKNOWN,,,,,,,
rec_b87db9c293f071c6,Toyota Yaris,Yaris Cross Community Indonesia (YCCI),https://www.facebook.com/groups/331613226681705,post_3,post_3_comment_23,post_3,comment,,,,Kamera parkir TOYOTA,https://www.facebook.com/groups/331613226681705,2026-09-17T15:36:35Z,raw_data_run_20260917_223451_d693b9.csv,rec_b87db9c293f071c6,False,Kamera parkir TOYOTA,kamera parkir toyota,Toyota Yaris,medium,community_context,False,,,,False,not_relevant,no_adas_keyword,,UNKNOWN,,,,,,,
rec_fe25936f8a8c93bb,Toyota Yaris,Yaris Cross Community Indonesia (YCCI),https://www.facebook.com/groups/331613226681705,post_3,post_3_comment_24,post_3,comment,,,,inova reborn… Lihat selengkapnya,https://www.facebook.com/groups/331613226681705,2026-09-17T15:36:35Z,raw_data_run_20260917_223451_d693b9.csv,rec_fe25936f8a8c93bb,False,inova reborn… Lihat selengkapnya,inova reborn… lihat selengkapnya,Toyota Yaris,medium,community_context,False,,,,False,not_relevant,no_adas_keyword,,UNKNOWN,,,,,,,
rec_beb0e54e82525d48,Toyota Yaris,Yaris Cross Community Indonesia (YCCI),https://www.facebook.com/groups/331613226681705,post_3,post_3_comment_25,post_3,comment,,,,"Dijual Murah Paket Velg+ Ban RPF R16 Yaris Second Mulus, Jauh Bisa Kirim Lewat Shopee https://s.shopee.co.id/80CTfROAaO",https://www.facebook.com/groups/331613226681705,2026-09-17T15:36:37Z,raw_data_run_20260917_223451_d693b9.csv,rec_beb0e54e82525d48,False,"Dijual Murah Paket Velg+ Ban RPF R16 Yaris Second Mulus, Jauh Bisa Kirim Lewat Shopee [url]","dijual murah paket velg+ ban rpf r16 yaris second mulus, jauh bisa kirim lewat shopee [url]",Toyota Yaris,high,explicit_text_alias_strong,False,,,,False,not_relevant,no_adas_keyword,,UNKNOWN,,,,,,,
rec_265d150f545af6b3,Toyota Yaris,Yaris Cross Community Indonesia (YCCI),https://www.facebook.com/groups/331613226681705,post_3,post_3_comment_26,post_3,comment,,,,"dijual
Yaris TRDSportivo 2019 Matic … Lihat selengkapnya",https://www.facebook.com/groups/331613226681705,2026-09-17T15:36:38Z,raw_data_run_20260917_223451_d693b9.csv,rec_265d150f545af6b3,False,dijual Yaris TRDSportivo 2019 Matic … Lihat selengkapnya,dijual yaris trdsportivo 2019 matic … lihat selengkapnya,Toyota Yaris,high,explicit_text_alias_strong,False,,,,False,not_relevant,no_adas_keyword,,UNKNOWN,,,,,,,
rec_9b1b5185e2565235,Toyota Yaris,Yaris Cross Community Indonesia (YCCI),https://www.facebook.com/groups/331613226681705,post_3,post_3_comment_27,post_3,comment,,,,Yaris TRDSportivo 2019 Matic … Lihat selengkapnya,https://www.facebook.com/groups/331613226681705,2026-09-17T15:36:38Z,raw_data_run_20260917_223451_d693b9.csv,rec_9b1b5185e2565235,False,Yaris TRDSportivo 2019 Matic … Lihat selengkapnya,yaris trdsportivo 2019 matic … lihat selengkapnya,Toyota Yaris,high,explicit_text_alias_strong,False,,,,False,not_relevant,no_adas_keyword,,UNKNOWN,,,,,,,
rec_ea9ad8f60fdd3774,Toyota Yaris,Yaris Cross Community Indonesia (YCCI),https://www.facebook.com/groups/331613226681705,post_3,post_3_comment_28,post_3,comment,,,,"Edisi Bantu Jual Punya Teman
For Sale Toyota Yaris Cross S Hybrid GR TSS 2024 
Tipe Tertinggi 
Warna Two tone Putih - Hitam… Lihat selengkapnya",https://www.facebook.com/groups/331613226681705,2026-09-17T15:36:42Z,raw_data_run_20260917_223451_d693b9.csv,rec_ea9ad8f60fdd3774,False,Edisi Bantu Jual Punya Teman For Sale Toyota Yaris Cross S Hybrid GR TSS 2024 Tipe Tertinggi Warna Two tone Putih - Hitam… Lihat selengkapnya,edisi bantu jual punya teman for sale toyota yaris cross s hybrid gr tss 2024 tipe tertinggi warna two tone putih - hitam… lihat selengkapnya,Toyota Yaris,high,explicit_text_alias_strong,True,TSS,combined_adas,,True,uncertain,generic_adas_terms_only,low,UNKNOWN,not_stated,not_stated,uncertain,positive,not_stated,unclear,low
rec_879089b128b31be6,Toyota Yaris,Yaris Cross Community Indonesia (YCCI),https://www.facebook.com/groups/331613226681705,post_3,post_3_comment_29,post_3,comment,,,,Edisi Bantu Jual Punya Teman,https://www.facebook.com/groups/331613226681705,2026-09-17T15:36:42Z,raw_data_run_20260917_223451_d693b9.csv,rec_879089b128b31be6,False,Edisi Bantu Jual Punya Teman,edisi bantu jual punya teman,Toyota Yaris,medium,community_context,False,,,,False,not_relevant,no_adas_keyword,,UNKNOWN,,,,,,,
rec_8393e489e7beff45,Toyota Yaris,Yaris Cross Community Indonesia (YCCI),https://www.facebook.com/groups/331613226681705,post_3,post_3_comment_30,post_3,comment,,,,For Sale Toyota Yaris Cross S Hybrid GR TSS 2024,https://www.facebook.com/groups/331613226681705,2026-09-17T15:36:42Z,raw_data_run_20260917_223451_d693b9.csv,rec_8393e489e7beff45,False,For Sale Toyota Yaris Cross S Hybrid GR TSS 2024,for sale toyota yaris cross s hybrid gr tss 2024,Toyota Yaris,high,explicit_text_alias_strong,True,TSS,combined_adas,,True,uncertain,generic_adas_terms_only,low,UNKNOWN,not_stated,not_stated,uncertain,neutral,not_stated,unclear,low
rec_4f0bc42b96b9393f,Toyota Yaris,Yaris Cross Community Indonesia (YCCI),https://www.facebook.com/groups/331613226681705,post_3,post_3_comment_31,post_3,comment,,,,Tipe Tertinggi,https://www.facebook.com/groups/331613226681705,2026-09-17T15:36:42Z,raw_data_run_20260917_223451_d693b9.csv,rec_4f0bc42b96b9393f,False,Tipe Tertinggi,tipe tertinggi,Toyota Yaris,medium,community_context,False,,,,False,not_relevant,no_adas_keyword,,UNKNOWN,,,,,,,
rec_52b0c5b4e51409a4,Toyota Yaris,Yaris Cross Community Indonesia (YCCI),https://www.facebook.com/groups/331613226681705,post_3,post_3_comment_32,post_3,comment,,,,Warna Two tone Putih - Hitam… Lihat selengkapnya,https://www.facebook.com/groups/331613226681705,2026-09-17T15:36:42Z,raw_data_run_20260917_223451_d693b9.csv,rec_52b0c5b4e51409a4,False,Warna Two tone Putih - Hitam… Lihat selengkapnya,warna two tone putih - hitam… lihat selengkapnya,Toyota Yaris,medium,community_context,False,,,,False,not_relevant,no_adas_keyword,,UNKNOWN,,,,,,,
rec_ba9f64d087d13a4c,Toyota Yaris,Yaris Cross Community Indonesia (YCCI),https://www.facebook.com/groups/331613226681705,post_3,post_3_comment_33,post_3,comment,,,,"@YARIS+TRD+SPORTIVO+2017+MANUAL+MT+
@SS+STNK+ONLY+SAJA+WAJIB+FAHAM+RIWAYAT+SANGAT+JELAS+HARGA+68JUTA+minat+wa.+083876865676",https://www.facebook.com/groups/331613226681705,2026-09-17T15:36:43Z,raw_data_run_20260917_223451_d693b9.csv,rec_ba9f64d087d13a4c,False,[mention] +TRD+SPORTIVO+2017+MANUAL+MT+ [mention] +STNK+ONLY+SAJA+WAJIB+FAHAM+RIWAYAT+SANGAT+JELAS+HARGA+68JUTA+minat+wa.+083876865676,[mention] +trd+sportivo+2017+manual+mt+ [mention] +stnk+only+saja+wajib+faham+riwayat+sangat+jelas+harga+68juta+minat+wa.+083876865676,Toyota Yaris,medium,community_context,False,,,,False,not_relevant,no_adas_keyword,,UNKNOWN,,,,,,,
rec_a60182454066af87,Toyota Yaris,Yaris Cross Community Indonesia (YCCI),https://www.facebook.com/groups/331613226681705,post_3,post_3_comment_34,post_3,comment,,,,@YARIS+TRD+SPORTIVO+2017+MANUAL+MT+,https://www.facebook.com/groups/331613226681705,2026-09-17T15:36:43Z,raw_data_run_20260917_223451_d693b9.csv,rec_a60182454066af87,False,[mention] +TRD+SPORTIVO+2017+MANUAL+MT+,[mention] +trd+sportivo+2017+manual+mt+,Toyota Yaris,medium,community_context,False,,,,False,not_relevant,no_adas_keyword,,UNKNOWN,,,,,,,
rec_90c5173514d0385c,Toyota Yaris,Yaris Cross Community Indonesia (YCCI),https://www.facebook.com/groups/331613226681705,post_3,post_3_comment_35,post_3,comment,,,,@SS+STNK+ONLY+SAJA+WAJIB+FAHAM+RIWAYAT+SANGAT+JELAS+HARGA+68JUTA+minat+wa.+083876865676,https://www.facebook.com/groups/331613226681705,2026-09-17T15:36:43Z,raw_data_run_20260917_223451_d693b9.csv,rec_90c5173514d0385c,False,[mention] +STNK+ONLY+SAJA+WAJIB+FAHAM+RIWAYAT+SANGAT+JELAS+HARGA+68JUTA+minat+wa.+083876865676,[mention] +stnk+only+saja+wajib+faham+riwayat+sangat+jelas+harga+68juta+minat+wa.+083876865676,Toyota Yaris,medium,community_context,False,,,,False,not_relevant,no_adas_keyword,,UNKNOWN,,,,,,,
rec_d3cc3b6a674902dd,Toyota Yaris,Yaris Cross Community Indonesia (YCCI),https://www.facebook.com/groups/331613226681705,post_3,post_3_comment_36,post_3,comment,,,,"(Price 6.7jt) For sale Velg original Toyota FT86 Ring 17 pcd 5x100, kondisi mulus 95%, lokasi margonda depok https://wa.me/+6285781559992",https://www.facebook.com/groups/331613226681705,2026-09-17T15:36:45Z,raw_data_run_20260917_223451_d693b9.csv,rec_d3cc3b6a674902dd,False,"(Price 6.7jt) For sale Velg original Toyota FT86 Ring 17 pcd 5x100, kondisi mulus 95%, lokasi margonda depok [url]","(price 6.7jt) for sale velg original toyota ft86 ring 17 pcd 5x100, kondisi mulus 95%, lokasi margonda depok [url]",Toyota Yaris,medium,community_context,False,,,,False,not_relevant,no_adas_keyword,,UNKNOWN,,,,,,,
rec_80153cdf7e6b87dc,Toyota Yaris,Yaris Cross Community Indonesia (YCCI),https://www.facebook.com/groups/331613226681705,post_3,post_3_comment_37,post_3,comment,,,,"Yaris Cross 1.5 G Cvt 2026
Km 50 Perak
Mobil bekas rasa baru
Cash/kredit
Harga 325 juta(Boleh Nego sampai deal)
Lihat selengkapnya",https://www.facebook.com/groups/331613226681705,2026-09-17T15:36:45Z,raw_data_run_20260917_223451_d693b9.csv,rec_80153cdf7e6b87dc,False,Yaris Cross 1.5 G Cvt 2026 Km 50 Perak Mobil bekas rasa baru Cash/kredit Harga 325 juta(Boleh Nego sampai deal) Lihat selengkapnya,yaris cross 1.5 g cvt 2026 km 50 perak mobil bekas rasa baru cash/kredit harga 325 juta(boleh nego sampai deal) lihat selengkapnya,Toyota Yaris,high,explicit_text_alias_strong,False,,,,False,not_relevant,no_adas_keyword,,UNKNOWN,,,,,,,
rec_0bef13e1bf76cf48,Toyota Yaris,Yaris Cross Community Indonesia (YCCI),https://www.facebook.com/groups/331613226681705,post_3,post_3_comment_38,post_3,comment,,,,"Saya sebagai user yaris cross ko heran ya, knapa ko banyak yg mau jual mobil padahal kondisi nya masih bisa di bilang baru.",https://www.facebook.com/groups/331613226681705,2026-09-17T15:36:45Z,raw_data_run_20260917_223451_d693b9.csv,rec_0bef13e1bf76cf48,False,"Saya sebagai user yaris cross ko heran ya, knapa ko banyak yg mau jual mobil padahal kondisi nya masih bisa di bilang baru.","saya sebagai user yaris cross ko heran ya, knapa ko banyak yg mau jual mobil padahal kondisi nya masih bisa di bilang baru.",Toyota Yaris,high,explicit_text_alias_strong,False,,,,False,not_relevant,no_adas_keyword,,UNKNOWN,,,,,,,
rec_3b0e879d36602489,Toyota Yaris,Yaris Cross Community Indonesia (YCCI),https://www.facebook.com/groups/331613226681705,post_3,post_3_comment_39,post_3,comment,,,,Ap… Lihat selengkapnya,https://www.facebook.com/groups/331613226681705,2026-09-17T15:36:45Z,raw_data_run_20260917_223451_d693b9.csv,rec_3b0e879d36602489,False,Ap… Lihat selengkapnya,ap… lihat selengkapnya,Toyota Yaris,medium,community_context,False,,,,False,not_relevant,no_adas_keyword,,UNKNOWN,,,,,,,
rec_86a04a6affd6f063,Toyota Yaris,Yaris Cross Community Indonesia (YCCI),https://www.facebook.com/groups/331613226681705,post_3,post_3_comment_40,post_3,comment,,,,bisa tuker tambah ga,https://www.facebook.com/groups/331613226681705,2026-09-17T15:36:45Z,raw_data_run_20260917_223451_d693b9.csv,rec_86a04a6affd6f063,False,bisa tuker tambah ga,bisa tuker tambah ga,Toyota Yaris,medium,community_context,False,,,,False,not_relevant,no_adas_keyword,,UNKNOWN,,,,,,,
rec_8978fb5817c2044f,Toyota Yaris,Yaris Cross Community Indonesia (YCCI),https://www.facebook.com/groups/331613226681705,post_3,post_3_comment_41,post_3,comment,,,,Bismillah..… Lihat selengkapnya,https://www.facebook.com/groups/331613226681705,2026-09-17T15:36:48Z,raw_data_run_20260917_223451_d693b9.csv,rec_8978fb5817c2044f,False,Bismillah..… Lihat selengkapnya,bismillah..… lihat selengkapnya,Toyota Yaris,medium,community_context,False,,,,False,not_relevant,no_adas_keyword,,UNKNOWN,,,,,,,
rec_e5aa95cacd51180a,Toyota Yaris,Yaris Cross Community Indonesia (YCCI),https://www.facebook.com/groups/331613226681705,post_3,post_3_comment_42,post_3,comment,,,,"*Cover jok :  Yaris
 ( Second)… Lihat selengkapnya",https://www.facebook.com/groups/331613226681705,2026-09-17T15:36:50Z,raw_data_run_20260917_223451_d693b9.csv,rec_e5aa95cacd51180a,False,*Cover jok : Yaris ( Second)… Lihat selengkapnya,*cover jok : yaris ( second)… lihat selengkapnya,Toyota Yaris,high,explicit_text_alias_strong,False,,,,False,not_relevant,no_adas_keyword,,UNKNOWN,,,,,,,
rec_636c0b12a296660f,Toyota Yaris,Yaris Cross Community Indonesia (YCCI),https://www.facebook.com/groups/331613226681705,post_3,post_3_comment_43,post_3,comment,,,,*Cover jok :  Yaris,https://www.facebook.com/groups/331613226681705,2026-09-17T15:36:50Z,raw_data_run_20260917_223451_d693b9.csv,rec_636c0b12a296660f,False,*Cover jok : Yaris,*cover jok : yaris,Toyota Yaris,high,explicit_text_alias_strong,False,,,,False,not_relevant,no_adas_keyword,,UNKNOWN,,,,,,,
rec_3c9fc7183156ac2b,Toyota Yaris,Yaris Cross Community Indonesia (YCCI),https://www.facebook.com/groups/331613226681705,post_3,post_3_comment_44,post_3,comment,,,,( Second)… Lihat selengkapnya,https://www.facebook.com/groups/331613226681705,2026-09-17T15:36:50Z,raw_data_run_20260917_223451_d693b9.csv,rec_3c9fc7183156ac2b,False,( Second)… Lihat selengkapnya,( second)… lihat selengkapnya,Toyota Yaris,medium,community_context,False,,,,False,not_relevant,no_adas_keyword,,UNKNOWN,,,,,,,
rec_6dd62531ac292c2f,Toyota Yaris,Yaris Cross Community Indonesia (YCCI),https://www.facebook.com/groups/331613226681705,post_3,post_3_comment_45,post_3,comment,,,,"Izin cari rezeki
Bodykit Xpander Cross. Harga fullset mulai dari 1 jt-an
Salam Modifikasi Indonesia
-------------------------------------------------------
Upgrade your car with :
𝐁𝐎𝐃𝐘𝐊𝐈𝐓 𝐈𝐍𝐃𝐎𝐍𝐄𝐒𝐈𝐀
Lihat selengkapnya",https://www.facebook.com/groups/331613226681705,2026-09-17T15:36:51Z,raw_data_run_20260917_223451_d693b9.csv,rec_6dd62531ac292c2f,False,Izin cari rezeki Bodykit Xpander Cross. Harga fullset mulai dari 1 jt-an Salam Modifikasi Indonesia ------------------------------------------------------- Upgrade your car with : 𝐁𝐎𝐃𝐘𝐊𝐈𝐓 𝐈𝐍𝐃𝐎𝐍𝐄𝐒𝐈𝐀 Lihat selengkapnya,izin cari rezeki bodykit xpander cross. harga fullset mulai dari 1 jt-an salam modifikasi indonesia ------------------------------------------------------- upgrade your car with : 𝐁𝐎𝐃𝐘𝐊𝐈𝐓 𝐈𝐍𝐃𝐎𝐍𝐄𝐒𝐈𝐀 lihat selengkapnya,Toyota Yaris,medium,community_context,False,,,,False,not_relevant,no_adas_keyword,,UNKNOWN,,,,,,,
rec_cc5a4a7cf292cf9b,Toyota Yaris,Yaris Cross Community Indonesia (YCCI),https://www.facebook.com/groups/331613226681705,post_3,post_3_comment_46,post_3,comment,,,,"@YARIS+TRD+SPORTIVO+2017+MANUAL+MT+
@SS+STNK+ONLY+SAJA+WAJIB+FAHAM+RIWAYAT+SANGAT+JELAS+HARGA+68JUTA+minat+inbok",https://www.facebook.com/groups/331613226681705,2026-09-17T15:36:53Z,raw_data_run_20260917_223451_d693b9.csv,rec_cc5a4a7cf292cf9b,False,[mention] +TRD+SPORTIVO+2017+MANUAL+MT+ [mention] +STNK+ONLY+SAJA+WAJIB+FAHAM+RIWAYAT+SANGAT+JELAS+HARGA+68JUTA+minat+inbok,[mention] +trd+sportivo+2017+manual+mt+ [mention] +stnk+only+saja+wajib+faham+riwayat+sangat+jelas+harga+68juta+minat+inbok,Toyota Yaris,medium,community_context,False,,,,False,not_relevant,no_adas_keyword,,UNKNOWN,,,,,,,
rec_ec23010d7c82eaf0,Toyota Yaris,Yaris Cross Community Indonesia (YCCI),https://www.facebook.com/groups/331613226681705,post_3,post_3_comment_47,post_3,comment,,,,@SS+STNK+ONLY+SAJA+WAJIB+FAHAM+RIWAYAT+SANGAT+JELAS+HARGA+68JUTA+minat+inbok,https://www.facebook.com/groups/331613226681705,2026-09-17T15:36:53Z,raw_data_run_20260917_223451_d693b9.csv,rec_ec23010d7c82eaf0,False,[mention] +STNK+ONLY+SAJA+WAJIB+FAHAM+RIWAYAT+SANGAT+JELAS+HARGA+68JUTA+minat+inbok,[mention] +stnk+only+saja+wajib+faham+riwayat+sangat+jelas+harga+68juta+minat+inbok,Toyota Yaris,medium,community_context,False,,,,False,not_relevant,no_adas_keyword,,UNKNOWN,,,,,,,
rec_d053119bc6ee31f6,Toyota Yaris,Yaris Cross Community Indonesia (YCCI),https://www.facebook.com/groups/331613226681705,post_3,post_3_comment_48,post_3,comment,,,,"Salam sedikit perkongsian item untuk TOYOTA YARIS CROSS yang ada didalam platform shopee. Silakan survey jika ada yang mencari. Gambar hasil gemini
 .TQ admin 
Trapo Karpet Kereta Car Mat Toyota Yaris Cross Non-Hybrid (2023-Present) 
 https://s.shopee.com.my/7KpiEBNi2W.
Kamatto Classic Toyota Yaris Cross XP210 (2020-Present) Car Floor Mat and Carpet
 https://s.shopee.com.my/AUmjzkeWog… Lihat selengkapnya",https://www.facebook.com/groups/331613226681705,2026-09-17T15:36:55Z,raw_data_run_20260917_223451_d693b9.csv,rec_d053119bc6ee31f6,False,Salam sedikit perkongsian item untuk TOYOTA YARIS CROSS yang ada didalam platform shopee. Silakan survey jika ada yang mencari. Gambar hasil gemini .TQ admin Trapo Karpet Kereta Car Mat Toyota Yaris Cross Non-Hybrid (2023-Present) [url] Kamatto Classic Toyota Yaris Cross XP210 (2020-Present) Car Floor Mat and Carpet [url] Lihat selengkapnya,salam sedikit perkongsian item untuk toyota yaris cross yang ada didalam platform shopee. silakan survey jika ada yang mencari. gambar hasil gemini .tq admin trapo karpet kereta car mat toyota yaris cross non-hybrid (2023-present) [url] kamatto classic toyota yaris cross xp210 (2020-present) car floor mat and carpet [url] lihat selengkapnya,Toyota Yaris,high,explicit_text_alias_strong,False,,,,False,not_relevant,no_adas_keyword,,UNKNOWN,,,,,,,
rec_4e1b827891b42ed1,Toyota Yaris,Yaris Cross Community Indonesia (YCCI),https://www.facebook.com/groups/331613226681705,post_3,post_3_comment_49,post_3,comment,,,,"Salam sedikit perkongsian item untuk TOYOTA YARIS CROSS yang ada didalam platform shopee. Silakan survey jika ada yang mencari. Gambar hasil gemini
 .TQ admin",https://www.facebook.com/groups/331613226681705,2026-09-17T15:36:55Z,raw_data_run_20260917_223451_d693b9.csv,rec_4e1b827891b42ed1,False,Salam sedikit perkongsian item untuk TOYOTA YARIS CROSS yang ada didalam platform shopee. Silakan survey jika ada yang mencari. Gambar hasil gemini .TQ admin,salam sedikit perkongsian item untuk toyota yaris cross yang ada didalam platform shopee. silakan survey jika ada yang mencari. gambar hasil gemini .tq admin,Toyota Yaris,high,explicit_text_alias_strong,False,,,,False,not_relevant,no_adas_keyword,,UNKNOWN,,,,,,,
rec_5d4d979f604a1d3e,Toyota Yaris,Yaris Cross Community Indonesia (YCCI),https://www.facebook.com/groups/331613226681705,post_3,post_3_comment_50,post_3,comment,,,,Trapo Karpet Kereta Car Mat Toyota Yaris Cross Non-Hybrid (2023-Present),https://www.facebook.com/groups/331613226681705,2026-09-17T15:36:55Z,raw_data_run_20260917_223451_d693b9.csv,rec_5d4d979f604a1d3e,False,Trapo Karpet Kereta Car Mat Toyota Yaris Cross Non-Hybrid (2023-Present),trapo karpet kereta car mat toyota yaris cross non-hybrid (2023-present),Toyota Yaris,high,explicit_text_alias_strong,False,,,,False,not_relevant,no_adas_keyword,,UNKNOWN,,,,,,,
rec_fed3f02409ac97e9,Toyota Yaris,Yaris Cross Community Indonesia (YCCI),https://www.facebook.com/groups/331613226681705,post_3,post_3_comment_51,post_3,comment,,,,https://s.shopee.com.my/7KpiEBNi2W.,https://www.facebook.com/groups/331613226681705,2026-09-17T15:36:55Z,raw_data_run_20260917_223451_d693b9.csv,rec_fed3f02409ac97e9,False,[url],[url],Toyota Yaris,medium,community_context,False,,,,False,not_relevant,no_adas_keyword,,UNKNOWN,,,,,,,
rec_aa7d86e5c79be99e,Toyota Yaris,Yaris Cross Community Indonesia (YCCI),https://www.facebook.com/groups/331613226681705,post_3,post_3_comment_52,post_3,comment,,,,Kamatto Classic Toyota Yaris Cross XP210 (2020-Present) Car Floor Mat and Carpet,https://www.facebook.com/groups/331613226681705,2026-09-17T15:36:55Z,raw_data_run_20260917_223451_d693b9.csv,rec_aa7d86e5c79be99e,False,Kamatto Classic Toyota Yaris Cross XP210 (2020-Present) Car Floor Mat and Carpet,kamatto classic toyota yaris cross xp210 (2020-present) car floor mat and carpet,Toyota Yaris,high,explicit_text_alias_strong,False,,,,False,not_relevant,no_adas_keyword,,UNKNOWN,,,,,,,
rec_a0a5b3005c22831c,Toyota Yaris,Yaris Cross Community Indonesia (YCCI),https://www.facebook.com/groups/331613226681705,post_3,post_3_comment_53,post_3,comment,,,,https://s.shopee.com.my/AUmjzkeWog… Lihat selengkapnya,https://www.facebook.com/groups/331613226681705,2026-09-17T15:36:55Z,raw_data_run_20260917_223451_d693b9.csv,rec_a0a5b3005c22831c,False,[url] Lihat selengkapnya,[url] lihat selengkapnya,Toyota Yaris,medium,community_context,False,,,,False,not_relevant,no_adas_keyword,,UNKNOWN,,,,,,,
rec_38630aec004d25eb,Toyota Yaris,Yaris Cross Community Indonesia (YCCI),https://www.facebook.com/groups/331613226681705,post_3,post_3_comment_54,post_3,comment,,,,"Ambient Light Car
Premium Ambience Light No Bintik Grade A+
Bisa Disemua Mobil
-
Bisa Rgb Matrix Kontrol Lewat Aplikasi
+ Setting 1 Warna
-
Lihat selengkapnya",https://www.facebook.com/groups/331613226681705,2026-09-17T15:36:56Z,raw_data_run_20260917_223451_d693b9.csv,rec_38630aec004d25eb,False,Ambient Light Car Premium Ambience Light No Bintik Grade A+ Bisa Disemua Mobil - Bisa Rgb Matrix Kontrol Lewat Aplikasi + Setting 1 Warna - Lihat selengkapnya,ambient light car premium ambience light no bintik grade a+ bisa disemua mobil - bisa rgb matrix kontrol lewat aplikasi + setting 1 warna - lihat selengkapnya,Toyota Yaris,medium,community_context,False,,,,False,not_relevant,no_adas_keyword,,UNKNOWN,,,,,,,
rec_3600cb532e45e818,Toyota Yaris,Yaris Cross Community Indonesia (YCCI),https://www.facebook.com/groups/331613226681705,post_3,post_3_comment_55,post_3,comment,,,,Mau om,https://www.facebook.com/groups/331613226681705,2026-09-17T15:36:56Z,raw_data_run_20260917_223451_d693b9.csv,rec_3600cb532e45e818,False,Mau om,mau om,Toyota Yaris,medium,community_context,False,,,,False,not_relevant,no_adas_keyword,,UNKNOWN,,,,,,,
rec_247b008d55b95970,Toyota Yaris,Yaris Cross Community Indonesia (YCCI),https://www.facebook.com/groups/331613226681705,post_3,post_3_comment_56,post_3,comment,,,,"@YARIS TRD SPORTIVO 2017 MANUAL MT 
@SS STNK ONLY SAJA WAJIB FAHAM RIWAYAT SANGAT JELAS HARGA 68JUTA CALL BY WA 
https://wa.me/62085126495267",https://www.facebook.com/groups/331613226681705,2026-09-17T15:36:58Z,raw_data_run_20260917_223451_d693b9.csv,rec_247b008d55b95970,False,[mention] TRD SPORTIVO 2017 MANUAL MT [mention] STNK ONLY SAJA WAJIB FAHAM RIWAYAT SANGAT JELAS HARGA 68JUTA CALL BY WA [url],[mention] trd sportivo 2017 manual mt [mention] stnk only saja wajib faham riwayat sangat jelas harga 68juta call by wa [url],Toyota Yaris,medium,community_context,False,,,,False,not_relevant,no_adas_keyword,,UNKNOWN,,,,,,,
rec_bbaf35d881ccf487,Toyota Yaris,Yaris Cross Community Indonesia (YCCI),https://www.facebook.com/groups/331613226681705,post_3,post_3_comment_57,post_3,comment,,,,@YARIS TRD SPORTIVO 2017 MANUAL MT,https://www.facebook.com/groups/331613226681705,2026-09-17T15:36:58Z,raw_data_run_20260917_223451_d693b9.csv,rec_bbaf35d881ccf487,False,[mention] TRD SPORTIVO 2017 MANUAL MT,[mention] trd sportivo 2017 manual mt,Toyota Yaris,medium,community_context,False,,,,False,not_relevant,no_adas_keyword,,UNKNOWN,,,,,,,
rec_62ae1cc1eb050dc1,Toyota Yaris,Yaris Cross Community Indonesia (YCCI),https://www.facebook.com/groups/331613226681705,post_3,post_3_comment_58,post_3,comment,,,,"@SS STNK ONLY SAJA WAJIB FAHAM RIWAYAT SANGAT JELAS HARGA 68JUTA CALL BY WA 
https://wa.me/62085126495267",https://www.facebook.com/groups/331613226681705,2026-09-17T15:36:58Z,raw_data_run_20260917_223451_d693b9.csv,rec_62ae1cc1eb050dc1,False,[mention] STNK ONLY SAJA WAJIB FAHAM RIWAYAT SANGAT JELAS HARGA 68JUTA CALL BY WA [url],[mention] stnk only saja wajib faham riwayat sangat jelas harga 68juta call by wa [url],Toyota Yaris,medium,community_context,False,,,,False,not_relevant,no_adas_keyword,,UNKNOWN,,,,,,,
rec_717abfa67ace1206,Toyota Yaris,Yaris Cross Community Indonesia (YCCI),https://www.facebook.com/groups/331613226681705,post_3,post_3_comment_59,post_3,comment,,,,"*Cover jok : Yaris lele ( SECOND ) 
*Tahun*     : 2014-2021… Lihat selengkapnya",https://www.facebook.com/groups/331613226681705,2026-09-17T15:37:00Z,raw_data_run_20260917_223451_d693b9.csv,rec_717abfa67ace1206,False,*Cover jok : Yaris lele ( SECOND ) *Tahun* : 2014-2021… Lihat selengkapnya,*cover jok : yaris lele ( second ) *tahun* : 2014-2021… lihat selengkapnya,Toyota Yaris,high,explicit_text_alias_strong,False,,,,False,not_relevant,no_adas_keyword,,UNKNOWN,,,,,,,
rec_655b73cc7ba75397,Toyota Yaris,Yaris Cross Community Indonesia (YCCI),https://www.facebook.com/groups/331613226681705,post_3,post_3_comment_60,post_3,comment,,,,*Cover jok : Yaris lele ( SECOND ),https://www.facebook.com/groups/331613226681705,2026-09-17T15:37:00Z,raw_data_run_20260917_223451_d693b9.csv,rec_655b73cc7ba75397,False,*Cover jok : Yaris lele ( SECOND ),*cover jok : yaris lele ( second ),Toyota Yaris,high,explicit_text_alias_strong,False,,,,False,not_relevant,no_adas_keyword,,UNKNOWN,,,,,,,
rec_fe848386a766443b,Toyota Yaris,Yaris Cross Community Indonesia (YCCI),https://www.facebook.com/groups/331613226681705,post_3,post_3_comment_61,post_3,comment,,,,*Tahun*     : 2014-2021… Lihat selengkapnya,https://www.facebook.com/groups/331613226681705,2026-09-17T15:37:00Z,raw_data_run_20260917_223451_d693b9.csv,rec_fe848386a766443b,False,*Tahun* : 2014-2021… Lihat selengkapnya,*tahun* : 2014-2021… lihat selengkapnya,Toyota Yaris,medium,community_context,False,,,,False,not_relevant,no_adas_keyword,,UNKNOWN,,,,,,,
rec_427a61daa6416216,Toyota Yaris,Yaris Cross Community Indonesia (YCCI),https://www.facebook.com/groups/331613226681705,post_4,,,post,,,,"@YARIS TRD SPORTIVO 2017 MANUAL MT 
@SS STNK ONLY SAJA WAJIB FAHAM RIWAYAT SANGAT JELAS HARGA 68JUTA CALL BY WA 
https://wa.me/62085126495267",https://www.facebook.com/groups/331613226681705,2026-09-17T15:37:09Z,raw_data_run_20260917_223451_d693b9.csv,rec_427a61daa6416216,False,[mention] TRD SPORTIVO 2017 MANUAL MT [mention] STNK ONLY SAJA WAJIB FAHAM RIWAYAT SANGAT JELAS HARGA 68JUTA CALL BY WA [url],[mention] trd sportivo 2017 manual mt [mention] stnk only saja wajib faham riwayat sangat jelas harga 68juta call by wa [url],Toyota Yaris,medium,community_context,False,,,,False,not_relevant,no_adas_keyword,,UNKNOWN,,,,,,,
rec_371ae00e36bcf84f,Toyota Yaris,Yaris Cross Community Indonesia (YCCI),https://www.facebook.com/groups/331613226681705,post_4,post_4_comment_1,post_4,comment,,,,"@ES TEH ONLY SJ
@YARIS TRD S 2017 MANUAL BEBAS LINTAS PLAT NEMPEL HARGA 68JUTA SAJA LOKASI PASURUAN CALL WA 
https://wa.me/62085137751296",https://www.facebook.com/groups/331613226681705,2026-09-17T15:37:14Z,raw_data_run_20260917_223451_d693b9.csv,rec_371ae00e36bcf84f,False,[mention] TEH ONLY SJ [mention] TRD S 2017 MANUAL BEBAS LINTAS PLAT NEMPEL HARGA 68JUTA SAJA LOKASI PASURUAN CALL WA [url],[mention] teh only sj [mention] trd s 2017 manual bebas lintas plat nempel harga 68juta saja lokasi pasuruan call wa [url],Toyota Yaris,medium,community_context,False,,,,False,not_relevant,no_adas_keyword,,UNKNOWN,,,,,,,
rec_4ed109e9491a8793,Toyota Yaris,Yaris Cross Community Indonesia (YCCI),https://www.facebook.com/groups/331613226681705,post_4,post_4_comment_2,post_4,comment,,,,@ES TEH ONLY SJ,https://www.facebook.com/groups/331613226681705,2026-09-17T15:37:14Z,raw_data_run_20260917_223451_d693b9.csv,rec_4ed109e9491a8793,False,[mention] TEH ONLY SJ,[mention] teh only sj,Toyota Yaris,medium,community_context,False,,,,False,not_relevant,no_adas_keyword,,UNKNOWN,,,,,,,
rec_b2aa8d72ce607d68,Toyota Yaris,Yaris Cross Community Indonesia (YCCI),https://www.facebook.com/groups/331613226681705,post_4,post_4_comment_3,post_4,comment,,,,"@YARIS TRD S 2017 MANUAL BEBAS LINTAS PLAT NEMPEL HARGA 68JUTA SAJA LOKASI PASURUAN CALL WA 
https://wa.me/62085137751296",https://www.facebook.com/groups/331613226681705,2026-09-17T15:37:14Z,raw_data_run_20260917_223451_d693b9.csv,rec_b2aa8d72ce607d68,False,[mention] TRD S 2017 MANUAL BEBAS LINTAS PLAT NEMPEL HARGA 68JUTA SAJA LOKASI PASURUAN CALL WA [url],[mention] trd s 2017 manual bebas lintas plat nempel harga 68juta saja lokasi pasuruan call wa [url],Toyota Yaris,medium,community_context,False,,,,False,not_relevant,no_adas_keyword,,UNKNOWN,,,,,,,
rec_31acd8d3435a20f1,Toyota Yaris,Yaris Cross Community Indonesia (YCCI),https://www.facebook.com/groups/331613226681705,post_4,post_4_comment_4,post_4,comment,,,,Mempererat dan memperluas hubungan silahturahmi antar sesama pengguna mobil Toyota Yaris Cross,https://www.facebook.com/groups/331613226681705,2026-09-17T15:37:14Z,raw_data_run_20260917_223451_d693b9.csv,rec_31acd8d3435a20f1,False,Mempererat dan memperluas hubungan silahturahmi antar sesama pengguna mobil Toyota Yaris Cross,mempererat dan memperluas hubungan silahturahmi antar sesama pengguna mobil toyota yaris cross,Toyota Yaris,high,explicit_text_alias_strong,False,,,,False,not_relevant,no_adas_keyword,,UNKNOWN,,,,,,,
rec_c8cc65d796dc2adb,Toyota Yaris,Yaris Cross Community Indonesia (YCCI),https://www.facebook.com/groups/331613226681705,post_4,post_4_comment_5,post_4,comment,,,,Xmate karpet mobil Yaris Cross,https://www.facebook.com/groups/331613226681705,2026-09-17T15:37:16Z,raw_data_run_20260917_223451_d693b9.csv,rec_c8cc65d796dc2adb,False,Xmate karpet mobil Yaris Cross,xmate karpet mobil yaris cross,Toyota Yaris,high,explicit_text_alias_strong,False,,,,False,not_relevant,no_adas_keyword,,UNKNOWN,,,,,,,
rec_a739af9db2211f76,Toyota Yaris,Yaris Cross Community Indonesia (YCCI),https://www.facebook.com/groups/331613226681705,post_4,post_4_comment_6,post_4,comment,,,,"dijual
New Yaris TRDSportivo 2018 Manual … Lihat selengkapnya",https://www.facebook.com/groups/331613226681705,2026-09-17T15:37:16Z,raw_data_run_20260917_223451_d693b9.csv,rec_a739af9db2211f76,False,dijual New Yaris TRDSportivo 2018 Manual … Lihat selengkapnya,dijual new yaris trdsportivo 2018 manual … lihat selengkapnya,Toyota Yaris,high,explicit_text_alias_strong,False,,,,False,not_relevant,no_adas_keyword,,UNKNOWN,,,,,,,
rec_c4c37e13ff67a00b,Toyota Yaris,Yaris Cross Community Indonesia (YCCI),https://www.facebook.com/groups/331613226681705,post_4,post_4_comment_7,post_4,comment,,,,dijual,https://www.facebook.com/groups/331613226681705,2026-09-17T15:37:16Z,raw_data_run_20260917_223451_d693b9.csv,rec_c4c37e13ff67a00b,False,dijual,dijual,Toyota Yaris,medium,community_context,False,,,,False,not_relevant,no_adas_keyword,,UNKNOWN,,,,,,,
rec_aa7d71427489f105,Toyota Yaris,Yaris Cross Community Indonesia (YCCI),https://www.facebook.com/groups/331613226681705,post_4,post_4_comment_8,post_4,comment,,,,New Yaris TRDSportivo 2018 Manual … Lihat selengkapnya,https://www.facebook.com/groups/331613226681705,2026-09-17T15:37:16Z,raw_data_run_20260917_223451_d693b9.csv,rec_aa7d71427489f105,False,New Yaris TRDSportivo 2018 Manual … Lihat selengkapnya,new yaris trdsportivo 2018 manual … lihat selengkapnya,Toyota Yaris,high,explicit_text_alias_strong,False,,,,False,not_relevant,no_adas_keyword,,UNKNOWN,,,,,,,
rec_2c3d3c202d6737c1,Toyota Yaris,Yaris Cross Community Indonesia (YCCI),https://www.facebook.com/groups/331613226681705,post_4,post_4_comment_9,post_4,comment,,,,"FS Toyota Yaris Cross Hybrid GR TSS Black
Ijin kakak admin dan lainnya,
Mau jual mobil irit lincah keren ini
NIK 2024 atas nama CV milik sendiri
Lihat selengkapnya",https://www.facebook.com/groups/331613226681705,2026-09-17T15:37:16Z,raw_data_run_20260917_223451_d693b9.csv,rec_2c3d3c202d6737c1,False,"FS Toyota Yaris Cross Hybrid GR TSS Black Ijin kakak admin dan lainnya, Mau jual mobil irit lincah keren ini NIK 2024 atas nama CV milik sendiri Lihat selengkapnya","fs toyota yaris cross hybrid gr tss black ijin kakak admin dan lainnya, mau jual mobil irit lincah keren ini nik 2024 atas nama cv milik sendiri lihat selengkapnya",Toyota Yaris,high,explicit_text_alias_strong,True,TSS,combined_adas,,True,uncertain,generic_adas_terms_only,low,UNKNOWN,not_stated,not_stated,uncertain,positive,not_stated,unclear,low
rec_390579bb4819a9a5,Toyota Yaris,Yaris Cross Community Indonesia (YCCI),https://www.facebook.com/groups/331613226681705,post_4,post_4_comment_10,post_4,comment,,,,"Yaris Cross G 2024
Hitam
Surat² lengkap
Pajak on
Odo 27rban on-going… Lihat selengkapnya",https://www.facebook.com/groups/331613226681705,2026-09-17T15:37:20Z,raw_data_run_20260917_223451_d693b9.csv,rec_390579bb4819a9a5,False,Yaris Cross G 2024 Hitam Surat² lengkap Pajak on Odo 27rban on-going… Lihat selengkapnya,yaris cross g 2024 hitam surat² lengkap pajak on odo 27rban on-going… lihat selengkapnya,Toyota Yaris,high,explicit_text_alias_strong,False,,,,False,not_relevant,no_adas_keyword,,UNKNOWN,,,,,,,
rec_efce50610c431512,Toyota Yaris,Yaris Cross Community Indonesia (YCCI),https://www.facebook.com/groups/331613226681705,post_4,post_4_comment_11,post_4,comment,,,,Yaris Cross G 2024,https://www.facebook.com/groups/331613226681705,2026-09-17T15:37:20Z,raw_data_run_20260917_223451_d693b9.csv,rec_efce50610c431512,False,Yaris Cross G 2024,yaris cross g 2024,Toyota Yaris,high,explicit_text_alias_strong,False,,,,False,not_relevant,no_adas_keyword,,UNKNOWN,,,,,,,
rec_b8aba2a535ff4872,Toyota Yaris,Yaris Cross Community Indonesia (YCCI),https://www.facebook.com/groups/331613226681705,post_4,post_4_comment_12,post_4,comment,,,,Hitam,https://www.facebook.com/groups/331613226681705,2026-09-17T15:37:20Z,raw_data_run_20260917_223451_d693b9.csv,rec_b8aba2a535ff4872,False,Hitam,hitam,Toyota Yaris,medium,community_context,False,,,,False,not_relevant,no_adas_keyword,,UNKNOWN,,,,,,,
rec_4213fa87b42ba3fe,Toyota Yaris,Yaris Cross Community Indonesia (YCCI),https://www.facebook.com/groups/331613226681705,post_4,post_4_comment_13,post_4,comment,,,,Surat² lengkap,https://www.facebook.com/groups/331613226681705,2026-09-17T15:37:20Z,raw_data_run_20260917_223451_d693b9.csv,rec_4213fa87b42ba3fe,False,Surat² lengkap,surat² lengkap,Toyota Yaris,medium,community_context,False,,,,False,not_relevant,no_adas_keyword,,UNKNOWN,,,,,,,
rec_b32b3c0bcff3635f,Toyota Yaris,Yaris Cross Community Indonesia (YCCI),https://www.facebook.com/groups/331613226681705,post_4,post_4_comment_14,post_4,comment,,,,Pajak on,https://www.facebook.com/groups/331613226681705,2026-09-17T15:37:20Z,raw_data_run_20260917_223451_d693b9.csv,rec_b32b3c0bcff3635f,False,Pajak on,pajak on,Toyota Yaris,medium,community_context,False,,,,False,not_relevant,no_adas_keyword,,UNKNOWN,,,,,,,
rec_02c2604d0fc9ee65,Toyota Yaris,Yaris Cross Community Indonesia (YCCI),https://www.facebook.com/groups/331613226681705,post_4,post_4_comment_15,post_4,comment,,,,Odo 27rban on-going… Lihat selengkapnya,https://www.facebook.com/groups/331613226681705,2026-09-17T15:37:20Z,raw_data_run_20260917_223451_d693b9.csv,rec_02c2604d0fc9ee65,False,Odo 27rban on-going… Lihat selengkapnya,odo 27rban on-going… lihat selengkapnya,Toyota Yaris,medium,community_context,False,,,,False,not_relevant,no_adas_keyword,,UNKNOWN,,,,,,,
rec_874ac8e37f4a88b5,Toyota Yaris,Yaris Cross Community Indonesia (YCCI),https://www.facebook.com/groups/331613226681705,post_4,post_4_comment_16,post_4,comment,,,,"STNK ONLY DAN APLIKASI SAJA RIWAYAT LEASING JELAS BUKAN UNIT RENTAL DAN CURIAN
YANG PAHAM DAN BERPENGALAMAN … Lihat selengkapnya",https://www.facebook.com/groups/331613226681705,2026-09-17T15:37:21Z,raw_data_run_20260917_223451_d693b9.csv,rec_874ac8e37f4a88b5,False,STNK ONLY DAN APLIKASI SAJA RIWAYAT LEASING JELAS BUKAN UNIT RENTAL DAN CURIAN YANG PAHAM DAN BERPENGALAMAN … Lihat selengkapnya,stnk only dan aplikasi saja riwayat leasing jelas bukan unit rental dan curian yang paham dan berpengalaman … lihat selengkapnya,Toyota Yaris,medium,community_context,False,,,,False,not_relevant,no_adas_keyword,,UNKNOWN,,,,,,,
rec_73c4ca9fa91ddba8,Toyota Yaris,Yaris Cross Community Indonesia (YCCI),https://www.facebook.com/groups/331613226681705,post_4,post_4_comment_17,post_4,comment,,,,STNK ONLY DAN APLIKASI SAJA RIWAYAT LEASING JELAS BUKAN UNIT RENTAL DAN CURIAN,https://www.facebook.com/groups/331613226681705,2026-09-17T15:37:21Z,raw_data_run_20260917_223451_d693b9.csv,rec_73c4ca9fa91ddba8,False,STNK ONLY DAN APLIKASI SAJA RIWAYAT LEASING JELAS BUKAN UNIT RENTAL DAN CURIAN,stnk only dan aplikasi saja riwayat leasing jelas bukan unit rental dan curian,Toyota Yaris,medium,community_context,False,,,,False,not_relevant,no_adas_keyword,,UNKNOWN,,,,,,,
rec_55169dc00e04b415,Toyota Yaris,Yaris Cross Community Indonesia (YCCI),https://www.facebook.com/groups/331613226681705,post_4,post_4_comment_18,post_4,comment,,,,YANG PAHAM DAN BERPENGALAMAN … Lihat selengkapnya,https://www.facebook.com/groups/331613226681705,2026-09-17T15:37:21Z,raw_data_run_20260917_223451_d693b9.csv,rec_55169dc00e04b415,False,YANG PAHAM DAN BERPENGALAMAN … Lihat selengkapnya,yang paham dan berpengalaman … lihat selengkapnya,Toyota Yaris,medium,community_context,False,,,,False,not_relevant,no_adas_keyword,,UNKNOWN,,,,,,,
rec_dad8a197e1c06122,Toyota Yaris,Yaris Cross Community Indonesia (YCCI),https://www.facebook.com/groups/331613226681705,post_4,post_4_comment_19,post_4,comment,,,,"Jual sparepart berkualitas 
Whatsapp 
 085934378954… Lihat selengkapnya",https://www.facebook.com/groups/331613226681705,2026-09-17T15:37:23Z,raw_data_run_20260917_223451_d693b9.csv,rec_dad8a197e1c06122,False,Jual sparepart berkualitas Whatsapp 085934378954… Lihat selengkapnya,jual sparepart berkualitas whatsapp 085934378954… lihat selengkapnya,Toyota Yaris,medium,community_context,False,,,,False,not_relevant,no_adas_keyword,,UNKNOWN,,,,,,,
rec_b0e4af2b8a72e7a7,Toyota Yaris,Yaris Cross Community Indonesia (YCCI),https://www.facebook.com/groups/331613226681705,post_4,post_4_comment_20,post_4,comment,,,,Jual sparepart berkualitas,https://www.facebook.com/groups/331613226681705,2026-09-17T15:37:23Z,raw_data_run_20260917_223451_d693b9.csv,rec_b0e4af2b8a72e7a7,False,Jual sparepart berkualitas,jual sparepart berkualitas,Toyota Yaris,medium,community_context,False,,,,False,not_relevant,no_adas_keyword,,UNKNOWN,,,,,,,
rec_6822872666c27241,Toyota Yaris,Yaris Cross Community Indonesia (YCCI),https://www.facebook.com/groups/331613226681705,post_4,post_4_comment_21,post_4,comment,,,,"Whatsapp 
 085934378954… Lihat selengkapnya",https://www.facebook.com/groups/331613226681705,2026-09-17T15:37:23Z,raw_data_run_20260917_223451_d693b9.csv,rec_6822872666c27241,False,Whatsapp 085934378954… Lihat selengkapnya,whatsapp 085934378954… lihat selengkapnya,Toyota Yaris,medium,community_context,False,,,,False,not_relevant,no_adas_keyword,,UNKNOWN,,,,,,,
rec_4448d514ef85d120,Toyota Yaris,Yaris Cross Community Indonesia (YCCI),https://www.facebook.com/groups/331613226681705,post_4,post_4_comment_22,post_4,comment,,,,"Kamera parkir TOYOTA 
 inova reborn… Lihat selengkapnya",https://www.facebook.com/groups/331613226681705,2026-09-17T15:37:25Z,raw_data_run_20260917_223451_d693b9.csv,rec_4448d514ef85d120,False,Kamera parkir TOYOTA inova reborn… Lihat selengkapnya,kamera parkir toyota inova reborn… lihat selengkapnya,Toyota Yaris,medium,community_context,False,,,,False,not_relevant,no_adas_keyword,,UNKNOWN,,,,,,,
rec_594aebbce402ad40,Toyota Yaris,Yaris Cross Community Indonesia (YCCI),https://www.facebook.com/groups/331613226681705,post_4,post_4_comment_23,post_4,comment,,,,Kamera parkir TOYOTA,https://www.facebook.com/groups/331613226681705,2026-09-17T15:37:25Z,raw_data_run_20260917_223451_d693b9.csv,rec_594aebbce402ad40,False,Kamera parkir TOYOTA,kamera parkir toyota,Toyota Yaris,medium,community_context,False,,,,False,not_relevant,no_adas_keyword,,UNKNOWN,,,,,,,
rec_c3a1737503561ba1,Toyota Yaris,Yaris Cross Community Indonesia (YCCI),https://www.facebook.com/groups/331613226681705,post_4,post_4_comment_24,post_4,comment,,,,inova reborn… Lihat selengkapnya,https://www.facebook.com/groups/331613226681705,2026-09-17T15:37:25Z,raw_data_run_20260917_223451_d693b9.csv,rec_c3a1737503561ba1,False,inova reborn… Lihat selengkapnya,inova reborn… lihat selengkapnya,Toyota Yaris,medium,community_context,False,,,,False,not_relevant,no_adas_keyword,,UNKNOWN,,,,,,,
rec_e895d3bd1f416469,Toyota Yaris,Yaris Cross Community Indonesia (YCCI),https://www.facebook.com/groups/331613226681705,post_4,post_4_comment_25,post_4,comment,,,,"Dijual Murah Paket Velg+ Ban RPF R16 Yaris Second Mulus, Jauh Bisa Kirim Lewat Shopee https://s.shopee.co.id/80CTfROAaO",https://www.facebook.com/groups/331613226681705,2026-09-17T15:37:27Z,raw_data_run_20260917_223451_d693b9.csv,rec_e895d3bd1f416469,False,"Dijual Murah Paket Velg+ Ban RPF R16 Yaris Second Mulus, Jauh Bisa Kirim Lewat Shopee [url]","dijual murah paket velg+ ban rpf r16 yaris second mulus, jauh bisa kirim lewat shopee [url]",Toyota Yaris,high,explicit_text_alias_strong,False,,,,False,not_relevant,no_adas_keyword,,UNKNOWN,,,,,,,
rec_bad281cc02a97741,Toyota Yaris,Yaris Cross Community Indonesia (YCCI),https://www.facebook.com/groups/331613226681705,post_4,post_4_comment_26,post_4,comment,,,,"dijual
Yaris TRDSportivo 2019 Matic … Lihat selengkapnya",https://www.facebook.com/groups/331613226681705,2026-09-17T15:37:28Z,raw_data_run_20260917_223451_d693b9.csv,rec_bad281cc02a97741,False,dijual Yaris TRDSportivo 2019 Matic … Lihat selengkapnya,dijual yaris trdsportivo 2019 matic … lihat selengkapnya,Toyota Yaris,high,explicit_text_alias_strong,False,,,,False,not_relevant,no_adas_keyword,,UNKNOWN,,,,,,,
rec_5ac802e529dfd61b,Toyota Yaris,Yaris Cross Community Indonesia (YCCI),https://www.facebook.com/groups/331613226681705,post_4,post_4_comment_27,post_4,comment,,,,Yaris TRDSportivo 2019 Matic … Lihat selengkapnya,https://www.facebook.com/groups/331613226681705,2026-09-17T15:37:28Z,raw_data_run_20260917_223451_d693b9.csv,rec_5ac802e529dfd61b,False,Yaris TRDSportivo 2019 Matic … Lihat selengkapnya,yaris trdsportivo 2019 matic … lihat selengkapnya,Toyota Yaris,high,explicit_text_alias_strong,False,,,,False,not_relevant,no_adas_keyword,,UNKNOWN,,,,,,,
rec_f7345156da52c3a1,Toyota Yaris,Yaris Cross Community Indonesia (YCCI),https://www.facebook.com/groups/331613226681705,post_4,post_4_comment_28,post_4,comment,,,,"Edisi Bantu Jual Punya Teman
For Sale Toyota Yaris Cross S Hybrid GR TSS 2024 
Tipe Tertinggi 
Warna Two tone Putih - Hitam… Lihat selengkapnya",https://www.facebook.com/groups/331613226681705,2026-09-17T15:37:31Z,raw_data_run_20260917_223451_d693b9.csv,rec_f7345156da52c3a1,False,Edisi Bantu Jual Punya Teman For Sale Toyota Yaris Cross S Hybrid GR TSS 2024 Tipe Tertinggi Warna Two tone Putih - Hitam… Lihat selengkapnya,edisi bantu jual punya teman for sale toyota yaris cross s hybrid gr tss 2024 tipe tertinggi warna two tone putih - hitam… lihat selengkapnya,Toyota Yaris,high,explicit_text_alias_strong,True,TSS,combined_adas,,True,uncertain,generic_adas_terms_only,low,UNKNOWN,not_stated,not_stated,uncertain,positive,not_stated,unclear,low
rec_a58a7d85b992d7ce,Toyota Yaris,Yaris Cross Community Indonesia (YCCI),https://www.facebook.com/groups/331613226681705,post_4,post_4_comment_29,post_4,comment,,,,Edisi Bantu Jual Punya Teman,https://www.facebook.com/groups/331613226681705,2026-09-17T15:37:31Z,raw_data_run_20260917_223451_d693b9.csv,rec_a58a7d85b992d7ce,False,Edisi Bantu Jual Punya Teman,edisi bantu jual punya teman,Toyota Yaris,medium,community_context,False,,,,False,not_relevant,no_adas_keyword,,UNKNOWN,,,,,,,
rec_37911e40a73f2d62,Toyota Yaris,Yaris Cross Community Indonesia (YCCI),https://www.facebook.com/groups/331613226681705,post_4,post_4_comment_30,post_4,comment,,,,For Sale Toyota Yaris Cross S Hybrid GR TSS 2024,https://www.facebook.com/groups/331613226681705,2026-09-17T15:37:32Z,raw_data_run_20260917_223451_d693b9.csv,rec_37911e40a73f2d62,False,For Sale Toyota Yaris Cross S Hybrid GR TSS 2024,for sale toyota yaris cross s hybrid gr tss 2024,Toyota Yaris,high,explicit_text_alias_strong,True,TSS,combined_adas,,True,uncertain,generic_adas_terms_only,low,UNKNOWN,not_stated,not_stated,uncertain,neutral,not_stated,unclear,low
rec_f428e00a60146be4,Toyota Yaris,Yaris Cross Community Indonesia (YCCI),https://www.facebook.com/groups/331613226681705,post_4,post_4_comment_31,post_4,comment,,,,Tipe Tertinggi,https://www.facebook.com/groups/331613226681705,2026-09-17T15:37:32Z,raw_data_run_20260917_223451_d693b9.csv,rec_f428e00a60146be4,False,Tipe Tertinggi,tipe tertinggi,Toyota Yaris,medium,community_context,False,,,,False,not_relevant,no_adas_keyword,,UNKNOWN,,,,,,,
rec_50f4bd686343b554,Toyota Yaris,Yaris Cross Community Indonesia (YCCI),https://www.facebook.com/groups/331613226681705,post_4,post_4_comment_32,post_4,comment,,,,Warna Two tone Putih - Hitam… Lihat selengkapnya,https://www.facebook.com/groups/331613226681705,2026-09-17T15:37:32Z,raw_data_run_20260917_223451_d693b9.csv,rec_50f4bd686343b554,False,Warna Two tone Putih - Hitam… Lihat selengkapnya,warna two tone putih - hitam… lihat selengkapnya,Toyota Yaris,medium,community_context,False,,,,False,not_relevant,no_adas_keyword,,UNKNOWN,,,,,,,
rec_ab9fb63eb830d451,Toyota Yaris,Yaris Cross Community Indonesia (YCCI),https://www.facebook.com/groups/331613226681705,post_4,post_4_comment_33,post_4,comment,,,,"@YARIS+TRD+SPORTIVO+2017+MANUAL+MT+
@SS+STNK+ONLY+SAJA+WAJIB+FAHAM+RIWAYAT+SANGAT+JELAS+HARGA+68JUTA+minat+wa.+083876865676",https://www.facebook.com/groups/331613226681705,2026-09-17T15:37:33Z,raw_data_run_20260917_223451_d693b9.csv,rec_ab9fb63eb830d451,False,[mention] +TRD+SPORTIVO+2017+MANUAL+MT+ [mention] +STNK+ONLY+SAJA+WAJIB+FAHAM+RIWAYAT+SANGAT+JELAS+HARGA+68JUTA+minat+wa.+083876865676,[mention] +trd+sportivo+2017+manual+mt+ [mention] +stnk+only+saja+wajib+faham+riwayat+sangat+jelas+harga+68juta+minat+wa.+083876865676,Toyota Yaris,medium,community_context,False,,,,False,not_relevant,no_adas_keyword,,UNKNOWN,,,,,,,
rec_89d93a45dd75d669,Toyota Yaris,Yaris Cross Community Indonesia (YCCI),https://www.facebook.com/groups/331613226681705,post_4,post_4_comment_34,post_4,comment,,,,@YARIS+TRD+SPORTIVO+2017+MANUAL+MT+,https://www.facebook.com/groups/331613226681705,2026-09-17T15:37:33Z,raw_data_run_20260917_223451_d693b9.csv,rec_89d93a45dd75d669,False,[mention] +TRD+SPORTIVO+2017+MANUAL+MT+,[mention] +trd+sportivo+2017+manual+mt+,Toyota Yaris,medium,community_context,False,,,,False,not_relevant,no_adas_keyword,,UNKNOWN,,,,,,,
rec_84e3a9875c589de3,Toyota Yaris,Yaris Cross Community Indonesia (YCCI),https://www.facebook.com/groups/331613226681705,post_4,post_4_comment_35,post_4,comment,,,,@SS+STNK+ONLY+SAJA+WAJIB+FAHAM+RIWAYAT+SANGAT+JELAS+HARGA+68JUTA+minat+wa.+083876865676,https://www.facebook.com/groups/331613226681705,2026-09-17T15:37:33Z,raw_data_run_20260917_223451_d693b9.csv,rec_84e3a9875c589de3,False,[mention] +STNK+ONLY+SAJA+WAJIB+FAHAM+RIWAYAT+SANGAT+JELAS+HARGA+68JUTA+minat+wa.+083876865676,[mention] +stnk+only+saja+wajib+faham+riwayat+sangat+jelas+harga+68juta+minat+wa.+083876865676,Toyota Yaris,medium,community_context,False,,,,False,not_relevant,no_adas_keyword,,UNKNOWN,,,,,,,
rec_201dfe37f48974cc,Toyota Yaris,Yaris Cross Community Indonesia (YCCI),https://www.facebook.com/groups/331613226681705,post_4,post_4_comment_36,post_4,comment,,,,"𝗠𝗲𝘀𝗶𝗻 𝗦𝗲𝗴𝗲𝗹𝘂𝗻𝗱𝘂𝗻𝗴 𝗞𝗼𝗺𝗽𝗹𝗶𝘁, 𝗞𝗼𝗻𝗱𝗶𝘀𝗶 𝗦𝗮𝗻𝗴𝗮𝘁 𝗦𝗲𝗵𝗮𝘁 & 𝗡𝘆𝗮𝗹𝗮 𝗡𝗼𝗿𝗺𝗮𝗹
Siap COD di lokasi, bisa cek dulu kondisi fisiknya dulu
https://s.shopee.co.id/7psvwcMrVq
https://s.shopee.co.id/7psvwcMrVq
Segelundung murah mawon monggo dg SS lengkap
Bisa jg… Lihat selengkapnya",https://www.facebook.com/groups/331613226681705,2026-09-17T15:37:35Z,raw_data_run_20260917_223451_d693b9.csv,rec_201dfe37f48974cc,False,"𝗠𝗲𝘀𝗶𝗻 𝗦𝗲𝗴𝗲𝗹𝘂𝗻𝗱𝘂𝗻𝗴 𝗞𝗼𝗺𝗽𝗹𝗶𝘁, 𝗞𝗼𝗻𝗱𝗶𝘀𝗶 𝗦𝗮𝗻𝗴𝗮𝘁 𝗦𝗲𝗵𝗮𝘁 & 𝗡𝘆𝗮𝗹𝗮 𝗡𝗼𝗿𝗺𝗮𝗹 Siap COD di lokasi, bisa cek dulu kondisi fisiknya dulu [url] [url] Segelundung murah mawon monggo dg SS lengkap Bisa jg… Lihat selengkapnya","𝗠𝗲𝘀𝗶𝗻 𝗦𝗲𝗴𝗲𝗹𝘂𝗻𝗱𝘂𝗻𝗴 𝗞𝗼𝗺𝗽𝗹𝗶𝘁, 𝗞𝗼𝗻𝗱𝗶𝘀𝗶 𝗦𝗮𝗻𝗴𝗮𝘁 𝗦𝗲𝗵𝗮𝘁 & 𝗡𝘆𝗮𝗹𝗮 𝗡𝗼𝗿𝗺𝗮𝗹 siap cod di lokasi, bisa cek dulu kondisi fisiknya dulu [url] [url] segelundung murah mawon monggo dg ss lengkap bisa jg… lihat selengkapnya",Toyota Yaris,medium,community_context,False,,,,False,not_relevant,no_adas_keyword,,UNKNOWN,,,,,,,
rec_9e49906fadacf8e1,Toyota Yaris,Yaris Cross Community Indonesia (YCCI),https://www.facebook.com/groups/331613226681705,post_4,post_4_comment_37,post_4,comment,,,,"𝗠𝗲𝘀𝗶𝗻 𝗦𝗲𝗴𝗲𝗹𝘂𝗻𝗱𝘂𝗻𝗴 𝗞𝗼𝗺𝗽𝗹𝗶𝘁, 𝗞𝗼𝗻𝗱𝗶𝘀𝗶 𝗦𝗮𝗻𝗴𝗮𝘁 𝗦𝗲𝗵𝗮𝘁 & 𝗡𝘆𝗮𝗹𝗮 𝗡𝗼𝗿𝗺𝗮𝗹",https://www.facebook.com/groups/331613226681705,2026-09-17T15:37:35Z,raw_data_run_20260917_223451_d693b9.csv,rec_9e49906fadacf8e1,False,"𝗠𝗲𝘀𝗶𝗻 𝗦𝗲𝗴𝗲𝗹𝘂𝗻𝗱𝘂𝗻𝗴 𝗞𝗼𝗺𝗽𝗹𝗶𝘁, 𝗞𝗼𝗻𝗱𝗶𝘀𝗶 𝗦𝗮𝗻𝗴𝗮𝘁 𝗦𝗲𝗵𝗮𝘁 & 𝗡𝘆𝗮𝗹𝗮 𝗡𝗼𝗿𝗺𝗮𝗹","𝗠𝗲𝘀𝗶𝗻 𝗦𝗲𝗴𝗲𝗹𝘂𝗻𝗱𝘂𝗻𝗴 𝗞𝗼𝗺𝗽𝗹𝗶𝘁, 𝗞𝗼𝗻𝗱𝗶𝘀𝗶 𝗦𝗮𝗻𝗴𝗮𝘁 𝗦𝗲𝗵𝗮𝘁 & 𝗡𝘆𝗮𝗹𝗮 𝗡𝗼𝗿𝗺𝗮𝗹",Toyota Yaris,medium,community_context,False,,,,False,not_relevant,no_adas_keyword,,UNKNOWN,,,,,,,
rec_b37d5b1d638e9c3f,Toyota Yaris,Yaris Cross Community Indonesia (YCCI),https://www.facebook.com/groups/331613226681705,post_4,post_4_comment_38,post_4,comment,,,,"Siap COD di lokasi, bisa cek dulu kondisi fisiknya dulu",https://www.facebook.com/groups/331613226681705,2026-09-17T15:37:35Z,raw_data_run_20260917_223451_d693b9.csv,rec_b37d5b1d638e9c3f,False,"Siap COD di lokasi, bisa cek dulu kondisi fisiknya dulu","siap cod di lokasi, bisa cek dulu kondisi fisiknya dulu",Toyota Yaris,medium,community_context,False,,,,False,not_relevant,no_adas_keyword,,UNKNOWN,,,,,,,
rec_e72b3471a2e9a54c,Toyota Yaris,Yaris Cross Community Indonesia (YCCI),https://www.facebook.com/groups/331613226681705,post_4,post_4_comment_39,post_4,comment,,,,https://s.shopee.co.id/7psvwcMrVq,https://www.facebook.com/groups/331613226681705,2026-09-17T15:37:35Z,raw_data_run_20260917_223451_d693b9.csv,rec_e72b3471a2e9a54c,False,[url],[url],Toyota Yaris,medium,community_context,False,,,,False,not_relevant,no_adas_keyword,,UNKNOWN,,,,,,,
rec_10c73cef4473a29e,Toyota Yaris,Yaris Cross Community Indonesia (YCCI),https://www.facebook.com/groups/331613226681705,post_4,post_4_comment_40,post_4,comment,,,,"Segelundung murah mawon monggo dg SS lengkap
Bisa jg… Lihat selengkapnya",https://www.facebook.com/groups/331613226681705,2026-09-17T15:37:35Z,raw_data_run_20260917_223451_d693b9.csv,rec_10c73cef4473a29e,False,Segelundung murah mawon monggo dg SS lengkap Bisa jg… Lihat selengkapnya,segelundung murah mawon monggo dg ss lengkap bisa jg… lihat selengkapnya,Toyota Yaris,medium,community_context,False,,,,False,not_relevant,no_adas_keyword,,UNKNOWN,,,,,,,
rec_1516c93310ee5462,Toyota Yaris,Yaris Cross Community Indonesia (YCCI),https://www.facebook.com/groups/331613226681705,post_4,post_4_comment_41,post_4,comment,,,,"Yaris Cross 1.5 G Cvt 2026
Km 50 Perak
Mobil bekas rasa baru
Cash/kredit
Harga 325 juta(Boleh Nego sampai deal)
Lihat selengkapnya",https://www.facebook.com/groups/331613226681705,2026-09-17T15:37:36Z,raw_data_run_20260917_223451_d693b9.csv,rec_1516c93310ee5462,False,Yaris Cross 1.5 G Cvt 2026 Km 50 Perak Mobil bekas rasa baru Cash/kredit Harga 325 juta(Boleh Nego sampai deal) Lihat selengkapnya,yaris cross 1.5 g cvt 2026 km 50 perak mobil bekas rasa baru cash/kredit harga 325 juta(boleh nego sampai deal) lihat selengkapnya,Toyota Yaris,high,explicit_text_alias_strong,False,,,,False,not_relevant,no_adas_keyword,,UNKNOWN,,,,,,,
rec_d3eba1e2220cce74,Toyota Yaris,Yaris Cross Community Indonesia (YCCI),https://www.facebook.com/groups/331613226681705,post_4,post_4_comment_42,post_4,comment,,,,"Saya sebagai user yaris cross ko heran ya, knapa ko banyak yg mau jual mobil padahal kondisi nya masih bisa di bilang baru.",https://www.facebook.com/groups/331613226681705,2026-09-17T15:37:36Z,raw_data_run_20260917_223451_d693b9.csv,rec_d3eba1e2220cce74,False,"Saya sebagai user yaris cross ko heran ya, knapa ko banyak yg mau jual mobil padahal kondisi nya masih bisa di bilang baru.","saya sebagai user yaris cross ko heran ya, knapa ko banyak yg mau jual mobil padahal kondisi nya masih bisa di bilang baru.",Toyota Yaris,high,explicit_text_alias_strong,False,,,,False,not_relevant,no_adas_keyword,,UNKNOWN,,,,,,,
rec_f07dc8d66503f6f1,Toyota Yaris,Yaris Cross Community Indonesia (YCCI),https://www.facebook.com/groups/331613226681705,post_4,post_4_comment_43,post_4,comment,,,,Ap… Lihat selengkapnya,https://www.facebook.com/groups/331613226681705,2026-09-17T15:37:36Z,raw_data_run_20260917_223451_d693b9.csv,rec_f07dc8d66503f6f1,False,Ap… Lihat selengkapnya,ap… lihat selengkapnya,Toyota Yaris,medium,community_context,False,,,,False,not_relevant,no_adas_keyword,,UNKNOWN,,,,,,,
rec_605dd0aae999ceb0,Toyota Yaris,Yaris Cross Community Indonesia (YCCI),https://www.facebook.com/groups/331613226681705,post_4,post_4_comment_44,post_4,comment,,,,bisa tuker tambah ga,https://www.facebook.com/groups/331613226681705,2026-09-17T15:37:36Z,raw_data_run_20260917_223451_d693b9.csv,rec_605dd0aae999ceb0,False,bisa tuker tambah ga,bisa tuker tambah ga,Toyota Yaris,medium,community_context,False,,,,False,not_relevant,no_adas_keyword,,UNKNOWN,,,,,,,
rec_45f3a28ee951f37d,Toyota Yaris,Yaris Cross Community Indonesia (YCCI),https://www.facebook.com/groups/331613226681705,post_4,post_4_comment_45,post_4,comment,,,,Bismillah..… Lihat selengkapnya,https://www.facebook.com/groups/331613226681705,2026-09-17T15:37:38Z,raw_data_run_20260917_223451_d693b9.csv,rec_45f3a28ee951f37d,False,Bismillah..… Lihat selengkapnya,bismillah..… lihat selengkapnya,Toyota Yaris,medium,community_context,False,,,,False,not_relevant,no_adas_keyword,,UNKNOWN,,,,,,,
rec_12f3e9e09c71af2f,Toyota Yaris,Yaris Cross Community Indonesia (YCCI),https://www.facebook.com/groups/331613226681705,post_4,post_4_comment_46,post_4,comment,,,,"*Cover jok :  Yaris
 ( Second)… Lihat selengkapnya",https://www.facebook.com/groups/331613226681705,2026-09-17T15:37:40Z,raw_data_run_20260917_223451_d693b9.csv,rec_12f3e9e09c71af2f,False,*Cover jok : Yaris ( Second)… Lihat selengkapnya,*cover jok : yaris ( second)… lihat selengkapnya,Toyota Yaris,high,explicit_text_alias_strong,False,,,,False,not_relevant,no_adas_keyword,,UNKNOWN,,,,,,,
rec_e6c0f6b541d820aa,Toyota Yaris,Yaris Cross Community Indonesia (YCCI),https://www.facebook.com/groups/331613226681705,post_4,post_4_comment_47,post_4,comment,,,,*Cover jok :  Yaris,https://www.facebook.com/groups/331613226681705,2026-09-17T15:37:40Z,raw_data_run_20260917_223451_d693b9.csv,rec_e6c0f6b541d820aa,False,*Cover jok : Yaris,*cover jok : yaris,Toyota Yaris,high,explicit_text_alias_strong,False,,,,False,not_relevant,no_adas_keyword,,UNKNOWN,,,,,,,
rec_ed2ade6e5fa46b7c,Toyota Yaris,Yaris Cross Community Indonesia (YCCI),https://www.facebook.com/groups/331613226681705,post_4,post_4_comment_48,post_4,comment,,,,( Second)… Lihat selengkapnya,https://www.facebook.com/groups/331613226681705,2026-09-17T15:37:40Z,raw_data_run_20260917_223451_d693b9.csv,rec_ed2ade6e5fa46b7c,False,( Second)… Lihat selengkapnya,( second)… lihat selengkapnya,Toyota Yaris,medium,community_context,False,,,,False,not_relevant,no_adas_keyword,,UNKNOWN,,,,,,,
rec_698e66d0c460fa2e,Toyota Yaris,Yaris Cross Community Indonesia (YCCI),https://www.facebook.com/groups/331613226681705,post_4,post_4_comment_49,post_4,comment,,,,"Izin cari rezeki
Bodykit Xpander Cross. Harga fullset mulai dari 1 jt-an
Salam Modifikasi Indonesia
-------------------------------------------------------
Upgrade your car with :
𝐁𝐎𝐃𝐘𝐊𝐈𝐓 𝐈𝐍𝐃𝐎𝐍𝐄𝐒𝐈𝐀
Lihat selengkapnya",https://www.facebook.com/groups/331613226681705,2026-09-17T15:37:41Z,raw_data_run_20260917_223451_d693b9.csv,rec_698e66d0c460fa2e,False,Izin cari rezeki Bodykit Xpander Cross. Harga fullset mulai dari 1 jt-an Salam Modifikasi Indonesia ------------------------------------------------------- Upgrade your car with : 𝐁𝐎𝐃𝐘𝐊𝐈𝐓 𝐈𝐍𝐃𝐎𝐍𝐄𝐒𝐈𝐀 Lihat selengkapnya,izin cari rezeki bodykit xpander cross. harga fullset mulai dari 1 jt-an salam modifikasi indonesia ------------------------------------------------------- upgrade your car with : 𝐁𝐎𝐃𝐘𝐊𝐈𝐓 𝐈𝐍𝐃𝐎𝐍𝐄𝐒𝐈𝐀 lihat selengkapnya,Toyota Yaris,medium,community_context,False,,,,False,not_relevant,no_adas_keyword,,UNKNOWN,,,,,,,
rec_1f108dd1fa44bef2,Toyota Yaris,Yaris Cross Community Indonesia (YCCI),https://www.facebook.com/groups/331613226681705,post_4,post_4_comment_50,post_4,comment,,,,"@YARIS+TRD+SPORTIVO+2017+MANUAL+MT+
@SS+STNK+ONLY+SAJA+WAJIB+FAHAM+RIWAYAT+SANGAT+JELAS+HARGA+68JUTA+minat+inbok",https://www.facebook.com/groups/331613226681705,2026-09-17T15:37:43Z,raw_data_run_20260917_223451_d693b9.csv,rec_1f108dd1fa44bef2,False,[mention] +TRD+SPORTIVO+2017+MANUAL+MT+ [mention] +STNK+ONLY+SAJA+WAJIB+FAHAM+RIWAYAT+SANGAT+JELAS+HARGA+68JUTA+minat+inbok,[mention] +trd+sportivo+2017+manual+mt+ [mention] +stnk+only+saja+wajib+faham+riwayat+sangat+jelas+harga+68juta+minat+inbok,Toyota Yaris,medium,community_context,False,,,,False,not_relevant,no_adas_keyword,,UNKNOWN,,,,,,,
rec_3419247485114e43,Toyota Yaris,Yaris Cross Community Indonesia (YCCI),https://www.facebook.com/groups/331613226681705,post_4,post_4_comment_51,post_4,comment,,,,@SS+STNK+ONLY+SAJA+WAJIB+FAHAM+RIWAYAT+SANGAT+JELAS+HARGA+68JUTA+minat+inbok,https://www.facebook.com/groups/331613226681705,2026-09-17T15:37:43Z,raw_data_run_20260917_223451_d693b9.csv,rec_3419247485114e43,False,[mention] +STNK+ONLY+SAJA+WAJIB+FAHAM+RIWAYAT+SANGAT+JELAS+HARGA+68JUTA+minat+inbok,[mention] +stnk+only+saja+wajib+faham+riwayat+sangat+jelas+harga+68juta+minat+inbok,Toyota Yaris,medium,community_context,False,,,,False,not_relevant,no_adas_keyword,,UNKNOWN,,,,,,,
rec_0a9feb0827b6565a,Toyota Yaris,Yaris Cross Community Indonesia (YCCI),https://www.facebook.com/groups/331613226681705,post_4,post_4_comment_52,post_4,comment,,,,"Salam sedikit perkongsian item untuk TOYOTA YARIS CROSS yang ada didalam platform shopee. Silakan survey jika ada yang mencari. Gambar hasil gemini
 .TQ admin 
Trapo Karpet Kereta Car Mat Toyota Yaris Cross Non-Hybrid (2023-Present) 
 https://s.shopee.com.my/7KpiEBNi2W.
Kamatto Classic Toyota Yaris Cross XP210 (2020-Present) Car Floor Mat and Carpet
 https://s.shopee.com.my/AUmjzkeWog… Lihat selengkapnya",https://www.facebook.com/groups/331613226681705,2026-09-17T15:37:44Z,raw_data_run_20260917_223451_d693b9.csv,rec_0a9feb0827b6565a,False,Salam sedikit perkongsian item untuk TOYOTA YARIS CROSS yang ada didalam platform shopee. Silakan survey jika ada yang mencari. Gambar hasil gemini .TQ admin Trapo Karpet Kereta Car Mat Toyota Yaris Cross Non-Hybrid (2023-Present) [url] Kamatto Classic Toyota Yaris Cross XP210 (2020-Present) Car Floor Mat and Carpet [url] Lihat selengkapnya,salam sedikit perkongsian item untuk toyota yaris cross yang ada didalam platform shopee. silakan survey jika ada yang mencari. gambar hasil gemini .tq admin trapo karpet kereta car mat toyota yaris cross non-hybrid (2023-present) [url] kamatto classic toyota yaris cross xp210 (2020-present) car floor mat and carpet [url] lihat selengkapnya,Toyota Yaris,high,explicit_text_alias_strong,False,,,,False,not_relevant,no_adas_keyword,,UNKNOWN,,,,,,,
rec_3747a9a845145bfa,Toyota Yaris,Yaris Cross Community Indonesia (YCCI),https://www.facebook.com/groups/331613226681705,post_4,post_4_comment_53,post_4,comment,,,,"Salam sedikit perkongsian item untuk TOYOTA YARIS CROSS yang ada didalam platform shopee. Silakan survey jika ada yang mencari. Gambar hasil gemini
 .TQ admin",https://www.facebook.com/groups/331613226681705,2026-09-17T15:37:44Z,raw_data_run_20260917_223451_d693b9.csv,rec_3747a9a845145bfa,False,Salam sedikit perkongsian item untuk TOYOTA YARIS CROSS yang ada didalam platform shopee. Silakan survey jika ada yang mencari. Gambar hasil gemini .TQ admin,salam sedikit perkongsian item untuk toyota yaris cross yang ada didalam platform shopee. silakan survey jika ada yang mencari. gambar hasil gemini .tq admin,Toyota Yaris,high,explicit_text_alias_strong,False,,,,False,not_relevant,no_adas_keyword,,UNKNOWN,,,,,,,
rec_eefa59b4a751edeb,Toyota Yaris,Yaris Cross Community Indonesia (YCCI),https://www.facebook.com/groups/331613226681705,post_4,post_4_comment_54,post_4,comment,,,,Trapo Karpet Kereta Car Mat Toyota Yaris Cross Non-Hybrid (2023-Present),https://www.facebook.com/groups/331613226681705,2026-09-17T15:37:44Z,raw_data_run_20260917_223451_d693b9.csv,rec_eefa59b4a751edeb,False,Trapo Karpet Kereta Car Mat Toyota Yaris Cross Non-Hybrid (2023-Present),trapo karpet kereta car mat toyota yaris cross non-hybrid (2023-present),Toyota Yaris,high,explicit_text_alias_strong,False,,,,False,not_relevant,no_adas_keyword,,UNKNOWN,,,,,,,
rec_97f061ec72d8bd72,Toyota Yaris,Yaris Cross Community Indonesia (YCCI),https://www.facebook.com/groups/331613226681705,post_4,post_4_comment_55,post_4,comment,,,,https://s.shopee.com.my/7KpiEBNi2W.,https://www.facebook.com/groups/331613226681705,2026-09-17T15:37:44Z,raw_data_run_20260917_223451_d693b9.csv,rec_97f061ec72d8bd72,False,[url],[url],Toyota Yaris,medium,community_context,False,,,,False,not_relevant,no_adas_keyword,,UNKNOWN,,,,,,,
rec_98ac15101bf8f4b5,Toyota Yaris,Yaris Cross Community Indonesia (YCCI),https://www.facebook.com/groups/331613226681705,post_4,post_4_comment_56,post_4,comment,,,,Kamatto Classic Toyota Yaris Cross XP210 (2020-Present) Car Floor Mat and Carpet,https://www.facebook.com/groups/331613226681705,2026-09-17T15:37:44Z,raw_data_run_20260917_223451_d693b9.csv,rec_98ac15101bf8f4b5,False,Kamatto Classic Toyota Yaris Cross XP210 (2020-Present) Car Floor Mat and Carpet,kamatto classic toyota yaris cross xp210 (2020-present) car floor mat and carpet,Toyota Yaris,high,explicit_text_alias_strong,False,,,,False,not_relevant,no_adas_keyword,,UNKNOWN,,,,,,,
rec_b74b9106f48dc344,Toyota Yaris,Yaris Cross Community Indonesia (YCCI),https://www.facebook.com/groups/331613226681705,post_4,post_4_comment_57,post_4,comment,,,,https://s.shopee.com.my/AUmjzkeWog… Lihat selengkapnya,https://www.facebook.com/groups/331613226681705,2026-09-17T15:37:44Z,raw_data_run_20260917_223451_d693b9.csv,rec_b74b9106f48dc344,False,[url] Lihat selengkapnya,[url] lihat selengkapnya,Toyota Yaris,medium,community_context,False,,,,False,not_relevant,no_adas_keyword,,UNKNOWN,,,,,,,
rec_4201af0815a8b538,Toyota Yaris,Yaris Cross Community Indonesia (YCCI),https://www.facebook.com/groups/331613226681705,post_4,post_4_comment_58,post_4,comment,,,,"Ambient Light Car
Premium Ambience Light No Bintik Grade A+
Bisa Disemua Mobil
-
Bisa Rgb Matrix Kontrol Lewat Aplikasi
+ Setting 1 Warna
-
Lihat selengkapnya",https://www.facebook.com/groups/331613226681705,2026-09-17T15:37:46Z,raw_data_run_20260917_223451_d693b9.csv,rec_4201af0815a8b538,False,Ambient Light Car Premium Ambience Light No Bintik Grade A+ Bisa Disemua Mobil - Bisa Rgb Matrix Kontrol Lewat Aplikasi + Setting 1 Warna - Lihat selengkapnya,ambient light car premium ambience light no bintik grade a+ bisa disemua mobil - bisa rgb matrix kontrol lewat aplikasi + setting 1 warna - lihat selengkapnya,Toyota Yaris,medium,community_context,False,,,,False,not_relevant,no_adas_keyword,,UNKNOWN,,,,,,,
rec_49f1193ab1a6bd29,Toyota Yaris,Yaris Cross Community Indonesia (YCCI),https://www.facebook.com/groups/331613226681705,post_4,post_4_comment_59,post_4,comment,,,,Mau om,https://www.facebook.com/groups/331613226681705,2026-09-17T15:37:46Z,raw_data_run_20260917_223451_d693b9.csv,rec_49f1193ab1a6bd29,False,Mau om,mau om,Toyota Yaris,medium,community_context,False,,,,False,not_relevant,no_adas_keyword,,UNKNOWN,,,,,,,
rec_2ebcf5276ff1a976,Toyota Yaris,Yaris Cross Community Indonesia (YCCI),https://www.facebook.com/groups/331613226681705,post_4,post_4_comment_60,post_4,comment,,,,"@YARIS TRD SPORTIVO 2017 MANUAL MT 
@SS STNK ONLY SAJA WAJIB FAHAM RIWAYAT SANGAT JELAS HARGA 68JUTA CALL BY WA 
https://wa.me/62085126495267",https://www.facebook.com/groups/331613226681705,2026-09-17T15:37:48Z,raw_data_run_20260917_223451_d693b9.csv,rec_2ebcf5276ff1a976,False,[mention] TRD SPORTIVO 2017 MANUAL MT [mention] STNK ONLY SAJA WAJIB FAHAM RIWAYAT SANGAT JELAS HARGA 68JUTA CALL BY WA [url],[mention] trd sportivo 2017 manual mt [mention] stnk only saja wajib faham riwayat sangat jelas harga 68juta call by wa [url],Toyota Yaris,medium,community_context,False,,,,False,not_relevant,no_adas_keyword,,UNKNOWN,,,,,,,
rec_b2c503017ed4c7e3,Toyota Yaris,Yaris Cross Community Indonesia (YCCI),https://www.facebook.com/groups/331613226681705,post_4,post_4_comment_61,post_4,comment,,,,@YARIS TRD SPORTIVO 2017 MANUAL MT,https://www.facebook.com/groups/331613226681705,2026-09-17T15:37:48Z,raw_data_run_20260917_223451_d693b9.csv,rec_b2c503017ed4c7e3,False,[mention] TRD SPORTIVO 2017 MANUAL MT,[mention] trd sportivo 2017 manual mt,Toyota Yaris,medium,community_context,False,,,,False,not_relevant,no_adas_keyword,,UNKNOWN,,,,,,,
rec_6e5c7e7cf35e6166,Toyota Yaris,Yaris Cross Community Indonesia (YCCI),https://www.facebook.com/groups/331613226681705,post_4,post_4_comment_62,post_4,comment,,,,"@SS STNK ONLY SAJA WAJIB FAHAM RIWAYAT SANGAT JELAS HARGA 68JUTA CALL BY WA 
https://wa.me/62085126495267",https://www.facebook.com/groups/331613226681705,2026-09-17T15:37:48Z,raw_data_run_20260917_223451_d693b9.csv,rec_6e5c7e7cf35e6166,False,[mention] STNK ONLY SAJA WAJIB FAHAM RIWAYAT SANGAT JELAS HARGA 68JUTA CALL BY WA [url],[mention] stnk only saja wajib faham riwayat sangat jelas harga 68juta call by wa [url],Toyota Yaris,medium,community_context,False,,,,False,not_relevant,no_adas_keyword,,UNKNOWN,,,,,,,
rec_d187ac02ab151bdb,Toyota Yaris,Yaris Cross Community Indonesia (YCCI),https://www.facebook.com/groups/331613226681705,post_5,,,post,,,,"@SS STNK ONLY SAJA WAJIB FAHAM RIWAYAT SANGAT JELAS HARGA 68JUTA CALL BY WA 
https://wa.me/62085126495267",https://www.facebook.com/groups/331613226681705,2026-09-17T15:37:48Z,raw_data_run_20260917_223451_d693b9.csv,rec_d187ac02ab151bdb,False,[mention] STNK ONLY SAJA WAJIB FAHAM RIWAYAT SANGAT JELAS HARGA 68JUTA CALL BY WA [url],[mention] stnk only saja wajib faham riwayat sangat jelas harga 68juta call by wa [url],Toyota Yaris,medium,community_context,False,,,,False,not_relevant,no_adas_keyword,,UNKNOWN,,,,,,,
rec_84b85efe536f81e9,Toyota Yaris,Yaris Cross Community Indonesia (YCCI),https://www.facebook.com/groups/331613226681705,post_5,post_5_comment_1,post_5,comment,,,,"@ES TEH ONLY SJ
@YARIS TRD S 2017 MANUAL BEBAS LINTAS PLAT NEMPEL HARGA 68JUTA SAJA LOKASI PASURUAN CALL WA 
https://wa.me/62085137751296",https://www.facebook.com/groups/331613226681705,2026-09-17T15:37:51Z,raw_data_run_20260917_223451_d693b9.csv,rec_84b85efe536f81e9,False,[mention] TEH ONLY SJ [mention] TRD S 2017 MANUAL BEBAS LINTAS PLAT NEMPEL HARGA 68JUTA SAJA LOKASI PASURUAN CALL WA [url],[mention] teh only sj [mention] trd s 2017 manual bebas lintas plat nempel harga 68juta saja lokasi pasuruan call wa [url],Toyota Yaris,medium,community_context,False,,,,False,not_relevant,no_adas_keyword,,UNKNOWN,,,,,,,
rec_3574ffe8d454dcb7,Toyota Yaris,Yaris Cross Community Indonesia (YCCI),https://www.facebook.com/groups/331613226681705,post_5,post_5_comment_2,post_5,comment,,,,@ES TEH ONLY SJ,https://www.facebook.com/groups/331613226681705,2026-09-17T15:37:51Z,raw_data_run_20260917_223451_d693b9.csv,rec_3574ffe8d454dcb7,False,[mention] TEH ONLY SJ,[mention] teh only sj,Toyota Yaris,medium,community_context,False,,,,False,not_relevant,no_adas_keyword,,UNKNOWN,,,,,,,
rec_2ebf0bb51de4fa6f,Toyota Yaris,Yaris Cross Community Indonesia (YCCI),https://www.facebook.com/groups/331613226681705,post_5,post_5_comment_3,post_5,comment,,,,"@YARIS TRD S 2017 MANUAL BEBAS LINTAS PLAT NEMPEL HARGA 68JUTA SAJA LOKASI PASURUAN CALL WA 
https://wa.me/62085137751296",https://www.facebook.com/groups/331613226681705,2026-09-17T15:37:51Z,raw_data_run_20260917_223451_d693b9.csv,rec_2ebf0bb51de4fa6f,False,[mention] TRD S 2017 MANUAL BEBAS LINTAS PLAT NEMPEL HARGA 68JUTA SAJA LOKASI PASURUAN CALL WA [url],[mention] trd s 2017 manual bebas lintas plat nempel harga 68juta saja lokasi pasuruan call wa [url],Toyota Yaris,medium,community_context,False,,,,False,not_relevant,no_adas_keyword,,UNKNOWN,,,,,,,
rec_7554667c397a1e95,Toyota Yaris,Yaris Cross Community Indonesia (YCCI),https://www.facebook.com/groups/331613226681705,post_5,post_5_comment_4,post_5,comment,,,,Xmate karpet mobil Yaris Cross,https://www.facebook.com/groups/331613226681705,2026-09-17T15:37:51Z,raw_data_run_20260917_223451_d693b9.csv,rec_7554667c397a1e95,False,Xmate karpet mobil Yaris Cross,xmate karpet mobil yaris cross,Toyota Yaris,high,explicit_text_alias_strong,False,,,,False,not_relevant,no_adas_keyword,,UNKNOWN,,,,,,,
rec_08e12a8099a2b1ac,Toyota Yaris,Yaris Cross Community Indonesia (YCCI),https://www.facebook.com/groups/331613226681705,post_5,post_5_comment_5,post_5,comment,,,,Mempererat dan memperluas hubungan silahturahmi antar sesama pengguna mobil Toyota Yaris Cross,https://www.facebook.com/groups/331613226681705,2026-09-17T15:37:51Z,raw_data_run_20260917_223451_d693b9.csv,rec_08e12a8099a2b1ac,False,Mempererat dan memperluas hubungan silahturahmi antar sesama pengguna mobil Toyota Yaris Cross,mempererat dan memperluas hubungan silahturahmi antar sesama pengguna mobil toyota yaris cross,Toyota Yaris,high,explicit_text_alias_strong,False,,,,False,not_relevant,no_adas_keyword,,UNKNOWN,,,,,,,
rec_9a8caa91598db994,Toyota Yaris,Yaris Cross Community Indonesia (YCCI),https://www.facebook.com/groups/331613226681705,post_5,post_5_comment_6,post_5,comment,,,,"dijual
New Yaris TRDSportivo 2018 Manual … Lihat selengkapnya",https://www.facebook.com/groups/331613226681705,2026-09-17T15:37:53Z,raw_data_run_20260917_223451_d693b9.csv,rec_9a8caa91598db994,False,dijual New Yaris TRDSportivo 2018 Manual … Lihat selengkapnya,dijual new yaris trdsportivo 2018 manual … lihat selengkapnya,Toyota Yaris,high,explicit_text_alias_strong,False,,,,False,not_relevant,no_adas_keyword,,UNKNOWN,,,,,,,
rec_bcd10c83a3cecbf0,Toyota Yaris,Yaris Cross Community Indonesia (YCCI),https://www.facebook.com/groups/331613226681705,post_5,post_5_comment_7,post_5,comment,,,,dijual,https://www.facebook.com/groups/331613226681705,2026-09-17T15:37:53Z,raw_data_run_20260917_223451_d693b9.csv,rec_bcd10c83a3cecbf0,False,dijual,dijual,Toyota Yaris,medium,community_context,False,,,,False,not_relevant,no_adas_keyword,,UNKNOWN,,,,,,,
rec_061a977940b363a0,Toyota Yaris,Yaris Cross Community Indonesia (YCCI),https://www.facebook.com/groups/331613226681705,post_5,post_5_comment_8,post_5,comment,,,,New Yaris TRDSportivo 2018 Manual … Lihat selengkapnya,https://www.facebook.com/groups/331613226681705,2026-09-17T15:37:53Z,raw_data_run_20260917_223451_d693b9.csv,rec_061a977940b363a0,False,New Yaris TRDSportivo 2018 Manual … Lihat selengkapnya,new yaris trdsportivo 2018 manual … lihat selengkapnya,Toyota Yaris,high,explicit_text_alias_strong,False,,,,False,not_relevant,no_adas_keyword,,UNKNOWN,,,,,,,
rec_7acb630acbd58df6,Toyota Yaris,Yaris Cross Community Indonesia (YCCI),https://www.facebook.com/groups/331613226681705,post_5,post_5_comment_9,post_5,comment,,,,"FS Toyota Yaris Cross Hybrid GR TSS Black
Ijin kakak admin dan lainnya,
Mau jual mobil irit lincah keren ini
NIK 2024 atas nama CV milik sendiri
Lihat selengkapnya",https://www.facebook.com/groups/331613226681705,2026-09-17T15:37:53Z,raw_data_run_20260917_223451_d693b9.csv,rec_7acb630acbd58df6,False,"FS Toyota Yaris Cross Hybrid GR TSS Black Ijin kakak admin dan lainnya, Mau jual mobil irit lincah keren ini NIK 2024 atas nama CV milik sendiri Lihat selengkapnya","fs toyota yaris cross hybrid gr tss black ijin kakak admin dan lainnya, mau jual mobil irit lincah keren ini nik 2024 atas nama cv milik sendiri lihat selengkapnya",Toyota Yaris,high,explicit_text_alias_strong,True,TSS,combined_adas,,True,uncertain,generic_adas_terms_only,low,UNKNOWN,not_stated,not_stated,uncertain,positive,not_stated,unclear,low
rec_973dd5aa2818b490,Toyota Yaris,Yaris Cross Community Indonesia (YCCI),https://www.facebook.com/groups/331613226681705,post_5,post_5_comment_10,post_5,comment,,,,"Yaris Cross G 2024
Hitam
Surat² lengkap
Pajak on
Odo 27rban on-going… Lihat selengkapnya",https://www.facebook.com/groups/331613226681705,2026-09-17T15:37:56Z,raw_data_run_20260917_223451_d693b9.csv,rec_973dd5aa2818b490,False,Yaris Cross G 2024 Hitam Surat² lengkap Pajak on Odo 27rban on-going… Lihat selengkapnya,yaris cross g 2024 hitam surat² lengkap pajak on odo 27rban on-going… lihat selengkapnya,Toyota Yaris,high,explicit_text_alias_strong,False,,,,False,not_relevant,no_adas_keyword,,UNKNOWN,,,,,,,
rec_f64b363666fb0c06,Toyota Yaris,Yaris Cross Community Indonesia (YCCI),https://www.facebook.com/groups/331613226681705,post_5,post_5_comment_11,post_5,comment,,,,Yaris Cross G 2024,https://www.facebook.com/groups/331613226681705,2026-09-17T15:37:56Z,raw_data_run_20260917_223451_d693b9.csv,rec_f64b363666fb0c06,False,Yaris Cross G 2024,yaris cross g 2024,Toyota Yaris,high,explicit_text_alias_strong,False,,,,False,not_relevant,no_adas_keyword,,UNKNOWN,,,,,,,
rec_28125e2abaac9165,Toyota Yaris,Yaris Cross Community Indonesia (YCCI),https://www.facebook.com/groups/331613226681705,post_5,post_5_comment_12,post_5,comment,,,,Hitam,https://www.facebook.com/groups/331613226681705,2026-09-17T15:37:56Z,raw_data_run_20260917_223451_d693b9.csv,rec_28125e2abaac9165,False,Hitam,hitam,Toyota Yaris,medium,community_context,False,,,,False,not_relevant,no_adas_keyword,,UNKNOWN,,,,,,,
rec_1d7f96d9bda79c10,Toyota Yaris,Yaris Cross Community Indonesia (YCCI),https://www.facebook.com/groups/331613226681705,post_5,post_5_comment_13,post_5,comment,,,,Surat² lengkap,https://www.facebook.com/groups/331613226681705,2026-09-17T15:37:56Z,raw_data_run_20260917_223451_d693b9.csv,rec_1d7f96d9bda79c10,False,Surat² lengkap,surat² lengkap,Toyota Yaris,medium,community_context,False,,,,False,not_relevant,no_adas_keyword,,UNKNOWN,,,,,,,
rec_fadddb17942a9fee,Toyota Yaris,Yaris Cross Community Indonesia (YCCI),https://www.facebook.com/groups/331613226681705,post_5,post_5_comment_14,post_5,comment,,,,Pajak on,https://www.facebook.com/groups/331613226681705,2026-09-17T15:37:56Z,raw_data_run_20260917_223451_d693b9.csv,rec_fadddb17942a9fee,False,Pajak on,pajak on,Toyota Yaris,medium,community_context,False,,,,False,not_relevant,no_adas_keyword,,UNKNOWN,,,,,,,
rec_4a1b338aeb0362cb,Toyota Yaris,Yaris Cross Community Indonesia (YCCI),https://www.facebook.com/groups/331613226681705,post_5,post_5_comment_15,post_5,comment,,,,Odo 27rban on-going… Lihat selengkapnya,https://www.facebook.com/groups/331613226681705,2026-09-17T15:37:56Z,raw_data_run_20260917_223451_d693b9.csv,rec_4a1b338aeb0362cb,False,Odo 27rban on-going… Lihat selengkapnya,odo 27rban on-going… lihat selengkapnya,Toyota Yaris,medium,community_context,False,,,,False,not_relevant,no_adas_keyword,,UNKNOWN,,,,,,,
rec_e66680778607a383,Toyota Yaris,Yaris Cross Community Indonesia (YCCI),https://www.facebook.com/groups/331613226681705,post_5,post_5_comment_16,post_5,comment,,,,"STNK ONLY DAN APLIKASI SAJA RIWAYAT LEASING JELAS BUKAN UNIT RENTAL DAN CURIAN
YANG PAHAM DAN BERPENGALAMAN … Lihat selengkapnya",https://www.facebook.com/groups/331613226681705,2026-09-17T15:37:58Z,raw_data_run_20260917_223451_d693b9.csv,rec_e66680778607a383,False,STNK ONLY DAN APLIKASI SAJA RIWAYAT LEASING JELAS BUKAN UNIT RENTAL DAN CURIAN YANG PAHAM DAN BERPENGALAMAN … Lihat selengkapnya,stnk only dan aplikasi saja riwayat leasing jelas bukan unit rental dan curian yang paham dan berpengalaman … lihat selengkapnya,Toyota Yaris,medium,community_context,False,,,,False,not_relevant,no_adas_keyword,,UNKNOWN,,,,,,,
rec_a19d261690a5e435,Toyota Yaris,Yaris Cross Community Indonesia (YCCI),https://www.facebook.com/groups/331613226681705,post_5,post_5_comment_17,post_5,comment,,,,STNK ONLY DAN APLIKASI SAJA RIWAYAT LEASING JELAS BUKAN UNIT RENTAL DAN CURIAN,https://www.facebook.com/groups/331613226681705,2026-09-17T15:37:58Z,raw_data_run_20260917_223451_d693b9.csv,rec_a19d261690a5e435,False,STNK ONLY DAN APLIKASI SAJA RIWAYAT LEASING JELAS BUKAN UNIT RENTAL DAN CURIAN,stnk only dan aplikasi saja riwayat leasing jelas bukan unit rental dan curian,Toyota Yaris,medium,community_context,False,,,,False,not_relevant,no_adas_keyword,,UNKNOWN,,,,,,,
rec_c91621ba5e6a0526,Toyota Yaris,Yaris Cross Community Indonesia (YCCI),https://www.facebook.com/groups/331613226681705,post_5,post_5_comment_18,post_5,comment,,,,YANG PAHAM DAN BERPENGALAMAN … Lihat selengkapnya,https://www.facebook.com/groups/331613226681705,2026-09-17T15:37:58Z,raw_data_run_20260917_223451_d693b9.csv,rec_c91621ba5e6a0526,False,YANG PAHAM DAN BERPENGALAMAN … Lihat selengkapnya,yang paham dan berpengalaman … lihat selengkapnya,Toyota Yaris,medium,community_context,False,,,,False,not_relevant,no_adas_keyword,,UNKNOWN,,,,,,,
rec_c841d814d6b1f43f,Toyota Yaris,Yaris Cross Community Indonesia (YCCI),https://www.facebook.com/groups/331613226681705,post_5,post_5_comment_19,post_5,comment,,,,"Jual sparepart berkualitas 
Whatsapp 
 085934378954… Lihat selengkapnya",https://www.facebook.com/groups/331613226681705,2026-09-17T15:37:59Z,raw_data_run_20260917_223451_d693b9.csv,rec_c841d814d6b1f43f,False,Jual sparepart berkualitas Whatsapp 085934378954… Lihat selengkapnya,jual sparepart berkualitas whatsapp 085934378954… lihat selengkapnya,Toyota Yaris,medium,community_context,False,,,,False,not_relevant,no_adas_keyword,,UNKNOWN,,,,,,,
rec_6e876e164ae4145b,Toyota Yaris,Yaris Cross Community Indonesia (YCCI),https://www.facebook.com/groups/331613226681705,post_5,post_5_comment_20,post_5,comment,,,,Jual sparepart berkualitas,https://www.facebook.com/groups/331613226681705,2026-09-17T15:37:59Z,raw_data_run_20260917_223451_d693b9.csv,rec_6e876e164ae4145b,False,Jual sparepart berkualitas,jual sparepart berkualitas,Toyota Yaris,medium,community_context,False,,,,False,not_relevant,no_adas_keyword,,UNKNOWN,,,,,,,
rec_4abd4ba1ffa9adba,Toyota Yaris,Yaris Cross Community Indonesia (YCCI),https://www.facebook.com/groups/331613226681705,post_5,post_5_comment_21,post_5,comment,,,,"Whatsapp 
 085934378954… Lihat selengkapnya",https://www.facebook.com/groups/331613226681705,2026-09-17T15:37:59Z,raw_data_run_20260917_223451_d693b9.csv,rec_4abd4ba1ffa9adba,False,Whatsapp 085934378954… Lihat selengkapnya,whatsapp 085934378954… lihat selengkapnya,Toyota Yaris,medium,community_context,False,,,,False,not_relevant,no_adas_keyword,,UNKNOWN,,,,,,,
rec_317e58d1315b9f72,Toyota Yaris,Yaris Cross Community Indonesia (YCCI),https://www.facebook.com/groups/331613226681705,post_5,post_5_comment_22,post_5,comment,,,,"Kamera parkir TOYOTA 
 inova reborn… Lihat selengkapnya",https://www.facebook.com/groups/331613226681705,2026-09-17T15:38:01Z,raw_data_run_20260917_223451_d693b9.csv,rec_317e58d1315b9f72,False,Kamera parkir TOYOTA inova reborn… Lihat selengkapnya,kamera parkir toyota inova reborn… lihat selengkapnya,Toyota Yaris,medium,community_context,False,,,,False,not_relevant,no_adas_keyword,,UNKNOWN,,,,,,,
rec_72756eb19190033f,Toyota Yaris,Yaris Cross Community Indonesia (YCCI),https://www.facebook.com/groups/331613226681705,post_5,post_5_comment_23,post_5,comment,,,,Kamera parkir TOYOTA,https://www.facebook.com/groups/331613226681705,2026-09-17T15:38:01Z,raw_data_run_20260917_223451_d693b9.csv,rec_72756eb19190033f,False,Kamera parkir TOYOTA,kamera parkir toyota,Toyota Yaris,medium,community_context,False,,,,False,not_relevant,no_adas_keyword,,UNKNOWN,,,,,,,
rec_703b0d64d193ddd1,Toyota Yaris,Yaris Cross Community Indonesia (YCCI),https://www.facebook.com/groups/331613226681705,post_5,post_5_comment_24,post_5,comment,,,,inova reborn… Lihat selengkapnya,https://www.facebook.com/groups/331613226681705,2026-09-17T15:38:01Z,raw_data_run_20260917_223451_d693b9.csv,rec_703b0d64d193ddd1,False,inova reborn… Lihat selengkapnya,inova reborn… lihat selengkapnya,Toyota Yaris,medium,community_context,False,,,,False,not_relevant,no_adas_keyword,,UNKNOWN,,,,,,,
rec_12cffca1bdef857e,Toyota Yaris,Yaris Cross Community Indonesia (YCCI),https://www.facebook.com/groups/331613226681705,post_5,post_5_comment_25,post_5,comment,,,,"Dijual Murah Paket Velg+ Ban RPF R16 Yaris Second Mulus, Jauh Bisa Kirim Lewat Shopee https://s.shopee.co.id/80CTfROAaO",https://www.facebook.com/groups/331613226681705,2026-09-17T15:38:03Z,raw_data_run_20260917_223451_d693b9.csv,rec_12cffca1bdef857e,False,"Dijual Murah Paket Velg+ Ban RPF R16 Yaris Second Mulus, Jauh Bisa Kirim Lewat Shopee [url]","dijual murah paket velg+ ban rpf r16 yaris second mulus, jauh bisa kirim lewat shopee [url]",Toyota Yaris,high,explicit_text_alias_strong,False,,,,False,not_relevant,no_adas_keyword,,UNKNOWN,,,,,,,
rec_a7903bb9a2f784c7,Toyota Yaris,Yaris Cross Community Indonesia (YCCI),https://www.facebook.com/groups/331613226681705,post_5,post_5_comment_26,post_5,comment,,,,"dijual
Yaris TRDSportivo 2019 Matic … Lihat selengkapnya",https://www.facebook.com/groups/331613226681705,2026-09-17T15:38:04Z,raw_data_run_20260917_223451_d693b9.csv,rec_a7903bb9a2f784c7,False,dijual Yaris TRDSportivo 2019 Matic … Lihat selengkapnya,dijual yaris trdsportivo 2019 matic … lihat selengkapnya,Toyota Yaris,high,explicit_text_alias_strong,False,,,,False,not_relevant,no_adas_keyword,,UNKNOWN,,,,,,,
rec_5b663eddc44e7859,Toyota Yaris,Yaris Cross Community Indonesia (YCCI),https://www.facebook.com/groups/331613226681705,post_5,post_5_comment_27,post_5,comment,,,,Yaris TRDSportivo 2019 Matic … Lihat selengkapnya,https://www.facebook.com/groups/331613226681705,2026-09-17T15:38:04Z,raw_data_run_20260917_223451_d693b9.csv,rec_5b663eddc44e7859,False,Yaris TRDSportivo 2019 Matic … Lihat selengkapnya,yaris trdsportivo 2019 matic … lihat selengkapnya,Toyota Yaris,high,explicit_text_alias_strong,False,,,,False,not_relevant,no_adas_keyword,,UNKNOWN,,,,,,,
rec_111e7b9b0b875b22,Toyota Yaris,Yaris Cross Community Indonesia (YCCI),https://www.facebook.com/groups/331613226681705,post_5,post_5_comment_28,post_5,comment,,,,"Edisi Bantu Jual Punya Teman
For Sale Toyota Yaris Cross S Hybrid GR TSS 2024 
Tipe Tertinggi 
Warna Two tone Putih - Hitam… Lihat selengkapnya",https://www.facebook.com/groups/331613226681705,2026-09-17T15:38:08Z,raw_data_run_20260917_223451_d693b9.csv,rec_111e7b9b0b875b22,False,Edisi Bantu Jual Punya Teman For Sale Toyota Yaris Cross S Hybrid GR TSS 2024 Tipe Tertinggi Warna Two tone Putih - Hitam… Lihat selengkapnya,edisi bantu jual punya teman for sale toyota yaris cross s hybrid gr tss 2024 tipe tertinggi warna two tone putih - hitam… lihat selengkapnya,Toyota Yaris,high,explicit_text_alias_strong,True,TSS,combined_adas,,True,uncertain,generic_adas_terms_only,low,UNKNOWN,not_stated,not_stated,uncertain,positive,not_stated,unclear,low
rec_edbd1ea812da46c4,Toyota Yaris,Yaris Cross Community Indonesia (YCCI),https://www.facebook.com/groups/331613226681705,post_5,post_5_comment_29,post_5,comment,,,,Edisi Bantu Jual Punya Teman,https://www.facebook.com/groups/331613226681705,2026-09-17T15:38:08Z,raw_data_run_20260917_223451_d693b9.csv,rec_edbd1ea812da46c4,False,Edisi Bantu Jual Punya Teman,edisi bantu jual punya teman,Toyota Yaris,medium,community_context,False,,,,False,not_relevant,no_adas_keyword,,UNKNOWN,,,,,,,
rec_b755e43d806ca7d2,Toyota Yaris,Yaris Cross Community Indonesia (YCCI),https://www.facebook.com/groups/331613226681705,post_5,post_5_comment_30,post_5,comment,,,,For Sale Toyota Yaris Cross S Hybrid GR TSS 2024,https://www.facebook.com/groups/331613226681705,2026-09-17T15:38:08Z,raw_data_run_20260917_223451_d693b9.csv,rec_b755e43d806ca7d2,False,For Sale Toyota Yaris Cross S Hybrid GR TSS 2024,for sale toyota yaris cross s hybrid gr tss 2024,Toyota Yaris,high,explicit_text_alias_strong,True,TSS,combined_adas,,True,uncertain,generic_adas_terms_only,low,UNKNOWN,not_stated,not_stated,uncertain,neutral,not_stated,unclear,low
rec_612863a74fa342df,Toyota Yaris,Yaris Cross Community Indonesia (YCCI),https://www.facebook.com/groups/331613226681705,post_5,post_5_comment_31,post_5,comment,,,,Tipe Tertinggi,https://www.facebook.com/groups/331613226681705,2026-09-17T15:38:08Z,raw_data_run_20260917_223451_d693b9.csv,rec_612863a74fa342df,False,Tipe Tertinggi,tipe tertinggi,Toyota Yaris,medium,community_context,False,,,,False,not_relevant,no_adas_keyword,,UNKNOWN,,,,,,,
rec_55d87bf9a2d28582,Toyota Yaris,Yaris Cross Community Indonesia (YCCI),https://www.facebook.com/groups/331613226681705,post_5,post_5_comment_32,post_5,comment,,,,Warna Two tone Putih - Hitam… Lihat selengkapnya,https://www.facebook.com/groups/331613226681705,2026-09-17T15:38:08Z,raw_data_run_20260917_223451_d693b9.csv,rec_55d87bf9a2d28582,False,Warna Two tone Putih - Hitam… Lihat selengkapnya,warna two tone putih - hitam… lihat selengkapnya,Toyota Yaris,medium,community_context,False,,,,False,not_relevant,no_adas_keyword,,UNKNOWN,,,,,,,
rec_bebce1ca2067fe1c,Toyota Yaris,Yaris Cross Community Indonesia (YCCI),https://www.facebook.com/groups/331613226681705,post_5,post_5_comment_33,post_5,comment,,,,"@YARIS+TRD+SPORTIVO+2017+MANUAL+MT+
@SS+STNK+ONLY+SAJA+WAJIB+FAHAM+RIWAYAT+SANGAT+JELAS+HARGA+68JUTA+minat+wa.+083876865676",https://www.facebook.com/groups/331613226681705,2026-09-17T15:38:09Z,raw_data_run_20260917_223451_d693b9.csv,rec_bebce1ca2067fe1c,False,[mention] +TRD+SPORTIVO+2017+MANUAL+MT+ [mention] +STNK+ONLY+SAJA+WAJIB+FAHAM+RIWAYAT+SANGAT+JELAS+HARGA+68JUTA+minat+wa.+083876865676,[mention] +trd+sportivo+2017+manual+mt+ [mention] +stnk+only+saja+wajib+faham+riwayat+sangat+jelas+harga+68juta+minat+wa.+083876865676,Toyota Yaris,medium,community_context,False,,,,False,not_relevant,no_adas_keyword,,UNKNOWN,,,,,,,
rec_81cab1162e95c949,Toyota Yaris,Yaris Cross Community Indonesia (YCCI),https://www.facebook.com/groups/331613226681705,post_5,post_5_comment_34,post_5,comment,,,,@YARIS+TRD+SPORTIVO+2017+MANUAL+MT+,https://www.facebook.com/groups/331613226681705,2026-09-17T15:38:09Z,raw_data_run_20260917_223451_d693b9.csv,rec_81cab1162e95c949,False,[mention] +TRD+SPORTIVO+2017+MANUAL+MT+,[mention] +trd+sportivo+2017+manual+mt+,Toyota Yaris,medium,community_context,False,,,,False,not_relevant,no_adas_keyword,,UNKNOWN,,,,,,,
rec_1ebf7b510ce2dc9c,Toyota Yaris,Yaris Cross Community Indonesia (YCCI),https://www.facebook.com/groups/331613226681705,post_5,post_5_comment_35,post_5,comment,,,,@SS+STNK+ONLY+SAJA+WAJIB+FAHAM+RIWAYAT+SANGAT+JELAS+HARGA+68JUTA+minat+wa.+083876865676,https://www.facebook.com/groups/331613226681705,2026-09-17T15:38:09Z,raw_data_run_20260917_223451_d693b9.csv,rec_1ebf7b510ce2dc9c,False,[mention] +STNK+ONLY+SAJA+WAJIB+FAHAM+RIWAYAT+SANGAT+JELAS+HARGA+68JUTA+minat+wa.+083876865676,[mention] +stnk+only+saja+wajib+faham+riwayat+sangat+jelas+harga+68juta+minat+wa.+083876865676,Toyota Yaris,medium,community_context,False,,,,False,not_relevant,no_adas_keyword,,UNKNOWN,,,,,,,
rec_7b49175838b50c50,Toyota Yaris,Yaris Cross Community Indonesia (YCCI),https://www.facebook.com/groups/331613226681705,post_5,post_5_comment_36,post_5,comment,,,,"𝗠𝗲𝘀𝗶𝗻 𝗦𝗲𝗴𝗲𝗹𝘂𝗻𝗱𝘂𝗻𝗴 𝗞𝗼𝗺𝗽𝗹𝗶𝘁, 𝗞𝗼𝗻𝗱𝗶𝘀𝗶 𝗦𝗮𝗻𝗴𝗮𝘁 𝗦𝗲𝗵𝗮𝘁 & 𝗡𝘆𝗮𝗹𝗮 𝗡𝗼𝗿𝗺𝗮𝗹
Siap COD di lokasi, bisa cek dulu kondisi fisiknya dulu
https://s.shopee.co.id/7psvwcMrVq
https://s.shopee.co.id/7psvwcMrVq
Segelundung murah mawon monggo dg SS lengkap
Bisa jg… Lihat selengkapnya",https://www.facebook.com/groups/331613226681705,2026-09-17T15:38:11Z,raw_data_run_20260917_223451_d693b9.csv,rec_7b49175838b50c50,False,"𝗠𝗲𝘀𝗶𝗻 𝗦𝗲𝗴𝗲𝗹𝘂𝗻𝗱𝘂𝗻𝗴 𝗞𝗼𝗺𝗽𝗹𝗶𝘁, 𝗞𝗼𝗻𝗱𝗶𝘀𝗶 𝗦𝗮𝗻𝗴𝗮𝘁 𝗦𝗲𝗵𝗮𝘁 & 𝗡𝘆𝗮𝗹𝗮 𝗡𝗼𝗿𝗺𝗮𝗹 Siap COD di lokasi, bisa cek dulu kondisi fisiknya dulu [url] [url] Segelundung murah mawon monggo dg SS lengkap Bisa jg… Lihat selengkapnya","𝗠𝗲𝘀𝗶𝗻 𝗦𝗲𝗴𝗲𝗹𝘂𝗻𝗱𝘂𝗻𝗴 𝗞𝗼𝗺𝗽𝗹𝗶𝘁, 𝗞𝗼𝗻𝗱𝗶𝘀𝗶 𝗦𝗮𝗻𝗴𝗮𝘁 𝗦𝗲𝗵𝗮𝘁 & 𝗡𝘆𝗮𝗹𝗮 𝗡𝗼𝗿𝗺𝗮𝗹 siap cod di lokasi, bisa cek dulu kondisi fisiknya dulu [url] [url] segelundung murah mawon monggo dg ss lengkap bisa jg… lihat selengkapnya",Toyota Yaris,medium,community_context,False,,,,False,not_relevant,no_adas_keyword,,UNKNOWN,,,,,,,
rec_e3e6e95aeddf6eb9,Toyota Yaris,Yaris Cross Community Indonesia (YCCI),https://www.facebook.com/groups/331613226681705,post_5,post_5_comment_37,post_5,comment,,,,"𝗠𝗲𝘀𝗶𝗻 𝗦𝗲𝗴𝗲𝗹𝘂𝗻𝗱𝘂𝗻𝗴 𝗞𝗼𝗺𝗽𝗹𝗶𝘁, 𝗞𝗼𝗻𝗱𝗶𝘀𝗶 𝗦𝗮𝗻𝗴𝗮𝘁 𝗦𝗲𝗵𝗮𝘁 & 𝗡𝘆𝗮𝗹𝗮 𝗡𝗼𝗿𝗺𝗮𝗹",https://www.facebook.com/groups/331613226681705,2026-09-17T15:38:11Z,raw_data_run_20260917_223451_d693b9.csv,rec_e3e6e95aeddf6eb9,False,"𝗠𝗲𝘀𝗶𝗻 𝗦𝗲𝗴𝗲𝗹𝘂𝗻𝗱𝘂𝗻𝗴 𝗞𝗼𝗺𝗽𝗹𝗶𝘁, 𝗞𝗼𝗻𝗱𝗶𝘀𝗶 𝗦𝗮𝗻𝗴𝗮𝘁 𝗦𝗲𝗵𝗮𝘁 & 𝗡𝘆𝗮𝗹𝗮 𝗡𝗼𝗿𝗺𝗮𝗹","𝗠𝗲𝘀𝗶𝗻 𝗦𝗲𝗴𝗲𝗹𝘂𝗻𝗱𝘂𝗻𝗴 𝗞𝗼𝗺𝗽𝗹𝗶𝘁, 𝗞𝗼𝗻𝗱𝗶𝘀𝗶 𝗦𝗮𝗻𝗴𝗮𝘁 𝗦𝗲𝗵𝗮𝘁 & 𝗡𝘆𝗮𝗹𝗮 𝗡𝗼𝗿𝗺𝗮𝗹",Toyota Yaris,medium,community_context,False,,,,False,not_relevant,no_adas_keyword,,UNKNOWN,,,,,,,
rec_1b0370f21b632614,Toyota Yaris,Yaris Cross Community Indonesia (YCCI),https://www.facebook.com/groups/331613226681705,post_5,post_5_comment_38,post_5,comment,,,,"Siap COD di lokasi, bisa cek dulu kondisi fisiknya dulu",https://www.facebook.com/groups/331613226681705,2026-09-17T15:38:11Z,raw_data_run_20260917_223451_d693b9.csv,rec_1b0370f21b632614,False,"Siap COD di lokasi, bisa cek dulu kondisi fisiknya dulu","siap cod di lokasi, bisa cek dulu kondisi fisiknya dulu",Toyota Yaris,medium,community_context,False,,,,False,not_relevant,no_adas_keyword,,UNKNOWN,,,,,,,
rec_eb630b9c7c5fb458,Toyota Yaris,Yaris Cross Community Indonesia (YCCI),https://www.facebook.com/groups/331613226681705,post_5,post_5_comment_39,post_5,comment,,,,https://s.shopee.co.id/7psvwcMrVq,https://www.facebook.com/groups/331613226681705,2026-09-17T15:38:11Z,raw_data_run_20260917_223451_d693b9.csv,rec_eb630b9c7c5fb458,False,[url],[url],Toyota Yaris,medium,community_context,False,,,,False,not_relevant,no_adas_keyword,,UNKNOWN,,,,,,,
rec_cbfd81ac05415cd5,Toyota Yaris,Yaris Cross Community Indonesia (YCCI),https://www.facebook.com/groups/331613226681705,post_5,post_5_comment_40,post_5,comment,,,,"Segelundung murah mawon monggo dg SS lengkap
Bisa jg… Lihat selengkapnya",https://www.facebook.com/groups/331613226681705,2026-09-17T15:38:11Z,raw_data_run_20260917_223451_d693b9.csv,rec_cbfd81ac05415cd5,False,Segelundung murah mawon monggo dg SS lengkap Bisa jg… Lihat selengkapnya,segelundung murah mawon monggo dg ss lengkap bisa jg… lihat selengkapnya,Toyota Yaris,medium,community_context,False,,,,False,not_relevant,no_adas_keyword,,UNKNOWN,,,,,,,
rec_71a2c91fc54b9350,Toyota Yaris,Yaris Cross Community Indonesia (YCCI),https://www.facebook.com/groups/331613226681705,post_5,post_5_comment_41,post_5,comment,,,,"Yaris Cross 1.5 G Cvt 2026
Km 50 Perak
Mobil bekas rasa baru
Cash/kredit
Harga 325 juta(Boleh Nego sampai deal)
Lihat selengkapnya",https://www.facebook.com/groups/331613226681705,2026-09-17T15:38:13Z,raw_data_run_20260917_223451_d693b9.csv,rec_71a2c91fc54b9350,False,Yaris Cross 1.5 G Cvt 2026 Km 50 Perak Mobil bekas rasa baru Cash/kredit Harga 325 juta(Boleh Nego sampai deal) Lihat selengkapnya,yaris cross 1.5 g cvt 2026 km 50 perak mobil bekas rasa baru cash/kredit harga 325 juta(boleh nego sampai deal) lihat selengkapnya,Toyota Yaris,high,explicit_text_alias_strong,False,,,,False,not_relevant,no_adas_keyword,,UNKNOWN,,,,,,,
rec_0658fff199ce1973,Toyota Yaris,Yaris Cross Community Indonesia (YCCI),https://www.facebook.com/groups/331613226681705,post_5,post_5_comment_42,post_5,comment,,,,"Saya sebagai user yaris cross ko heran ya, knapa ko banyak yg mau jual mobil padahal kondisi nya masih bisa di bilang baru.",https://www.facebook.com/groups/331613226681705,2026-09-17T15:38:13Z,raw_data_run_20260917_223451_d693b9.csv,rec_0658fff199ce1973,False,"Saya sebagai user yaris cross ko heran ya, knapa ko banyak yg mau jual mobil padahal kondisi nya masih bisa di bilang baru.","saya sebagai user yaris cross ko heran ya, knapa ko banyak yg mau jual mobil padahal kondisi nya masih bisa di bilang baru.",Toyota Yaris,high,explicit_text_alias_strong,False,,,,False,not_relevant,no_adas_keyword,,UNKNOWN,,,,,,,
rec_7e9a1cbf7645b61a,Toyota Yaris,Yaris Cross Community Indonesia (YCCI),https://www.facebook.com/groups/331613226681705,post_5,post_5_comment_43,post_5,comment,,,,Ap… Lihat selengkapnya,https://www.facebook.com/groups/331613226681705,2026-09-17T15:38:13Z,raw_data_run_20260917_223451_d693b9.csv,rec_7e9a1cbf7645b61a,False,Ap… Lihat selengkapnya,ap… lihat selengkapnya,Toyota Yaris,medium,community_context,False,,,,False,not_relevant,no_adas_keyword,,UNKNOWN,,,,,,,
rec_39ce357d71113da2,Toyota Yaris,Yaris Cross Community Indonesia (YCCI),https://www.facebook.com/groups/331613226681705,post_5,post_5_comment_44,post_5,comment,,,,bisa tuker tambah ga,https://www.facebook.com/groups/331613226681705,2026-09-17T15:38:13Z,raw_data_run_20260917_223451_d693b9.csv,rec_39ce357d71113da2,False,bisa tuker tambah ga,bisa tuker tambah ga,Toyota Yaris,medium,community_context,False,,,,False,not_relevant,no_adas_keyword,,UNKNOWN,,,,,,,
rec_9d108435e4da7260,Toyota Yaris,Yaris Cross Community Indonesia (YCCI),https://www.facebook.com/groups/331613226681705,post_5,post_5_comment_45,post_5,comment,,,,Bismillah..… Lihat selengkapnya,https://www.facebook.com/groups/331613226681705,2026-09-17T15:38:14Z,raw_data_run_20260917_223451_d693b9.csv,rec_9d108435e4da7260,False,Bismillah..… Lihat selengkapnya,bismillah..… lihat selengkapnya,Toyota Yaris,medium,community_context,False,,,,False,not_relevant,no_adas_keyword,,UNKNOWN,,,,,,,
rec_a3c48d7ad1a17c36,Toyota Yaris,Yaris Cross Community Indonesia (YCCI),https://www.facebook.com/groups/331613226681705,post_5,post_5_comment_46,post_5,comment,,,,"Izin cari rezeki
Bodykit Xpander Cross. Harga fullset mulai dari 1 jt-an
Salam Modifikasi Indonesia
-------------------------------------------------------
Upgrade your car with :
𝐁𝐎𝐃𝐘𝐊𝐈𝐓 𝐈𝐍𝐃𝐎𝐍𝐄𝐒𝐈𝐀
Lihat selengkapnya",https://www.facebook.com/groups/331613226681705,2026-09-17T15:38:17Z,raw_data_run_20260917_223451_d693b9.csv,rec_a3c48d7ad1a17c36,False,Izin cari rezeki Bodykit Xpander Cross. Harga fullset mulai dari 1 jt-an Salam Modifikasi Indonesia ------------------------------------------------------- Upgrade your car with : 𝐁𝐎𝐃𝐘𝐊𝐈𝐓 𝐈𝐍𝐃𝐎𝐍𝐄𝐒𝐈𝐀 Lihat selengkapnya,izin cari rezeki bodykit xpander cross. harga fullset mulai dari 1 jt-an salam modifikasi indonesia ------------------------------------------------------- upgrade your car with : 𝐁𝐎𝐃𝐘𝐊𝐈𝐓 𝐈𝐍𝐃𝐎𝐍𝐄𝐒𝐈𝐀 lihat selengkapnya,Toyota Yaris,medium,community_context,False,,,,False,not_relevant,no_adas_keyword,,UNKNOWN,,,,,,,
rec_b70bfa1923e19b73,Toyota Yaris,Yaris Cross Community Indonesia (YCCI),https://www.facebook.com/groups/331613226681705,post_5,post_5_comment_47,post_5,comment,,,,"@YARIS+TRD+SPORTIVO+2017+MANUAL+MT+
@SS+STNK+ONLY+SAJA+WAJIB+FAHAM+RIWAYAT+SANGAT+JELAS+HARGA+68JUTA+minat+inbok",https://www.facebook.com/groups/331613226681705,2026-09-17T15:38:19Z,raw_data_run_20260917_223451_d693b9.csv,rec_b70bfa1923e19b73,False,[mention] +TRD+SPORTIVO+2017+MANUAL+MT+ [mention] +STNK+ONLY+SAJA+WAJIB+FAHAM+RIWAYAT+SANGAT+JELAS+HARGA+68JUTA+minat+inbok,[mention] +trd+sportivo+2017+manual+mt+ [mention] +stnk+only+saja+wajib+faham+riwayat+sangat+jelas+harga+68juta+minat+inbok,Toyota Yaris,medium,community_context,False,,,,False,not_relevant,no_adas_keyword,,UNKNOWN,,,,,,,
rec_46c4b2fc19bc219e,Toyota Yaris,Yaris Cross Community Indonesia (YCCI),https://www.facebook.com/groups/331613226681705,post_5,post_5_comment_48,post_5,comment,,,,@SS+STNK+ONLY+SAJA+WAJIB+FAHAM+RIWAYAT+SANGAT+JELAS+HARGA+68JUTA+minat+inbok,https://www.facebook.com/groups/331613226681705,2026-09-17T15:38:19Z,raw_data_run_20260917_223451_d693b9.csv,rec_46c4b2fc19bc219e,False,[mention] +STNK+ONLY+SAJA+WAJIB+FAHAM+RIWAYAT+SANGAT+JELAS+HARGA+68JUTA+minat+inbok,[mention] +stnk+only+saja+wajib+faham+riwayat+sangat+jelas+harga+68juta+minat+inbok,Toyota Yaris,medium,community_context,False,,,,False,not_relevant,no_adas_keyword,,UNKNOWN,,,,,,,
rec_e5b476c8f871dda5,Toyota Yaris,Yaris Cross Community Indonesia (YCCI),https://www.facebook.com/groups/331613226681705,post_5,post_5_comment_49,post_5,comment,,,,"Salam sedikit perkongsian item untuk TOYOTA YARIS CROSS yang ada didalam platform shopee. Silakan survey jika ada yang mencari. Gambar hasil gemini
 .TQ admin 
Trapo Karpet Kereta Car Mat Toyota Yaris Cross Non-Hybrid (2023-Present) 
 https://s.shopee.com.my/7KpiEBNi2W.
Kamatto Classic Toyota Yaris Cross XP210 (2020-Present) Car Floor Mat and Carpet
 https://s.shopee.com.my/AUmjzkeWog… Lihat selengkapnya",https://www.facebook.com/groups/331613226681705,2026-09-17T15:38:21Z,raw_data_run_20260917_223451_d693b9.csv,rec_e5b476c8f871dda5,False,Salam sedikit perkongsian item untuk TOYOTA YARIS CROSS yang ada didalam platform shopee. Silakan survey jika ada yang mencari. Gambar hasil gemini .TQ admin Trapo Karpet Kereta Car Mat Toyota Yaris Cross Non-Hybrid (2023-Present) [url] Kamatto Classic Toyota Yaris Cross XP210 (2020-Present) Car Floor Mat and Carpet [url] Lihat selengkapnya,salam sedikit perkongsian item untuk toyota yaris cross yang ada didalam platform shopee. silakan survey jika ada yang mencari. gambar hasil gemini .tq admin trapo karpet kereta car mat toyota yaris cross non-hybrid (2023-present) [url] kamatto classic toyota yaris cross xp210 (2020-present) car floor mat and carpet [url] lihat selengkapnya,Toyota Yaris,high,explicit_text_alias_strong,False,,,,False,not_relevant,no_adas_keyword,,UNKNOWN,,,,,,,
rec_985c38e41e1e28fd,Toyota Yaris,Yaris Cross Community Indonesia (YCCI),https://www.facebook.com/groups/331613226681705,post_5,post_5_comment_50,post_5,comment,,,,"Salam sedikit perkongsian item untuk TOYOTA YARIS CROSS yang ada didalam platform shopee. Silakan survey jika ada yang mencari. Gambar hasil gemini
 .TQ admin",https://www.facebook.com/groups/331613226681705,2026-09-17T15:38:21Z,raw_data_run_20260917_223451_d693b9.csv,rec_985c38e41e1e28fd,False,Salam sedikit perkongsian item untuk TOYOTA YARIS CROSS yang ada didalam platform shopee. Silakan survey jika ada yang mencari. Gambar hasil gemini .TQ admin,salam sedikit perkongsian item untuk toyota yaris cross yang ada didalam platform shopee. silakan survey jika ada yang mencari. gambar hasil gemini .tq admin,Toyota Yaris,high,explicit_text_alias_strong,False,,,,False,not_relevant,no_adas_keyword,,UNKNOWN,,,,,,,
rec_87dbc055c01dddb0,Toyota Yaris,Yaris Cross Community Indonesia (YCCI),https://www.facebook.com/groups/331613226681705,post_5,post_5_comment_51,post_5,comment,,,,Trapo Karpet Kereta Car Mat Toyota Yaris Cross Non-Hybrid (2023-Present),https://www.facebook.com/groups/331613226681705,2026-09-17T15:38:21Z,raw_data_run_20260917_223451_d693b9.csv,rec_87dbc055c01dddb0,False,Trapo Karpet Kereta Car Mat Toyota Yaris Cross Non-Hybrid (2023-Present),trapo karpet kereta car mat toyota yaris cross non-hybrid (2023-present),Toyota Yaris,high,explicit_text_alias_strong,False,,,,False,not_relevant,no_adas_keyword,,UNKNOWN,,,,,,,
rec_a4dab080cfd0c790,Toyota Yaris,Yaris Cross Community Indonesia (YCCI),https://www.facebook.com/groups/331613226681705,post_5,post_5_comment_52,post_5,comment,,,,https://s.shopee.com.my/7KpiEBNi2W.,https://www.facebook.com/groups/331613226681705,2026-09-17T15:38:21Z,raw_data_run_20260917_223451_d693b9.csv,rec_a4dab080cfd0c790,False,[url],[url],Toyota Yaris,medium,community_context,False,,,,False,not_relevant,no_adas_keyword,,UNKNOWN,,,,,,,
rec_5d1819035a19c281,Toyota Yaris,Yaris Cross Community Indonesia (YCCI),https://www.facebook.com/groups/331613226681705,post_5,post_5_comment_53,post_5,comment,,,,Kamatto Classic Toyota Yaris Cross XP210 (2020-Present) Car Floor Mat and Carpet,https://www.facebook.com/groups/331613226681705,2026-09-17T15:38:21Z,raw_data_run_20260917_223451_d693b9.csv,rec_5d1819035a19c281,False,Kamatto Classic Toyota Yaris Cross XP210 (2020-Present) Car Floor Mat and Carpet,kamatto classic toyota yaris cross xp210 (2020-present) car floor mat and carpet,Toyota Yaris,high,explicit_text_alias_strong,False,,,,False,not_relevant,no_adas_keyword,,UNKNOWN,,,,,,,
rec_c3cd65f903d6efa1,Toyota Yaris,Yaris Cross Community Indonesia (YCCI),https://www.facebook.com/groups/331613226681705,post_5,post_5_comment_54,post_5,comment,,,,https://s.shopee.com.my/AUmjzkeWog… Lihat selengkapnya,https://www.facebook.com/groups/331613226681705,2026-09-17T15:38:21Z,raw_data_run_20260917_223451_d693b9.csv,rec_c3cd65f903d6efa1,False,[url] Lihat selengkapnya,[url] lihat selengkapnya,Toyota Yaris,medium,community_context,False,,,,False,not_relevant,no_adas_keyword,,UNKNOWN,,,,,,,
rec_93106b1d46a99d23,Toyota Yaris,Yaris Cross Community Indonesia (YCCI),https://www.facebook.com/groups/331613226681705,post_5,post_5_comment_55,post_5,comment,,,,"Ambient Light Car
Premium Ambience Light No Bintik Grade A+
Bisa Disemua Mobil
-
Bisa Rgb Matrix Kontrol Lewat Aplikasi
+ Setting 1 Warna
-
Lihat selengkapnya",https://www.facebook.com/groups/331613226681705,2026-09-17T15:38:22Z,raw_data_run_20260917_223451_d693b9.csv,rec_93106b1d46a99d23,False,Ambient Light Car Premium Ambience Light No Bintik Grade A+ Bisa Disemua Mobil - Bisa Rgb Matrix Kontrol Lewat Aplikasi + Setting 1 Warna - Lihat selengkapnya,ambient light car premium ambience light no bintik grade a+ bisa disemua mobil - bisa rgb matrix kontrol lewat aplikasi + setting 1 warna - lihat selengkapnya,Toyota Yaris,medium,community_context,False,,,,False,not_relevant,no_adas_keyword,,UNKNOWN,,,,,,,
rec_f600331290be3fd7,Toyota Yaris,Yaris Cross Community Indonesia (YCCI),https://www.facebook.com/groups/331613226681705,post_5,post_5_comment_56,post_5,comment,,,,Mau om,https://www.facebook.com/groups/331613226681705,2026-09-17T15:38:22Z,raw_data_run_20260917_223451_d693b9.csv,rec_f600331290be3fd7,False,Mau om,mau om,Toyota Yaris,medium,community_context,False,,,,False,not_relevant,no_adas_keyword,,UNKNOWN,,,,,,,
rec_0aee71ff7745a31e,Toyota Yaris,Yaris Cross Community Indonesia (YCCI),https://www.facebook.com/groups/331613226681705,post_5,post_5_comment_57,post_5,comment,,,,"@YARIS TRD SPORTIVO 2017 MANUAL MT 
@SS STNK ONLY SAJA WAJIB FAHAM RIWAYAT SANGAT JELAS HARGA 68JUTA CALL BY WA 
https://wa.me/62085126495267",https://www.facebook.com/groups/331613226681705,2026-09-17T15:38:24Z,raw_data_run_20260917_223451_d693b9.csv,rec_0aee71ff7745a31e,False,[mention] TRD SPORTIVO 2017 MANUAL MT [mention] STNK ONLY SAJA WAJIB FAHAM RIWAYAT SANGAT JELAS HARGA 68JUTA CALL BY WA [url],[mention] trd sportivo 2017 manual mt [mention] stnk only saja wajib faham riwayat sangat jelas harga 68juta call by wa [url],Toyota Yaris,medium,community_context,False,,,,False,not_relevant,no_adas_keyword,,UNKNOWN,,,,,,,
rec_b439b5e90f71f0f3,Toyota Yaris,Yaris Cross Community Indonesia (YCCI),https://www.facebook.com/groups/331613226681705,post_5,post_5_comment_58,post_5,comment,,,,@YARIS TRD SPORTIVO 2017 MANUAL MT,https://www.facebook.com/groups/331613226681705,2026-09-17T15:38:24Z,raw_data_run_20260917_223451_d693b9.csv,rec_b439b5e90f71f0f3,False,[mention] TRD SPORTIVO 2017 MANUAL MT,[mention] trd sportivo 2017 manual mt,Toyota Yaris,medium,community_context,False,,,,False,not_relevant,no_adas_keyword,,UNKNOWN,,,,,,,
rec_9952710cb19045b5,Toyota Yaris,Yaris Cross Community Indonesia (YCCI),https://www.facebook.com/groups/331613226681705,post_5,post_5_comment_59,post_5,comment,,,,"@SS STNK ONLY SAJA WAJIB FAHAM RIWAYAT SANGAT JELAS HARGA 68JUTA CALL BY WA 
https://wa.me/62085126495267",https://www.facebook.com/groups/331613226681705,2026-09-17T15:38:24Z,raw_data_run_20260917_223451_d693b9.csv,rec_9952710cb19045b5,False,[mention] STNK ONLY SAJA WAJIB FAHAM RIWAYAT SANGAT JELAS HARGA 68JUTA CALL BY WA [url],[mention] stnk only saja wajib faham riwayat sangat jelas harga 68juta call by wa [url],Toyota Yaris,medium,community_context,False,,,,False,not_relevant,no_adas_keyword,,UNKNOWN,,,,,,,
rec_424be739f1e28ea5,Toyota Yaris,Yaris Cross Community Indonesia (YCCI),https://www.facebook.com/groups/331613226681705,post_5,post_5_comment_60,post_5,comment,,,,"*Cover jok : Yaris lele ( SECOND ) 
*Tahun*     : 2014-2021… Lihat selengkapnya",https://www.facebook.com/groups/331613226681705,2026-09-17T15:38:26Z,raw_data_run_20260917_223451_d693b9.csv,rec_424be739f1e28ea5,False,*Cover jok : Yaris lele ( SECOND ) *Tahun* : 2014-2021… Lihat selengkapnya,*cover jok : yaris lele ( second ) *tahun* : 2014-2021… lihat selengkapnya,Toyota Yaris,high,explicit_text_alias_strong,False,,,,False,not_relevant,no_adas_keyword,,UNKNOWN,,,,,,,
rec_914192b5c098f3cc,Toyota Yaris,Yaris Cross Community Indonesia (YCCI),https://www.facebook.com/groups/331613226681705,post_5,post_5_comment_61,post_5,comment,,,,*Cover jok : Yaris lele ( SECOND ),https://www.facebook.com/groups/331613226681705,2026-09-17T15:38:26Z,raw_data_run_20260917_223451_d693b9.csv,rec_914192b5c098f3cc,False,*Cover jok : Yaris lele ( SECOND ),*cover jok : yaris lele ( second ),Toyota Yaris,high,explicit_text_alias_strong,False,,,,False,not_relevant,no_adas_keyword,,UNKNOWN,,,,,,,
rec_b1e785131f59e15a,Toyota Yaris,Yaris Cross Community Indonesia (YCCI),https://www.facebook.com/groups/331613226681705,post_5,post_5_comment_62,post_5,comment,,,,*Tahun*     : 2014-2021… Lihat selengkapnya,https://www.facebook.com/groups/331613226681705,2026-09-17T15:38:26Z,raw_data_run_20260917_223451_d693b9.csv,rec_b1e785131f59e15a,False,*Tahun* : 2014-2021… Lihat selengkapnya,*tahun* : 2014-2021… lihat selengkapnya,Toyota Yaris,medium,community_context,False,,,,False,not_relevant,no_adas_keyword,,UNKNOWN,,,,,,,
rec_e1f114306da72559,Toyota Yaris,Yaris Cross Community Indonesia (YCCI),https://www.facebook.com/groups/331613226681705,post_6,,,post,,,,"*Cover jok : Yaris lele ( SECOND ) 
*Tahun*     : 2014-2021… Lihat selengkapnya",https://www.facebook.com/groups/331613226681705,2026-09-17T15:38:26Z,raw_data_run_20260917_223451_d693b9.csv,rec_e1f114306da72559,False,*Cover jok : Yaris lele ( SECOND ) *Tahun* : 2014-2021… Lihat selengkapnya,*cover jok : yaris lele ( second ) *tahun* : 2014-2021… lihat selengkapnya,Toyota Yaris,high,explicit_text_alias_strong,False,,,,False,not_relevant,no_adas_keyword,,UNKNOWN,,,,,,,
rec_58930c5dd2bc9354,Toyota Yaris,Yaris Cross Community Indonesia (YCCI),https://www.facebook.com/groups/331613226681705,post_6,post_6_comment_1,post_6,comment,,,,"@ES TEH ONLY SJ
@YARIS TRD S 2017 MANUAL BEBAS LINTAS PLAT NEMPEL HARGA 68JUTA SAJA LOKASI PASURUAN CALL WA 
https://wa.me/62085137751296",https://www.facebook.com/groups/331613226681705,2026-09-17T15:38:29Z,raw_data_run_20260917_223451_d693b9.csv,rec_58930c5dd2bc9354,False,[mention] TEH ONLY SJ [mention] TRD S 2017 MANUAL BEBAS LINTAS PLAT NEMPEL HARGA 68JUTA SAJA LOKASI PASURUAN CALL WA [url],[mention] teh only sj [mention] trd s 2017 manual bebas lintas plat nempel harga 68juta saja lokasi pasuruan call wa [url],Toyota Yaris,medium,community_context,False,,,,False,not_relevant,no_adas_keyword,,UNKNOWN,,,,,,,
rec_3f0620f7bc72c6af,Toyota Yaris,Yaris Cross Community Indonesia (YCCI),https://www.facebook.com/groups/331613226681705,post_6,post_6_comment_2,post_6,comment,,,,@ES TEH ONLY SJ,https://www.facebook.com/groups/331613226681705,2026-09-17T15:38:29Z,raw_data_run_20260917_223451_d693b9.csv,rec_3f0620f7bc72c6af,False,[mention] TEH ONLY SJ,[mention] teh only sj,Toyota Yaris,medium,community_context,False,,,,False,not_relevant,no_adas_keyword,,UNKNOWN,,,,,,,
rec_9cff774b441a1622,Toyota Yaris,Yaris Cross Community Indonesia (YCCI),https://www.facebook.com/groups/331613226681705,post_6,post_6_comment_3,post_6,comment,,,,"@YARIS TRD S 2017 MANUAL BEBAS LINTAS PLAT NEMPEL HARGA 68JUTA SAJA LOKASI PASURUAN CALL WA 
https://wa.me/62085137751296",https://www.facebook.com/groups/331613226681705,2026-09-17T15:38:29Z,raw_data_run_20260917_223451_d693b9.csv,rec_9cff774b441a1622,False,[mention] TRD S 2017 MANUAL BEBAS LINTAS PLAT NEMPEL HARGA 68JUTA SAJA LOKASI PASURUAN CALL WA [url],[mention] trd s 2017 manual bebas lintas plat nempel harga 68juta saja lokasi pasuruan call wa [url],Toyota Yaris,medium,community_context,False,,,,False,not_relevant,no_adas_keyword,,UNKNOWN,,,,,,,
rec_47cd65c514d78e50,Toyota Yaris,Yaris Cross Community Indonesia (YCCI),https://www.facebook.com/groups/331613226681705,post_6,post_6_comment_4,post_6,comment,,,,Xmate karpet mobil Yaris Cross,https://www.facebook.com/groups/331613226681705,2026-09-17T15:38:29Z,raw_data_run_20260917_223451_d693b9.csv,rec_47cd65c514d78e50,False,Xmate karpet mobil Yaris Cross,xmate karpet mobil yaris cross,Toyota Yaris,high,explicit_text_alias_strong,False,,,,False,not_relevant,no_adas_keyword,,UNKNOWN,,,,,,,
rec_13036232dc08bf06,Toyota Yaris,Yaris Cross Community Indonesia (YCCI),https://www.facebook.com/groups/331613226681705,post_6,post_6_comment_5,post_6,comment,,,,Mempererat dan memperluas hubungan silahturahmi antar sesama pengguna mobil Toyota Yaris Cross,https://www.facebook.com/groups/331613226681705,2026-09-17T15:38:29Z,raw_data_run_20260917_223451_d693b9.csv,rec_13036232dc08bf06,False,Mempererat dan memperluas hubungan silahturahmi antar sesama pengguna mobil Toyota Yaris Cross,mempererat dan memperluas hubungan silahturahmi antar sesama pengguna mobil toyota yaris cross,Toyota Yaris,high,explicit_text_alias_strong,False,,,,False,not_relevant,no_adas_keyword,,UNKNOWN,,,,,,,
rec_454b3cd88a63515d,Toyota Yaris,Yaris Cross Community Indonesia (YCCI),https://www.facebook.com/groups/331613226681705,post_6,post_6_comment_6,post_6,comment,,,,"dijual
New Yaris TRDSportivo 2018 Manual … Lihat selengkapnya",https://www.facebook.com/groups/331613226681705,2026-09-17T15:38:31Z,raw_data_run_20260917_223451_d693b9.csv,rec_454b3cd88a63515d,False,dijual New Yaris TRDSportivo 2018 Manual … Lihat selengkapnya,dijual new yaris trdsportivo 2018 manual … lihat selengkapnya,Toyota Yaris,high,explicit_text_alias_strong,False,,,,False,not_relevant,no_adas_keyword,,UNKNOWN,,,,,,,
rec_70f6c4299026d84a,Toyota Yaris,Yaris Cross Community Indonesia (YCCI),https://www.facebook.com/groups/331613226681705,post_6,post_6_comment_7,post_6,comment,,,,dijual,https://www.facebook.com/groups/331613226681705,2026-09-17T15:38:31Z,raw_data_run_20260917_223451_d693b9.csv,rec_70f6c4299026d84a,False,dijual,dijual,Toyota Yaris,medium,community_context,False,,,,False,not_relevant,no_adas_keyword,,UNKNOWN,,,,,,,
rec_cb068d4c0e54c906,Toyota Yaris,Yaris Cross Community Indonesia (YCCI),https://www.facebook.com/groups/331613226681705,post_6,post_6_comment_8,post_6,comment,,,,New Yaris TRDSportivo 2018 Manual … Lihat selengkapnya,https://www.facebook.com/groups/331613226681705,2026-09-17T15:38:31Z,raw_data_run_20260917_223451_d693b9.csv,rec_cb068d4c0e54c906,False,New Yaris TRDSportivo 2018 Manual … Lihat selengkapnya,new yaris trdsportivo 2018 manual … lihat selengkapnya,Toyota Yaris,high,explicit_text_alias_strong,False,,,,False,not_relevant,no_adas_keyword,,UNKNOWN,,,,,,,
rec_f9f7ca8ad0bf5b40,Toyota Yaris,Yaris Cross Community Indonesia (YCCI),https://www.facebook.com/groups/331613226681705,post_6,post_6_comment_9,post_6,comment,,,,"FS Toyota Yaris Cross Hybrid GR TSS Black
Ijin kakak admin dan lainnya,
Mau jual mobil irit lincah keren ini
NIK 2024 atas nama CV milik sendiri
Lihat selengkapnya",https://www.facebook.com/groups/331613226681705,2026-09-17T15:38:31Z,raw_data_run_20260917_223451_d693b9.csv,rec_f9f7ca8ad0bf5b40,False,"FS Toyota Yaris Cross Hybrid GR TSS Black Ijin kakak admin dan lainnya, Mau jual mobil irit lincah keren ini NIK 2024 atas nama CV milik sendiri Lihat selengkapnya","fs toyota yaris cross hybrid gr tss black ijin kakak admin dan lainnya, mau jual mobil irit lincah keren ini nik 2024 atas nama cv milik sendiri lihat selengkapnya",Toyota Yaris,high,explicit_text_alias_strong,True,TSS,combined_adas,,True,uncertain,generic_adas_terms_only,low,UNKNOWN,not_stated,not_stated,uncertain,positive,not_stated,unclear,low
rec_cc92b1d31be80dd3,Toyota Yaris,Yaris Cross Community Indonesia (YCCI),https://www.facebook.com/groups/331613226681705,post_6,post_6_comment_10,post_6,comment,,,,"Yaris Cross G 2024
Hitam
Surat² lengkap
Pajak on
Odo 27rban on-going… Lihat selengkapnya",https://www.facebook.com/groups/331613226681705,2026-09-17T15:38:34Z,raw_data_run_20260917_223451_d693b9.csv,rec_cc92b1d31be80dd3,False,Yaris Cross G 2024 Hitam Surat² lengkap Pajak on Odo 27rban on-going… Lihat selengkapnya,yaris cross g 2024 hitam surat² lengkap pajak on odo 27rban on-going… lihat selengkapnya,Toyota Yaris,high,explicit_text_alias_strong,False,,,,False,not_relevant,no_adas_keyword,,UNKNOWN,,,,,,,
rec_f95b9d3e13838c2c,Toyota Yaris,Yaris Cross Community Indonesia (YCCI),https://www.facebook.com/groups/331613226681705,post_6,post_6_comment_11,post_6,comment,,,,Yaris Cross G 2024,https://www.facebook.com/groups/331613226681705,2026-09-17T15:38:34Z,raw_data_run_20260917_223451_d693b9.csv,rec_f95b9d3e13838c2c,False,Yaris Cross G 2024,yaris cross g 2024,Toyota Yaris,high,explicit_text_alias_strong,False,,,,False,not_relevant,no_adas_keyword,,UNKNOWN,,,,,,,
rec_e91d1521f828e3c3,Toyota Yaris,Yaris Cross Community Indonesia (YCCI),https://www.facebook.com/groups/331613226681705,post_6,post_6_comment_12,post_6,comment,,,,Hitam,https://www.facebook.com/groups/331613226681705,2026-09-17T15:38:34Z,raw_data_run_20260917_223451_d693b9.csv,rec_e91d1521f828e3c3,False,Hitam,hitam,Toyota Yaris,medium,community_context,False,,,,False,not_relevant,no_adas_keyword,,UNKNOWN,,,,,,,
rec_071d655008a17424,Toyota Yaris,Yaris Cross Community Indonesia (YCCI),https://www.facebook.com/groups/331613226681705,post_6,post_6_comment_13,post_6,comment,,,,Surat² lengkap,https://www.facebook.com/groups/331613226681705,2026-09-17T15:38:34Z,raw_data_run_20260917_223451_d693b9.csv,rec_071d655008a17424,False,Surat² lengkap,surat² lengkap,Toyota Yaris,medium,community_context,False,,,,False,not_relevant,no_adas_keyword,,UNKNOWN,,,,,,,
rec_16c1e9a8c03b6423,Toyota Yaris,Yaris Cross Community Indonesia (YCCI),https://www.facebook.com/groups/331613226681705,post_6,post_6_comment_14,post_6,comment,,,,Pajak on,https://www.facebook.com/groups/331613226681705,2026-09-17T15:38:34Z,raw_data_run_20260917_223451_d693b9.csv,rec_16c1e9a8c03b6423,False,Pajak on,pajak on,Toyota Yaris,medium,community_context,False,,,,False,not_relevant,no_adas_keyword,,UNKNOWN,,,,,,,
rec_180167965901c58b,Toyota Yaris,Yaris Cross Community Indonesia (YCCI),https://www.facebook.com/groups/331613226681705,post_6,post_6_comment_15,post_6,comment,,,,Odo 27rban on-going… Lihat selengkapnya,https://www.facebook.com/groups/331613226681705,2026-09-17T15:38:34Z,raw_data_run_20260917_223451_d693b9.csv,rec_180167965901c58b,False,Odo 27rban on-going… Lihat selengkapnya,odo 27rban on-going… lihat selengkapnya,Toyota Yaris,medium,community_context,False,,,,False,not_relevant,no_adas_keyword,,UNKNOWN,,,,,,,
rec_856d5a75e2556ef8,Toyota Yaris,Yaris Cross Community Indonesia (YCCI),https://www.facebook.com/groups/331613226681705,post_6,post_6_comment_16,post_6,comment,,,,"STNK ONLY DAN APLIKASI SAJA RIWAYAT LEASING JELAS BUKAN UNIT RENTAL DAN CURIAN
YANG PAHAM DAN BERPENGALAMAN … Lihat selengkapnya",https://www.facebook.com/groups/331613226681705,2026-09-17T15:38:35Z,raw_data_run_20260917_223451_d693b9.csv,rec_856d5a75e2556ef8,False,STNK ONLY DAN APLIKASI SAJA RIWAYAT LEASING JELAS BUKAN UNIT RENTAL DAN CURIAN YANG PAHAM DAN BERPENGALAMAN … Lihat selengkapnya,stnk only dan aplikasi saja riwayat leasing jelas bukan unit rental dan curian yang paham dan berpengalaman … lihat selengkapnya,Toyota Yaris,medium,community_context,False,,,,False,not_relevant,no_adas_keyword,,UNKNOWN,,,,,,,
rec_2fd49925ba5d6cd6,Toyota Yaris,Yaris Cross Community Indonesia (YCCI),https://www.facebook.com/groups/331613226681705,post_6,post_6_comment_17,post_6,comment,,,,STNK ONLY DAN APLIKASI SAJA RIWAYAT LEASING JELAS BUKAN UNIT RENTAL DAN CURIAN,https://www.facebook.com/groups/331613226681705,2026-09-17T15:38:35Z,raw_data_run_20260917_223451_d693b9.csv,rec_2fd49925ba5d6cd6,False,STNK ONLY DAN APLIKASI SAJA RIWAYAT LEASING JELAS BUKAN UNIT RENTAL DAN CURIAN,stnk only dan aplikasi saja riwayat leasing jelas bukan unit rental dan curian,Toyota Yaris,medium,community_context,False,,,,False,not_relevant,no_adas_keyword,,UNKNOWN,,,,,,,
rec_ef66fa395e2b838e,Toyota Yaris,Yaris Cross Community Indonesia (YCCI),https://www.facebook.com/groups/331613226681705,post_6,post_6_comment_18,post_6,comment,,,,YANG PAHAM DAN BERPENGALAMAN … Lihat selengkapnya,https://www.facebook.com/groups/331613226681705,2026-09-17T15:38:35Z,raw_data_run_20260917_223451_d693b9.csv,rec_ef66fa395e2b838e,False,YANG PAHAM DAN BERPENGALAMAN … Lihat selengkapnya,yang paham dan berpengalaman … lihat selengkapnya,Toyota Yaris,medium,community_context,False,,,,False,not_relevant,no_adas_keyword,,UNKNOWN,,,,,,,
rec_535c3cd3b8705daf,Toyota Yaris,Yaris Cross Community Indonesia (YCCI),https://www.facebook.com/groups/331613226681705,post_6,post_6_comment_19,post_6,comment,,,,"Jual sparepart berkualitas 
Whatsapp 
 085934378954… Lihat selengkapnya",https://www.facebook.com/groups/331613226681705,2026-09-17T15:38:37Z,raw_data_run_20260917_223451_d693b9.csv,rec_535c3cd3b8705daf,False,Jual sparepart berkualitas Whatsapp 085934378954… Lihat selengkapnya,jual sparepart berkualitas whatsapp 085934378954… lihat selengkapnya,Toyota Yaris,medium,community_context,False,,,,False,not_relevant,no_adas_keyword,,UNKNOWN,,,,,,,
rec_e61668c924a84640,Toyota Yaris,Yaris Cross Community Indonesia (YCCI),https://www.facebook.com/groups/331613226681705,post_6,post_6_comment_20,post_6,comment,,,,Jual sparepart berkualitas,https://www.facebook.com/groups/331613226681705,2026-09-17T15:38:37Z,raw_data_run_20260917_223451_d693b9.csv,rec_e61668c924a84640,False,Jual sparepart berkualitas,jual sparepart berkualitas,Toyota Yaris,medium,community_context,False,,,,False,not_relevant,no_adas_keyword,,UNKNOWN,,,,,,,
rec_7a9f2cb4b6eaf778,Toyota Yaris,Yaris Cross Community Indonesia (YCCI),https://www.facebook.com/groups/331613226681705,post_6,post_6_comment_21,post_6,comment,,,,"Whatsapp 
 085934378954… Lihat selengkapnya",https://www.facebook.com/groups/331613226681705,2026-09-17T15:38:37Z,raw_data_run_20260917_223451_d693b9.csv,rec_7a9f2cb4b6eaf778,False,Whatsapp 085934378954… Lihat selengkapnya,whatsapp 085934378954… lihat selengkapnya,Toyota Yaris,medium,community_context,False,,,,False,not_relevant,no_adas_keyword,,UNKNOWN,,,,,,,
rec_0b839c2824600f4e,Toyota Yaris,Yaris Cross Community Indonesia (YCCI),https://www.facebook.com/groups/331613226681705,post_6,post_6_comment_22,post_6,comment,,,,"Kamera parkir TOYOTA 
 inova reborn… Lihat selengkapnya",https://www.facebook.com/groups/331613226681705,2026-09-17T15:38:39Z,raw_data_run_20260917_223451_d693b9.csv,rec_0b839c2824600f4e,False,Kamera parkir TOYOTA inova reborn… Lihat selengkapnya,kamera parkir toyota inova reborn… lihat selengkapnya,Toyota Yaris,medium,community_context,False,,,,False,not_relevant,no_adas_keyword,,UNKNOWN,,,,,,,
rec_06537fd12ce0778c,Toyota Yaris,Yaris Cross Community Indonesia (YCCI),https://www.facebook.com/groups/331613226681705,post_6,post_6_comment_23,post_6,comment,,,,Kamera parkir TOYOTA,https://www.facebook.com/groups/331613226681705,2026-09-17T15:38:39Z,raw_data_run_20260917_223451_d693b9.csv,rec_06537fd12ce0778c,False,Kamera parkir TOYOTA,kamera parkir toyota,Toyota Yaris,medium,community_context,False,,,,False,not_relevant,no_adas_keyword,,UNKNOWN,,,,,,,
rec_b4035d13048f87c9,Toyota Yaris,Yaris Cross Community Indonesia (YCCI),https://www.facebook.com/groups/331613226681705,post_6,post_6_comment_24,post_6,comment,,,,inova reborn… Lihat selengkapnya,https://www.facebook.com/groups/331613226681705,2026-09-17T15:38:39Z,raw_data_run_20260917_223451_d693b9.csv,rec_b4035d13048f87c9,False,inova reborn… Lihat selengkapnya,inova reborn… lihat selengkapnya,Toyota Yaris,medium,community_context,False,,,,False,not_relevant,no_adas_keyword,,UNKNOWN,,,,,,,
rec_40c86a64b201629b,Toyota Yaris,Yaris Cross Community Indonesia (YCCI),https://www.facebook.com/groups/331613226681705,post_6,post_6_comment_25,post_6,comment,,,,"Dijual Murah Paket Velg+ Ban RPF R16 Yaris Second Mulus, Jauh Bisa Kirim Lewat Shopee https://s.shopee.co.id/80CTfROAaO",https://www.facebook.com/groups/331613226681705,2026-09-17T15:38:40Z,raw_data_run_20260917_223451_d693b9.csv,rec_40c86a64b201629b,False,"Dijual Murah Paket Velg+ Ban RPF R16 Yaris Second Mulus, Jauh Bisa Kirim Lewat Shopee [url]","dijual murah paket velg+ ban rpf r16 yaris second mulus, jauh bisa kirim lewat shopee [url]",Toyota Yaris,high,explicit_text_alias_strong,False,,,,False,not_relevant,no_adas_keyword,,UNKNOWN,,,,,,,
rec_7666816e51ded666,Toyota Yaris,Yaris Cross Community Indonesia (YCCI),https://www.facebook.com/groups/331613226681705,post_6,post_6_comment_26,post_6,comment,,,,"dijual
Yaris TRDSportivo 2019 Matic … Lihat selengkapnya",https://www.facebook.com/groups/331613226681705,2026-09-17T15:38:42Z,raw_data_run_20260917_223451_d693b9.csv,rec_7666816e51ded666,False,dijual Yaris TRDSportivo 2019 Matic … Lihat selengkapnya,dijual yaris trdsportivo 2019 matic … lihat selengkapnya,Toyota Yaris,high,explicit_text_alias_strong,False,,,,False,not_relevant,no_adas_keyword,,UNKNOWN,,,,,,,
rec_e760920a2c9bd4a9,Toyota Yaris,Yaris Cross Community Indonesia (YCCI),https://www.facebook.com/groups/331613226681705,post_6,post_6_comment_27,post_6,comment,,,,Yaris TRDSportivo 2019 Matic … Lihat selengkapnya,https://www.facebook.com/groups/331613226681705,2026-09-17T15:38:42Z,raw_data_run_20260917_223451_d693b9.csv,rec_e760920a2c9bd4a9,False,Yaris TRDSportivo 2019 Matic … Lihat selengkapnya,yaris trdsportivo 2019 matic … lihat selengkapnya,Toyota Yaris,high,explicit_text_alias_strong,False,,,,False,not_relevant,no_adas_keyword,,UNKNOWN,,,,,,,
rec_0e1294e9ef485dfb,Toyota Yaris,Yaris Cross Community Indonesia (YCCI),https://www.facebook.com/groups/331613226681705,post_6,post_6_comment_28,post_6,comment,,,,"Edisi Bantu Jual Punya Teman
For Sale Toyota Yaris Cross S Hybrid GR TSS 2024 
Tipe Tertinggi 
Warna Two tone Putih - Hitam… Lihat selengkapnya",https://www.facebook.com/groups/331613226681705,2026-09-17T15:38:45Z,raw_data_run_20260917_223451_d693b9.csv,rec_0e1294e9ef485dfb,False,Edisi Bantu Jual Punya Teman For Sale Toyota Yaris Cross S Hybrid GR TSS 2024 Tipe Tertinggi Warna Two tone Putih - Hitam… Lihat selengkapnya,edisi bantu jual punya teman for sale toyota yaris cross s hybrid gr tss 2024 tipe tertinggi warna two tone putih - hitam… lihat selengkapnya,Toyota Yaris,high,explicit_text_alias_strong,True,TSS,combined_adas,,True,uncertain,generic_adas_terms_only,low,UNKNOWN,not_stated,not_stated,uncertain,positive,not_stated,unclear,low
rec_e17a48080b7b5653,Toyota Yaris,Yaris Cross Community Indonesia (YCCI),https://www.facebook.com/groups/331613226681705,post_6,post_6_comment_29,post_6,comment,,,,Edisi Bantu Jual Punya Teman,https://www.facebook.com/groups/331613226681705,2026-09-17T15:38:45Z,raw_data_run_20260917_223451_d693b9.csv,rec_e17a48080b7b5653,False,Edisi Bantu Jual Punya Teman,edisi bantu jual punya teman,Toyota Yaris,medium,community_context,False,,,,False,not_relevant,no_adas_keyword,,UNKNOWN,,,,,,,
rec_fb76398a56424820,Toyota Yaris,Yaris Cross Community Indonesia (YCCI),https://www.facebook.com/groups/331613226681705,post_6,post_6_comment_30,post_6,comment,,,,For Sale Toyota Yaris Cross S Hybrid GR TSS 2024,https://www.facebook.com/groups/331613226681705,2026-09-17T15:38:45Z,raw_data_run_20260917_223451_d693b9.csv,rec_fb76398a56424820,False,For Sale Toyota Yaris Cross S Hybrid GR TSS 2024,for sale toyota yaris cross s hybrid gr tss 2024,Toyota Yaris,high,explicit_text_alias_strong,True,TSS,combined_adas,,True,uncertain,generic_adas_terms_only,low,UNKNOWN,not_stated,not_stated,uncertain,neutral,not_stated,unclear,low
rec_4c3c4c9361fdb30a,Toyota Yaris,Yaris Cross Community Indonesia (YCCI),https://www.facebook.com/groups/331613226681705,post_6,post_6_comment_31,post_6,comment,,,,Tipe Tertinggi,https://www.facebook.com/groups/331613226681705,2026-09-17T15:38:45Z,raw_data_run_20260917_223451_d693b9.csv,rec_4c3c4c9361fdb30a,False,Tipe Tertinggi,tipe tertinggi,Toyota Yaris,medium,community_context,False,,,,False,not_relevant,no_adas_keyword,,UNKNOWN,,,,,,,
rec_76c1e7cc3eecc6e6,Toyota Yaris,Yaris Cross Community Indonesia (YCCI),https://www.facebook.com/groups/331613226681705,post_6,post_6_comment_32,post_6,comment,,,,Warna Two tone Putih - Hitam… Lihat selengkapnya,https://www.facebook.com/groups/331613226681705,2026-09-17T15:38:45Z,raw_data_run_20260917_223451_d693b9.csv,rec_76c1e7cc3eecc6e6,False,Warna Two tone Putih - Hitam… Lihat selengkapnya,warna two tone putih - hitam… lihat selengkapnya,Toyota Yaris,medium,community_context,False,,,,False,not_relevant,no_adas_keyword,,UNKNOWN,,,,,,,
rec_7b7b83485d9fe591,Toyota Yaris,Yaris Cross Community Indonesia (YCCI),https://www.facebook.com/groups/331613226681705,post_6,post_6_comment_33,post_6,comment,,,,"@YARIS+TRD+SPORTIVO+2017+MANUAL+MT+
@SS+STNK+ONLY+SAJA+WAJIB+FAHAM+RIWAYAT+SANGAT+JELAS+HARGA+68JUTA+minat+wa.+083876865676",https://www.facebook.com/groups/331613226681705,2026-09-17T15:38:47Z,raw_data_run_20260917_223451_d693b9.csv,rec_7b7b83485d9fe591,False,[mention] +TRD+SPORTIVO+2017+MANUAL+MT+ [mention] +STNK+ONLY+SAJA+WAJIB+FAHAM+RIWAYAT+SANGAT+JELAS+HARGA+68JUTA+minat+wa.+083876865676,[mention] +trd+sportivo+2017+manual+mt+ [mention] +stnk+only+saja+wajib+faham+riwayat+sangat+jelas+harga+68juta+minat+wa.+083876865676,Toyota Yaris,medium,community_context,False,,,,False,not_relevant,no_adas_keyword,,UNKNOWN,,,,,,,
rec_2fbff3feef17a501,Toyota Yaris,Yaris Cross Community Indonesia (YCCI),https://www.facebook.com/groups/331613226681705,post_6,post_6_comment_34,post_6,comment,,,,@YARIS+TRD+SPORTIVO+2017+MANUAL+MT+,https://www.facebook.com/groups/331613226681705,2026-09-17T15:38:47Z,raw_data_run_20260917_223451_d693b9.csv,rec_2fbff3feef17a501,False,[mention] +TRD+SPORTIVO+2017+MANUAL+MT+,[mention] +trd+sportivo+2017+manual+mt+,Toyota Yaris,medium,community_context,False,,,,False,not_relevant,no_adas_keyword,,UNKNOWN,,,,,,,
rec_eac41240c8aa5b9c,Toyota Yaris,Yaris Cross Community Indonesia (YCCI),https://www.facebook.com/groups/331613226681705,post_6,post_6_comment_35,post_6,comment,,,,@SS+STNK+ONLY+SAJA+WAJIB+FAHAM+RIWAYAT+SANGAT+JELAS+HARGA+68JUTA+minat+wa.+083876865676,https://www.facebook.com/groups/331613226681705,2026-09-17T15:38:47Z,raw_data_run_20260917_223451_d693b9.csv,rec_eac41240c8aa5b9c,False,[mention] +STNK+ONLY+SAJA+WAJIB+FAHAM+RIWAYAT+SANGAT+JELAS+HARGA+68JUTA+minat+wa.+083876865676,[mention] +stnk+only+saja+wajib+faham+riwayat+sangat+jelas+harga+68juta+minat+wa.+083876865676,Toyota Yaris,medium,community_context,False,,,,False,not_relevant,no_adas_keyword,,UNKNOWN,,,,,,,
rec_9fca9d85637c0c77,Toyota Yaris,Yaris Cross Community Indonesia (YCCI),https://www.facebook.com/groups/331613226681705,post_6,post_6_comment_36,post_6,comment,,,,"𝗠𝗲𝘀𝗶𝗻 𝗦𝗲𝗴𝗲𝗹𝘂𝗻𝗱𝘂𝗻𝗴 𝗞𝗼𝗺𝗽𝗹𝗶𝘁, 𝗞𝗼𝗻𝗱𝗶𝘀𝗶 𝗦𝗮𝗻𝗴𝗮𝘁 𝗦𝗲𝗵𝗮𝘁 & 𝗡𝘆𝗮𝗹𝗮 𝗡𝗼𝗿𝗺𝗮𝗹
Siap COD di lokasi, bisa cek dulu kondisi fisiknya dulu
https://s.shopee.co.id/7psvwcMrVq
https://s.shopee.co.id/7psvwcMrVq
Segelundung murah mawon monggo dg SS lengkap
Bisa jg… Lihat selengkapnya",https://www.facebook.com/groups/331613226681705,2026-09-17T15:38:48Z,raw_data_run_20260917_223451_d693b9.csv,rec_9fca9d85637c0c77,False,"𝗠𝗲𝘀𝗶𝗻 𝗦𝗲𝗴𝗲𝗹𝘂𝗻𝗱𝘂𝗻𝗴 𝗞𝗼𝗺𝗽𝗹𝗶𝘁, 𝗞𝗼𝗻𝗱𝗶𝘀𝗶 𝗦𝗮𝗻𝗴𝗮𝘁 𝗦𝗲𝗵𝗮𝘁 & 𝗡𝘆𝗮𝗹𝗮 𝗡𝗼𝗿𝗺𝗮𝗹 Siap COD di lokasi, bisa cek dulu kondisi fisiknya dulu [url] [url] Segelundung murah mawon monggo dg SS lengkap Bisa jg… Lihat selengkapnya","𝗠𝗲𝘀𝗶𝗻 𝗦𝗲𝗴𝗲𝗹𝘂𝗻𝗱𝘂𝗻𝗴 𝗞𝗼𝗺𝗽𝗹𝗶𝘁, 𝗞𝗼𝗻𝗱𝗶𝘀𝗶 𝗦𝗮𝗻𝗴𝗮𝘁 𝗦𝗲𝗵𝗮𝘁 & 𝗡𝘆𝗮𝗹𝗮 𝗡𝗼𝗿𝗺𝗮𝗹 siap cod di lokasi, bisa cek dulu kondisi fisiknya dulu [url] [url] segelundung murah mawon monggo dg ss lengkap bisa jg… lihat selengkapnya",Toyota Yaris,medium,community_context,False,,,,False,not_relevant,no_adas_keyword,,UNKNOWN,,,,,,,
rec_8b865c20b31f2f69,Toyota Yaris,Yaris Cross Community Indonesia (YCCI),https://www.facebook.com/groups/331613226681705,post_6,post_6_comment_37,post_6,comment,,,,"𝗠𝗲𝘀𝗶𝗻 𝗦𝗲𝗴𝗲𝗹𝘂𝗻𝗱𝘂𝗻𝗴 𝗞𝗼𝗺𝗽𝗹𝗶𝘁, 𝗞𝗼𝗻𝗱𝗶𝘀𝗶 𝗦𝗮𝗻𝗴𝗮𝘁 𝗦𝗲𝗵𝗮𝘁 & 𝗡𝘆𝗮𝗹𝗮 𝗡𝗼𝗿𝗺𝗮𝗹",https://www.facebook.com/groups/331613226681705,2026-09-17T15:38:48Z,raw_data_run_20260917_223451_d693b9.csv,rec_8b865c20b31f2f69,False,"𝗠𝗲𝘀𝗶𝗻 𝗦𝗲𝗴𝗲𝗹𝘂𝗻𝗱𝘂𝗻𝗴 𝗞𝗼𝗺𝗽𝗹𝗶𝘁, 𝗞𝗼𝗻𝗱𝗶𝘀𝗶 𝗦𝗮𝗻𝗴𝗮𝘁 𝗦𝗲𝗵𝗮𝘁 & 𝗡𝘆𝗮𝗹𝗮 𝗡𝗼𝗿𝗺𝗮𝗹","𝗠𝗲𝘀𝗶𝗻 𝗦𝗲𝗴𝗲𝗹𝘂𝗻𝗱𝘂𝗻𝗴 𝗞𝗼𝗺𝗽𝗹𝗶𝘁, 𝗞𝗼𝗻𝗱𝗶𝘀𝗶 𝗦𝗮𝗻𝗴𝗮𝘁 𝗦𝗲𝗵𝗮𝘁 & 𝗡𝘆𝗮𝗹𝗮 𝗡𝗼𝗿𝗺𝗮𝗹",Toyota Yaris,medium,community_context,False,,,,False,not_relevant,no_adas_keyword,,UNKNOWN,,,,,,,
rec_2c7f1c2dc00fb52d,Toyota Yaris,Yaris Cross Community Indonesia (YCCI),https://www.facebook.com/groups/331613226681705,post_6,post_6_comment_38,post_6,comment,,,,"Siap COD di lokasi, bisa cek dulu kondisi fisiknya dulu",https://www.facebook.com/groups/331613226681705,2026-09-17T15:38:48Z,raw_data_run_20260917_223451_d693b9.csv,rec_2c7f1c2dc00fb52d,False,"Siap COD di lokasi, bisa cek dulu kondisi fisiknya dulu","siap cod di lokasi, bisa cek dulu kondisi fisiknya dulu",Toyota Yaris,medium,community_context,False,,,,False,not_relevant,no_adas_keyword,,UNKNOWN,,,,,,,
rec_cdf73f5442654e05,Toyota Yaris,Yaris Cross Community Indonesia (YCCI),https://www.facebook.com/groups/331613226681705,post_6,post_6_comment_39,post_6,comment,,,,https://s.shopee.co.id/7psvwcMrVq,https://www.facebook.com/groups/331613226681705,2026-09-17T15:38:48Z,raw_data_run_20260917_223451_d693b9.csv,rec_cdf73f5442654e05,False,[url],[url],Toyota Yaris,medium,community_context,False,,,,False,not_relevant,no_adas_keyword,,UNKNOWN,,,,,,,
rec_d0fd67f7fbef07c4,Toyota Yaris,Yaris Cross Community Indonesia (YCCI),https://www.facebook.com/groups/331613226681705,post_6,post_6_comment_40,post_6,comment,,,,"Segelundung murah mawon monggo dg SS lengkap
Bisa jg… Lihat selengkapnya",https://www.facebook.com/groups/331613226681705,2026-09-17T15:38:48Z,raw_data_run_20260917_223451_d693b9.csv,rec_d0fd67f7fbef07c4,False,Segelundung murah mawon monggo dg SS lengkap Bisa jg… Lihat selengkapnya,segelundung murah mawon monggo dg ss lengkap bisa jg… lihat selengkapnya,Toyota Yaris,medium,community_context,False,,,,False,not_relevant,no_adas_keyword,,UNKNOWN,,,,,,,
rec_296f9cfb2e79fcfb,Toyota Yaris,Yaris Cross Community Indonesia (YCCI),https://www.facebook.com/groups/331613226681705,post_6,post_6_comment_41,post_6,comment,,,,"Yaris Cross 1.5 G Cvt 2026
Km 50 Perak
Mobil bekas rasa baru
Cash/kredit
Harga 325 juta(Boleh Nego sampai deal)
Lihat selengkapnya",https://www.facebook.com/groups/331613226681705,2026-09-17T15:38:50Z,raw_data_run_20260917_223451_d693b9.csv,rec_296f9cfb2e79fcfb,False,Yaris Cross 1.5 G Cvt 2026 Km 50 Perak Mobil bekas rasa baru Cash/kredit Harga 325 juta(Boleh Nego sampai deal) Lihat selengkapnya,yaris cross 1.5 g cvt 2026 km 50 perak mobil bekas rasa baru cash/kredit harga 325 juta(boleh nego sampai deal) lihat selengkapnya,Toyota Yaris,high,explicit_text_alias_strong,False,,,,False,not_relevant,no_adas_keyword,,UNKNOWN,,,,,,,
rec_4bbd6b60c696fff7,Toyota Yaris,Yaris Cross Community Indonesia (YCCI),https://www.facebook.com/groups/331613226681705,post_6,post_6_comment_42,post_6,comment,,,,"Saya sebagai user yaris cross ko heran ya, knapa ko banyak yg mau jual mobil padahal kondisi nya masih bisa di bilang baru.",https://www.facebook.com/groups/331613226681705,2026-09-17T15:38:50Z,raw_data_run_20260917_223451_d693b9.csv,rec_4bbd6b60c696fff7,False,"Saya sebagai user yaris cross ko heran ya, knapa ko banyak yg mau jual mobil padahal kondisi nya masih bisa di bilang baru.","saya sebagai user yaris cross ko heran ya, knapa ko banyak yg mau jual mobil padahal kondisi nya masih bisa di bilang baru.",Toyota Yaris,high,explicit_text_alias_strong,False,,,,False,not_relevant,no_adas_keyword,,UNKNOWN,,,,,,,
rec_c207c88ccacbb373,Toyota Yaris,Yaris Cross Community Indonesia (YCCI),https://www.facebook.com/groups/331613226681705,post_6,post_6_comment_43,post_6,comment,,,,Ap… Lihat selengkapnya,https://www.facebook.com/groups/331613226681705,2026-09-17T15:38:50Z,raw_data_run_20260917_223451_d693b9.csv,rec_c207c88ccacbb373,False,Ap… Lihat selengkapnya,ap… lihat selengkapnya,Toyota Yaris,medium,community_context,False,,,,False,not_relevant,no_adas_keyword,,UNKNOWN,,,,,,,
rec_5b39b4eb3bfaceba,Toyota Yaris,Yaris Cross Community Indonesia (YCCI),https://www.facebook.com/groups/331613226681705,post_6,post_6_comment_44,post_6,comment,,,,bisa tuker tambah ga,https://www.facebook.com/groups/331613226681705,2026-09-17T15:38:50Z,raw_data_run_20260917_223451_d693b9.csv,rec_5b39b4eb3bfaceba,False,bisa tuker tambah ga,bisa tuker tambah ga,Toyota Yaris,medium,community_context,False,,,,False,not_relevant,no_adas_keyword,,UNKNOWN,,,,,,,
rec_7a8388d0abaa44bf,Toyota Yaris,Yaris Cross Community Indonesia (YCCI),https://www.facebook.com/groups/331613226681705,post_6,post_6_comment_45,post_6,comment,,,,Bismillah..… Lihat selengkapnya,https://www.facebook.com/groups/331613226681705,2026-09-17T15:38:52Z,raw_data_run_20260917_223451_d693b9.csv,rec_7a8388d0abaa44bf,False,Bismillah..… Lihat selengkapnya,bismillah..… lihat selengkapnya,Toyota Yaris,medium,community_context,False,,,,False,not_relevant,no_adas_keyword,,UNKNOWN,,,,,,,
rec_8a1d9048ee81ad84,Toyota Yaris,Yaris Cross Community Indonesia (YCCI),https://www.facebook.com/groups/331613226681705,post_6,post_6_comment_46,post_6,comment,,,,"Izin cari rezeki
Bodykit Xpander Cross. Harga fullset mulai dari 1 jt-an
Salam Modifikasi Indonesia
-------------------------------------------------------
Upgrade your car with :
𝐁𝐎𝐃𝐘𝐊𝐈𝐓 𝐈𝐍𝐃𝐎𝐍𝐄𝐒𝐈𝐀
Lihat selengkapnya",https://www.facebook.com/groups/331613226681705,2026-09-17T15:38:55Z,raw_data_run_20260917_223451_d693b9.csv,rec_8a1d9048ee81ad84,False,Izin cari rezeki Bodykit Xpander Cross. Harga fullset mulai dari 1 jt-an Salam Modifikasi Indonesia ------------------------------------------------------- Upgrade your car with : 𝐁𝐎𝐃𝐘𝐊𝐈𝐓 𝐈𝐍𝐃𝐎𝐍𝐄𝐒𝐈𝐀 Lihat selengkapnya,izin cari rezeki bodykit xpander cross. harga fullset mulai dari 1 jt-an salam modifikasi indonesia ------------------------------------------------------- upgrade your car with : 𝐁𝐎𝐃𝐘𝐊𝐈𝐓 𝐈𝐍𝐃𝐎𝐍𝐄𝐒𝐈𝐀 lihat selengkapnya,Toyota Yaris,medium,community_context,False,,,,False,not_relevant,no_adas_keyword,,UNKNOWN,,,,,,,
rec_79e5086df12ccef2,Toyota Yaris,Yaris Cross Community Indonesia (YCCI),https://www.facebook.com/groups/331613226681705,post_6,post_6_comment_47,post_6,comment,,,,"@YARIS+TRD+SPORTIVO+2017+MANUAL+MT+
@SS+STNK+ONLY+SAJA+WAJIB+FAHAM+RIWAYAT+SANGAT+JELAS+HARGA+68JUTA+minat+inbok",https://www.facebook.com/groups/331613226681705,2026-09-17T15:38:57Z,raw_data_run_20260917_223451_d693b9.csv,rec_79e5086df12ccef2,False,[mention] +TRD+SPORTIVO+2017+MANUAL+MT+ [mention] +STNK+ONLY+SAJA+WAJIB+FAHAM+RIWAYAT+SANGAT+JELAS+HARGA+68JUTA+minat+inbok,[mention] +trd+sportivo+2017+manual+mt+ [mention] +stnk+only+saja+wajib+faham+riwayat+sangat+jelas+harga+68juta+minat+inbok,Toyota Yaris,medium,community_context,False,,,,False,not_relevant,no_adas_keyword,,UNKNOWN,,,,,,,
rec_240da23664e801cd,Toyota Yaris,Yaris Cross Community Indonesia (YCCI),https://www.facebook.com/groups/331613226681705,post_6,post_6_comment_48,post_6,comment,,,,@SS+STNK+ONLY+SAJA+WAJIB+FAHAM+RIWAYAT+SANGAT+JELAS+HARGA+68JUTA+minat+inbok,https://www.facebook.com/groups/331613226681705,2026-09-17T15:38:57Z,raw_data_run_20260917_223451_d693b9.csv,rec_240da23664e801cd,False,[mention] +STNK+ONLY+SAJA+WAJIB+FAHAM+RIWAYAT+SANGAT+JELAS+HARGA+68JUTA+minat+inbok,[mention] +stnk+only+saja+wajib+faham+riwayat+sangat+jelas+harga+68juta+minat+inbok,Toyota Yaris,medium,community_context,False,,,,False,not_relevant,no_adas_keyword,,UNKNOWN,,,,,,,
rec_d432bc89001a4ecb,Toyota Yaris,Yaris Cross Community Indonesia (YCCI),https://www.facebook.com/groups/331613226681705,post_6,post_6_comment_49,post_6,comment,,,,"Salam sedikit perkongsian item untuk TOYOTA YARIS CROSS yang ada didalam platform shopee. Silakan survey jika ada yang mencari. Gambar hasil gemini
 .TQ admin 
Trapo Karpet Kereta Car Mat Toyota Yaris Cross Non-Hybrid (2023-Present) 
 https://s.shopee.com.my/7KpiEBNi2W.
Kamatto Classic Toyota Yaris Cross XP210 (2020-Present) Car Floor Mat and Carpet
 https://s.shopee.com.my/AUmjzkeWog… Lihat selengkapnya",https://www.facebook.com/groups/331613226681705,2026-09-17T15:38:58Z,raw_data_run_20260917_223451_d693b9.csv,rec_d432bc89001a4ecb,False,Salam sedikit perkongsian item untuk TOYOTA YARIS CROSS yang ada didalam platform shopee. Silakan survey jika ada yang mencari. Gambar hasil gemini .TQ admin Trapo Karpet Kereta Car Mat Toyota Yaris Cross Non-Hybrid (2023-Present) [url] Kamatto Classic Toyota Yaris Cross XP210 (2020-Present) Car Floor Mat and Carpet [url] Lihat selengkapnya,salam sedikit perkongsian item untuk toyota yaris cross yang ada didalam platform shopee. silakan survey jika ada yang mencari. gambar hasil gemini .tq admin trapo karpet kereta car mat toyota yaris cross non-hybrid (2023-present) [url] kamatto classic toyota yaris cross xp210 (2020-present) car floor mat and carpet [url] lihat selengkapnya,Toyota Yaris,high,explicit_text_alias_strong,False,,,,False,not_relevant,no_adas_keyword,,UNKNOWN,,,,,,,
rec_b57f3182113b9b13,Toyota Yaris,Yaris Cross Community Indonesia (YCCI),https://www.facebook.com/groups/331613226681705,post_6,post_6_comment_50,post_6,comment,,,,"Salam sedikit perkongsian item untuk TOYOTA YARIS CROSS yang ada didalam platform shopee. Silakan survey jika ada yang mencari. Gambar hasil gemini
 .TQ admin",https://www.facebook.com/groups/331613226681705,2026-09-17T15:38:58Z,raw_data_run_20260917_223451_d693b9.csv,rec_b57f3182113b9b13,False,Salam sedikit perkongsian item untuk TOYOTA YARIS CROSS yang ada didalam platform shopee. Silakan survey jika ada yang mencari. Gambar hasil gemini .TQ admin,salam sedikit perkongsian item untuk toyota yaris cross yang ada didalam platform shopee. silakan survey jika ada yang mencari. gambar hasil gemini .tq admin,Toyota Yaris,high,explicit_text_alias_strong,False,,,,False,not_relevant,no_adas_keyword,,UNKNOWN,,,,,,,
rec_0586085a4bf2ac0d,Toyota Yaris,Yaris Cross Community Indonesia (YCCI),https://www.facebook.com/groups/331613226681705,post_6,post_6_comment_51,post_6,comment,,,,Trapo Karpet Kereta Car Mat Toyota Yaris Cross Non-Hybrid (2023-Present),https://www.facebook.com/groups/331613226681705,2026-09-17T15:38:58Z,raw_data_run_20260917_223451_d693b9.csv,rec_0586085a4bf2ac0d,False,Trapo Karpet Kereta Car Mat Toyota Yaris Cross Non-Hybrid (2023-Present),trapo karpet kereta car mat toyota yaris cross non-hybrid (2023-present),Toyota Yaris,high,explicit_text_alias_strong,False,,,,False,not_relevant,no_adas_keyword,,UNKNOWN,,,,,,,
rec_6c53c2ff9a0315aa,Toyota Yaris,Yaris Cross Community Indonesia (YCCI),https://www.facebook.com/groups/331613226681705,post_6,post_6_comment_52,post_6,comment,,,,https://s.shopee.com.my/7KpiEBNi2W.,https://www.facebook.com/groups/331613226681705,2026-09-17T15:38:58Z,raw_data_run_20260917_223451_d693b9.csv,rec_6c53c2ff9a0315aa,False,[url],[url],Toyota Yaris,medium,community_context,False,,,,False,not_relevant,no_adas_keyword,,UNKNOWN,,,,,,,
rec_80526f82f4272fda,Toyota Yaris,Yaris Cross Community Indonesia (YCCI),https://www.facebook.com/groups/331613226681705,post_6,post_6_comment_53,post_6,comment,,,,Kamatto Classic Toyota Yaris Cross XP210 (2020-Present) Car Floor Mat and Carpet,https://www.facebook.com/groups/331613226681705,2026-09-17T15:38:58Z,raw_data_run_20260917_223451_d693b9.csv,rec_80526f82f4272fda,False,Kamatto Classic Toyota Yaris Cross XP210 (2020-Present) Car Floor Mat and Carpet,kamatto classic toyota yaris cross xp210 (2020-present) car floor mat and carpet,Toyota Yaris,high,explicit_text_alias_strong,False,,,,False,not_relevant,no_adas_keyword,,UNKNOWN,,,,,,,
rec_a0dd54196af4e656,Toyota Yaris,Yaris Cross Community Indonesia (YCCI),https://www.facebook.com/groups/331613226681705,post_6,post_6_comment_54,post_6,comment,,,,https://s.shopee.com.my/AUmjzkeWog… Lihat selengkapnya,https://www.facebook.com/groups/331613226681705,2026-09-17T15:38:58Z,raw_data_run_20260917_223451_d693b9.csv,rec_a0dd54196af4e656,False,[url] Lihat selengkapnya,[url] lihat selengkapnya,Toyota Yaris,medium,community_context,False,,,,False,not_relevant,no_adas_keyword,,UNKNOWN,,,,,,,
rec_84ac864dacdd7cad,Toyota Yaris,Yaris Cross Community Indonesia (YCCI),https://www.facebook.com/groups/331613226681705,post_6,post_6_comment_55,post_6,comment,,,,"Ambient Light Car
Premium Ambience Light No Bintik Grade A+
Bisa Disemua Mobil
-
Bisa Rgb Matrix Kontrol Lewat Aplikasi
+ Setting 1 Warna
-
Lihat selengkapnya",https://www.facebook.com/groups/331613226681705,2026-09-17T15:39:00Z,raw_data_run_20260917_223451_d693b9.csv,rec_84ac864dacdd7cad,False,Ambient Light Car Premium Ambience Light No Bintik Grade A+ Bisa Disemua Mobil - Bisa Rgb Matrix Kontrol Lewat Aplikasi + Setting 1 Warna - Lihat selengkapnya,ambient light car premium ambience light no bintik grade a+ bisa disemua mobil - bisa rgb matrix kontrol lewat aplikasi + setting 1 warna - lihat selengkapnya,Toyota Yaris,medium,community_context,False,,,,False,not_relevant,no_adas_keyword,,UNKNOWN,,,,,,,
rec_0548464d623acad5,Toyota Yaris,Yaris Cross Community Indonesia (YCCI),https://www.facebook.com/groups/331613226681705,post_6,post_6_comment_56,post_6,comment,,,,Mau om,https://www.facebook.com/groups/331613226681705,2026-09-17T15:39:00Z,raw_data_run_20260917_223451_d693b9.csv,rec_0548464d623acad5,False,Mau om,mau om,Toyota Yaris,medium,community_context,False,,,,False,not_relevant,no_adas_keyword,,UNKNOWN,,,,,,,
rec_24a646d787e8b918,Toyota Yaris,Yaris Cross Community Indonesia (YCCI),https://www.facebook.com/groups/331613226681705,post_6,post_6_comment_57,post_6,comment,,,,"@YARIS TRD SPORTIVO 2017 MANUAL MT 
@SS STNK ONLY SAJA WAJIB FAHAM RIWAYAT SANGAT JELAS HARGA 68JUTA CALL BY WA 
https://wa.me/62085126495267",https://www.facebook.com/groups/331613226681705,2026-09-17T15:39:01Z,raw_data_run_20260917_223451_d693b9.csv,rec_24a646d787e8b918,False,[mention] TRD SPORTIVO 2017 MANUAL MT [mention] STNK ONLY SAJA WAJIB FAHAM RIWAYAT SANGAT JELAS HARGA 68JUTA CALL BY WA [url],[mention] trd sportivo 2017 manual mt [mention] stnk only saja wajib faham riwayat sangat jelas harga 68juta call by wa [url],Toyota Yaris,medium,community_context,False,,,,False,not_relevant,no_adas_keyword,,UNKNOWN,,,,,,,
rec_2cbd1938a59f2ae0,Toyota Yaris,Yaris Cross Community Indonesia (YCCI),https://www.facebook.com/groups/331613226681705,post_6,post_6_comment_58,post_6,comment,,,,@YARIS TRD SPORTIVO 2017 MANUAL MT,https://www.facebook.com/groups/331613226681705,2026-09-17T15:39:01Z,raw_data_run_20260917_223451_d693b9.csv,rec_2cbd1938a59f2ae0,False,[mention] TRD SPORTIVO 2017 MANUAL MT,[mention] trd sportivo 2017 manual mt,Toyota Yaris,medium,community_context,False,,,,False,not_relevant,no_adas_keyword,,UNKNOWN,,,,,,,
rec_aedac179c55bdc6c,Toyota Yaris,Yaris Cross Community Indonesia (YCCI),https://www.facebook.com/groups/331613226681705,post_6,post_6_comment_59,post_6,comment,,,,"@SS STNK ONLY SAJA WAJIB FAHAM RIWAYAT SANGAT JELAS HARGA 68JUTA CALL BY WA 
https://wa.me/62085126495267",https://www.facebook.com/groups/331613226681705,2026-09-17T15:39:01Z,raw_data_run_20260917_223451_d693b9.csv,rec_aedac179c55bdc6c,False,[mention] STNK ONLY SAJA WAJIB FAHAM RIWAYAT SANGAT JELAS HARGA 68JUTA CALL BY WA [url],[mention] stnk only saja wajib faham riwayat sangat jelas harga 68juta call by wa [url],Toyota Yaris,medium,community_context,False,,,,False,not_relevant,no_adas_keyword,,UNKNOWN,,,,,,,
rec_843898d13b1a5f8b,Toyota Yaris,Yaris Cross Community Indonesia (YCCI),https://www.facebook.com/groups/331613226681705,post_6,post_6_comment_60,post_6,comment,,,,"*Cover jok : Yaris lele ( SECOND ) 
*Tahun*     : 2014-2021… Lihat selengkapnya",https://www.facebook.com/groups/331613226681705,2026-09-17T15:39:03Z,raw_data_run_20260917_223451_d693b9.csv,rec_843898d13b1a5f8b,False,*Cover jok : Yaris lele ( SECOND ) *Tahun* : 2014-2021… Lihat selengkapnya,*cover jok : yaris lele ( second ) *tahun* : 2014-2021… lihat selengkapnya,Toyota Yaris,high,explicit_text_alias_strong,False,,,,False,not_relevant,no_adas_keyword,,UNKNOWN,,,,,,,
rec_b0c1c54fe28c9d42,Toyota Yaris,Yaris Cross Community Indonesia (YCCI),https://www.facebook.com/groups/331613226681705,post_6,post_6_comment_61,post_6,comment,,,,*Cover jok : Yaris lele ( SECOND ),https://www.facebook.com/groups/331613226681705,2026-09-17T15:39:03Z,raw_data_run_20260917_223451_d693b9.csv,rec_b0c1c54fe28c9d42,False,*Cover jok : Yaris lele ( SECOND ),*cover jok : yaris lele ( second ),Toyota Yaris,high,explicit_text_alias_strong,False,,,,False,not_relevant,no_adas_keyword,,UNKNOWN,,,,,,,
rec_5fea4a588f9bf7da,Toyota Yaris,Yaris Cross Community Indonesia (YCCI),https://www.facebook.com/groups/331613226681705,post_6,post_6_comment_62,post_6,comment,,,,*Tahun*     : 2014-2021… Lihat selengkapnya,https://www.facebook.com/groups/331613226681705,2026-09-17T15:39:03Z,raw_data_run_20260917_223451_d693b9.csv,rec_5fea4a588f9bf7da,False,*Tahun* : 2014-2021… Lihat selengkapnya,*tahun* : 2014-2021… lihat selengkapnya,Toyota Yaris,medium,community_context,False,,,,False,not_relevant,no_adas_keyword,,UNKNOWN,,,,,,,
rec_c238aebf2aa077c1,Toyota Yaris,Yaris Cross Community Indonesia (YCCI),https://www.facebook.com/groups/331613226681705,post_7,,,post,,,,*Tahun*     : 2014-2021… Lihat selengkapnya,https://www.facebook.com/groups/331613226681705,2026-09-17T15:39:03Z,raw_data_run_20260917_223451_d693b9.csv,rec_c238aebf2aa077c1,False,*Tahun* : 2014-2021… Lihat selengkapnya,*tahun* : 2014-2021… lihat selengkapnya,Toyota Yaris,medium,community_context,False,,,,False,not_relevant,no_adas_keyword,,UNKNOWN,,,,,,,
rec_f2f176abfe62baf7,Toyota Yaris,Yaris Cross Community Indonesia (YCCI),https://www.facebook.com/groups/331613226681705,post_7,post_7_comment_1,post_7,comment,,,,"@ES TEH ONLY SJ
@YARIS TRD S 2017 MANUAL BEBAS LINTAS PLAT NEMPEL HARGA 68JUTA SAJA LOKASI PASURUAN CALL WA 
https://wa.me/62085137751296",https://www.facebook.com/groups/331613226681705,2026-09-17T15:39:07Z,raw_data_run_20260917_223451_d693b9.csv,rec_f2f176abfe62baf7,False,[mention] TEH ONLY SJ [mention] TRD S 2017 MANUAL BEBAS LINTAS PLAT NEMPEL HARGA 68JUTA SAJA LOKASI PASURUAN CALL WA [url],[mention] teh only sj [mention] trd s 2017 manual bebas lintas plat nempel harga 68juta saja lokasi pasuruan call wa [url],Toyota Yaris,medium,community_context,False,,,,False,not_relevant,no_adas_keyword,,UNKNOWN,,,,,,,
rec_c9d166c750e61cab,Toyota Yaris,Yaris Cross Community Indonesia (YCCI),https://www.facebook.com/groups/331613226681705,post_7,post_7_comment_2,post_7,comment,,,,@ES TEH ONLY SJ,https://www.facebook.com/groups/331613226681705,2026-09-17T15:39:07Z,raw_data_run_20260917_223451_d693b9.csv,rec_c9d166c750e61cab,False,[mention] TEH ONLY SJ,[mention] teh only sj,Toyota Yaris,medium,community_context,False,,,,False,not_relevant,no_adas_keyword,,UNKNOWN,,,,,,,
rec_d82afc842282a3bb,Toyota Yaris,Yaris Cross Community Indonesia (YCCI),https://www.facebook.com/groups/331613226681705,post_7,post_7_comment_3,post_7,comment,,,,"@YARIS TRD S 2017 MANUAL BEBAS LINTAS PLAT NEMPEL HARGA 68JUTA SAJA LOKASI PASURUAN CALL WA 
https://wa.me/62085137751296",https://www.facebook.com/groups/331613226681705,2026-09-17T15:39:07Z,raw_data_run_20260917_223451_d693b9.csv,rec_d82afc842282a3bb,False,[mention] TRD S 2017 MANUAL BEBAS LINTAS PLAT NEMPEL HARGA 68JUTA SAJA LOKASI PASURUAN CALL WA [url],[mention] trd s 2017 manual bebas lintas plat nempel harga 68juta saja lokasi pasuruan call wa [url],Toyota Yaris,medium,community_context,False,,,,False,not_relevant,no_adas_keyword,,UNKNOWN,,,,,,,
rec_a6f41eb499086595,Toyota Yaris,Yaris Cross Community Indonesia (YCCI),https://www.facebook.com/groups/331613226681705,post_7,post_7_comment_4,post_7,comment,,,,Xmate karpet mobil Yaris Cross,https://www.facebook.com/groups/331613226681705,2026-09-17T15:39:07Z,raw_data_run_20260917_223451_d693b9.csv,rec_a6f41eb499086595,False,Xmate karpet mobil Yaris Cross,xmate karpet mobil yaris cross,Toyota Yaris,high,explicit_text_alias_strong,False,,,,False,not_relevant,no_adas_keyword,,UNKNOWN,,,,,,,
rec_f237c0218b9e843d,Toyota Yaris,Yaris Cross Community Indonesia (YCCI),https://www.facebook.com/groups/331613226681705,post_7,post_7_comment_5,post_7,comment,,,,Mempererat dan memperluas hubungan silahturahmi antar sesama pengguna mobil Toyota Yaris Cross,https://www.facebook.com/groups/331613226681705,2026-09-17T15:39:07Z,raw_data_run_20260917_223451_d693b9.csv,rec_f237c0218b9e843d,False,Mempererat dan memperluas hubungan silahturahmi antar sesama pengguna mobil Toyota Yaris Cross,mempererat dan memperluas hubungan silahturahmi antar sesama pengguna mobil toyota yaris cross,Toyota Yaris,high,explicit_text_alias_strong,False,,,,False,not_relevant,no_adas_keyword,,UNKNOWN,,,,,,,
rec_525353058c875c44,Toyota Yaris,Yaris Cross Community Indonesia (YCCI),https://www.facebook.com/groups/331613226681705,post_7,post_7_comment_6,post_7,comment,,,,"dijual
New Yaris TRDSportivo 2018 Manual … Lihat selengkapnya",https://www.facebook.com/groups/331613226681705,2026-09-17T15:39:08Z,raw_data_run_20260917_223451_d693b9.csv,rec_525353058c875c44,False,dijual New Yaris TRDSportivo 2018 Manual … Lihat selengkapnya,dijual new yaris trdsportivo 2018 manual … lihat selengkapnya,Toyota Yaris,high,explicit_text_alias_strong,False,,,,False,not_relevant,no_adas_keyword,,UNKNOWN,,,,,,,
rec_e3b3950a4f47694f,Toyota Yaris,Yaris Cross Community Indonesia (YCCI),https://www.facebook.com/groups/331613226681705,post_7,post_7_comment_7,post_7,comment,,,,dijual,https://www.facebook.com/groups/331613226681705,2026-09-17T15:39:08Z,raw_data_run_20260917_223451_d693b9.csv,rec_e3b3950a4f47694f,False,dijual,dijual,Toyota Yaris,medium,community_context,False,,,,False,not_relevant,no_adas_keyword,,UNKNOWN,,,,,,,
rec_65bcfcc152d02fe4,Toyota Yaris,Yaris Cross Community Indonesia (YCCI),https://www.facebook.com/groups/331613226681705,post_7,post_7_comment_8,post_7,comment,,,,New Yaris TRDSportivo 2018 Manual … Lihat selengkapnya,https://www.facebook.com/groups/331613226681705,2026-09-17T15:39:08Z,raw_data_run_20260917_223451_d693b9.csv,rec_65bcfcc152d02fe4,False,New Yaris TRDSportivo 2018 Manual … Lihat selengkapnya,new yaris trdsportivo 2018 manual … lihat selengkapnya,Toyota Yaris,high,explicit_text_alias_strong,False,,,,False,not_relevant,no_adas_keyword,,UNKNOWN,,,,,,,
rec_8f1060fb5e0896ec,Toyota Yaris,Yaris Cross Community Indonesia (YCCI),https://www.facebook.com/groups/331613226681705,post_7,post_7_comment_9,post_7,comment,,,,"FS Toyota Yaris Cross Hybrid GR TSS Black
Ijin kakak admin dan lainnya,
Mau jual mobil irit lincah keren ini
NIK 2024 atas nama CV milik sendiri
Lihat selengkapnya",https://www.facebook.com/groups/331613226681705,2026-09-17T15:39:08Z,raw_data_run_20260917_223451_d693b9.csv,rec_8f1060fb5e0896ec,False,"FS Toyota Yaris Cross Hybrid GR TSS Black Ijin kakak admin dan lainnya, Mau jual mobil irit lincah keren ini NIK 2024 atas nama CV milik sendiri Lihat selengkapnya","fs toyota yaris cross hybrid gr tss black ijin kakak admin dan lainnya, mau jual mobil irit lincah keren ini nik 2024 atas nama cv milik sendiri lihat selengkapnya",Toyota Yaris,high,explicit_text_alias_strong,True,TSS,combined_adas,,True,uncertain,generic_adas_terms_only,low,UNKNOWN,not_stated,not_stated,uncertain,positive,not_stated,unclear,low
rec_157f5777936dd060,Toyota Yaris,Yaris Cross Community Indonesia (YCCI),https://www.facebook.com/groups/331613226681705,post_7,post_7_comment_10,post_7,comment,,,,"Yaris Cross G 2024
Hitam
Surat² lengkap
Pajak on
Odo 27rban on-going… Lihat selengkapnya",https://www.facebook.com/groups/331613226681705,2026-09-17T15:39:11Z,raw_data_run_20260917_223451_d693b9.csv,rec_157f5777936dd060,False,Yaris Cross G 2024 Hitam Surat² lengkap Pajak on Odo 27rban on-going… Lihat selengkapnya,yaris cross g 2024 hitam surat² lengkap pajak on odo 27rban on-going… lihat selengkapnya,Toyota Yaris,high,explicit_text_alias_strong,False,,,,False,not_relevant,no_adas_keyword,,UNKNOWN,,,,,,,
rec_85a204cff79bb327,Toyota Yaris,Yaris Cross Community Indonesia (YCCI),https://www.facebook.com/groups/331613226681705,post_7,post_7_comment_11,post_7,comment,,,,Yaris Cross G 2024,https://www.facebook.com/groups/331613226681705,2026-09-17T15:39:11Z,raw_data_run_20260917_223451_d693b9.csv,rec_85a204cff79bb327,False,Yaris Cross G 2024,yaris cross g 2024,Toyota Yaris,high,explicit_text_alias_strong,False,,,,False,not_relevant,no_adas_keyword,,UNKNOWN,,,,,,,
rec_0bfe848aec42d6ba,Toyota Yaris,Yaris Cross Community Indonesia (YCCI),https://www.facebook.com/groups/331613226681705,post_7,post_7_comment_12,post_7,comment,,,,Hitam,https://www.facebook.com/groups/331613226681705,2026-09-17T15:39:11Z,raw_data_run_20260917_223451_d693b9.csv,rec_0bfe848aec42d6ba,False,Hitam,hitam,Toyota Yaris,medium,community_context,False,,,,False,not_relevant,no_adas_keyword,,UNKNOWN,,,,,,,
rec_a9567f0fdb35e3ee,Toyota Yaris,Yaris Cross Community Indonesia (YCCI),https://www.facebook.com/groups/331613226681705,post_7,post_7_comment_13,post_7,comment,,,,Surat² lengkap,https://www.facebook.com/groups/331613226681705,2026-09-17T15:39:11Z,raw_data_run_20260917_223451_d693b9.csv,rec_a9567f0fdb35e3ee,False,Surat² lengkap,surat² lengkap,Toyota Yaris,medium,community_context,False,,,,False,not_relevant,no_adas_keyword,,UNKNOWN,,,,,,,
rec_f51d1bb33986735d,Toyota Yaris,Yaris Cross Community Indonesia (YCCI),https://www.facebook.com/groups/331613226681705,post_7,post_7_comment_14,post_7,comment,,,,Pajak on,https://www.facebook.com/groups/331613226681705,2026-09-17T15:39:11Z,raw_data_run_20260917_223451_d693b9.csv,rec_f51d1bb33986735d,False,Pajak on,pajak on,Toyota Yaris,medium,community_context,False,,,,False,not_relevant,no_adas_keyword,,UNKNOWN,,,,,,,
rec_7acc1c3869b4a53d,Toyota Yaris,Yaris Cross Community Indonesia (YCCI),https://www.facebook.com/groups/331613226681705,post_7,post_7_comment_15,post_7,comment,,,,Odo 27rban on-going… Lihat selengkapnya,https://www.facebook.com/groups/331613226681705,2026-09-17T15:39:11Z,raw_data_run_20260917_223451_d693b9.csv,rec_7acc1c3869b4a53d,False,Odo 27rban on-going… Lihat selengkapnya,odo 27rban on-going… lihat selengkapnya,Toyota Yaris,medium,community_context,False,,,,False,not_relevant,no_adas_keyword,,UNKNOWN,,,,,,,
rec_3b5e4ec661b34de9,Toyota Yaris,Yaris Cross Community Indonesia (YCCI),https://www.facebook.com/groups/331613226681705,post_7,post_7_comment_16,post_7,comment,,,,"STNK ONLY DAN APLIKASI SAJA RIWAYAT LEASING JELAS BUKAN UNIT RENTAL DAN CURIAN
YANG PAHAM DAN BERPENGALAMAN … Lihat selengkapnya",https://www.facebook.com/groups/331613226681705,2026-09-17T15:39:13Z,raw_data_run_20260917_223451_d693b9.csv,rec_3b5e4ec661b34de9,False,STNK ONLY DAN APLIKASI SAJA RIWAYAT LEASING JELAS BUKAN UNIT RENTAL DAN CURIAN YANG PAHAM DAN BERPENGALAMAN … Lihat selengkapnya,stnk only dan aplikasi saja riwayat leasing jelas bukan unit rental dan curian yang paham dan berpengalaman … lihat selengkapnya,Toyota Yaris,medium,community_context,False,,,,False,not_relevant,no_adas_keyword,,UNKNOWN,,,,,,,
rec_a02f2e6fc70a5181,Toyota Yaris,Yaris Cross Community Indonesia (YCCI),https://www.facebook.com/groups/331613226681705,post_7,post_7_comment_17,post_7,comment,,,,STNK ONLY DAN APLIKASI SAJA RIWAYAT LEASING JELAS BUKAN UNIT RENTAL DAN CURIAN,https://www.facebook.com/groups/331613226681705,2026-09-17T15:39:13Z,raw_data_run_20260917_223451_d693b9.csv,rec_a02f2e6fc70a5181,False,STNK ONLY DAN APLIKASI SAJA RIWAYAT LEASING JELAS BUKAN UNIT RENTAL DAN CURIAN,stnk only dan aplikasi saja riwayat leasing jelas bukan unit rental dan curian,Toyota Yaris,medium,community_context,False,,,,False,not_relevant,no_adas_keyword,,UNKNOWN,,,,,,,
rec_3e25c2fc01155806,Toyota Yaris,Yaris Cross Community Indonesia (YCCI),https://www.facebook.com/groups/331613226681705,post_7,post_7_comment_18,post_7,comment,,,,YANG PAHAM DAN BERPENGALAMAN … Lihat selengkapnya,https://www.facebook.com/groups/331613226681705,2026-09-17T15:39:13Z,raw_data_run_20260917_223451_d693b9.csv,rec_3e25c2fc01155806,False,YANG PAHAM DAN BERPENGALAMAN … Lihat selengkapnya,yang paham dan berpengalaman … lihat selengkapnya,Toyota Yaris,medium,community_context,False,,,,False,not_relevant,no_adas_keyword,,UNKNOWN,,,,,,,
rec_16444e8529d275f1,Toyota Yaris,Yaris Cross Community Indonesia (YCCI),https://www.facebook.com/groups/331613226681705,post_7,post_7_comment_19,post_7,comment,,,,"Jual sparepart berkualitas 
Whatsapp 
 085934378954… Lihat selengkapnya",https://www.facebook.com/groups/331613226681705,2026-09-17T15:39:15Z,raw_data_run_20260917_223451_d693b9.csv,rec_16444e8529d275f1,False,Jual sparepart berkualitas Whatsapp 085934378954… Lihat selengkapnya,jual sparepart berkualitas whatsapp 085934378954… lihat selengkapnya,Toyota Yaris,medium,community_context,False,,,,False,not_relevant,no_adas_keyword,,UNKNOWN,,,,,,,
rec_95f1424543ea8ab9,Toyota Yaris,Yaris Cross Community Indonesia (YCCI),https://www.facebook.com/groups/331613226681705,post_7,post_7_comment_20,post_7,comment,,,,Jual sparepart berkualitas,https://www.facebook.com/groups/331613226681705,2026-09-17T15:39:15Z,raw_data_run_20260917_223451_d693b9.csv,rec_95f1424543ea8ab9,False,Jual sparepart berkualitas,jual sparepart berkualitas,Toyota Yaris,medium,community_context,False,,,,False,not_relevant,no_adas_keyword,,UNKNOWN,,,,,,,
rec_2b97d83427213b1c,Toyota Yaris,Yaris Cross Community Indonesia (YCCI),https://www.facebook.com/groups/331613226681705,post_7,post_7_comment_21,post_7,comment,,,,"Whatsapp 
 085934378954… Lihat selengkapnya",https://www.facebook.com/groups/331613226681705,2026-09-17T15:39:15Z,raw_data_run_20260917_223451_d693b9.csv,rec_2b97d83427213b1c,False,Whatsapp 085934378954… Lihat selengkapnya,whatsapp 085934378954… lihat selengkapnya,Toyota Yaris,medium,community_context,False,,,,False,not_relevant,no_adas_keyword,,UNKNOWN,,,,,,,
rec_01140ed1d80ce3f0,Toyota Yaris,Yaris Cross Community Indonesia (YCCI),https://www.facebook.com/groups/331613226681705,post_7,post_7_comment_22,post_7,comment,,,,"Kamera parkir TOYOTA 
 inova reborn… Lihat selengkapnya",https://www.facebook.com/groups/331613226681705,2026-09-17T15:39:16Z,raw_data_run_20260917_223451_d693b9.csv,rec_01140ed1d80ce3f0,False,Kamera parkir TOYOTA inova reborn… Lihat selengkapnya,kamera parkir toyota inova reborn… lihat selengkapnya,Toyota Yaris,medium,community_context,False,,,,False,not_relevant,no_adas_keyword,,UNKNOWN,,,,,,,
rec_07f26a5a68c59793,Toyota Yaris,Yaris Cross Community Indonesia (YCCI),https://www.facebook.com/groups/331613226681705,post_7,post_7_comment_23,post_7,comment,,,,Kamera parkir TOYOTA,https://www.facebook.com/groups/331613226681705,2026-09-17T15:39:16Z,raw_data_run_20260917_223451_d693b9.csv,rec_07f26a5a68c59793,False,Kamera parkir TOYOTA,kamera parkir toyota,Toyota Yaris,medium,community_context,False,,,,False,not_relevant,no_adas_keyword,,UNKNOWN,,,,,,,
rec_a4005d931e67e8c9,Toyota Yaris,Yaris Cross Community Indonesia (YCCI),https://www.facebook.com/groups/331613226681705,post_7,post_7_comment_24,post_7,comment,,,,inova reborn… Lihat selengkapnya,https://www.facebook.com/groups/331613226681705,2026-09-17T15:39:16Z,raw_data_run_20260917_223451_d693b9.csv,rec_a4005d931e67e8c9,False,inova reborn… Lihat selengkapnya,inova reborn… lihat selengkapnya,Toyota Yaris,medium,community_context,False,,,,False,not_relevant,no_adas_keyword,,UNKNOWN,,,,,,,
rec_872ca0b955268ab2,Toyota Yaris,Yaris Cross Community Indonesia (YCCI),https://www.facebook.com/groups/331613226681705,post_7,post_7_comment_25,post_7,comment,,,,"Dijual Murah Paket Velg+ Ban RPF R16 Yaris Second Mulus, Jauh Bisa Kirim Lewat Shopee https://s.shopee.co.id/80CTfROAaO",https://www.facebook.com/groups/331613226681705,2026-09-17T15:39:18Z,raw_data_run_20260917_223451_d693b9.csv,rec_872ca0b955268ab2,False,"Dijual Murah Paket Velg+ Ban RPF R16 Yaris Second Mulus, Jauh Bisa Kirim Lewat Shopee [url]","dijual murah paket velg+ ban rpf r16 yaris second mulus, jauh bisa kirim lewat shopee [url]",Toyota Yaris,high,explicit_text_alias_strong,False,,,,False,not_relevant,no_adas_keyword,,UNKNOWN,,,,,,,
rec_eac069bea0c8e151,Toyota Yaris,Yaris Cross Community Indonesia (YCCI),https://www.facebook.com/groups/331613226681705,post_7,post_7_comment_26,post_7,comment,,,,"dijual
Yaris TRDSportivo 2019 Matic … Lihat selengkapnya",https://www.facebook.com/groups/331613226681705,2026-09-17T15:39:20Z,raw_data_run_20260917_223451_d693b9.csv,rec_eac069bea0c8e151,False,dijual Yaris TRDSportivo 2019 Matic … Lihat selengkapnya,dijual yaris trdsportivo 2019 matic … lihat selengkapnya,Toyota Yaris,high,explicit_text_alias_strong,False,,,,False,not_relevant,no_adas_keyword,,UNKNOWN,,,,,,,
rec_cf3ab47c410ef6bc,Toyota Yaris,Yaris Cross Community Indonesia (YCCI),https://www.facebook.com/groups/331613226681705,post_7,post_7_comment_27,post_7,comment,,,,Yaris TRDSportivo 2019 Matic … Lihat selengkapnya,https://www.facebook.com/groups/331613226681705,2026-09-17T15:39:20Z,raw_data_run_20260917_223451_d693b9.csv,rec_cf3ab47c410ef6bc,False,Yaris TRDSportivo 2019 Matic … Lihat selengkapnya,yaris trdsportivo 2019 matic … lihat selengkapnya,Toyota Yaris,high,explicit_text_alias_strong,False,,,,False,not_relevant,no_adas_keyword,,UNKNOWN,,,,,,,
rec_2add8809103c4d12,Toyota Yaris,Yaris Cross Community Indonesia (YCCI),https://www.facebook.com/groups/331613226681705,post_7,post_7_comment_28,post_7,comment,,,,"Edisi Bantu Jual Punya Teman
For Sale Toyota Yaris Cross S Hybrid GR TSS 2024 
Tipe Tertinggi 
Warna Two tone Putih - Hitam… Lihat selengkapnya",https://www.facebook.com/groups/331613226681705,2026-09-17T15:39:23Z,raw_data_run_20260917_223451_d693b9.csv,rec_2add8809103c4d12,False,Edisi Bantu Jual Punya Teman For Sale Toyota Yaris Cross S Hybrid GR TSS 2024 Tipe Tertinggi Warna Two tone Putih - Hitam… Lihat selengkapnya,edisi bantu jual punya teman for sale toyota yaris cross s hybrid gr tss 2024 tipe tertinggi warna two tone putih - hitam… lihat selengkapnya,Toyota Yaris,high,explicit_text_alias_strong,True,TSS,combined_adas,,True,uncertain,generic_adas_terms_only,low,UNKNOWN,not_stated,not_stated,uncertain,positive,not_stated,unclear,low
rec_b7dfb8a546c4fa89,Toyota Yaris,Yaris Cross Community Indonesia (YCCI),https://www.facebook.com/groups/331613226681705,post_7,post_7_comment_29,post_7,comment,,,,Edisi Bantu Jual Punya Teman,https://www.facebook.com/groups/331613226681705,2026-09-17T15:39:23Z,raw_data_run_20260917_223451_d693b9.csv,rec_b7dfb8a546c4fa89,False,Edisi Bantu Jual Punya Teman,edisi bantu jual punya teman,Toyota Yaris,medium,community_context,False,,,,False,not_relevant,no_adas_keyword,,UNKNOWN,,,,,,,
rec_5a6ee2fa8af7a082,Toyota Yaris,Yaris Cross Community Indonesia (YCCI),https://www.facebook.com/groups/331613226681705,post_7,post_7_comment_30,post_7,comment,,,,For Sale Toyota Yaris Cross S Hybrid GR TSS 2024,https://www.facebook.com/groups/331613226681705,2026-09-17T15:39:23Z,raw_data_run_20260917_223451_d693b9.csv,rec_5a6ee2fa8af7a082,False,For Sale Toyota Yaris Cross S Hybrid GR TSS 2024,for sale toyota yaris cross s hybrid gr tss 2024,Toyota Yaris,high,explicit_text_alias_strong,True,TSS,combined_adas,,True,uncertain,generic_adas_terms_only,low,UNKNOWN,not_stated,not_stated,uncertain,neutral,not_stated,unclear,low
rec_5d55fe70e5814ae2,Toyota Yaris,Yaris Cross Community Indonesia (YCCI),https://www.facebook.com/groups/331613226681705,post_7,post_7_comment_31,post_7,comment,,,,Tipe Tertinggi,https://www.facebook.com/groups/331613226681705,2026-09-17T15:39:23Z,raw_data_run_20260917_223451_d693b9.csv,rec_5d55fe70e5814ae2,False,Tipe Tertinggi,tipe tertinggi,Toyota Yaris,medium,community_context,False,,,,False,not_relevant,no_adas_keyword,,UNKNOWN,,,,,,,
rec_9b09defa3917b3c5,Toyota Yaris,Yaris Cross Community Indonesia (YCCI),https://www.facebook.com/groups/331613226681705,post_7,post_7_comment_32,post_7,comment,,,,Warna Two tone Putih - Hitam… Lihat selengkapnya,https://www.facebook.com/groups/331613226681705,2026-09-17T15:39:23Z,raw_data_run_20260917_223451_d693b9.csv,rec_9b09defa3917b3c5,False,Warna Two tone Putih - Hitam… Lihat selengkapnya,warna two tone putih - hitam… lihat selengkapnya,Toyota Yaris,medium,community_context,False,,,,False,not_relevant,no_adas_keyword,,UNKNOWN,,,,,,,
rec_27c15fb7aaad18ca,Toyota Yaris,Yaris Cross Community Indonesia (YCCI),https://www.facebook.com/groups/331613226681705,post_7,post_7_comment_33,post_7,comment,,,,"@YARIS+TRD+SPORTIVO+2017+MANUAL+MT+
@SS+STNK+ONLY+SAJA+WAJIB+FAHAM+RIWAYAT+SANGAT+JELAS+HARGA+68JUTA+minat+wa.+083876865676",https://www.facebook.com/groups/331613226681705,2026-09-17T15:39:24Z,raw_data_run_20260917_223451_d693b9.csv,rec_27c15fb7aaad18ca,False,[mention] +TRD+SPORTIVO+2017+MANUAL+MT+ [mention] +STNK+ONLY+SAJA+WAJIB+FAHAM+RIWAYAT+SANGAT+JELAS+HARGA+68JUTA+minat+wa.+083876865676,[mention] +trd+sportivo+2017+manual+mt+ [mention] +stnk+only+saja+wajib+faham+riwayat+sangat+jelas+harga+68juta+minat+wa.+083876865676,Toyota Yaris,medium,community_context,False,,,,False,not_relevant,no_adas_keyword,,UNKNOWN,,,,,,,
rec_9894ef422f6e3b11,Toyota Yaris,Yaris Cross Community Indonesia (YCCI),https://www.facebook.com/groups/331613226681705,post_7,post_7_comment_34,post_7,comment,,,,@YARIS+TRD+SPORTIVO+2017+MANUAL+MT+,https://www.facebook.com/groups/331613226681705,2026-09-17T15:39:24Z,raw_data_run_20260917_223451_d693b9.csv,rec_9894ef422f6e3b11,False,[mention] +TRD+SPORTIVO+2017+MANUAL+MT+,[mention] +trd+sportivo+2017+manual+mt+,Toyota Yaris,medium,community_context,False,,,,False,not_relevant,no_adas_keyword,,UNKNOWN,,,,,,,
rec_6d962b7b19c5ab8f,Toyota Yaris,Yaris Cross Community Indonesia (YCCI),https://www.facebook.com/groups/331613226681705,post_7,post_7_comment_35,post_7,comment,,,,@SS+STNK+ONLY+SAJA+WAJIB+FAHAM+RIWAYAT+SANGAT+JELAS+HARGA+68JUTA+minat+wa.+083876865676,https://www.facebook.com/groups/331613226681705,2026-09-17T15:39:24Z,raw_data_run_20260917_223451_d693b9.csv,rec_6d962b7b19c5ab8f,False,[mention] +STNK+ONLY+SAJA+WAJIB+FAHAM+RIWAYAT+SANGAT+JELAS+HARGA+68JUTA+minat+wa.+083876865676,[mention] +stnk+only+saja+wajib+faham+riwayat+sangat+jelas+harga+68juta+minat+wa.+083876865676,Toyota Yaris,medium,community_context,False,,,,False,not_relevant,no_adas_keyword,,UNKNOWN,,,,,,,
rec_82befa8743a70dcf,Toyota Yaris,Yaris Cross Community Indonesia (YCCI),https://www.facebook.com/groups/331613226681705,post_7,post_7_comment_36,post_7,comment,,,,"(Price 6.7jt) For sale Velg original Toyota FT86 Ring 17 pcd 5x100, kondisi mulus 95%, lokasi margonda depok https://wa.me/+6285781559992",https://www.facebook.com/groups/331613226681705,2026-09-17T15:39:26Z,raw_data_run_20260917_223451_d693b9.csv,rec_82befa8743a70dcf,False,"(Price 6.7jt) For sale Velg original Toyota FT86 Ring 17 pcd 5x100, kondisi mulus 95%, lokasi margonda depok [url]","(price 6.7jt) for sale velg original toyota ft86 ring 17 pcd 5x100, kondisi mulus 95%, lokasi margonda depok [url]",Toyota Yaris,medium,community_context,False,,,,False,not_relevant,no_adas_keyword,,UNKNOWN,,,,,,,
rec_e5a72a12613f66a3,Toyota Yaris,Yaris Cross Community Indonesia (YCCI),https://www.facebook.com/groups/331613226681705,post_7,post_7_comment_37,post_7,comment,,,,"Yaris Cross 1.5 G Cvt 2026
Km 50 Perak
Mobil bekas rasa baru
Cash/kredit
Harga 325 juta(Boleh Nego sampai deal)
Lihat selengkapnya",https://www.facebook.com/groups/331613226681705,2026-09-17T15:39:26Z,raw_data_run_20260917_223451_d693b9.csv,rec_e5a72a12613f66a3,False,Yaris Cross 1.5 G Cvt 2026 Km 50 Perak Mobil bekas rasa baru Cash/kredit Harga 325 juta(Boleh Nego sampai deal) Lihat selengkapnya,yaris cross 1.5 g cvt 2026 km 50 perak mobil bekas rasa baru cash/kredit harga 325 juta(boleh nego sampai deal) lihat selengkapnya,Toyota Yaris,high,explicit_text_alias_strong,False,,,,False,not_relevant,no_adas_keyword,,UNKNOWN,,,,,,,
rec_ff0cc7e52a9a3d17,Toyota Yaris,Yaris Cross Community Indonesia (YCCI),https://www.facebook.com/groups/331613226681705,post_7,post_7_comment_38,post_7,comment,,,,"Saya sebagai user yaris cross ko heran ya, knapa ko banyak yg mau jual mobil padahal kondisi nya masih bisa di bilang baru.",https://www.facebook.com/groups/331613226681705,2026-09-17T15:39:26Z,raw_data_run_20260917_223451_d693b9.csv,rec_ff0cc7e52a9a3d17,False,"Saya sebagai user yaris cross ko heran ya, knapa ko banyak yg mau jual mobil padahal kondisi nya masih bisa di bilang baru.","saya sebagai user yaris cross ko heran ya, knapa ko banyak yg mau jual mobil padahal kondisi nya masih bisa di bilang baru.",Toyota Yaris,high,explicit_text_alias_strong,False,,,,False,not_relevant,no_adas_keyword,,UNKNOWN,,,,,,,
rec_ee377742ba5865e6,Toyota Yaris,Yaris Cross Community Indonesia (YCCI),https://www.facebook.com/groups/331613226681705,post_7,post_7_comment_39,post_7,comment,,,,Ap… Lihat selengkapnya,https://www.facebook.com/groups/331613226681705,2026-09-17T15:39:26Z,raw_data_run_20260917_223451_d693b9.csv,rec_ee377742ba5865e6,False,Ap… Lihat selengkapnya,ap… lihat selengkapnya,Toyota Yaris,medium,community_context,False,,,,False,not_relevant,no_adas_keyword,,UNKNOWN,,,,,,,
rec_a87a54a8cc9ccb1e,Toyota Yaris,Yaris Cross Community Indonesia (YCCI),https://www.facebook.com/groups/331613226681705,post_7,post_7_comment_40,post_7,comment,,,,bisa tuker tambah ga,https://www.facebook.com/groups/331613226681705,2026-09-17T15:39:26Z,raw_data_run_20260917_223451_d693b9.csv,rec_a87a54a8cc9ccb1e,False,bisa tuker tambah ga,bisa tuker tambah ga,Toyota Yaris,medium,community_context,False,,,,False,not_relevant,no_adas_keyword,,UNKNOWN,,,,,,,
rec_e9e17ed8ed5ac98a,Toyota Yaris,Yaris Cross Community Indonesia (YCCI),https://www.facebook.com/groups/331613226681705,post_7,post_7_comment_41,post_7,comment,,,,Bismillah..… Lihat selengkapnya,https://www.facebook.com/groups/331613226681705,2026-09-17T15:39:30Z,raw_data_run_20260917_223451_d693b9.csv,rec_e9e17ed8ed5ac98a,False,Bismillah..… Lihat selengkapnya,bismillah..… lihat selengkapnya,Toyota Yaris,medium,community_context,False,,,,False,not_relevant,no_adas_keyword,,UNKNOWN,,,,,,,
rec_5030a69372e38eca,Toyota Yaris,Yaris Cross Community Indonesia (YCCI),https://www.facebook.com/groups/331613226681705,post_7,post_7_comment_42,post_7,comment,,,,"Izin cari rezeki
Bodykit Xpander Cross. Harga fullset mulai dari 1 jt-an
Salam Modifikasi Indonesia
-------------------------------------------------------
Upgrade your car with :
𝐁𝐎𝐃𝐘𝐊𝐈𝐓 𝐈𝐍𝐃𝐎𝐍𝐄𝐒𝐈𝐀
Lihat selengkapnya",https://www.facebook.com/groups/331613226681705,2026-09-17T15:39:33Z,raw_data_run_20260917_223451_d693b9.csv,rec_5030a69372e38eca,False,Izin cari rezeki Bodykit Xpander Cross. Harga fullset mulai dari 1 jt-an Salam Modifikasi Indonesia ------------------------------------------------------- Upgrade your car with : 𝐁𝐎𝐃𝐘𝐊𝐈𝐓 𝐈𝐍𝐃𝐎𝐍𝐄𝐒𝐈𝐀 Lihat selengkapnya,izin cari rezeki bodykit xpander cross. harga fullset mulai dari 1 jt-an salam modifikasi indonesia ------------------------------------------------------- upgrade your car with : 𝐁𝐎𝐃𝐘𝐊𝐈𝐓 𝐈𝐍𝐃𝐎𝐍𝐄𝐒𝐈𝐀 lihat selengkapnya,Toyota Yaris,medium,community_context,False,,,,False,not_relevant,no_adas_keyword,,UNKNOWN,,,,,,,
rec_5d51022de90d118c,Toyota Yaris,Yaris Cross Community Indonesia (YCCI),https://www.facebook.com/groups/331613226681705,post_7,post_7_comment_43,post_7,comment,,,,"@YARIS+TRD+SPORTIVO+2017+MANUAL+MT+
@SS+STNK+ONLY+SAJA+WAJIB+FAHAM+RIWAYAT+SANGAT+JELAS+HARGA+68JUTA+minat+inbok",https://www.facebook.com/groups/331613226681705,2026-09-17T15:39:35Z,raw_data_run_20260917_223451_d693b9.csv,rec_5d51022de90d118c,False,[mention] +TRD+SPORTIVO+2017+MANUAL+MT+ [mention] +STNK+ONLY+SAJA+WAJIB+FAHAM+RIWAYAT+SANGAT+JELAS+HARGA+68JUTA+minat+inbok,[mention] +trd+sportivo+2017+manual+mt+ [mention] +stnk+only+saja+wajib+faham+riwayat+sangat+jelas+harga+68juta+minat+inbok,Toyota Yaris,medium,community_context,False,,,,False,not_relevant,no_adas_keyword,,UNKNOWN,,,,,,,
rec_5b2d6a2ae58ba718,Toyota Yaris,Yaris Cross Community Indonesia (YCCI),https://www.facebook.com/groups/331613226681705,post_7,post_7_comment_44,post_7,comment,,,,@SS+STNK+ONLY+SAJA+WAJIB+FAHAM+RIWAYAT+SANGAT+JELAS+HARGA+68JUTA+minat+inbok,https://www.facebook.com/groups/331613226681705,2026-09-17T15:39:35Z,raw_data_run_20260917_223451_d693b9.csv,rec_5b2d6a2ae58ba718,False,[mention] +STNK+ONLY+SAJA+WAJIB+FAHAM+RIWAYAT+SANGAT+JELAS+HARGA+68JUTA+minat+inbok,[mention] +stnk+only+saja+wajib+faham+riwayat+sangat+jelas+harga+68juta+minat+inbok,Toyota Yaris,medium,community_context,False,,,,False,not_relevant,no_adas_keyword,,UNKNOWN,,,,,,,
rec_88bc4be00ff23de3,Toyota Yaris,Yaris Cross Community Indonesia (YCCI),https://www.facebook.com/groups/331613226681705,post_7,post_7_comment_45,post_7,comment,,,,"Salam sedikit perkongsian item untuk TOYOTA YARIS CROSS yang ada didalam platform shopee. Silakan survey jika ada yang mencari. Gambar hasil gemini
 .TQ admin 
Trapo Karpet Kereta Car Mat Toyota Yaris Cross Non-Hybrid (2023-Present) 
 https://s.shopee.com.my/7KpiEBNi2W.
Kamatto Classic Toyota Yaris Cross XP210 (2020-Present) Car Floor Mat and Carpet
 https://s.shopee.com.my/AUmjzkeWog… Lihat selengkapnya",https://www.facebook.com/groups/331613226681705,2026-09-17T15:39:36Z,raw_data_run_20260917_223451_d693b9.csv,rec_88bc4be00ff23de3,False,Salam sedikit perkongsian item untuk TOYOTA YARIS CROSS yang ada didalam platform shopee. Silakan survey jika ada yang mencari. Gambar hasil gemini .TQ admin Trapo Karpet Kereta Car Mat Toyota Yaris Cross Non-Hybrid (2023-Present) [url] Kamatto Classic Toyota Yaris Cross XP210 (2020-Present) Car Floor Mat and Carpet [url] Lihat selengkapnya,salam sedikit perkongsian item untuk toyota yaris cross yang ada didalam platform shopee. silakan survey jika ada yang mencari. gambar hasil gemini .tq admin trapo karpet kereta car mat toyota yaris cross non-hybrid (2023-present) [url] kamatto classic toyota yaris cross xp210 (2020-present) car floor mat and carpet [url] lihat selengkapnya,Toyota Yaris,high,explicit_text_alias_strong,False,,,,False,not_relevant,no_adas_keyword,,UNKNOWN,,,,,,,
rec_6dcd021b27dc3d53,Toyota Yaris,Yaris Cross Community Indonesia (YCCI),https://www.facebook.com/groups/331613226681705,post_7,post_7_comment_46,post_7,comment,,,,"Salam sedikit perkongsian item untuk TOYOTA YARIS CROSS yang ada didalam platform shopee. Silakan survey jika ada yang mencari. Gambar hasil gemini
 .TQ admin",https://www.facebook.com/groups/331613226681705,2026-09-17T15:39:36Z,raw_data_run_20260917_223451_d693b9.csv,rec_6dcd021b27dc3d53,False,Salam sedikit perkongsian item untuk TOYOTA YARIS CROSS yang ada didalam platform shopee. Silakan survey jika ada yang mencari. Gambar hasil gemini .TQ admin,salam sedikit perkongsian item untuk toyota yaris cross yang ada didalam platform shopee. silakan survey jika ada yang mencari. gambar hasil gemini .tq admin,Toyota Yaris,high,explicit_text_alias_strong,False,,,,False,not_relevant,no_adas_keyword,,UNKNOWN,,,,,,,
rec_8efb76fcd3bbdd92,Toyota Yaris,Yaris Cross Community Indonesia (YCCI),https://www.facebook.com/groups/331613226681705,post_7,post_7_comment_47,post_7,comment,,,,Trapo Karpet Kereta Car Mat Toyota Yaris Cross Non-Hybrid (2023-Present),https://www.facebook.com/groups/331613226681705,2026-09-17T15:39:36Z,raw_data_run_20260917_223451_d693b9.csv,rec_8efb76fcd3bbdd92,False,Trapo Karpet Kereta Car Mat Toyota Yaris Cross Non-Hybrid (2023-Present),trapo karpet kereta car mat toyota yaris cross non-hybrid (2023-present),Toyota Yaris,high,explicit_text_alias_strong,False,,,,False,not_relevant,no_adas_keyword,,UNKNOWN,,,,,,,
rec_d6570d4983b43a27,Toyota Yaris,Yaris Cross Community Indonesia (YCCI),https://www.facebook.com/groups/331613226681705,post_7,post_7_comment_48,post_7,comment,,,,https://s.shopee.com.my/7KpiEBNi2W.,https://www.facebook.com/groups/331613226681705,2026-09-17T15:39:36Z,raw_data_run_20260917_223451_d693b9.csv,rec_d6570d4983b43a27,False,[url],[url],Toyota Yaris,medium,community_context,False,,,,False,not_relevant,no_adas_keyword,,UNKNOWN,,,,,,,
rec_2ff0da2a643280f1,Toyota Yaris,Yaris Cross Community Indonesia (YCCI),https://www.facebook.com/groups/331613226681705,post_7,post_7_comment_49,post_7,comment,,,,Kamatto Classic Toyota Yaris Cross XP210 (2020-Present) Car Floor Mat and Carpet,https://www.facebook.com/groups/331613226681705,2026-09-17T15:39:36Z,raw_data_run_20260917_223451_d693b9.csv,rec_2ff0da2a643280f1,False,Kamatto Classic Toyota Yaris Cross XP210 (2020-Present) Car Floor Mat and Carpet,kamatto classic toyota yaris cross xp210 (2020-present) car floor mat and carpet,Toyota Yaris,high,explicit_text_alias_strong,False,,,,False,not_relevant,no_adas_keyword,,UNKNOWN,,,,,,,
rec_c3b6c35f906f7d8b,Toyota Yaris,Yaris Cross Community Indonesia (YCCI),https://www.facebook.com/groups/331613226681705,post_7,post_7_comment_50,post_7,comment,,,,https://s.shopee.com.my/AUmjzkeWog… Lihat selengkapnya,https://www.facebook.com/groups/331613226681705,2026-09-17T15:39:36Z,raw_data_run_20260917_223451_d693b9.csv,rec_c3b6c35f906f7d8b,False,[url] Lihat selengkapnya,[url] lihat selengkapnya,Toyota Yaris,medium,community_context,False,,,,False,not_relevant,no_adas_keyword,,UNKNOWN,,,,,,,
rec_63d956ac733761e2,Toyota Yaris,Yaris Cross Community Indonesia (YCCI),https://www.facebook.com/groups/331613226681705,post_7,post_7_comment_51,post_7,comment,,,,"Ambient Light Car
Premium Ambience Light No Bintik Grade A+
Bisa Disemua Mobil
-
Bisa Rgb Matrix Kontrol Lewat Aplikasi
+ Setting 1 Warna
-
Lihat selengkapnya",https://www.facebook.com/groups/331613226681705,2026-09-17T15:39:38Z,raw_data_run_20260917_223451_d693b9.csv,rec_63d956ac733761e2,False,Ambient Light Car Premium Ambience Light No Bintik Grade A+ Bisa Disemua Mobil - Bisa Rgb Matrix Kontrol Lewat Aplikasi + Setting 1 Warna - Lihat selengkapnya,ambient light car premium ambience light no bintik grade a+ bisa disemua mobil - bisa rgb matrix kontrol lewat aplikasi + setting 1 warna - lihat selengkapnya,Toyota Yaris,medium,community_context,False,,,,False,not_relevant,no_adas_keyword,,UNKNOWN,,,,,,,
rec_a3c8bd3b293d7b96,Toyota Yaris,Yaris Cross Community Indonesia (YCCI),https://www.facebook.com/groups/331613226681705,post_7,post_7_comment_52,post_7,comment,,,,Mau om,https://www.facebook.com/groups/331613226681705,2026-09-17T15:39:38Z,raw_data_run_20260917_223451_d693b9.csv,rec_a3c8bd3b293d7b96,False,Mau om,mau om,Toyota Yaris,medium,community_context,False,,,,False,not_relevant,no_adas_keyword,,UNKNOWN,,,,,,,
rec_9009ca3b5d25b0c1,Toyota Yaris,Yaris Cross Community Indonesia (YCCI),https://www.facebook.com/groups/331613226681705,post_7,post_7_comment_53,post_7,comment,,,,"@YARIS TRD SPORTIVO 2017 MANUAL MT 
@SS STNK ONLY SAJA WAJIB FAHAM RIWAYAT SANGAT JELAS HARGA 68JUTA CALL BY WA 
https://wa.me/62085126495267",https://www.facebook.com/groups/331613226681705,2026-09-17T15:39:40Z,raw_data_run_20260917_223451_d693b9.csv,rec_9009ca3b5d25b0c1,False,[mention] TRD SPORTIVO 2017 MANUAL MT [mention] STNK ONLY SAJA WAJIB FAHAM RIWAYAT SANGAT JELAS HARGA 68JUTA CALL BY WA [url],[mention] trd sportivo 2017 manual mt [mention] stnk only saja wajib faham riwayat sangat jelas harga 68juta call by wa [url],Toyota Yaris,medium,community_context,False,,,,False,not_relevant,no_adas_keyword,,UNKNOWN,,,,,,,
rec_5593147e87450138,Toyota Yaris,Yaris Cross Community Indonesia (YCCI),https://www.facebook.com/groups/331613226681705,post_7,post_7_comment_54,post_7,comment,,,,@YARIS TRD SPORTIVO 2017 MANUAL MT,https://www.facebook.com/groups/331613226681705,2026-09-17T15:39:40Z,raw_data_run_20260917_223451_d693b9.csv,rec_5593147e87450138,False,[mention] TRD SPORTIVO 2017 MANUAL MT,[mention] trd sportivo 2017 manual mt,Toyota Yaris,medium,community_context,False,,,,False,not_relevant,no_adas_keyword,,UNKNOWN,,,,,,,
rec_fbd27367a8041604,Toyota Yaris,Yaris Cross Community Indonesia (YCCI),https://www.facebook.com/groups/331613226681705,post_7,post_7_comment_55,post_7,comment,,,,"@SS STNK ONLY SAJA WAJIB FAHAM RIWAYAT SANGAT JELAS HARGA 68JUTA CALL BY WA 
https://wa.me/62085126495267",https://www.facebook.com/groups/331613226681705,2026-09-17T15:39:40Z,raw_data_run_20260917_223451_d693b9.csv,rec_fbd27367a8041604,False,[mention] STNK ONLY SAJA WAJIB FAHAM RIWAYAT SANGAT JELAS HARGA 68JUTA CALL BY WA [url],[mention] stnk only saja wajib faham riwayat sangat jelas harga 68juta call by wa [url],Toyota Yaris,medium,community_context,False,,,,False,not_relevant,no_adas_keyword,,UNKNOWN,,,,,,,
rec_327b656a154447ee,Toyota Yaris,Yaris Cross Community Indonesia (YCCI),https://www.facebook.com/groups/331613226681705,post_7,post_7_comment_56,post_7,comment,,,,"*Cover jok : Yaris lele ( SECOND ) 
*Tahun*     : 2014-2021… Lihat selengkapnya",https://www.facebook.com/groups/331613226681705,2026-09-17T15:39:42Z,raw_data_run_20260917_223451_d693b9.csv,rec_327b656a154447ee,False,*Cover jok : Yaris lele ( SECOND ) *Tahun* : 2014-2021… Lihat selengkapnya,*cover jok : yaris lele ( second ) *tahun* : 2014-2021… lihat selengkapnya,Toyota Yaris,high,explicit_text_alias_strong,False,,,,False,not_relevant,no_adas_keyword,,UNKNOWN,,,,,,,
rec_00cd263e05c763e1,Toyota Yaris,Yaris Cross Community Indonesia (YCCI),https://www.facebook.com/groups/331613226681705,post_7,post_7_comment_57,post_7,comment,,,,*Cover jok : Yaris lele ( SECOND ),https://www.facebook.com/groups/331613226681705,2026-09-17T15:39:42Z,raw_data_run_20260917_223451_d693b9.csv,rec_00cd263e05c763e1,False,*Cover jok : Yaris lele ( SECOND ),*cover jok : yaris lele ( second ),Toyota Yaris,high,explicit_text_alias_strong,False,,,,False,not_relevant,no_adas_keyword,,UNKNOWN,,,,,,,
rec_e8e5452809259083,Toyota Yaris,Yaris Cross Community Indonesia (YCCI),https://www.facebook.com/groups/331613226681705,post_7,post_7_comment_58,post_7,comment,,,,*Tahun*     : 2014-2021… Lihat selengkapnya,https://www.facebook.com/groups/331613226681705,2026-09-17T15:39:42Z,raw_data_run_20260917_223451_d693b9.csv,rec_e8e5452809259083,False,*Tahun* : 2014-2021… Lihat selengkapnya,*tahun* : 2014-2021… lihat selengkapnya,Toyota Yaris,medium,community_context,False,,,,False,not_relevant,no_adas_keyword,,UNKNOWN,,,,,,,
rec_4218bdf8b1d0dd74,Toyota Yaris,Yaris Cross Community Indonesia (YCCI),https://www.facebook.com/groups/331613226681705,post_7,post_7_comment_59,post_7,comment,,,,"1 OF 1 !! Ambiencr Yaris Bakpao
For More Info Langsung DM
Ambient Light Car
Premium Ambience Light No Bintik Grade A+
Bisa Disemua Mobil
-
Bisa Rgb Matrix Kontrol Lewat Aplikasi
+ Setting 1 Warna
Lihat selengkapnya",https://www.facebook.com/groups/331613226681705,2026-09-17T15:39:43Z,raw_data_run_20260917_223451_d693b9.csv,rec_4218bdf8b1d0dd74,False,1 OF 1 !! Ambiencr Yaris Bakpao For More Info Langsung DM Ambient Light Car Premium Ambience Light No Bintik Grade A+ Bisa Disemua Mobil - Bisa Rgb Matrix Kontrol Lewat Aplikasi + Setting 1 Warna Lihat selengkapnya,1 of 1 !! ambiencr yaris bakpao for more info langsung dm ambient light car premium ambience light no bintik grade a+ bisa disemua mobil - bisa rgb matrix kontrol lewat aplikasi + setting 1 warna lihat selengkapnya,Toyota Yaris,high,explicit_text_alias_strong,False,,,,False,not_relevant,no_adas_keyword,,UNKNOWN,,,,,,,
rec_6c7e3a55d08e00bb,Toyota Yaris,Yaris Cross Community Indonesia (YCCI),https://www.facebook.com/groups/331613226681705,post_7,post_7_comment_60,post_7,comment,,,,Ijin lapak min,https://www.facebook.com/groups/331613226681705,2026-09-17T15:39:47Z,raw_data_run_20260917_223451_d693b9.csv,rec_6c7e3a55d08e00bb,False,Ijin lapak min,ijin lapak min,Toyota Yaris,medium,community_context,False,,,,False,not_relevant,no_adas_keyword,,UNKNOWN,,,,,,,
rec_e7a69a0963690f41,Toyota Yaris,Yaris Cross Community Indonesia (YCCI),https://www.facebook.com/groups/331613226681705,post_7,post_7_comment_61,post_7,comment,,,,Sun visor yaris ori copotan bergaransi… Lihat selengkapnya,https://www.facebook.com/groups/331613226681705,2026-09-17T15:39:47Z,raw_data_run_20260917_223451_d693b9.csv,rec_e7a69a0963690f41,False,Sun visor yaris ori copotan bergaransi… Lihat selengkapnya,sun visor yaris ori copotan bergaransi… lihat selengkapnya,Toyota Yaris,high,explicit_text_alias_strong,False,,,,False,not_relevant,no_adas_keyword,,UNKNOWN,,,,,,,
rec_b472a646a357d377,Toyota Yaris,Yaris Cross Community Indonesia (YCCI),https://www.facebook.com/groups/331613226681705,post_8,,,post,,,,"1 OF 1 !! Ambiencr Yaris Bakpao
For More Info Langsung DM
Ambient Light Car
Premium Ambience Light No Bintik Grade A+
Bisa Disemua Mobil
-
Bisa Rgb Matrix Kontrol Lewat Aplikasi
+ Setting 1 Warna
Lihat selengkapnya",https://www.facebook.com/groups/331613226681705,2026-09-17T15:39:47Z,raw_data_run_20260917_223451_d693b9.csv,rec_b472a646a357d377,False,1 OF 1 !! Ambiencr Yaris Bakpao For More Info Langsung DM Ambient Light Car Premium Ambience Light No Bintik Grade A+ Bisa Disemua Mobil - Bisa Rgb Matrix Kontrol Lewat Aplikasi + Setting 1 Warna Lihat selengkapnya,1 of 1 !! ambiencr yaris bakpao for more info langsung dm ambient light car premium ambience light no bintik grade a+ bisa disemua mobil - bisa rgb matrix kontrol lewat aplikasi + setting 1 warna lihat selengkapnya,Toyota Yaris,high,explicit_text_alias_strong,False,,,,False,not_relevant,no_adas_keyword,,UNKNOWN,,,,,,,
rec_0083173b5c017f33,Toyota Yaris,Yaris Cross Community Indonesia (YCCI),https://www.facebook.com/groups/331613226681705,post_8,post_8_comment_1,post_8,comment,,,,"@ES TEH ONLY SJ
@YARIS TRD S 2017 MANUAL BEBAS LINTAS PLAT NEMPEL HARGA 68JUTA SAJA LOKASI PASURUAN CALL WA 
https://wa.me/62085137751296",https://www.facebook.com/groups/331613226681705,2026-09-17T15:39:50Z,raw_data_run_20260917_223451_d693b9.csv,rec_0083173b5c017f33,False,[mention] TEH ONLY SJ [mention] TRD S 2017 MANUAL BEBAS LINTAS PLAT NEMPEL HARGA 68JUTA SAJA LOKASI PASURUAN CALL WA [url],[mention] teh only sj [mention] trd s 2017 manual bebas lintas plat nempel harga 68juta saja lokasi pasuruan call wa [url],Toyota Yaris,medium,community_context,False,,,,False,not_relevant,no_adas_keyword,,UNKNOWN,,,,,,,
rec_424783f7ba906466,Toyota Yaris,Yaris Cross Community Indonesia (YCCI),https://www.facebook.com/groups/331613226681705,post_8,post_8_comment_2,post_8,comment,,,,@ES TEH ONLY SJ,https://www.facebook.com/groups/331613226681705,2026-09-17T15:39:51Z,raw_data_run_20260917_223451_d693b9.csv,rec_424783f7ba906466,False,[mention] TEH ONLY SJ,[mention] teh only sj,Toyota Yaris,medium,community_context,False,,,,False,not_relevant,no_adas_keyword,,UNKNOWN,,,,,,,
rec_8282c8e5a7ef1baf,Toyota Yaris,Yaris Cross Community Indonesia (YCCI),https://www.facebook.com/groups/331613226681705,post_8,post_8_comment_3,post_8,comment,,,,"@YARIS TRD S 2017 MANUAL BEBAS LINTAS PLAT NEMPEL HARGA 68JUTA SAJA LOKASI PASURUAN CALL WA 
https://wa.me/62085137751296",https://www.facebook.com/groups/331613226681705,2026-09-17T15:39:51Z,raw_data_run_20260917_223451_d693b9.csv,rec_8282c8e5a7ef1baf,False,[mention] TRD S 2017 MANUAL BEBAS LINTAS PLAT NEMPEL HARGA 68JUTA SAJA LOKASI PASURUAN CALL WA [url],[mention] trd s 2017 manual bebas lintas plat nempel harga 68juta saja lokasi pasuruan call wa [url],Toyota Yaris,medium,community_context,False,,,,False,not_relevant,no_adas_keyword,,UNKNOWN,,,,,,,
rec_57895e90e1e6f59f,Toyota Yaris,Yaris Cross Community Indonesia (YCCI),https://www.facebook.com/groups/331613226681705,post_8,post_8_comment_4,post_8,comment,,,,Mempererat dan memperluas hubungan silahturahmi antar sesama pengguna mobil Toyota Yaris Cross,https://www.facebook.com/groups/331613226681705,2026-09-17T15:39:51Z,raw_data_run_20260917_223451_d693b9.csv,rec_57895e90e1e6f59f,False,Mempererat dan memperluas hubungan silahturahmi antar sesama pengguna mobil Toyota Yaris Cross,mempererat dan memperluas hubungan silahturahmi antar sesama pengguna mobil toyota yaris cross,Toyota Yaris,high,explicit_text_alias_strong,False,,,,False,not_relevant,no_adas_keyword,,UNKNOWN,,,,,,,
rec_8b62065af0684a95,Toyota Yaris,Yaris Cross Community Indonesia (YCCI),https://www.facebook.com/groups/331613226681705,post_8,post_8_comment_5,post_8,comment,,,,Xmate karpet mobil Yaris Cross,https://www.facebook.com/groups/331613226681705,2026-09-17T15:39:53Z,raw_data_run_20260917_223451_d693b9.csv,rec_8b62065af0684a95,False,Xmate karpet mobil Yaris Cross,xmate karpet mobil yaris cross,Toyota Yaris,high,explicit_text_alias_strong,False,,,,False,not_relevant,no_adas_keyword,,UNKNOWN,,,,,,,
rec_c6c7925c3cacec82,Toyota Yaris,Yaris Cross Community Indonesia (YCCI),https://www.facebook.com/groups/331613226681705,post_8,post_8_comment_6,post_8,comment,,,,"dijual
New Yaris TRDSportivo 2018 Manual … Lihat selengkapnya",https://www.facebook.com/groups/331613226681705,2026-09-17T15:39:53Z,raw_data_run_20260917_223451_d693b9.csv,rec_c6c7925c3cacec82,False,dijual New Yaris TRDSportivo 2018 Manual … Lihat selengkapnya,dijual new yaris trdsportivo 2018 manual … lihat selengkapnya,Toyota Yaris,high,explicit_text_alias_strong,False,,,,False,not_relevant,no_adas_keyword,,UNKNOWN,,,,,,,
rec_9746e8e3a27f7061,Toyota Yaris,Yaris Cross Community Indonesia (YCCI),https://www.facebook.com/groups/331613226681705,post_8,post_8_comment_7,post_8,comment,,,,dijual,https://www.facebook.com/groups/331613226681705,2026-09-17T15:39:53Z,raw_data_run_20260917_223451_d693b9.csv,rec_9746e8e3a27f7061,False,dijual,dijual,Toyota Yaris,medium,community_context,False,,,,False,not_relevant,no_adas_keyword,,UNKNOWN,,,,,,,
rec_d1008e5903bc5689,Toyota Yaris,Yaris Cross Community Indonesia (YCCI),https://www.facebook.com/groups/331613226681705,post_8,post_8_comment_8,post_8,comment,,,,New Yaris TRDSportivo 2018 Manual … Lihat selengkapnya,https://www.facebook.com/groups/331613226681705,2026-09-17T15:39:53Z,raw_data_run_20260917_223451_d693b9.csv,rec_d1008e5903bc5689,False,New Yaris TRDSportivo 2018 Manual … Lihat selengkapnya,new yaris trdsportivo 2018 manual … lihat selengkapnya,Toyota Yaris,high,explicit_text_alias_strong,False,,,,False,not_relevant,no_adas_keyword,,UNKNOWN,,,,,,,
rec_3b5cb09bfa27610a,Toyota Yaris,Yaris Cross Community Indonesia (YCCI),https://www.facebook.com/groups/331613226681705,post_8,post_8_comment_9,post_8,comment,,,,"FS Toyota Yaris Cross Hybrid GR TSS Black
Ijin kakak admin dan lainnya,
Mau jual mobil irit lincah keren ini
NIK 2024 atas nama CV milik sendiri
Lihat selengkapnya",https://www.facebook.com/groups/331613226681705,2026-09-17T15:39:53Z,raw_data_run_20260917_223451_d693b9.csv,rec_3b5cb09bfa27610a,False,"FS Toyota Yaris Cross Hybrid GR TSS Black Ijin kakak admin dan lainnya, Mau jual mobil irit lincah keren ini NIK 2024 atas nama CV milik sendiri Lihat selengkapnya","fs toyota yaris cross hybrid gr tss black ijin kakak admin dan lainnya, mau jual mobil irit lincah keren ini nik 2024 atas nama cv milik sendiri lihat selengkapnya",Toyota Yaris,high,explicit_text_alias_strong,True,TSS,combined_adas,,True,uncertain,generic_adas_terms_only,low,UNKNOWN,not_stated,not_stated,uncertain,positive,not_stated,unclear,low
rec_7bc71951a01fe5e2,Toyota Yaris,Yaris Cross Community Indonesia (YCCI),https://www.facebook.com/groups/331613226681705,post_8,post_8_comment_10,post_8,comment,,,,"Yaris Cross G 2024
Hitam
Surat² lengkap
Pajak on
Odo 27rban on-going… Lihat selengkapnya",https://www.facebook.com/groups/331613226681705,2026-09-17T15:39:56Z,raw_data_run_20260917_223451_d693b9.csv,rec_7bc71951a01fe5e2,False,Yaris Cross G 2024 Hitam Surat² lengkap Pajak on Odo 27rban on-going… Lihat selengkapnya,yaris cross g 2024 hitam surat² lengkap pajak on odo 27rban on-going… lihat selengkapnya,Toyota Yaris,high,explicit_text_alias_strong,False,,,,False,not_relevant,no_adas_keyword,,UNKNOWN,,,,,,,
rec_0db8253d68bcc2e2,Toyota Yaris,Yaris Cross Community Indonesia (YCCI),https://www.facebook.com/groups/331613226681705,post_8,post_8_comment_11,post_8,comment,,,,Yaris Cross G 2024,https://www.facebook.com/groups/331613226681705,2026-09-17T15:39:56Z,raw_data_run_20260917_223451_d693b9.csv,rec_0db8253d68bcc2e2,False,Yaris Cross G 2024,yaris cross g 2024,Toyota Yaris,high,explicit_text_alias_strong,False,,,,False,not_relevant,no_adas_keyword,,UNKNOWN,,,,,,,
rec_3af7f6e8c36fe279,Toyota Yaris,Yaris Cross Community Indonesia (YCCI),https://www.facebook.com/groups/331613226681705,post_8,post_8_comment_12,post_8,comment,,,,Hitam,https://www.facebook.com/groups/331613226681705,2026-09-17T15:39:56Z,raw_data_run_20260917_223451_d693b9.csv,rec_3af7f6e8c36fe279,False,Hitam,hitam,Toyota Yaris,medium,community_context,False,,,,False,not_relevant,no_adas_keyword,,UNKNOWN,,,,,,,
rec_c3b548cf68db52e1,Toyota Yaris,Yaris Cross Community Indonesia (YCCI),https://www.facebook.com/groups/331613226681705,post_8,post_8_comment_13,post_8,comment,,,,Surat² lengkap,https://www.facebook.com/groups/331613226681705,2026-09-17T15:39:56Z,raw_data_run_20260917_223451_d693b9.csv,rec_c3b548cf68db52e1,False,Surat² lengkap,surat² lengkap,Toyota Yaris,medium,community_context,False,,,,False,not_relevant,no_adas_keyword,,UNKNOWN,,,,,,,
rec_a0cb46016c246656,Toyota Yaris,Yaris Cross Community Indonesia (YCCI),https://www.facebook.com/groups/331613226681705,post_8,post_8_comment_14,post_8,comment,,,,Pajak on,https://www.facebook.com/groups/331613226681705,2026-09-17T15:39:56Z,raw_data_run_20260917_223451_d693b9.csv,rec_a0cb46016c246656,False,Pajak on,pajak on,Toyota Yaris,medium,community_context,False,,,,False,not_relevant,no_adas_keyword,,UNKNOWN,,,,,,,
rec_26c57919f5a0c6a4,Toyota Yaris,Yaris Cross Community Indonesia (YCCI),https://www.facebook.com/groups/331613226681705,post_8,post_8_comment_15,post_8,comment,,,,Odo 27rban on-going… Lihat selengkapnya,https://www.facebook.com/groups/331613226681705,2026-09-17T15:39:56Z,raw_data_run_20260917_223451_d693b9.csv,rec_26c57919f5a0c6a4,False,Odo 27rban on-going… Lihat selengkapnya,odo 27rban on-going… lihat selengkapnya,Toyota Yaris,medium,community_context,False,,,,False,not_relevant,no_adas_keyword,,UNKNOWN,,,,,,,
rec_5d378e4f83b26ab9,Toyota Yaris,Yaris Cross Community Indonesia (YCCI),https://www.facebook.com/groups/331613226681705,post_8,post_8_comment_16,post_8,comment,,,,"STNK ONLY DAN APLIKASI SAJA RIWAYAT LEASING JELAS BUKAN UNIT RENTAL DAN CURIAN
YANG PAHAM DAN BERPENGALAMAN … Lihat selengkapnya",https://www.facebook.com/groups/331613226681705,2026-09-17T15:39:58Z,raw_data_run_20260917_223451_d693b9.csv,rec_5d378e4f83b26ab9,False,STNK ONLY DAN APLIKASI SAJA RIWAYAT LEASING JELAS BUKAN UNIT RENTAL DAN CURIAN YANG PAHAM DAN BERPENGALAMAN … Lihat selengkapnya,stnk only dan aplikasi saja riwayat leasing jelas bukan unit rental dan curian yang paham dan berpengalaman … lihat selengkapnya,Toyota Yaris,medium,community_context,False,,,,False,not_relevant,no_adas_keyword,,UNKNOWN,,,,,,,
rec_8be9bf779c773849,Toyota Yaris,Yaris Cross Community Indonesia (YCCI),https://www.facebook.com/groups/331613226681705,post_8,post_8_comment_17,post_8,comment,,,,STNK ONLY DAN APLIKASI SAJA RIWAYAT LEASING JELAS BUKAN UNIT RENTAL DAN CURIAN,https://www.facebook.com/groups/331613226681705,2026-09-17T15:39:58Z,raw_data_run_20260917_223451_d693b9.csv,rec_8be9bf779c773849,False,STNK ONLY DAN APLIKASI SAJA RIWAYAT LEASING JELAS BUKAN UNIT RENTAL DAN CURIAN,stnk only dan aplikasi saja riwayat leasing jelas bukan unit rental dan curian,Toyota Yaris,medium,community_context,False,,,,False,not_relevant,no_adas_keyword,,UNKNOWN,,,,,,,
rec_9ae3e8fe45287bd4,Toyota Yaris,Yaris Cross Community Indonesia (YCCI),https://www.facebook.com/groups/331613226681705,post_8,post_8_comment_18,post_8,comment,,,,YANG PAHAM DAN BERPENGALAMAN … Lihat selengkapnya,https://www.facebook.com/groups/331613226681705,2026-09-17T15:39:58Z,raw_data_run_20260917_223451_d693b9.csv,rec_9ae3e8fe45287bd4,False,YANG PAHAM DAN BERPENGALAMAN … Lihat selengkapnya,yang paham dan berpengalaman … lihat selengkapnya,Toyota Yaris,medium,community_context,False,,,,False,not_relevant,no_adas_keyword,,UNKNOWN,,,,,,,
rec_978bc59739ca0e1e,Toyota Yaris,Yaris Cross Community Indonesia (YCCI),https://www.facebook.com/groups/331613226681705,post_8,post_8_comment_19,post_8,comment,,,,"Jual sparepart berkualitas 
Whatsapp 
 085934378954… Lihat selengkapnya",https://www.facebook.com/groups/331613226681705,2026-09-17T15:40:00Z,raw_data_run_20260917_223451_d693b9.csv,rec_978bc59739ca0e1e,False,Jual sparepart berkualitas Whatsapp 085934378954… Lihat selengkapnya,jual sparepart berkualitas whatsapp 085934378954… lihat selengkapnya,Toyota Yaris,medium,community_context,False,,,,False,not_relevant,no_adas_keyword,,UNKNOWN,,,,,,,
rec_ec1c3ed9f01a8aad,Toyota Yaris,Yaris Cross Community Indonesia (YCCI),https://www.facebook.com/groups/331613226681705,post_8,post_8_comment_20,post_8,comment,,,,Jual sparepart berkualitas,https://www.facebook.com/groups/331613226681705,2026-09-17T15:40:00Z,raw_data_run_20260917_223451_d693b9.csv,rec_ec1c3ed9f01a8aad,False,Jual sparepart berkualitas,jual sparepart berkualitas,Toyota Yaris,medium,community_context,False,,,,False,not_relevant,no_adas_keyword,,UNKNOWN,,,,,,,
rec_f17baa67d45463bb,Toyota Yaris,Yaris Cross Community Indonesia (YCCI),https://www.facebook.com/groups/331613226681705,post_8,post_8_comment_21,post_8,comment,,,,"Whatsapp 
 085934378954… Lihat selengkapnya",https://www.facebook.com/groups/331613226681705,2026-09-17T15:40:00Z,raw_data_run_20260917_223451_d693b9.csv,rec_f17baa67d45463bb,False,Whatsapp 085934378954… Lihat selengkapnya,whatsapp 085934378954… lihat selengkapnya,Toyota Yaris,medium,community_context,False,,,,False,not_relevant,no_adas_keyword,,UNKNOWN,,,,,,,
rec_40d3341be5e3b146,Toyota Yaris,Yaris Cross Community Indonesia (YCCI),https://www.facebook.com/groups/331613226681705,post_8,post_8_comment_22,post_8,comment,,,,"Kamera parkir TOYOTA 
 inova reborn… Lihat selengkapnya",https://www.facebook.com/groups/331613226681705,2026-09-17T15:40:01Z,raw_data_run_20260917_223451_d693b9.csv,rec_40d3341be5e3b146,False,Kamera parkir TOYOTA inova reborn… Lihat selengkapnya,kamera parkir toyota inova reborn… lihat selengkapnya,Toyota Yaris,medium,community_context,False,,,,False,not_relevant,no_adas_keyword,,UNKNOWN,,,,,,,
rec_f8776af17a0a1b79,Toyota Yaris,Yaris Cross Community Indonesia (YCCI),https://www.facebook.com/groups/331613226681705,post_8,post_8_comment_23,post_8,comment,,,,Kamera parkir TOYOTA,https://www.facebook.com/groups/331613226681705,2026-09-17T15:40:01Z,raw_data_run_20260917_223451_d693b9.csv,rec_f8776af17a0a1b79,False,Kamera parkir TOYOTA,kamera parkir toyota,Toyota Yaris,medium,community_context,False,,,,False,not_relevant,no_adas_keyword,,UNKNOWN,,,,,,,
rec_b9dd2296bdd51ffd,Toyota Yaris,Yaris Cross Community Indonesia (YCCI),https://www.facebook.com/groups/331613226681705,post_8,post_8_comment_24,post_8,comment,,,,inova reborn… Lihat selengkapnya,https://www.facebook.com/groups/331613226681705,2026-09-17T15:40:01Z,raw_data_run_20260917_223451_d693b9.csv,rec_b9dd2296bdd51ffd,False,inova reborn… Lihat selengkapnya,inova reborn… lihat selengkapnya,Toyota Yaris,medium,community_context,False,,,,False,not_relevant,no_adas_keyword,,UNKNOWN,,,,,,,
rec_58ce537c71da5c25,Toyota Yaris,Yaris Cross Community Indonesia (YCCI),https://www.facebook.com/groups/331613226681705,post_8,post_8_comment_25,post_8,comment,,,,"Dijual Murah Paket Velg+ Ban RPF R16 Yaris Second Mulus, Jauh Bisa Kirim Lewat Shopee https://s.shopee.co.id/80CTfROAaO",https://www.facebook.com/groups/331613226681705,2026-09-17T15:40:03Z,raw_data_run_20260917_223451_d693b9.csv,rec_58ce537c71da5c25,False,"Dijual Murah Paket Velg+ Ban RPF R16 Yaris Second Mulus, Jauh Bisa Kirim Lewat Shopee [url]","dijual murah paket velg+ ban rpf r16 yaris second mulus, jauh bisa kirim lewat shopee [url]",Toyota Yaris,high,explicit_text_alias_strong,False,,,,False,not_relevant,no_adas_keyword,,UNKNOWN,,,,,,,
rec_8964d1befa4d0be8,Toyota Yaris,Yaris Cross Community Indonesia (YCCI),https://www.facebook.com/groups/331613226681705,post_8,post_8_comment_26,post_8,comment,,,,"dijual
Yaris TRDSportivo 2019 Matic … Lihat selengkapnya",https://www.facebook.com/groups/331613226681705,2026-09-17T15:40:05Z,raw_data_run_20260917_223451_d693b9.csv,rec_8964d1befa4d0be8,False,dijual Yaris TRDSportivo 2019 Matic … Lihat selengkapnya,dijual yaris trdsportivo 2019 matic … lihat selengkapnya,Toyota Yaris,high,explicit_text_alias_strong,False,,,,False,not_relevant,no_adas_keyword,,UNKNOWN,,,,,,,
rec_c11629728bde2f49,Toyota Yaris,Yaris Cross Community Indonesia (YCCI),https://www.facebook.com/groups/331613226681705,post_8,post_8_comment_27,post_8,comment,,,,Yaris TRDSportivo 2019 Matic … Lihat selengkapnya,https://www.facebook.com/groups/331613226681705,2026-09-17T15:40:05Z,raw_data_run_20260917_223451_d693b9.csv,rec_c11629728bde2f49,False,Yaris TRDSportivo 2019 Matic … Lihat selengkapnya,yaris trdsportivo 2019 matic … lihat selengkapnya,Toyota Yaris,high,explicit_text_alias_strong,False,,,,False,not_relevant,no_adas_keyword,,UNKNOWN,,,,,,,
rec_f171e3baf87626fd,Toyota Yaris,Yaris Cross Community Indonesia (YCCI),https://www.facebook.com/groups/331613226681705,post_8,post_8_comment_28,post_8,comment,,,,"Edisi Bantu Jual Punya Teman
For Sale Toyota Yaris Cross S Hybrid GR TSS 2024 
Tipe Tertinggi 
Warna Two tone Putih - Hitam… Lihat selengkapnya",https://www.facebook.com/groups/331613226681705,2026-09-17T15:40:08Z,raw_data_run_20260917_223451_d693b9.csv,rec_f171e3baf87626fd,False,Edisi Bantu Jual Punya Teman For Sale Toyota Yaris Cross S Hybrid GR TSS 2024 Tipe Tertinggi Warna Two tone Putih - Hitam… Lihat selengkapnya,edisi bantu jual punya teman for sale toyota yaris cross s hybrid gr tss 2024 tipe tertinggi warna two tone putih - hitam… lihat selengkapnya,Toyota Yaris,high,explicit_text_alias_strong,True,TSS,combined_adas,,True,uncertain,generic_adas_terms_only,low,UNKNOWN,not_stated,not_stated,uncertain,positive,not_stated,unclear,low
rec_2b0cf8b07accb3f6,Toyota Yaris,Yaris Cross Community Indonesia (YCCI),https://www.facebook.com/groups/331613226681705,post_8,post_8_comment_29,post_8,comment,,,,Edisi Bantu Jual Punya Teman,https://www.facebook.com/groups/331613226681705,2026-09-17T15:40:08Z,raw_data_run_20260917_223451_d693b9.csv,rec_2b0cf8b07accb3f6,False,Edisi Bantu Jual Punya Teman,edisi bantu jual punya teman,Toyota Yaris,medium,community_context,False,,,,False,not_relevant,no_adas_keyword,,UNKNOWN,,,,,,,
rec_7e6f0589f62d09ca,Toyota Yaris,Yaris Cross Community Indonesia (YCCI),https://www.facebook.com/groups/331613226681705,post_8,post_8_comment_30,post_8,comment,,,,For Sale Toyota Yaris Cross S Hybrid GR TSS 2024,https://www.facebook.com/groups/331613226681705,2026-09-17T15:40:08Z,raw_data_run_20260917_223451_d693b9.csv,rec_7e6f0589f62d09ca,False,For Sale Toyota Yaris Cross S Hybrid GR TSS 2024,for sale toyota yaris cross s hybrid gr tss 2024,Toyota Yaris,high,explicit_text_alias_strong,True,TSS,combined_adas,,True,uncertain,generic_adas_terms_only,low,UNKNOWN,not_stated,not_stated,uncertain,neutral,not_stated,unclear,low
rec_069e8950d2e697ed,Toyota Yaris,Yaris Cross Community Indonesia (YCCI),https://www.facebook.com/groups/331613226681705,post_8,post_8_comment_31,post_8,comment,,,,Tipe Tertinggi,https://www.facebook.com/groups/331613226681705,2026-09-17T15:40:08Z,raw_data_run_20260917_223451_d693b9.csv,rec_069e8950d2e697ed,False,Tipe Tertinggi,tipe tertinggi,Toyota Yaris,medium,community_context,False,,,,False,not_relevant,no_adas_keyword,,UNKNOWN,,,,,,,
rec_4e7ab8cb68a3744a,Toyota Yaris,Yaris Cross Community Indonesia (YCCI),https://www.facebook.com/groups/331613226681705,post_8,post_8_comment_32,post_8,comment,,,,Warna Two tone Putih - Hitam… Lihat selengkapnya,https://www.facebook.com/groups/331613226681705,2026-09-17T15:40:08Z,raw_data_run_20260917_223451_d693b9.csv,rec_4e7ab8cb68a3744a,False,Warna Two tone Putih - Hitam… Lihat selengkapnya,warna two tone putih - hitam… lihat selengkapnya,Toyota Yaris,medium,community_context,False,,,,False,not_relevant,no_adas_keyword,,UNKNOWN,,,,,,,
rec_87ff5df4a16f8216,Toyota Yaris,Yaris Cross Community Indonesia (YCCI),https://www.facebook.com/groups/331613226681705,post_8,post_8_comment_33,post_8,comment,,,,"@YARIS+TRD+SPORTIVO+2017+MANUAL+MT+
@SS+STNK+ONLY+SAJA+WAJIB+FAHAM+RIWAYAT+SANGAT+JELAS+HARGA+68JUTA+minat+wa.+083876865676",https://www.facebook.com/groups/331613226681705,2026-09-17T15:40:10Z,raw_data_run_20260917_223451_d693b9.csv,rec_87ff5df4a16f8216,False,[mention] +TRD+SPORTIVO+2017+MANUAL+MT+ [mention] +STNK+ONLY+SAJA+WAJIB+FAHAM+RIWAYAT+SANGAT+JELAS+HARGA+68JUTA+minat+wa.+083876865676,[mention] +trd+sportivo+2017+manual+mt+ [mention] +stnk+only+saja+wajib+faham+riwayat+sangat+jelas+harga+68juta+minat+wa.+083876865676,Toyota Yaris,medium,community_context,False,,,,False,not_relevant,no_adas_keyword,,UNKNOWN,,,,,,,
rec_253df0219ae4d762,Toyota Yaris,Yaris Cross Community Indonesia (YCCI),https://www.facebook.com/groups/331613226681705,post_8,post_8_comment_34,post_8,comment,,,,@YARIS+TRD+SPORTIVO+2017+MANUAL+MT+,https://www.facebook.com/groups/331613226681705,2026-09-17T15:40:10Z,raw_data_run_20260917_223451_d693b9.csv,rec_253df0219ae4d762,False,[mention] +TRD+SPORTIVO+2017+MANUAL+MT+,[mention] +trd+sportivo+2017+manual+mt+,Toyota Yaris,medium,community_context,False,,,,False,not_relevant,no_adas_keyword,,UNKNOWN,,,,,,,
rec_bb2d2a7d82e37376,Toyota Yaris,Yaris Cross Community Indonesia (YCCI),https://www.facebook.com/groups/331613226681705,post_8,post_8_comment_35,post_8,comment,,,,@SS+STNK+ONLY+SAJA+WAJIB+FAHAM+RIWAYAT+SANGAT+JELAS+HARGA+68JUTA+minat+wa.+083876865676,https://www.facebook.com/groups/331613226681705,2026-09-17T15:40:10Z,raw_data_run_20260917_223451_d693b9.csv,rec_bb2d2a7d82e37376,False,[mention] +STNK+ONLY+SAJA+WAJIB+FAHAM+RIWAYAT+SANGAT+JELAS+HARGA+68JUTA+minat+wa.+083876865676,[mention] +stnk+only+saja+wajib+faham+riwayat+sangat+jelas+harga+68juta+minat+wa.+083876865676,Toyota Yaris,medium,community_context,False,,,,False,not_relevant,no_adas_keyword,,UNKNOWN,,,,,,,
rec_1987720026d6cb7b,Toyota Yaris,Yaris Cross Community Indonesia (YCCI),https://www.facebook.com/groups/331613226681705,post_8,post_8_comment_36,post_8,comment,,,,"(Price 6.7jt) For sale Velg original Toyota FT86 Ring 17 pcd 5x100, kondisi mulus 95%, lokasi margonda depok https://wa.me/+6285781559992",https://www.facebook.com/groups/331613226681705,2026-09-17T15:40:12Z,raw_data_run_20260917_223451_d693b9.csv,rec_1987720026d6cb7b,False,"(Price 6.7jt) For sale Velg original Toyota FT86 Ring 17 pcd 5x100, kondisi mulus 95%, lokasi margonda depok [url]","(price 6.7jt) for sale velg original toyota ft86 ring 17 pcd 5x100, kondisi mulus 95%, lokasi margonda depok [url]",Toyota Yaris,medium,community_context,False,,,,False,not_relevant,no_adas_keyword,,UNKNOWN,,,,,,,
rec_b10f6302ff0988f2,Toyota Yaris,Yaris Cross Community Indonesia (YCCI),https://www.facebook.com/groups/331613226681705,post_8,post_8_comment_37,post_8,comment,,,,"Yaris Cross 1.5 G Cvt 2026
Km 50 Perak
Mobil bekas rasa baru
Cash/kredit
Harga 325 juta(Boleh Nego sampai deal)
Lihat selengkapnya",https://www.facebook.com/groups/331613226681705,2026-09-17T15:40:12Z,raw_data_run_20260917_223451_d693b9.csv,rec_b10f6302ff0988f2,False,Yaris Cross 1.5 G Cvt 2026 Km 50 Perak Mobil bekas rasa baru Cash/kredit Harga 325 juta(Boleh Nego sampai deal) Lihat selengkapnya,yaris cross 1.5 g cvt 2026 km 50 perak mobil bekas rasa baru cash/kredit harga 325 juta(boleh nego sampai deal) lihat selengkapnya,Toyota Yaris,high,explicit_text_alias_strong,False,,,,False,not_relevant,no_adas_keyword,,UNKNOWN,,,,,,,
rec_2eccf1250ad9f341,Toyota Yaris,Yaris Cross Community Indonesia (YCCI),https://www.facebook.com/groups/331613226681705,post_8,post_8_comment_38,post_8,comment,,,,"Saya sebagai user yaris cross ko heran ya, knapa ko banyak yg mau jual mobil padahal kondisi nya masih bisa di bilang baru.",https://www.facebook.com/groups/331613226681705,2026-09-17T15:40:12Z,raw_data_run_20260917_223451_d693b9.csv,rec_2eccf1250ad9f341,False,"Saya sebagai user yaris cross ko heran ya, knapa ko banyak yg mau jual mobil padahal kondisi nya masih bisa di bilang baru.","saya sebagai user yaris cross ko heran ya, knapa ko banyak yg mau jual mobil padahal kondisi nya masih bisa di bilang baru.",Toyota Yaris,high,explicit_text_alias_strong,False,,,,False,not_relevant,no_adas_keyword,,UNKNOWN,,,,,,,
rec_9763cf1da8657849,Toyota Yaris,Yaris Cross Community Indonesia (YCCI),https://www.facebook.com/groups/331613226681705,post_8,post_8_comment_39,post_8,comment,,,,Ap… Lihat selengkapnya,https://www.facebook.com/groups/331613226681705,2026-09-17T15:40:12Z,raw_data_run_20260917_223451_d693b9.csv,rec_9763cf1da8657849,False,Ap… Lihat selengkapnya,ap… lihat selengkapnya,Toyota Yaris,medium,community_context,False,,,,False,not_relevant,no_adas_keyword,,UNKNOWN,,,,,,,
rec_08e59dc52ccf9109,Toyota Yaris,Yaris Cross Community Indonesia (YCCI),https://www.facebook.com/groups/331613226681705,post_8,post_8_comment_40,post_8,comment,,,,bisa tuker tambah ga,https://www.facebook.com/groups/331613226681705,2026-09-17T15:40:12Z,raw_data_run_20260917_223451_d693b9.csv,rec_08e59dc52ccf9109,False,bisa tuker tambah ga,bisa tuker tambah ga,Toyota Yaris,medium,community_context,False,,,,False,not_relevant,no_adas_keyword,,UNKNOWN,,,,,,,
rec_31678832e82d644d,Toyota Yaris,Yaris Cross Community Indonesia (YCCI),https://www.facebook.com/groups/331613226681705,post_8,post_8_comment_41,post_8,comment,,,,Bismillah..… Lihat selengkapnya,https://www.facebook.com/groups/331613226681705,2026-09-17T15:40:15Z,raw_data_run_20260917_223451_d693b9.csv,rec_31678832e82d644d,False,Bismillah..… Lihat selengkapnya,bismillah..… lihat selengkapnya,Toyota Yaris,medium,community_context,False,,,,False,not_relevant,no_adas_keyword,,UNKNOWN,,,,,,,
rec_8d1dce6fde61ef19,Toyota Yaris,Yaris Cross Community Indonesia (YCCI),https://www.facebook.com/groups/331613226681705,post_8,post_8_comment_42,post_8,comment,,,,"*Cover jok :  Yaris
 ( Second)… Lihat selengkapnya",https://www.facebook.com/groups/331613226681705,2026-09-17T15:40:17Z,raw_data_run_20260917_223451_d693b9.csv,rec_8d1dce6fde61ef19,False,*Cover jok : Yaris ( Second)… Lihat selengkapnya,*cover jok : yaris ( second)… lihat selengkapnya,Toyota Yaris,high,explicit_text_alias_strong,False,,,,False,not_relevant,no_adas_keyword,,UNKNOWN,,,,,,,
rec_1e90b9d05994a195,Toyota Yaris,Yaris Cross Community Indonesia (YCCI),https://www.facebook.com/groups/331613226681705,post_8,post_8_comment_43,post_8,comment,,,,*Cover jok :  Yaris,https://www.facebook.com/groups/331613226681705,2026-09-17T15:40:17Z,raw_data_run_20260917_223451_d693b9.csv,rec_1e90b9d05994a195,False,*Cover jok : Yaris,*cover jok : yaris,Toyota Yaris,high,explicit_text_alias_strong,False,,,,False,not_relevant,no_adas_keyword,,UNKNOWN,,,,,,,
rec_2be712e8dcce11f2,Toyota Yaris,Yaris Cross Community Indonesia (YCCI),https://www.facebook.com/groups/331613226681705,post_8,post_8_comment_44,post_8,comment,,,,( Second)… Lihat selengkapnya,https://www.facebook.com/groups/331613226681705,2026-09-17T15:40:17Z,raw_data_run_20260917_223451_d693b9.csv,rec_2be712e8dcce11f2,False,( Second)… Lihat selengkapnya,( second)… lihat selengkapnya,Toyota Yaris,medium,community_context,False,,,,False,not_relevant,no_adas_keyword,,UNKNOWN,,,,,,,
rec_32885bc12c1fee75,Toyota Yaris,Yaris Cross Community Indonesia (YCCI),https://www.facebook.com/groups/331613226681705,post_8,post_8_comment_45,post_8,comment,,,,"Izin cari rezeki
Bodykit Xpander Cross. Harga fullset mulai dari 1 jt-an
Salam Modifikasi Indonesia
-------------------------------------------------------
Upgrade your car with :
𝐁𝐎𝐃𝐘𝐊𝐈𝐓 𝐈𝐍𝐃𝐎𝐍𝐄𝐒𝐈𝐀
Lihat selengkapnya",https://www.facebook.com/groups/331613226681705,2026-09-17T15:40:18Z,raw_data_run_20260917_223451_d693b9.csv,rec_32885bc12c1fee75,False,Izin cari rezeki Bodykit Xpander Cross. Harga fullset mulai dari 1 jt-an Salam Modifikasi Indonesia ------------------------------------------------------- Upgrade your car with : 𝐁𝐎𝐃𝐘𝐊𝐈𝐓 𝐈𝐍𝐃𝐎𝐍𝐄𝐒𝐈𝐀 Lihat selengkapnya,izin cari rezeki bodykit xpander cross. harga fullset mulai dari 1 jt-an salam modifikasi indonesia ------------------------------------------------------- upgrade your car with : 𝐁𝐎𝐃𝐘𝐊𝐈𝐓 𝐈𝐍𝐃𝐎𝐍𝐄𝐒𝐈𝐀 lihat selengkapnya,Toyota Yaris,medium,community_context,False,,,,False,not_relevant,no_adas_keyword,,UNKNOWN,,,,,,,
rec_a0ee2d5dfe663c6a,Toyota Yaris,Yaris Cross Community Indonesia (YCCI),https://www.facebook.com/groups/331613226681705,post_8,post_8_comment_46,post_8,comment,,,,"@YARIS+TRD+SPORTIVO+2017+MANUAL+MT+
@SS+STNK+ONLY+SAJA+WAJIB+FAHAM+RIWAYAT+SANGAT+JELAS+HARGA+68JUTA+minat+inbok",https://www.facebook.com/groups/331613226681705,2026-09-17T15:40:20Z,raw_data_run_20260917_223451_d693b9.csv,rec_a0ee2d5dfe663c6a,False,[mention] +TRD+SPORTIVO+2017+MANUAL+MT+ [mention] +STNK+ONLY+SAJA+WAJIB+FAHAM+RIWAYAT+SANGAT+JELAS+HARGA+68JUTA+minat+inbok,[mention] +trd+sportivo+2017+manual+mt+ [mention] +stnk+only+saja+wajib+faham+riwayat+sangat+jelas+harga+68juta+minat+inbok,Toyota Yaris,medium,community_context,False,,,,False,not_relevant,no_adas_keyword,,UNKNOWN,,,,,,,
rec_0cd918f64e392f68,Toyota Yaris,Yaris Cross Community Indonesia (YCCI),https://www.facebook.com/groups/331613226681705,post_8,post_8_comment_47,post_8,comment,,,,@SS+STNK+ONLY+SAJA+WAJIB+FAHAM+RIWAYAT+SANGAT+JELAS+HARGA+68JUTA+minat+inbok,https://www.facebook.com/groups/331613226681705,2026-09-17T15:40:20Z,raw_data_run_20260917_223451_d693b9.csv,rec_0cd918f64e392f68,False,[mention] +STNK+ONLY+SAJA+WAJIB+FAHAM+RIWAYAT+SANGAT+JELAS+HARGA+68JUTA+minat+inbok,[mention] +stnk+only+saja+wajib+faham+riwayat+sangat+jelas+harga+68juta+minat+inbok,Toyota Yaris,medium,community_context,False,,,,False,not_relevant,no_adas_keyword,,UNKNOWN,,,,,,,
rec_fd66c58488d43d63,Toyota Yaris,Yaris Cross Community Indonesia (YCCI),https://www.facebook.com/groups/331613226681705,post_8,post_8_comment_48,post_8,comment,,,,"Salam sedikit perkongsian item untuk TOYOTA YARIS CROSS yang ada didalam platform shopee. Silakan survey jika ada yang mencari. Gambar hasil gemini
 .TQ admin 
Trapo Karpet Kereta Car Mat Toyota Yaris Cross Non-Hybrid (2023-Present) 
 https://s.shopee.com.my/7KpiEBNi2W.
Kamatto Classic Toyota Yaris Cross XP210 (2020-Present) Car Floor Mat and Carpet
 https://s.shopee.com.my/AUmjzkeWog… Lihat selengkapnya",https://www.facebook.com/groups/331613226681705,2026-09-17T15:40:22Z,raw_data_run_20260917_223451_d693b9.csv,rec_fd66c58488d43d63,False,Salam sedikit perkongsian item untuk TOYOTA YARIS CROSS yang ada didalam platform shopee. Silakan survey jika ada yang mencari. Gambar hasil gemini .TQ admin Trapo Karpet Kereta Car Mat Toyota Yaris Cross Non-Hybrid (2023-Present) [url] Kamatto Classic Toyota Yaris Cross XP210 (2020-Present) Car Floor Mat and Carpet [url] Lihat selengkapnya,salam sedikit perkongsian item untuk toyota yaris cross yang ada didalam platform shopee. silakan survey jika ada yang mencari. gambar hasil gemini .tq admin trapo karpet kereta car mat toyota yaris cross non-hybrid (2023-present) [url] kamatto classic toyota yaris cross xp210 (2020-present) car floor mat and carpet [url] lihat selengkapnya,Toyota Yaris,high,explicit_text_alias_strong,False,,,,False,not_relevant,no_adas_keyword,,UNKNOWN,,,,,,,
rec_b2807658b120b4a5,Toyota Yaris,Yaris Cross Community Indonesia (YCCI),https://www.facebook.com/groups/331613226681705,post_8,post_8_comment_49,post_8,comment,,,,"Salam sedikit perkongsian item untuk TOYOTA YARIS CROSS yang ada didalam platform shopee. Silakan survey jika ada yang mencari. Gambar hasil gemini
 .TQ admin",https://www.facebook.com/groups/331613226681705,2026-09-17T15:40:22Z,raw_data_run_20260917_223451_d693b9.csv,rec_b2807658b120b4a5,False,Salam sedikit perkongsian item untuk TOYOTA YARIS CROSS yang ada didalam platform shopee. Silakan survey jika ada yang mencari. Gambar hasil gemini .TQ admin,salam sedikit perkongsian item untuk toyota yaris cross yang ada didalam platform shopee. silakan survey jika ada yang mencari. gambar hasil gemini .tq admin,Toyota Yaris,high,explicit_text_alias_strong,False,,,,False,not_relevant,no_adas_keyword,,UNKNOWN,,,,,,,
rec_08857bca69482599,Toyota Yaris,Yaris Cross Community Indonesia (YCCI),https://www.facebook.com/groups/331613226681705,post_8,post_8_comment_50,post_8,comment,,,,Trapo Karpet Kereta Car Mat Toyota Yaris Cross Non-Hybrid (2023-Present),https://www.facebook.com/groups/331613226681705,2026-09-17T15:40:22Z,raw_data_run_20260917_223451_d693b9.csv,rec_08857bca69482599,False,Trapo Karpet Kereta Car Mat Toyota Yaris Cross Non-Hybrid (2023-Present),trapo karpet kereta car mat toyota yaris cross non-hybrid (2023-present),Toyota Yaris,high,explicit_text_alias_strong,False,,,,False,not_relevant,no_adas_keyword,,UNKNOWN,,,,,,,
rec_5b7a815a69f76032,Toyota Yaris,Yaris Cross Community Indonesia (YCCI),https://www.facebook.com/groups/331613226681705,post_8,post_8_comment_51,post_8,comment,,,,https://s.shopee.com.my/7KpiEBNi2W.,https://www.facebook.com/groups/331613226681705,2026-09-17T15:40:22Z,raw_data_run_20260917_223451_d693b9.csv,rec_5b7a815a69f76032,False,[url],[url],Toyota Yaris,medium,community_context,False,,,,False,not_relevant,no_adas_keyword,,UNKNOWN,,,,,,,
rec_393a2b14d42880dc,Toyota Yaris,Yaris Cross Community Indonesia (YCCI),https://www.facebook.com/groups/331613226681705,post_8,post_8_comment_52,post_8,comment,,,,Kamatto Classic Toyota Yaris Cross XP210 (2020-Present) Car Floor Mat and Carpet,https://www.facebook.com/groups/331613226681705,2026-09-17T15:40:22Z,raw_data_run_20260917_223451_d693b9.csv,rec_393a2b14d42880dc,False,Kamatto Classic Toyota Yaris Cross XP210 (2020-Present) Car Floor Mat and Carpet,kamatto classic toyota yaris cross xp210 (2020-present) car floor mat and carpet,Toyota Yaris,high,explicit_text_alias_strong,False,,,,False,not_relevant,no_adas_keyword,,UNKNOWN,,,,,,,
rec_ab1c40124092ae8e,Toyota Yaris,Yaris Cross Community Indonesia (YCCI),https://www.facebook.com/groups/331613226681705,post_8,post_8_comment_53,post_8,comment,,,,https://s.shopee.com.my/AUmjzkeWog… Lihat selengkapnya,https://www.facebook.com/groups/331613226681705,2026-09-17T15:40:22Z,raw_data_run_20260917_223451_d693b9.csv,rec_ab1c40124092ae8e,False,[url] Lihat selengkapnya,[url] lihat selengkapnya,Toyota Yaris,medium,community_context,False,,,,False,not_relevant,no_adas_keyword,,UNKNOWN,,,,,,,
rec_c78fbf9e72302787,Toyota Yaris,Yaris Cross Community Indonesia (YCCI),https://www.facebook.com/groups/331613226681705,post_8,post_8_comment_54,post_8,comment,,,,"Ambient Light Car
Premium Ambience Light No Bintik Grade A+
Bisa Disemua Mobil
-
Bisa Rgb Matrix Kontrol Lewat Aplikasi
+ Setting 1 Warna
-
Lihat selengkapnya",https://www.facebook.com/groups/331613226681705,2026-09-17T15:40:23Z,raw_data_run_20260917_223451_d693b9.csv,rec_c78fbf9e72302787,False,Ambient Light Car Premium Ambience Light No Bintik Grade A+ Bisa Disemua Mobil - Bisa Rgb Matrix Kontrol Lewat Aplikasi + Setting 1 Warna - Lihat selengkapnya,ambient light car premium ambience light no bintik grade a+ bisa disemua mobil - bisa rgb matrix kontrol lewat aplikasi + setting 1 warna - lihat selengkapnya,Toyota Yaris,medium,community_context,False,,,,False,not_relevant,no_adas_keyword,,UNKNOWN,,,,,,,
rec_d20ba67011558835,Toyota Yaris,Yaris Cross Community Indonesia (YCCI),https://www.facebook.com/groups/331613226681705,post_8,post_8_comment_55,post_8,comment,,,,Mau om,https://www.facebook.com/groups/331613226681705,2026-09-17T15:40:23Z,raw_data_run_20260917_223451_d693b9.csv,rec_d20ba67011558835,False,Mau om,mau om,Toyota Yaris,medium,community_context,False,,,,False,not_relevant,no_adas_keyword,,UNKNOWN,,,,,,,
rec_69c1f45dabb46f97,Toyota Yaris,Yaris Cross Community Indonesia (YCCI),https://www.facebook.com/groups/331613226681705,post_8,post_8_comment_56,post_8,comment,,,,"@YARIS TRD SPORTIVO 2017 MANUAL MT 
@SS STNK ONLY SAJA WAJIB FAHAM RIWAYAT SANGAT JELAS HARGA 68JUTA CALL BY WA 
https://wa.me/62085126495267",https://www.facebook.com/groups/331613226681705,2026-09-17T15:40:25Z,raw_data_run_20260917_223451_d693b9.csv,rec_69c1f45dabb46f97,False,[mention] TRD SPORTIVO 2017 MANUAL MT [mention] STNK ONLY SAJA WAJIB FAHAM RIWAYAT SANGAT JELAS HARGA 68JUTA CALL BY WA [url],[mention] trd sportivo 2017 manual mt [mention] stnk only saja wajib faham riwayat sangat jelas harga 68juta call by wa [url],Toyota Yaris,medium,community_context,False,,,,False,not_relevant,no_adas_keyword,,UNKNOWN,,,,,,,
rec_ff4a42d2f1120373,Toyota Yaris,Yaris Cross Community Indonesia (YCCI),https://www.facebook.com/groups/331613226681705,post_8,post_8_comment_57,post_8,comment,,,,@YARIS TRD SPORTIVO 2017 MANUAL MT,https://www.facebook.com/groups/331613226681705,2026-09-17T15:40:25Z,raw_data_run_20260917_223451_d693b9.csv,rec_ff4a42d2f1120373,False,[mention] TRD SPORTIVO 2017 MANUAL MT,[mention] trd sportivo 2017 manual mt,Toyota Yaris,medium,community_context,False,,,,False,not_relevant,no_adas_keyword,,UNKNOWN,,,,,,,
rec_188c6bdde3d95cf8,Toyota Yaris,Yaris Cross Community Indonesia (YCCI),https://www.facebook.com/groups/331613226681705,post_8,post_8_comment_58,post_8,comment,,,,"@SS STNK ONLY SAJA WAJIB FAHAM RIWAYAT SANGAT JELAS HARGA 68JUTA CALL BY WA 
https://wa.me/62085126495267",https://www.facebook.com/groups/331613226681705,2026-09-17T15:40:25Z,raw_data_run_20260917_223451_d693b9.csv,rec_188c6bdde3d95cf8,False,[mention] STNK ONLY SAJA WAJIB FAHAM RIWAYAT SANGAT JELAS HARGA 68JUTA CALL BY WA [url],[mention] stnk only saja wajib faham riwayat sangat jelas harga 68juta call by wa [url],Toyota Yaris,medium,community_context,False,,,,False,not_relevant,no_adas_keyword,,UNKNOWN,,,,,,,
rec_39f6e77aed19b28e,Toyota Yaris,Yaris Cross Community Indonesia (YCCI),https://www.facebook.com/groups/331613226681705,post_8,post_8_comment_59,post_8,comment,,,,"*Cover jok : Yaris lele ( SECOND ) 
*Tahun*     : 2014-2021… Lihat selengkapnya",https://www.facebook.com/groups/331613226681705,2026-09-17T15:40:27Z,raw_data_run_20260917_223451_d693b9.csv,rec_39f6e77aed19b28e,False,*Cover jok : Yaris lele ( SECOND ) *Tahun* : 2014-2021… Lihat selengkapnya,*cover jok : yaris lele ( second ) *tahun* : 2014-2021… lihat selengkapnya,Toyota Yaris,high,explicit_text_alias_strong,False,,,,False,not_relevant,no_adas_keyword,,UNKNOWN,,,,,,,
rec_0776a5d60bdd4f3f,Toyota Yaris,Yaris Cross Community Indonesia (YCCI),https://www.facebook.com/groups/331613226681705,post_8,post_8_comment_60,post_8,comment,,,,*Cover jok : Yaris lele ( SECOND ),https://www.facebook.com/groups/331613226681705,2026-09-17T15:40:27Z,raw_data_run_20260917_223451_d693b9.csv,rec_0776a5d60bdd4f3f,False,*Cover jok : Yaris lele ( SECOND ),*cover jok : yaris lele ( second ),Toyota Yaris,high,explicit_text_alias_strong,False,,,,False,not_relevant,no_adas_keyword,,UNKNOWN,,,,,,,
rec_0ae656e61eea2627,Toyota Yaris,Yaris Cross Community Indonesia (YCCI),https://www.facebook.com/groups/331613226681705,post_8,post_8_comment_61,post_8,comment,,,,*Tahun*     : 2014-2021… Lihat selengkapnya,https://www.facebook.com/groups/331613226681705,2026-09-17T15:40:27Z,raw_data_run_20260917_223451_d693b9.csv,rec_0ae656e61eea2627,False,*Tahun* : 2014-2021… Lihat selengkapnya,*tahun* : 2014-2021… lihat selengkapnya,Toyota Yaris,medium,community_context,False,,,,False,not_relevant,no_adas_keyword,,UNKNOWN,,,,,,,
rec_195d09780222e78a,Toyota Yaris,Yaris Cross Community Indonesia (YCCI),https://www.facebook.com/groups/331613226681705,post_9,,,post,,,,"Jual sparepart berkualitas 
Whatsapp 
 085934378954… Lihat selengkapnya",https://www.facebook.com/groups/331613226681705,2026-09-17T15:40:39Z,raw_data_run_20260917_223451_d693b9.csv,rec_195d09780222e78a,False,Jual sparepart berkualitas Whatsapp 085934378954… Lihat selengkapnya,jual sparepart berkualitas whatsapp 085934378954… lihat selengkapnya,Toyota Yaris,medium,community_context,False,,,,False,not_relevant,no_adas_keyword,,UNKNOWN,,,,,,,
rec_2e3fe9a4f9a7f2f0,Toyota Yaris,Yaris Cross Community Indonesia (YCCI),https://www.facebook.com/groups/331613226681705,post_9,post_9_comment_1,post_9,comment,,,,"@ES TEH ONLY SJ
@YARIS TRD S 2017 MANUAL BEBAS LINTAS PLAT NEMPEL HARGA 68JUTA SAJA LOKASI PASURUAN CALL WA 
https://wa.me/62085137751296",https://www.facebook.com/groups/331613226681705,2026-09-17T15:40:43Z,raw_data_run_20260917_223451_d693b9.csv,rec_2e3fe9a4f9a7f2f0,False,[mention] TEH ONLY SJ [mention] TRD S 2017 MANUAL BEBAS LINTAS PLAT NEMPEL HARGA 68JUTA SAJA LOKASI PASURUAN CALL WA [url],[mention] teh only sj [mention] trd s 2017 manual bebas lintas plat nempel harga 68juta saja lokasi pasuruan call wa [url],Toyota Yaris,medium,community_context,False,,,,False,not_relevant,no_adas_keyword,,UNKNOWN,,,,,,,
rec_fb3194ef5868a7b2,Toyota Yaris,Yaris Cross Community Indonesia (YCCI),https://www.facebook.com/groups/331613226681705,post_9,post_9_comment_2,post_9,comment,,,,@ES TEH ONLY SJ,https://www.facebook.com/groups/331613226681705,2026-09-17T15:40:43Z,raw_data_run_20260917_223451_d693b9.csv,rec_fb3194ef5868a7b2,False,[mention] TEH ONLY SJ,[mention] teh only sj,Toyota Yaris,medium,community_context,False,,,,False,not_relevant,no_adas_keyword,,UNKNOWN,,,,,,,
rec_65f17fc10af0ca38,Toyota Yaris,Yaris Cross Community Indonesia (YCCI),https://www.facebook.com/groups/331613226681705,post_9,post_9_comment_3,post_9,comment,,,,"@YARIS TRD S 2017 MANUAL BEBAS LINTAS PLAT NEMPEL HARGA 68JUTA SAJA LOKASI PASURUAN CALL WA 
https://wa.me/62085137751296",https://www.facebook.com/groups/331613226681705,2026-09-17T15:40:43Z,raw_data_run_20260917_223451_d693b9.csv,rec_65f17fc10af0ca38,False,[mention] TRD S 2017 MANUAL BEBAS LINTAS PLAT NEMPEL HARGA 68JUTA SAJA LOKASI PASURUAN CALL WA [url],[mention] trd s 2017 manual bebas lintas plat nempel harga 68juta saja lokasi pasuruan call wa [url],Toyota Yaris,medium,community_context,False,,,,False,not_relevant,no_adas_keyword,,UNKNOWN,,,,,,,
rec_64fd53281a51932d,Toyota Yaris,Yaris Cross Community Indonesia (YCCI),https://www.facebook.com/groups/331613226681705,post_9,post_9_comment_4,post_9,comment,,,,Mempererat dan memperluas hubungan silahturahmi antar sesama pengguna mobil Toyota Yaris Cross,https://www.facebook.com/groups/331613226681705,2026-09-17T15:40:43Z,raw_data_run_20260917_223451_d693b9.csv,rec_64fd53281a51932d,False,Mempererat dan memperluas hubungan silahturahmi antar sesama pengguna mobil Toyota Yaris Cross,mempererat dan memperluas hubungan silahturahmi antar sesama pengguna mobil toyota yaris cross,Toyota Yaris,high,explicit_text_alias_strong,False,,,,False,not_relevant,no_adas_keyword,,UNKNOWN,,,,,,,
rec_95e888ceb9c9124d,Toyota Yaris,Yaris Cross Community Indonesia (YCCI),https://www.facebook.com/groups/331613226681705,post_9,post_9_comment_5,post_9,comment,,,,Xmate karpet mobil Yaris Cross,https://www.facebook.com/groups/331613226681705,2026-09-17T15:40:45Z,raw_data_run_20260917_223451_d693b9.csv,rec_95e888ceb9c9124d,False,Xmate karpet mobil Yaris Cross,xmate karpet mobil yaris cross,Toyota Yaris,high,explicit_text_alias_strong,False,,,,False,not_relevant,no_adas_keyword,,UNKNOWN,,,,,,,
rec_fa7228adead0761d,Toyota Yaris,Yaris Cross Community Indonesia (YCCI),https://www.facebook.com/groups/331613226681705,post_9,post_9_comment_6,post_9,comment,,,,"dijual
New Yaris TRDSportivo 2018 Manual … Lihat selengkapnya",https://www.facebook.com/groups/331613226681705,2026-09-17T15:40:45Z,raw_data_run_20260917_223451_d693b9.csv,rec_fa7228adead0761d,False,dijual New Yaris TRDSportivo 2018 Manual … Lihat selengkapnya,dijual new yaris trdsportivo 2018 manual … lihat selengkapnya,Toyota Yaris,high,explicit_text_alias_strong,False,,,,False,not_relevant,no_adas_keyword,,UNKNOWN,,,,,,,
rec_5ecd2a10a2ed8b24,Toyota Yaris,Yaris Cross Community Indonesia (YCCI),https://www.facebook.com/groups/331613226681705,post_9,post_9_comment_7,post_9,comment,,,,dijual,https://www.facebook.com/groups/331613226681705,2026-09-17T15:40:45Z,raw_data_run_20260917_223451_d693b9.csv,rec_5ecd2a10a2ed8b24,False,dijual,dijual,Toyota Yaris,medium,community_context,False,,,,False,not_relevant,no_adas_keyword,,UNKNOWN,,,,,,,
rec_d04eea8d5e88cbee,Toyota Yaris,Yaris Cross Community Indonesia (YCCI),https://www.facebook.com/groups/331613226681705,post_9,post_9_comment_8,post_9,comment,,,,New Yaris TRDSportivo 2018 Manual … Lihat selengkapnya,https://www.facebook.com/groups/331613226681705,2026-09-17T15:40:45Z,raw_data_run_20260917_223451_d693b9.csv,rec_d04eea8d5e88cbee,False,New Yaris TRDSportivo 2018 Manual … Lihat selengkapnya,new yaris trdsportivo 2018 manual … lihat selengkapnya,Toyota Yaris,high,explicit_text_alias_strong,False,,,,False,not_relevant,no_adas_keyword,,UNKNOWN,,,,,,,
rec_5b21e4f5e2b1eff5,Toyota Yaris,Yaris Cross Community Indonesia (YCCI),https://www.facebook.com/groups/331613226681705,post_9,post_9_comment_9,post_9,comment,,,,"FS Toyota Yaris Cross Hybrid GR TSS Black
Ijin kakak admin dan lainnya,
Mau jual mobil irit lincah keren ini
NIK 2024 atas nama CV milik sendiri
Lihat selengkapnya",https://www.facebook.com/groups/331613226681705,2026-09-17T15:40:45Z,raw_data_run_20260917_223451_d693b9.csv,rec_5b21e4f5e2b1eff5,False,"FS Toyota Yaris Cross Hybrid GR TSS Black Ijin kakak admin dan lainnya, Mau jual mobil irit lincah keren ini NIK 2024 atas nama CV milik sendiri Lihat selengkapnya","fs toyota yaris cross hybrid gr tss black ijin kakak admin dan lainnya, mau jual mobil irit lincah keren ini nik 2024 atas nama cv milik sendiri lihat selengkapnya",Toyota Yaris,high,explicit_text_alias_strong,True,TSS,combined_adas,,True,uncertain,generic_adas_terms_only,low,UNKNOWN,not_stated,not_stated,uncertain,positive,not_stated,unclear,low
rec_8519a7704e74b32f,Toyota Yaris,Yaris Cross Community Indonesia (YCCI),https://www.facebook.com/groups/331613226681705,post_9,post_9_comment_10,post_9,comment,,,,"Yaris Cross G 2024
Hitam
Surat² lengkap
Pajak on
Odo 27rban on-going… Lihat selengkapnya",https://www.facebook.com/groups/331613226681705,2026-09-17T15:40:48Z,raw_data_run_20260917_223451_d693b9.csv,rec_8519a7704e74b32f,False,Yaris Cross G 2024 Hitam Surat² lengkap Pajak on Odo 27rban on-going… Lihat selengkapnya,yaris cross g 2024 hitam surat² lengkap pajak on odo 27rban on-going… lihat selengkapnya,Toyota Yaris,high,explicit_text_alias_strong,False,,,,False,not_relevant,no_adas_keyword,,UNKNOWN,,,,,,,
rec_b4886790e227861f,Toyota Yaris,Yaris Cross Community Indonesia (YCCI),https://www.facebook.com/groups/331613226681705,post_9,post_9_comment_11,post_9,comment,,,,Yaris Cross G 2024,https://www.facebook.com/groups/331613226681705,2026-09-17T15:40:48Z,raw_data_run_20260917_223451_d693b9.csv,rec_b4886790e227861f,False,Yaris Cross G 2024,yaris cross g 2024,Toyota Yaris,high,explicit_text_alias_strong,False,,,,False,not_relevant,no_adas_keyword,,UNKNOWN,,,,,,,
rec_edcd3bab4cbb4f0d,Toyota Yaris,Yaris Cross Community Indonesia (YCCI),https://www.facebook.com/groups/331613226681705,post_9,post_9_comment_12,post_9,comment,,,,Hitam,https://www.facebook.com/groups/331613226681705,2026-09-17T15:40:48Z,raw_data_run_20260917_223451_d693b9.csv,rec_edcd3bab4cbb4f0d,False,Hitam,hitam,Toyota Yaris,medium,community_context,False,,,,False,not_relevant,no_adas_keyword,,UNKNOWN,,,,,,,
rec_2e66e68382104f5c,Toyota Yaris,Yaris Cross Community Indonesia (YCCI),https://www.facebook.com/groups/331613226681705,post_9,post_9_comment_13,post_9,comment,,,,Surat² lengkap,https://www.facebook.com/groups/331613226681705,2026-09-17T15:40:48Z,raw_data_run_20260917_223451_d693b9.csv,rec_2e66e68382104f5c,False,Surat² lengkap,surat² lengkap,Toyota Yaris,medium,community_context,False,,,,False,not_relevant,no_adas_keyword,,UNKNOWN,,,,,,,
rec_912a353a9ae16357,Toyota Yaris,Yaris Cross Community Indonesia (YCCI),https://www.facebook.com/groups/331613226681705,post_9,post_9_comment_14,post_9,comment,,,,Pajak on,https://www.facebook.com/groups/331613226681705,2026-09-17T15:40:48Z,raw_data_run_20260917_223451_d693b9.csv,rec_912a353a9ae16357,False,Pajak on,pajak on,Toyota Yaris,medium,community_context,False,,,,False,not_relevant,no_adas_keyword,,UNKNOWN,,,,,,,
rec_a3c88afbdd2d2eeb,Toyota Yaris,Yaris Cross Community Indonesia (YCCI),https://www.facebook.com/groups/331613226681705,post_9,post_9_comment_15,post_9,comment,,,,Odo 27rban on-going… Lihat selengkapnya,https://www.facebook.com/groups/331613226681705,2026-09-17T15:40:48Z,raw_data_run_20260917_223451_d693b9.csv,rec_a3c88afbdd2d2eeb,False,Odo 27rban on-going… Lihat selengkapnya,odo 27rban on-going… lihat selengkapnya,Toyota Yaris,medium,community_context,False,,,,False,not_relevant,no_adas_keyword,,UNKNOWN,,,,,,,
rec_fb65553038214983,Toyota Yaris,Yaris Cross Community Indonesia (YCCI),https://www.facebook.com/groups/331613226681705,post_9,post_9_comment_16,post_9,comment,,,,"STNK ONLY DAN APLIKASI SAJA RIWAYAT LEASING JELAS BUKAN UNIT RENTAL DAN CURIAN
YANG PAHAM DAN BERPENGALAMAN … Lihat selengkapnya",https://www.facebook.com/groups/331613226681705,2026-09-17T15:40:50Z,raw_data_run_20260917_223451_d693b9.csv,rec_fb65553038214983,False,STNK ONLY DAN APLIKASI SAJA RIWAYAT LEASING JELAS BUKAN UNIT RENTAL DAN CURIAN YANG PAHAM DAN BERPENGALAMAN … Lihat selengkapnya,stnk only dan aplikasi saja riwayat leasing jelas bukan unit rental dan curian yang paham dan berpengalaman … lihat selengkapnya,Toyota Yaris,medium,community_context,False,,,,False,not_relevant,no_adas_keyword,,UNKNOWN,,,,,,,
rec_f4457998e3c49067,Toyota Yaris,Yaris Cross Community Indonesia (YCCI),https://www.facebook.com/groups/331613226681705,post_9,post_9_comment_17,post_9,comment,,,,STNK ONLY DAN APLIKASI SAJA RIWAYAT LEASING JELAS BUKAN UNIT RENTAL DAN CURIAN,https://www.facebook.com/groups/331613226681705,2026-09-17T15:40:50Z,raw_data_run_20260917_223451_d693b9.csv,rec_f4457998e3c49067,False,STNK ONLY DAN APLIKASI SAJA RIWAYAT LEASING JELAS BUKAN UNIT RENTAL DAN CURIAN,stnk only dan aplikasi saja riwayat leasing jelas bukan unit rental dan curian,Toyota Yaris,medium,community_context,False,,,,False,not_relevant,no_adas_keyword,,UNKNOWN,,,,,,,
rec_57d02768cb3ab91f,Toyota Yaris,Yaris Cross Community Indonesia (YCCI),https://www.facebook.com/groups/331613226681705,post_9,post_9_comment_18,post_9,comment,,,,YANG PAHAM DAN BERPENGALAMAN … Lihat selengkapnya,https://www.facebook.com/groups/331613226681705,2026-09-17T15:40:50Z,raw_data_run_20260917_223451_d693b9.csv,rec_57d02768cb3ab91f,False,YANG PAHAM DAN BERPENGALAMAN … Lihat selengkapnya,yang paham dan berpengalaman … lihat selengkapnya,Toyota Yaris,medium,community_context,False,,,,False,not_relevant,no_adas_keyword,,UNKNOWN,,,,,,,
rec_7a0079a3f301bb1f,Toyota Yaris,Yaris Cross Community Indonesia (YCCI),https://www.facebook.com/groups/331613226681705,post_9,post_9_comment_19,post_9,comment,,,,"Jual sparepart berkualitas 
Whatsapp 
 085934378954… Lihat selengkapnya",https://www.facebook.com/groups/331613226681705,2026-09-17T15:40:51Z,raw_data_run_20260917_223451_d693b9.csv,rec_7a0079a3f301bb1f,False,Jual sparepart berkualitas Whatsapp 085934378954… Lihat selengkapnya,jual sparepart berkualitas whatsapp 085934378954… lihat selengkapnya,Toyota Yaris,medium,community_context,False,,,,False,not_relevant,no_adas_keyword,,UNKNOWN,,,,,,,
rec_e70b8eae517abccc,Toyota Yaris,Yaris Cross Community Indonesia (YCCI),https://www.facebook.com/groups/331613226681705,post_9,post_9_comment_20,post_9,comment,,,,Jual sparepart berkualitas,https://www.facebook.com/groups/331613226681705,2026-09-17T15:40:51Z,raw_data_run_20260917_223451_d693b9.csv,rec_e70b8eae517abccc,False,Jual sparepart berkualitas,jual sparepart berkualitas,Toyota Yaris,medium,community_context,False,,,,False,not_relevant,no_adas_keyword,,UNKNOWN,,,,,,,
rec_4efd97ad5e472411,Toyota Yaris,Yaris Cross Community Indonesia (YCCI),https://www.facebook.com/groups/331613226681705,post_9,post_9_comment_21,post_9,comment,,,,"Whatsapp 
 085934378954… Lihat selengkapnya",https://www.facebook.com/groups/331613226681705,2026-09-17T15:40:51Z,raw_data_run_20260917_223451_d693b9.csv,rec_4efd97ad5e472411,False,Whatsapp 085934378954… Lihat selengkapnya,whatsapp 085934378954… lihat selengkapnya,Toyota Yaris,medium,community_context,False,,,,False,not_relevant,no_adas_keyword,,UNKNOWN,,,,,,,
rec_84b9e25e74c9d4fb,Toyota Yaris,Yaris Cross Community Indonesia (YCCI),https://www.facebook.com/groups/331613226681705,post_9,post_9_comment_22,post_9,comment,,,,"Kamera parkir TOYOTA 
 inova reborn… Lihat selengkapnya",https://www.facebook.com/groups/331613226681705,2026-09-17T15:40:53Z,raw_data_run_20260917_223451_d693b9.csv,rec_84b9e25e74c9d4fb,False,Kamera parkir TOYOTA inova reborn… Lihat selengkapnya,kamera parkir toyota inova reborn… lihat selengkapnya,Toyota Yaris,medium,community_context,False,,,,False,not_relevant,no_adas_keyword,,UNKNOWN,,,,,,,
rec_e0e5d722c6b089f3,Toyota Yaris,Yaris Cross Community Indonesia (YCCI),https://www.facebook.com/groups/331613226681705,post_9,post_9_comment_23,post_9,comment,,,,Kamera parkir TOYOTA,https://www.facebook.com/groups/331613226681705,2026-09-17T15:40:53Z,raw_data_run_20260917_223451_d693b9.csv,rec_e0e5d722c6b089f3,False,Kamera parkir TOYOTA,kamera parkir toyota,Toyota Yaris,medium,community_context,False,,,,False,not_relevant,no_adas_keyword,,UNKNOWN,,,,,,,
rec_e1c0a64bdac09011,Toyota Yaris,Yaris Cross Community Indonesia (YCCI),https://www.facebook.com/groups/331613226681705,post_9,post_9_comment_24,post_9,comment,,,,inova reborn… Lihat selengkapnya,https://www.facebook.com/groups/331613226681705,2026-09-17T15:40:53Z,raw_data_run_20260917_223451_d693b9.csv,rec_e1c0a64bdac09011,False,inova reborn… Lihat selengkapnya,inova reborn… lihat selengkapnya,Toyota Yaris,medium,community_context,False,,,,False,not_relevant,no_adas_keyword,,UNKNOWN,,,,,,,
rec_a26e32984158b859,Toyota Yaris,Yaris Cross Community Indonesia (YCCI),https://www.facebook.com/groups/331613226681705,post_9,post_9_comment_25,post_9,comment,,,,"Dijual Murah Paket Velg+ Ban RPF R16 Yaris Second Mulus, Jauh Bisa Kirim Lewat Shopee https://s.shopee.co.id/80CTfROAaO",https://www.facebook.com/groups/331613226681705,2026-09-17T15:40:55Z,raw_data_run_20260917_223451_d693b9.csv,rec_a26e32984158b859,False,"Dijual Murah Paket Velg+ Ban RPF R16 Yaris Second Mulus, Jauh Bisa Kirim Lewat Shopee [url]","dijual murah paket velg+ ban rpf r16 yaris second mulus, jauh bisa kirim lewat shopee [url]",Toyota Yaris,high,explicit_text_alias_strong,False,,,,False,not_relevant,no_adas_keyword,,UNKNOWN,,,,,,,
rec_72bdfc24bfff65d7,Toyota Yaris,Yaris Cross Community Indonesia (YCCI),https://www.facebook.com/groups/331613226681705,post_9,post_9_comment_26,post_9,comment,,,,"dijual
Yaris TRDSportivo 2019 Matic … Lihat selengkapnya",https://www.facebook.com/groups/331613226681705,2026-09-17T15:40:56Z,raw_data_run_20260917_223451_d693b9.csv,rec_72bdfc24bfff65d7,False,dijual Yaris TRDSportivo 2019 Matic … Lihat selengkapnya,dijual yaris trdsportivo 2019 matic … lihat selengkapnya,Toyota Yaris,high,explicit_text_alias_strong,False,,,,False,not_relevant,no_adas_keyword,,UNKNOWN,,,,,,,
rec_29749195861316bc,Toyota Yaris,Yaris Cross Community Indonesia (YCCI),https://www.facebook.com/groups/331613226681705,post_9,post_9_comment_27,post_9,comment,,,,Yaris TRDSportivo 2019 Matic … Lihat selengkapnya,https://www.facebook.com/groups/331613226681705,2026-09-17T15:40:56Z,raw_data_run_20260917_223451_d693b9.csv,rec_29749195861316bc,False,Yaris TRDSportivo 2019 Matic … Lihat selengkapnya,yaris trdsportivo 2019 matic … lihat selengkapnya,Toyota Yaris,high,explicit_text_alias_strong,False,,,,False,not_relevant,no_adas_keyword,,UNKNOWN,,,,,,,
rec_6a06b6c09f2ebb8d,Toyota Yaris,Yaris Cross Community Indonesia (YCCI),https://www.facebook.com/groups/331613226681705,post_9,post_9_comment_28,post_9,comment,,,,"Edisi Bantu Jual Punya Teman
For Sale Toyota Yaris Cross S Hybrid GR TSS 2024 
Tipe Tertinggi 
Warna Two tone Putih - Hitam… Lihat selengkapnya",https://www.facebook.com/groups/331613226681705,2026-09-17T15:40:59Z,raw_data_run_20260917_223451_d693b9.csv,rec_6a06b6c09f2ebb8d,False,Edisi Bantu Jual Punya Teman For Sale Toyota Yaris Cross S Hybrid GR TSS 2024 Tipe Tertinggi Warna Two tone Putih - Hitam… Lihat selengkapnya,edisi bantu jual punya teman for sale toyota yaris cross s hybrid gr tss 2024 tipe tertinggi warna two tone putih - hitam… lihat selengkapnya,Toyota Yaris,high,explicit_text_alias_strong,True,TSS,combined_adas,,True,uncertain,generic_adas_terms_only,low,UNKNOWN,not_stated,not_stated,uncertain,positive,not_stated,unclear,low
rec_20f595a0bd169bfd,Toyota Yaris,Yaris Cross Community Indonesia (YCCI),https://www.facebook.com/groups/331613226681705,post_9,post_9_comment_29,post_9,comment,,,,Edisi Bantu Jual Punya Teman,https://www.facebook.com/groups/331613226681705,2026-09-17T15:41:00Z,raw_data_run_20260917_223451_d693b9.csv,rec_20f595a0bd169bfd,False,Edisi Bantu Jual Punya Teman,edisi bantu jual punya teman,Toyota Yaris,medium,community_context,False,,,,False,not_relevant,no_adas_keyword,,UNKNOWN,,,,,,,
rec_e28d17913d5991f3,Toyota Yaris,Yaris Cross Community Indonesia (YCCI),https://www.facebook.com/groups/331613226681705,post_9,post_9_comment_30,post_9,comment,,,,For Sale Toyota Yaris Cross S Hybrid GR TSS 2024,https://www.facebook.com/groups/331613226681705,2026-09-17T15:41:00Z,raw_data_run_20260917_223451_d693b9.csv,rec_e28d17913d5991f3,False,For Sale Toyota Yaris Cross S Hybrid GR TSS 2024,for sale toyota yaris cross s hybrid gr tss 2024,Toyota Yaris,high,explicit_text_alias_strong,True,TSS,combined_adas,,True,uncertain,generic_adas_terms_only,low,UNKNOWN,not_stated,not_stated,uncertain,neutral,not_stated,unclear,low
rec_2df6b083d38d6d28,Toyota Yaris,Yaris Cross Community Indonesia (YCCI),https://www.facebook.com/groups/331613226681705,post_9,post_9_comment_31,post_9,comment,,,,Tipe Tertinggi,https://www.facebook.com/groups/331613226681705,2026-09-17T15:41:00Z,raw_data_run_20260917_223451_d693b9.csv,rec_2df6b083d38d6d28,False,Tipe Tertinggi,tipe tertinggi,Toyota Yaris,medium,community_context,False,,,,False,not_relevant,no_adas_keyword,,UNKNOWN,,,,,,,
rec_462300bb7a21efcf,Toyota Yaris,Yaris Cross Community Indonesia (YCCI),https://www.facebook.com/groups/331613226681705,post_9,post_9_comment_32,post_9,comment,,,,Warna Two tone Putih - Hitam… Lihat selengkapnya,https://www.facebook.com/groups/331613226681705,2026-09-17T15:41:00Z,raw_data_run_20260917_223451_d693b9.csv,rec_462300bb7a21efcf,False,Warna Two tone Putih - Hitam… Lihat selengkapnya,warna two tone putih - hitam… lihat selengkapnya,Toyota Yaris,medium,community_context,False,,,,False,not_relevant,no_adas_keyword,,UNKNOWN,,,,,,,
rec_57a4a9cebceba0dd,Toyota Yaris,Yaris Cross Community Indonesia (YCCI),https://www.facebook.com/groups/331613226681705,post_9,post_9_comment_33,post_9,comment,,,,"@YARIS+TRD+SPORTIVO+2017+MANUAL+MT+
@SS+STNK+ONLY+SAJA+WAJIB+FAHAM+RIWAYAT+SANGAT+JELAS+HARGA+68JUTA+minat+wa.+083876865676",https://www.facebook.com/groups/331613226681705,2026-09-17T15:41:01Z,raw_data_run_20260917_223451_d693b9.csv,rec_57a4a9cebceba0dd,False,[mention] +TRD+SPORTIVO+2017+MANUAL+MT+ [mention] +STNK+ONLY+SAJA+WAJIB+FAHAM+RIWAYAT+SANGAT+JELAS+HARGA+68JUTA+minat+wa.+083876865676,[mention] +trd+sportivo+2017+manual+mt+ [mention] +stnk+only+saja+wajib+faham+riwayat+sangat+jelas+harga+68juta+minat+wa.+083876865676,Toyota Yaris,medium,community_context,False,,,,False,not_relevant,no_adas_keyword,,UNKNOWN,,,,,,,
rec_c42bdbd5af22f57c,Toyota Yaris,Yaris Cross Community Indonesia (YCCI),https://www.facebook.com/groups/331613226681705,post_9,post_9_comment_34,post_9,comment,,,,@YARIS+TRD+SPORTIVO+2017+MANUAL+MT+,https://www.facebook.com/groups/331613226681705,2026-09-17T15:41:01Z,raw_data_run_20260917_223451_d693b9.csv,rec_c42bdbd5af22f57c,False,[mention] +TRD+SPORTIVO+2017+MANUAL+MT+,[mention] +trd+sportivo+2017+manual+mt+,Toyota Yaris,medium,community_context,False,,,,False,not_relevant,no_adas_keyword,,UNKNOWN,,,,,,,
rec_5b409eb28cf094ac,Toyota Yaris,Yaris Cross Community Indonesia (YCCI),https://www.facebook.com/groups/331613226681705,post_9,post_9_comment_35,post_9,comment,,,,@SS+STNK+ONLY+SAJA+WAJIB+FAHAM+RIWAYAT+SANGAT+JELAS+HARGA+68JUTA+minat+wa.+083876865676,https://www.facebook.com/groups/331613226681705,2026-09-17T15:41:01Z,raw_data_run_20260917_223451_d693b9.csv,rec_5b409eb28cf094ac,False,[mention] +STNK+ONLY+SAJA+WAJIB+FAHAM+RIWAYAT+SANGAT+JELAS+HARGA+68JUTA+minat+wa.+083876865676,[mention] +stnk+only+saja+wajib+faham+riwayat+sangat+jelas+harga+68juta+minat+wa.+083876865676,Toyota Yaris,medium,community_context,False,,,,False,not_relevant,no_adas_keyword,,UNKNOWN,,,,,,,
rec_3af1f01d3a7bf9b5,Toyota Yaris,Yaris Cross Community Indonesia (YCCI),https://www.facebook.com/groups/331613226681705,post_9,post_9_comment_36,post_9,comment,,,,"𝗠𝗲𝘀𝗶𝗻 𝗦𝗲𝗴𝗲𝗹𝘂𝗻𝗱𝘂𝗻𝗴 𝗞𝗼𝗺𝗽𝗹𝗶𝘁, 𝗞𝗼𝗻𝗱𝗶𝘀𝗶 𝗦𝗮𝗻𝗴𝗮𝘁 𝗦𝗲𝗵𝗮𝘁 & 𝗡𝘆𝗮𝗹𝗮 𝗡𝗼𝗿𝗺𝗮𝗹
Siap COD di lokasi, bisa cek dulu kondisi fisiknya dulu
https://s.shopee.co.id/7psvwcMrVq
https://s.shopee.co.id/7psvwcMrVq
Segelundung murah mawon monggo dg SS lengkap
Bisa jg… Lihat selengkapnya",https://www.facebook.com/groups/331613226681705,2026-09-17T15:41:03Z,raw_data_run_20260917_223451_d693b9.csv,rec_3af1f01d3a7bf9b5,False,"𝗠𝗲𝘀𝗶𝗻 𝗦𝗲𝗴𝗲𝗹𝘂𝗻𝗱𝘂𝗻𝗴 𝗞𝗼𝗺𝗽𝗹𝗶𝘁, 𝗞𝗼𝗻𝗱𝗶𝘀𝗶 𝗦𝗮𝗻𝗴𝗮𝘁 𝗦𝗲𝗵𝗮𝘁 & 𝗡𝘆𝗮𝗹𝗮 𝗡𝗼𝗿𝗺𝗮𝗹 Siap COD di lokasi, bisa cek dulu kondisi fisiknya dulu [url] [url] Segelundung murah mawon monggo dg SS lengkap Bisa jg… Lihat selengkapnya","𝗠𝗲𝘀𝗶𝗻 𝗦𝗲𝗴𝗲𝗹𝘂𝗻𝗱𝘂𝗻𝗴 𝗞𝗼𝗺𝗽𝗹𝗶𝘁, 𝗞𝗼𝗻𝗱𝗶𝘀𝗶 𝗦𝗮𝗻𝗴𝗮𝘁 𝗦𝗲𝗵𝗮𝘁 & 𝗡𝘆𝗮𝗹𝗮 𝗡𝗼𝗿𝗺𝗮𝗹 siap cod di lokasi, bisa cek dulu kondisi fisiknya dulu [url] [url] segelundung murah mawon monggo dg ss lengkap bisa jg… lihat selengkapnya",Toyota Yaris,medium,community_context,False,,,,False,not_relevant,no_adas_keyword,,UNKNOWN,,,,,,,
rec_bbbce6cbecc7628d,Toyota Yaris,Yaris Cross Community Indonesia (YCCI),https://www.facebook.com/groups/331613226681705,post_9,post_9_comment_37,post_9,comment,,,,"𝗠𝗲𝘀𝗶𝗻 𝗦𝗲𝗴𝗲𝗹𝘂𝗻𝗱𝘂𝗻𝗴 𝗞𝗼𝗺𝗽𝗹𝗶𝘁, 𝗞𝗼𝗻𝗱𝗶𝘀𝗶 𝗦𝗮𝗻𝗴𝗮𝘁 𝗦𝗲𝗵𝗮𝘁 & 𝗡𝘆𝗮𝗹𝗮 𝗡𝗼𝗿𝗺𝗮𝗹",https://www.facebook.com/groups/331613226681705,2026-09-17T15:41:03Z,raw_data_run_20260917_223451_d693b9.csv,rec_bbbce6cbecc7628d,False,"𝗠𝗲𝘀𝗶𝗻 𝗦𝗲𝗴𝗲𝗹𝘂𝗻𝗱𝘂𝗻𝗴 𝗞𝗼𝗺𝗽𝗹𝗶𝘁, 𝗞𝗼𝗻𝗱𝗶𝘀𝗶 𝗦𝗮𝗻𝗴𝗮𝘁 𝗦𝗲𝗵𝗮𝘁 & 𝗡𝘆𝗮𝗹𝗮 𝗡𝗼𝗿𝗺𝗮𝗹","𝗠𝗲𝘀𝗶𝗻 𝗦𝗲𝗴𝗲𝗹𝘂𝗻𝗱𝘂𝗻𝗴 𝗞𝗼𝗺𝗽𝗹𝗶𝘁, 𝗞𝗼𝗻𝗱𝗶𝘀𝗶 𝗦𝗮𝗻𝗴𝗮𝘁 𝗦𝗲𝗵𝗮𝘁 & 𝗡𝘆𝗮𝗹𝗮 𝗡𝗼𝗿𝗺𝗮𝗹",Toyota Yaris,medium,community_context,False,,,,False,not_relevant,no_adas_keyword,,UNKNOWN,,,,,,,
rec_c76d776406b97bc0,Toyota Yaris,Yaris Cross Community Indonesia (YCCI),https://www.facebook.com/groups/331613226681705,post_9,post_9_comment_38,post_9,comment,,,,"Siap COD di lokasi, bisa cek dulu kondisi fisiknya dulu",https://www.facebook.com/groups/331613226681705,2026-09-17T15:41:03Z,raw_data_run_20260917_223451_d693b9.csv,rec_c76d776406b97bc0,False,"Siap COD di lokasi, bisa cek dulu kondisi fisiknya dulu","siap cod di lokasi, bisa cek dulu kondisi fisiknya dulu",Toyota Yaris,medium,community_context,False,,,,False,not_relevant,no_adas_keyword,,UNKNOWN,,,,,,,
rec_eca7ef2912807838,Toyota Yaris,Yaris Cross Community Indonesia (YCCI),https://www.facebook.com/groups/331613226681705,post_9,post_9_comment_39,post_9,comment,,,,https://s.shopee.co.id/7psvwcMrVq,https://www.facebook.com/groups/331613226681705,2026-09-17T15:41:03Z,raw_data_run_20260917_223451_d693b9.csv,rec_eca7ef2912807838,False,[url],[url],Toyota Yaris,medium,community_context,False,,,,False,not_relevant,no_adas_keyword,,UNKNOWN,,,,,,,
rec_544b48bcb7504f26,Toyota Yaris,Yaris Cross Community Indonesia (YCCI),https://www.facebook.com/groups/331613226681705,post_9,post_9_comment_40,post_9,comment,,,,"Segelundung murah mawon monggo dg SS lengkap
Bisa jg… Lihat selengkapnya",https://www.facebook.com/groups/331613226681705,2026-09-17T15:41:03Z,raw_data_run_20260917_223451_d693b9.csv,rec_544b48bcb7504f26,False,Segelundung murah mawon monggo dg SS lengkap Bisa jg… Lihat selengkapnya,segelundung murah mawon monggo dg ss lengkap bisa jg… lihat selengkapnya,Toyota Yaris,medium,community_context,False,,,,False,not_relevant,no_adas_keyword,,UNKNOWN,,,,,,,
rec_544eed356d52dea6,Toyota Yaris,Yaris Cross Community Indonesia (YCCI),https://www.facebook.com/groups/331613226681705,post_9,post_9_comment_41,post_9,comment,,,,"Yaris Cross 1.5 G Cvt 2026
Km 50 Perak
Mobil bekas rasa baru
Cash/kredit
Harga 325 juta(Boleh Nego sampai deal)
Lihat selengkapnya",https://www.facebook.com/groups/331613226681705,2026-09-17T15:41:04Z,raw_data_run_20260917_223451_d693b9.csv,rec_544eed356d52dea6,False,Yaris Cross 1.5 G Cvt 2026 Km 50 Perak Mobil bekas rasa baru Cash/kredit Harga 325 juta(Boleh Nego sampai deal) Lihat selengkapnya,yaris cross 1.5 g cvt 2026 km 50 perak mobil bekas rasa baru cash/kredit harga 325 juta(boleh nego sampai deal) lihat selengkapnya,Toyota Yaris,high,explicit_text_alias_strong,False,,,,False,not_relevant,no_adas_keyword,,UNKNOWN,,,,,,,
rec_4f645d6e70bf41c0,Toyota Yaris,Yaris Cross Community Indonesia (YCCI),https://www.facebook.com/groups/331613226681705,post_9,post_9_comment_42,post_9,comment,,,,"Saya sebagai user yaris cross ko heran ya, knapa ko banyak yg mau jual mobil padahal kondisi nya masih bisa di bilang baru.",https://www.facebook.com/groups/331613226681705,2026-09-17T15:41:04Z,raw_data_run_20260917_223451_d693b9.csv,rec_4f645d6e70bf41c0,False,"Saya sebagai user yaris cross ko heran ya, knapa ko banyak yg mau jual mobil padahal kondisi nya masih bisa di bilang baru.","saya sebagai user yaris cross ko heran ya, knapa ko banyak yg mau jual mobil padahal kondisi nya masih bisa di bilang baru.",Toyota Yaris,high,explicit_text_alias_strong,False,,,,False,not_relevant,no_adas_keyword,,UNKNOWN,,,,,,,
rec_c6df08637bdaef54,Toyota Yaris,Yaris Cross Community Indonesia (YCCI),https://www.facebook.com/groups/331613226681705,post_9,post_9_comment_43,post_9,comment,,,,Ap… Lihat selengkapnya,https://www.facebook.com/groups/331613226681705,2026-09-17T15:41:04Z,raw_data_run_20260917_223451_d693b9.csv,rec_c6df08637bdaef54,False,Ap… Lihat selengkapnya,ap… lihat selengkapnya,Toyota Yaris,medium,community_context,False,,,,False,not_relevant,no_adas_keyword,,UNKNOWN,,,,,,,
rec_f7dee5ad8c78853a,Toyota Yaris,Yaris Cross Community Indonesia (YCCI),https://www.facebook.com/groups/331613226681705,post_9,post_9_comment_44,post_9,comment,,,,bisa tuker tambah ga,https://www.facebook.com/groups/331613226681705,2026-09-17T15:41:04Z,raw_data_run_20260917_223451_d693b9.csv,rec_f7dee5ad8c78853a,False,bisa tuker tambah ga,bisa tuker tambah ga,Toyota Yaris,medium,community_context,False,,,,False,not_relevant,no_adas_keyword,,UNKNOWN,,,,,,,
rec_97a100d42e7994d4,Toyota Yaris,Yaris Cross Community Indonesia (YCCI),https://www.facebook.com/groups/331613226681705,post_9,post_9_comment_45,post_9,comment,,,,Bismillah..… Lihat selengkapnya,https://www.facebook.com/groups/331613226681705,2026-09-17T15:41:06Z,raw_data_run_20260917_223451_d693b9.csv,rec_97a100d42e7994d4,False,Bismillah..… Lihat selengkapnya,bismillah..… lihat selengkapnya,Toyota Yaris,medium,community_context,False,,,,False,not_relevant,no_adas_keyword,,UNKNOWN,,,,,,,
rec_1990c90934a4d4f2,Toyota Yaris,Yaris Cross Community Indonesia (YCCI),https://www.facebook.com/groups/331613226681705,post_9,post_9_comment_46,post_9,comment,,,,"*Cover jok :  Yaris
 ( Second)… Lihat selengkapnya",https://www.facebook.com/groups/331613226681705,2026-09-17T15:41:08Z,raw_data_run_20260917_223451_d693b9.csv,rec_1990c90934a4d4f2,False,*Cover jok : Yaris ( Second)… Lihat selengkapnya,*cover jok : yaris ( second)… lihat selengkapnya,Toyota Yaris,high,explicit_text_alias_strong,False,,,,False,not_relevant,no_adas_keyword,,UNKNOWN,,,,,,,
rec_6bfea016dc4d69e7,Toyota Yaris,Yaris Cross Community Indonesia (YCCI),https://www.facebook.com/groups/331613226681705,post_9,post_9_comment_47,post_9,comment,,,,*Cover jok :  Yaris,https://www.facebook.com/groups/331613226681705,2026-09-17T15:41:08Z,raw_data_run_20260917_223451_d693b9.csv,rec_6bfea016dc4d69e7,False,*Cover jok : Yaris,*cover jok : yaris,Toyota Yaris,high,explicit_text_alias_strong,False,,,,False,not_relevant,no_adas_keyword,,UNKNOWN,,,,,,,
rec_e9e20bd15f912931,Toyota Yaris,Yaris Cross Community Indonesia (YCCI),https://www.facebook.com/groups/331613226681705,post_9,post_9_comment_48,post_9,comment,,,,( Second)… Lihat selengkapnya,https://www.facebook.com/groups/331613226681705,2026-09-17T15:41:08Z,raw_data_run_20260917_223451_d693b9.csv,rec_e9e20bd15f912931,False,( Second)… Lihat selengkapnya,( second)… lihat selengkapnya,Toyota Yaris,medium,community_context,False,,,,False,not_relevant,no_adas_keyword,,UNKNOWN,,,,,,,
rec_cbe7e5a92a760f89,Toyota Yaris,Yaris Cross Community Indonesia (YCCI),https://www.facebook.com/groups/331613226681705,post_9,post_9_comment_49,post_9,comment,,,,"Izin cari rezeki
Bodykit Xpander Cross. Harga fullset mulai dari 1 jt-an
Salam Modifikasi Indonesia
-------------------------------------------------------
Upgrade your car with :
𝐁𝐎𝐃𝐘𝐊𝐈𝐓 𝐈𝐍𝐃𝐎𝐍𝐄𝐒𝐈𝐀
Lihat selengkapnya",https://www.facebook.com/groups/331613226681705,2026-09-17T15:41:09Z,raw_data_run_20260917_223451_d693b9.csv,rec_cbe7e5a92a760f89,False,Izin cari rezeki Bodykit Xpander Cross. Harga fullset mulai dari 1 jt-an Salam Modifikasi Indonesia ------------------------------------------------------- Upgrade your car with : 𝐁𝐎𝐃𝐘𝐊𝐈𝐓 𝐈𝐍𝐃𝐎𝐍𝐄𝐒𝐈𝐀 Lihat selengkapnya,izin cari rezeki bodykit xpander cross. harga fullset mulai dari 1 jt-an salam modifikasi indonesia ------------------------------------------------------- upgrade your car with : 𝐁𝐎𝐃𝐘𝐊𝐈𝐓 𝐈𝐍𝐃𝐎𝐍𝐄𝐒𝐈𝐀 lihat selengkapnya,Toyota Yaris,medium,community_context,False,,,,False,not_relevant,no_adas_keyword,,UNKNOWN,,,,,,,
rec_4a23cc1eaedd5b7b,Toyota Yaris,Yaris Cross Community Indonesia (YCCI),https://www.facebook.com/groups/331613226681705,post_9,post_9_comment_50,post_9,comment,,,,"@YARIS+TRD+SPORTIVO+2017+MANUAL+MT+
@SS+STNK+ONLY+SAJA+WAJIB+FAHAM+RIWAYAT+SANGAT+JELAS+HARGA+68JUTA+minat+inbok",https://www.facebook.com/groups/331613226681705,2026-09-17T15:41:11Z,raw_data_run_20260917_223451_d693b9.csv,rec_4a23cc1eaedd5b7b,False,[mention] +TRD+SPORTIVO+2017+MANUAL+MT+ [mention] +STNK+ONLY+SAJA+WAJIB+FAHAM+RIWAYAT+SANGAT+JELAS+HARGA+68JUTA+minat+inbok,[mention] +trd+sportivo+2017+manual+mt+ [mention] +stnk+only+saja+wajib+faham+riwayat+sangat+jelas+harga+68juta+minat+inbok,Toyota Yaris,medium,community_context,False,,,,False,not_relevant,no_adas_keyword,,UNKNOWN,,,,,,,
rec_7d1b6d4474322e4f,Toyota Yaris,Yaris Cross Community Indonesia (YCCI),https://www.facebook.com/groups/331613226681705,post_9,post_9_comment_51,post_9,comment,,,,@SS+STNK+ONLY+SAJA+WAJIB+FAHAM+RIWAYAT+SANGAT+JELAS+HARGA+68JUTA+minat+inbok,https://www.facebook.com/groups/331613226681705,2026-09-17T15:41:11Z,raw_data_run_20260917_223451_d693b9.csv,rec_7d1b6d4474322e4f,False,[mention] +STNK+ONLY+SAJA+WAJIB+FAHAM+RIWAYAT+SANGAT+JELAS+HARGA+68JUTA+minat+inbok,[mention] +stnk+only+saja+wajib+faham+riwayat+sangat+jelas+harga+68juta+minat+inbok,Toyota Yaris,medium,community_context,False,,,,False,not_relevant,no_adas_keyword,,UNKNOWN,,,,,,,
rec_c939ead958c471fc,Toyota Yaris,Yaris Cross Community Indonesia (YCCI),https://www.facebook.com/groups/331613226681705,post_9,post_9_comment_52,post_9,comment,,,,"Salam sedikit perkongsian item untuk TOYOTA YARIS CROSS yang ada didalam platform shopee. Silakan survey jika ada yang mencari. Gambar hasil gemini
 .TQ admin 
Trapo Karpet Kereta Car Mat Toyota Yaris Cross Non-Hybrid (2023-Present) 
 https://s.shopee.com.my/7KpiEBNi2W.
Kamatto Classic Toyota Yaris Cross XP210 (2020-Present) Car Floor Mat and Carpet
 https://s.shopee.com.my/AUmjzkeWog… Lihat selengkapnya",https://www.facebook.com/groups/331613226681705,2026-09-17T15:41:13Z,raw_data_run_20260917_223451_d693b9.csv,rec_c939ead958c471fc,False,Salam sedikit perkongsian item untuk TOYOTA YARIS CROSS yang ada didalam platform shopee. Silakan survey jika ada yang mencari. Gambar hasil gemini .TQ admin Trapo Karpet Kereta Car Mat Toyota Yaris Cross Non-Hybrid (2023-Present) [url] Kamatto Classic Toyota Yaris Cross XP210 (2020-Present) Car Floor Mat and Carpet [url] Lihat selengkapnya,salam sedikit perkongsian item untuk toyota yaris cross yang ada didalam platform shopee. silakan survey jika ada yang mencari. gambar hasil gemini .tq admin trapo karpet kereta car mat toyota yaris cross non-hybrid (2023-present) [url] kamatto classic toyota yaris cross xp210 (2020-present) car floor mat and carpet [url] lihat selengkapnya,Toyota Yaris,high,explicit_text_alias_strong,False,,,,False,not_relevant,no_adas_keyword,,UNKNOWN,,,,,,,
rec_93055b36498cff49,Toyota Yaris,Yaris Cross Community Indonesia (YCCI),https://www.facebook.com/groups/331613226681705,post_9,post_9_comment_53,post_9,comment,,,,"Salam sedikit perkongsian item untuk TOYOTA YARIS CROSS yang ada didalam platform shopee. Silakan survey jika ada yang mencari. Gambar hasil gemini
 .TQ admin",https://www.facebook.com/groups/331613226681705,2026-09-17T15:41:13Z,raw_data_run_20260917_223451_d693b9.csv,rec_93055b36498cff49,False,Salam sedikit perkongsian item untuk TOYOTA YARIS CROSS yang ada didalam platform shopee. Silakan survey jika ada yang mencari. Gambar hasil gemini .TQ admin,salam sedikit perkongsian item untuk toyota yaris cross yang ada didalam platform shopee. silakan survey jika ada yang mencari. gambar hasil gemini .tq admin,Toyota Yaris,high,explicit_text_alias_strong,False,,,,False,not_relevant,no_adas_keyword,,UNKNOWN,,,,,,,
rec_5392f81fdb4e7f8f,Toyota Yaris,Yaris Cross Community Indonesia (YCCI),https://www.facebook.com/groups/331613226681705,post_9,post_9_comment_54,post_9,comment,,,,Trapo Karpet Kereta Car Mat Toyota Yaris Cross Non-Hybrid (2023-Present),https://www.facebook.com/groups/331613226681705,2026-09-17T15:41:13Z,raw_data_run_20260917_223451_d693b9.csv,rec_5392f81fdb4e7f8f,False,Trapo Karpet Kereta Car Mat Toyota Yaris Cross Non-Hybrid (2023-Present),trapo karpet kereta car mat toyota yaris cross non-hybrid (2023-present),Toyota Yaris,high,explicit_text_alias_strong,False,,,,False,not_relevant,no_adas_keyword,,UNKNOWN,,,,,,,
rec_ed9c146fb51a3de7,Toyota Yaris,Yaris Cross Community Indonesia (YCCI),https://www.facebook.com/groups/331613226681705,post_9,post_9_comment_55,post_9,comment,,,,https://s.shopee.com.my/7KpiEBNi2W.,https://www.facebook.com/groups/331613226681705,2026-09-17T15:41:13Z,raw_data_run_20260917_223451_d693b9.csv,rec_ed9c146fb51a3de7,False,[url],[url],Toyota Yaris,medium,community_context,False,,,,False,not_relevant,no_adas_keyword,,UNKNOWN,,,,,,,
rec_adb3a34c491ecc4b,Toyota Yaris,Yaris Cross Community Indonesia (YCCI),https://www.facebook.com/groups/331613226681705,post_9,post_9_comment_56,post_9,comment,,,,Kamatto Classic Toyota Yaris Cross XP210 (2020-Present) Car Floor Mat and Carpet,https://www.facebook.com/groups/331613226681705,2026-09-17T15:41:13Z,raw_data_run_20260917_223451_d693b9.csv,rec_adb3a34c491ecc4b,False,Kamatto Classic Toyota Yaris Cross XP210 (2020-Present) Car Floor Mat and Carpet,kamatto classic toyota yaris cross xp210 (2020-present) car floor mat and carpet,Toyota Yaris,high,explicit_text_alias_strong,False,,,,False,not_relevant,no_adas_keyword,,UNKNOWN,,,,,,,
rec_90658d4a103b2cd4,Toyota Yaris,Yaris Cross Community Indonesia (YCCI),https://www.facebook.com/groups/331613226681705,post_9,post_9_comment_57,post_9,comment,,,,https://s.shopee.com.my/AUmjzkeWog… Lihat selengkapnya,https://www.facebook.com/groups/331613226681705,2026-09-17T15:41:13Z,raw_data_run_20260917_223451_d693b9.csv,rec_90658d4a103b2cd4,False,[url] Lihat selengkapnya,[url] lihat selengkapnya,Toyota Yaris,medium,community_context,False,,,,False,not_relevant,no_adas_keyword,,UNKNOWN,,,,,,,
rec_6bc295609a59decb,Toyota Yaris,Yaris Cross Community Indonesia (YCCI),https://www.facebook.com/groups/331613226681705,post_9,post_9_comment_58,post_9,comment,,,,"Ambient Light Car
Premium Ambience Light No Bintik Grade A+
Bisa Disemua Mobil
-
Bisa Rgb Matrix Kontrol Lewat Aplikasi
+ Setting 1 Warna
-
Lihat selengkapnya",https://www.facebook.com/groups/331613226681705,2026-09-17T15:41:14Z,raw_data_run_20260917_223451_d693b9.csv,rec_6bc295609a59decb,False,Ambient Light Car Premium Ambience Light No Bintik Grade A+ Bisa Disemua Mobil - Bisa Rgb Matrix Kontrol Lewat Aplikasi + Setting 1 Warna - Lihat selengkapnya,ambient light car premium ambience light no bintik grade a+ bisa disemua mobil - bisa rgb matrix kontrol lewat aplikasi + setting 1 warna - lihat selengkapnya,Toyota Yaris,medium,community_context,False,,,,False,not_relevant,no_adas_keyword,,UNKNOWN,,,,,,,
rec_6413631eef7f3afc,Toyota Yaris,Yaris Cross Community Indonesia (YCCI),https://www.facebook.com/groups/331613226681705,post_9,post_9_comment_59,post_9,comment,,,,Mau om,https://www.facebook.com/groups/331613226681705,2026-09-17T15:41:14Z,raw_data_run_20260917_223451_d693b9.csv,rec_6413631eef7f3afc,False,Mau om,mau om,Toyota Yaris,medium,community_context,False,,,,False,not_relevant,no_adas_keyword,,UNKNOWN,,,,,,,
rec_39bcd834fc31c85b,Toyota Yaris,Yaris Cross Community Indonesia (YCCI),https://www.facebook.com/groups/331613226681705,post_9,post_9_comment_60,post_9,comment,,,,"@YARIS TRD SPORTIVO 2017 MANUAL MT 
@SS STNK ONLY SAJA WAJIB FAHAM RIWAYAT SANGAT JELAS HARGA 68JUTA CALL BY WA 
https://wa.me/62085126495267",https://www.facebook.com/groups/331613226681705,2026-09-17T15:41:16Z,raw_data_run_20260917_223451_d693b9.csv,rec_39bcd834fc31c85b,False,[mention] TRD SPORTIVO 2017 MANUAL MT [mention] STNK ONLY SAJA WAJIB FAHAM RIWAYAT SANGAT JELAS HARGA 68JUTA CALL BY WA [url],[mention] trd sportivo 2017 manual mt [mention] stnk only saja wajib faham riwayat sangat jelas harga 68juta call by wa [url],Toyota Yaris,medium,community_context,False,,,,False,not_relevant,no_adas_keyword,,UNKNOWN,,,,,,,
rec_accd5d1bb462e992,Toyota Yaris,Yaris Cross Community Indonesia (YCCI),https://www.facebook.com/groups/331613226681705,post_9,post_9_comment_61,post_9,comment,,,,@YARIS TRD SPORTIVO 2017 MANUAL MT,https://www.facebook.com/groups/331613226681705,2026-09-17T15:41:16Z,raw_data_run_20260917_223451_d693b9.csv,rec_accd5d1bb462e992,False,[mention] TRD SPORTIVO 2017 MANUAL MT,[mention] trd sportivo 2017 manual mt,Toyota Yaris,medium,community_context,False,,,,False,not_relevant,no_adas_keyword,,UNKNOWN,,,,,,,
rec_068b5100eebb3d8a,Toyota Yaris,Yaris Cross Community Indonesia (YCCI),https://www.facebook.com/groups/331613226681705,post_9,post_9_comment_62,post_9,comment,,,,"@SS STNK ONLY SAJA WAJIB FAHAM RIWAYAT SANGAT JELAS HARGA 68JUTA CALL BY WA 
https://wa.me/62085126495267",https://www.facebook.com/groups/331613226681705,2026-09-17T15:41:16Z,raw_data_run_20260917_223451_d693b9.csv,rec_068b5100eebb3d8a,False,[mention] STNK ONLY SAJA WAJIB FAHAM RIWAYAT SANGAT JELAS HARGA 68JUTA CALL BY WA [url],[mention] stnk only saja wajib faham riwayat sangat jelas harga 68juta call by wa [url],Toyota Yaris,medium,community_context,False,,,,False,not_relevant,no_adas_keyword,,UNKNOWN,,,,,,,
rec_593d0cd1fc92295b,Toyota Yaris,Yaris Cross Community Indonesia (YCCI),https://www.facebook.com/groups/331613226681705,post_10,,,post,,,,"Whatsapp 
 085934378954… Lihat selengkapnya",https://www.facebook.com/groups/331613226681705,2026-09-17T15:41:16Z,raw_data_run_20260917_223451_d693b9.csv,rec_593d0cd1fc92295b,False,Whatsapp 085934378954… Lihat selengkapnya,whatsapp 085934378954… lihat selengkapnya,Toyota Yaris,medium,community_context,False,,,,False,not_relevant,no_adas_keyword,,UNKNOWN,,,,,,,
rec_8ecb09fe3af3f441,Toyota Yaris,Yaris Cross Community Indonesia (YCCI),https://www.facebook.com/groups/331613226681705,post_10,post_10_comment_1,post_10,comment,,,,"@ES TEH ONLY SJ
@YARIS TRD S 2017 MANUAL BEBAS LINTAS PLAT NEMPEL HARGA 68JUTA SAJA LOKASI PASURUAN CALL WA 
https://wa.me/62085137751296",https://www.facebook.com/groups/331613226681705,2026-09-17T15:41:19Z,raw_data_run_20260917_223451_d693b9.csv,rec_8ecb09fe3af3f441,False,[mention] TEH ONLY SJ [mention] TRD S 2017 MANUAL BEBAS LINTAS PLAT NEMPEL HARGA 68JUTA SAJA LOKASI PASURUAN CALL WA [url],[mention] teh only sj [mention] trd s 2017 manual bebas lintas plat nempel harga 68juta saja lokasi pasuruan call wa [url],Toyota Yaris,medium,community_context,False,,,,False,not_relevant,no_adas_keyword,,UNKNOWN,,,,,,,
rec_0b857c8c5ccfeafe,Toyota Yaris,Yaris Cross Community Indonesia (YCCI),https://www.facebook.com/groups/331613226681705,post_10,post_10_comment_2,post_10,comment,,,,@ES TEH ONLY SJ,https://www.facebook.com/groups/331613226681705,2026-09-17T15:41:19Z,raw_data_run_20260917_223451_d693b9.csv,rec_0b857c8c5ccfeafe,False,[mention] TEH ONLY SJ,[mention] teh only sj,Toyota Yaris,medium,community_context,False,,,,False,not_relevant,no_adas_keyword,,UNKNOWN,,,,,,,
rec_a27a1b3347a428c7,Toyota Yaris,Yaris Cross Community Indonesia (YCCI),https://www.facebook.com/groups/331613226681705,post_10,post_10_comment_3,post_10,comment,,,,"@YARIS TRD S 2017 MANUAL BEBAS LINTAS PLAT NEMPEL HARGA 68JUTA SAJA LOKASI PASURUAN CALL WA 
https://wa.me/62085137751296",https://www.facebook.com/groups/331613226681705,2026-09-17T15:41:19Z,raw_data_run_20260917_223451_d693b9.csv,rec_a27a1b3347a428c7,False,[mention] TRD S 2017 MANUAL BEBAS LINTAS PLAT NEMPEL HARGA 68JUTA SAJA LOKASI PASURUAN CALL WA [url],[mention] trd s 2017 manual bebas lintas plat nempel harga 68juta saja lokasi pasuruan call wa [url],Toyota Yaris,medium,community_context,False,,,,False,not_relevant,no_adas_keyword,,UNKNOWN,,,,,,,
rec_1ff32f3ba43e767b,Toyota Yaris,Yaris Cross Community Indonesia (YCCI),https://www.facebook.com/groups/331613226681705,post_10,post_10_comment_4,post_10,comment,,,,Xmate karpet mobil Yaris Cross,https://www.facebook.com/groups/331613226681705,2026-09-17T15:41:19Z,raw_data_run_20260917_223451_d693b9.csv,rec_1ff32f3ba43e767b,False,Xmate karpet mobil Yaris Cross,xmate karpet mobil yaris cross,Toyota Yaris,high,explicit_text_alias_strong,False,,,,False,not_relevant,no_adas_keyword,,UNKNOWN,,,,,,,
rec_917a86796e7beafa,Toyota Yaris,Yaris Cross Community Indonesia (YCCI),https://www.facebook.com/groups/331613226681705,post_10,post_10_comment_5,post_10,comment,,,,Mempererat dan memperluas hubungan silahturahmi antar sesama pengguna mobil Toyota Yaris Cross,https://www.facebook.com/groups/331613226681705,2026-09-17T15:41:20Z,raw_data_run_20260917_223451_d693b9.csv,rec_917a86796e7beafa,False,Mempererat dan memperluas hubungan silahturahmi antar sesama pengguna mobil Toyota Yaris Cross,mempererat dan memperluas hubungan silahturahmi antar sesama pengguna mobil toyota yaris cross,Toyota Yaris,high,explicit_text_alias_strong,False,,,,False,not_relevant,no_adas_keyword,,UNKNOWN,,,,,,,
rec_94d956fef7b315f8,Toyota Yaris,Yaris Cross Community Indonesia (YCCI),https://www.facebook.com/groups/331613226681705,post_10,post_10_comment_6,post_10,comment,,,,"dijual
New Yaris TRDSportivo 2018 Manual … Lihat selengkapnya",https://www.facebook.com/groups/331613226681705,2026-09-17T15:41:21Z,raw_data_run_20260917_223451_d693b9.csv,rec_94d956fef7b315f8,False,dijual New Yaris TRDSportivo 2018 Manual … Lihat selengkapnya,dijual new yaris trdsportivo 2018 manual … lihat selengkapnya,Toyota Yaris,high,explicit_text_alias_strong,False,,,,False,not_relevant,no_adas_keyword,,UNKNOWN,,,,,,,
rec_b25a46c8c60f91b5,Toyota Yaris,Yaris Cross Community Indonesia (YCCI),https://www.facebook.com/groups/331613226681705,post_10,post_10_comment_7,post_10,comment,,,,dijual,https://www.facebook.com/groups/331613226681705,2026-09-17T15:41:21Z,raw_data_run_20260917_223451_d693b9.csv,rec_b25a46c8c60f91b5,False,dijual,dijual,Toyota Yaris,medium,community_context,False,,,,False,not_relevant,no_adas_keyword,,UNKNOWN,,,,,,,
rec_dff0a6565d27409b,Toyota Yaris,Yaris Cross Community Indonesia (YCCI),https://www.facebook.com/groups/331613226681705,post_10,post_10_comment_8,post_10,comment,,,,New Yaris TRDSportivo 2018 Manual … Lihat selengkapnya,https://www.facebook.com/groups/331613226681705,2026-09-17T15:41:21Z,raw_data_run_20260917_223451_d693b9.csv,rec_dff0a6565d27409b,False,New Yaris TRDSportivo 2018 Manual … Lihat selengkapnya,new yaris trdsportivo 2018 manual … lihat selengkapnya,Toyota Yaris,high,explicit_text_alias_strong,False,,,,False,not_relevant,no_adas_keyword,,UNKNOWN,,,,,,,
rec_8270c39d9e79299e,Toyota Yaris,Yaris Cross Community Indonesia (YCCI),https://www.facebook.com/groups/331613226681705,post_10,post_10_comment_9,post_10,comment,,,,"FS Toyota Yaris Cross Hybrid GR TSS Black
Ijin kakak admin dan lainnya,
Mau jual mobil irit lincah keren ini
NIK 2024 atas nama CV milik sendiri
Lihat selengkapnya",https://www.facebook.com/groups/331613226681705,2026-09-17T15:41:21Z,raw_data_run_20260917_223451_d693b9.csv,rec_8270c39d9e79299e,False,"FS Toyota Yaris Cross Hybrid GR TSS Black Ijin kakak admin dan lainnya, Mau jual mobil irit lincah keren ini NIK 2024 atas nama CV milik sendiri Lihat selengkapnya","fs toyota yaris cross hybrid gr tss black ijin kakak admin dan lainnya, mau jual mobil irit lincah keren ini nik 2024 atas nama cv milik sendiri lihat selengkapnya",Toyota Yaris,high,explicit_text_alias_strong,True,TSS,combined_adas,,True,uncertain,generic_adas_terms_only,low,UNKNOWN,not_stated,not_stated,uncertain,positive,not_stated,unclear,low
rec_76d3d3a05c1150c1,Toyota Yaris,Yaris Cross Community Indonesia (YCCI),https://www.facebook.com/groups/331613226681705,post_10,post_10_comment_10,post_10,comment,,,,"Yaris Cross G 2024
Hitam
Surat² lengkap
Pajak on
Odo 27rban on-going… Lihat selengkapnya",https://www.facebook.com/groups/331613226681705,2026-09-17T15:41:24Z,raw_data_run_20260917_223451_d693b9.csv,rec_76d3d3a05c1150c1,False,Yaris Cross G 2024 Hitam Surat² lengkap Pajak on Odo 27rban on-going… Lihat selengkapnya,yaris cross g 2024 hitam surat² lengkap pajak on odo 27rban on-going… lihat selengkapnya,Toyota Yaris,high,explicit_text_alias_strong,False,,,,False,not_relevant,no_adas_keyword,,UNKNOWN,,,,,,,
rec_7d9c5590fef513d8,Toyota Yaris,Yaris Cross Community Indonesia (YCCI),https://www.facebook.com/groups/331613226681705,post_10,post_10_comment_11,post_10,comment,,,,Yaris Cross G 2024,https://www.facebook.com/groups/331613226681705,2026-09-17T15:41:24Z,raw_data_run_20260917_223451_d693b9.csv,rec_7d9c5590fef513d8,False,Yaris Cross G 2024,yaris cross g 2024,Toyota Yaris,high,explicit_text_alias_strong,False,,,,False,not_relevant,no_adas_keyword,,UNKNOWN,,,,,,,
rec_e3671a422e2e5cf2,Toyota Yaris,Yaris Cross Community Indonesia (YCCI),https://www.facebook.com/groups/331613226681705,post_10,post_10_comment_12,post_10,comment,,,,Hitam,https://www.facebook.com/groups/331613226681705,2026-09-17T15:41:24Z,raw_data_run_20260917_223451_d693b9.csv,rec_e3671a422e2e5cf2,False,Hitam,hitam,Toyota Yaris,medium,community_context,False,,,,False,not_relevant,no_adas_keyword,,UNKNOWN,,,,,,,
rec_84fe60dbae3f6220,Toyota Yaris,Yaris Cross Community Indonesia (YCCI),https://www.facebook.com/groups/331613226681705,post_10,post_10_comment_13,post_10,comment,,,,Surat² lengkap,https://www.facebook.com/groups/331613226681705,2026-09-17T15:41:24Z,raw_data_run_20260917_223451_d693b9.csv,rec_84fe60dbae3f6220,False,Surat² lengkap,surat² lengkap,Toyota Yaris,medium,community_context,False,,,,False,not_relevant,no_adas_keyword,,UNKNOWN,,,,,,,
rec_94833d9809145296,Toyota Yaris,Yaris Cross Community Indonesia (YCCI),https://www.facebook.com/groups/331613226681705,post_10,post_10_comment_14,post_10,comment,,,,Pajak on,https://www.facebook.com/groups/331613226681705,2026-09-17T15:41:24Z,raw_data_run_20260917_223451_d693b9.csv,rec_94833d9809145296,False,Pajak on,pajak on,Toyota Yaris,medium,community_context,False,,,,False,not_relevant,no_adas_keyword,,UNKNOWN,,,,,,,
rec_92254d931b7e22e3,Toyota Yaris,Yaris Cross Community Indonesia (YCCI),https://www.facebook.com/groups/331613226681705,post_10,post_10_comment_15,post_10,comment,,,,Odo 27rban on-going… Lihat selengkapnya,https://www.facebook.com/groups/331613226681705,2026-09-17T15:41:24Z,raw_data_run_20260917_223451_d693b9.csv,rec_92254d931b7e22e3,False,Odo 27rban on-going… Lihat selengkapnya,odo 27rban on-going… lihat selengkapnya,Toyota Yaris,medium,community_context,False,,,,False,not_relevant,no_adas_keyword,,UNKNOWN,,,,,,,
rec_b84f883a1d045824,Toyota Yaris,Yaris Cross Community Indonesia (YCCI),https://www.facebook.com/groups/331613226681705,post_10,post_10_comment_16,post_10,comment,,,,"STNK ONLY DAN APLIKASI SAJA RIWAYAT LEASING JELAS BUKAN UNIT RENTAL DAN CURIAN
YANG PAHAM DAN BERPENGALAMAN … Lihat selengkapnya",https://www.facebook.com/groups/331613226681705,2026-09-17T15:41:26Z,raw_data_run_20260917_223451_d693b9.csv,rec_b84f883a1d045824,False,STNK ONLY DAN APLIKASI SAJA RIWAYAT LEASING JELAS BUKAN UNIT RENTAL DAN CURIAN YANG PAHAM DAN BERPENGALAMAN … Lihat selengkapnya,stnk only dan aplikasi saja riwayat leasing jelas bukan unit rental dan curian yang paham dan berpengalaman … lihat selengkapnya,Toyota Yaris,medium,community_context,False,,,,False,not_relevant,no_adas_keyword,,UNKNOWN,,,,,,,
rec_62bcc7ea925db343,Toyota Yaris,Yaris Cross Community Indonesia (YCCI),https://www.facebook.com/groups/331613226681705,post_10,post_10_comment_17,post_10,comment,,,,STNK ONLY DAN APLIKASI SAJA RIWAYAT LEASING JELAS BUKAN UNIT RENTAL DAN CURIAN,https://www.facebook.com/groups/331613226681705,2026-09-17T15:41:26Z,raw_data_run_20260917_223451_d693b9.csv,rec_62bcc7ea925db343,False,STNK ONLY DAN APLIKASI SAJA RIWAYAT LEASING JELAS BUKAN UNIT RENTAL DAN CURIAN,stnk only dan aplikasi saja riwayat leasing jelas bukan unit rental dan curian,Toyota Yaris,medium,community_context,False,,,,False,not_relevant,no_adas_keyword,,UNKNOWN,,,,,,,
rec_e96933b3c6d654e2,Toyota Yaris,Yaris Cross Community Indonesia (YCCI),https://www.facebook.com/groups/331613226681705,post_10,post_10_comment_18,post_10,comment,,,,YANG PAHAM DAN BERPENGALAMAN … Lihat selengkapnya,https://www.facebook.com/groups/331613226681705,2026-09-17T15:41:26Z,raw_data_run_20260917_223451_d693b9.csv,rec_e96933b3c6d654e2,False,YANG PAHAM DAN BERPENGALAMAN … Lihat selengkapnya,yang paham dan berpengalaman … lihat selengkapnya,Toyota Yaris,medium,community_context,False,,,,False,not_relevant,no_adas_keyword,,UNKNOWN,,,,,,,
rec_7b38793fae93adb2,Toyota Yaris,Yaris Cross Community Indonesia (YCCI),https://www.facebook.com/groups/331613226681705,post_10,post_10_comment_19,post_10,comment,,,,"Jual sparepart berkualitas 
Whatsapp 
 085934378954… Lihat selengkapnya",https://www.facebook.com/groups/331613226681705,2026-09-17T15:41:28Z,raw_data_run_20260917_223451_d693b9.csv,rec_7b38793fae93adb2,False,Jual sparepart berkualitas Whatsapp 085934378954… Lihat selengkapnya,jual sparepart berkualitas whatsapp 085934378954… lihat selengkapnya,Toyota Yaris,medium,community_context,False,,,,False,not_relevant,no_adas_keyword,,UNKNOWN,,,,,,,
rec_72ccd3b41fcdc88d,Toyota Yaris,Yaris Cross Community Indonesia (YCCI),https://www.facebook.com/groups/331613226681705,post_10,post_10_comment_20,post_10,comment,,,,Jual sparepart berkualitas,https://www.facebook.com/groups/331613226681705,2026-09-17T15:41:28Z,raw_data_run_20260917_223451_d693b9.csv,rec_72ccd3b41fcdc88d,False,Jual sparepart berkualitas,jual sparepart berkualitas,Toyota Yaris,medium,community_context,False,,,,False,not_relevant,no_adas_keyword,,UNKNOWN,,,,,,,
rec_bef0d03e13dfe2d1,Toyota Yaris,Yaris Cross Community Indonesia (YCCI),https://www.facebook.com/groups/331613226681705,post_10,post_10_comment_21,post_10,comment,,,,"Whatsapp 
 085934378954… Lihat selengkapnya",https://www.facebook.com/groups/331613226681705,2026-09-17T15:41:28Z,raw_data_run_20260917_223451_d693b9.csv,rec_bef0d03e13dfe2d1,False,Whatsapp 085934378954… Lihat selengkapnya,whatsapp 085934378954… lihat selengkapnya,Toyota Yaris,medium,community_context,False,,,,False,not_relevant,no_adas_keyword,,UNKNOWN,,,,,,,
rec_6237caf49d2196dc,Toyota Yaris,Yaris Cross Community Indonesia (YCCI),https://www.facebook.com/groups/331613226681705,post_10,post_10_comment_22,post_10,comment,,,,"Kamera parkir TOYOTA 
 inova reborn… Lihat selengkapnya",https://www.facebook.com/groups/331613226681705,2026-09-17T15:41:29Z,raw_data_run_20260917_223451_d693b9.csv,rec_6237caf49d2196dc,False,Kamera parkir TOYOTA inova reborn… Lihat selengkapnya,kamera parkir toyota inova reborn… lihat selengkapnya,Toyota Yaris,medium,community_context,False,,,,False,not_relevant,no_adas_keyword,,UNKNOWN,,,,,,,
rec_6f85b26d52d11881,Toyota Yaris,Yaris Cross Community Indonesia (YCCI),https://www.facebook.com/groups/331613226681705,post_10,post_10_comment_23,post_10,comment,,,,Kamera parkir TOYOTA,https://www.facebook.com/groups/331613226681705,2026-09-17T15:41:29Z,raw_data_run_20260917_223451_d693b9.csv,rec_6f85b26d52d11881,False,Kamera parkir TOYOTA,kamera parkir toyota,Toyota Yaris,medium,community_context,False,,,,False,not_relevant,no_adas_keyword,,UNKNOWN,,,,,,,
rec_642f8ceeea14bbfc,Toyota Yaris,Yaris Cross Community Indonesia (YCCI),https://www.facebook.com/groups/331613226681705,post_10,post_10_comment_24,post_10,comment,,,,inova reborn… Lihat selengkapnya,https://www.facebook.com/groups/331613226681705,2026-09-17T15:41:29Z,raw_data_run_20260917_223451_d693b9.csv,rec_642f8ceeea14bbfc,False,inova reborn… Lihat selengkapnya,inova reborn… lihat selengkapnya,Toyota Yaris,medium,community_context,False,,,,False,not_relevant,no_adas_keyword,,UNKNOWN,,,,,,,
rec_2e9f86cf8a738add,Toyota Yaris,Yaris Cross Community Indonesia (YCCI),https://www.facebook.com/groups/331613226681705,post_10,post_10_comment_25,post_10,comment,,,,"Dijual Murah Paket Velg+ Ban RPF R16 Yaris Second Mulus, Jauh Bisa Kirim Lewat Shopee https://s.shopee.co.id/80CTfROAaO",https://www.facebook.com/groups/331613226681705,2026-09-17T15:41:31Z,raw_data_run_20260917_223451_d693b9.csv,rec_2e9f86cf8a738add,False,"Dijual Murah Paket Velg+ Ban RPF R16 Yaris Second Mulus, Jauh Bisa Kirim Lewat Shopee [url]","dijual murah paket velg+ ban rpf r16 yaris second mulus, jauh bisa kirim lewat shopee [url]",Toyota Yaris,high,explicit_text_alias_strong,False,,,,False,not_relevant,no_adas_keyword,,UNKNOWN,,,,,,,
rec_16cdf50199b8727b,Toyota Yaris,Yaris Cross Community Indonesia (YCCI),https://www.facebook.com/groups/331613226681705,post_10,post_10_comment_26,post_10,comment,,,,"dijual
Yaris TRDSportivo 2019 Matic … Lihat selengkapnya",https://www.facebook.com/groups/331613226681705,2026-09-17T15:41:33Z,raw_data_run_20260917_223451_d693b9.csv,rec_16cdf50199b8727b,False,dijual Yaris TRDSportivo 2019 Matic … Lihat selengkapnya,dijual yaris trdsportivo 2019 matic … lihat selengkapnya,Toyota Yaris,high,explicit_text_alias_strong,False,,,,False,not_relevant,no_adas_keyword,,UNKNOWN,,,,,,,
rec_2a176598dfbe603a,Toyota Yaris,Yaris Cross Community Indonesia (YCCI),https://www.facebook.com/groups/331613226681705,post_10,post_10_comment_27,post_10,comment,,,,Yaris TRDSportivo 2019 Matic … Lihat selengkapnya,https://www.facebook.com/groups/331613226681705,2026-09-17T15:41:33Z,raw_data_run_20260917_223451_d693b9.csv,rec_2a176598dfbe603a,False,Yaris TRDSportivo 2019 Matic … Lihat selengkapnya,yaris trdsportivo 2019 matic … lihat selengkapnya,Toyota Yaris,high,explicit_text_alias_strong,False,,,,False,not_relevant,no_adas_keyword,,UNKNOWN,,,,,,,
rec_7af58a37411ea923,Toyota Yaris,Yaris Cross Community Indonesia (YCCI),https://www.facebook.com/groups/331613226681705,post_10,post_10_comment_28,post_10,comment,,,,"Edisi Bantu Jual Punya Teman
For Sale Toyota Yaris Cross S Hybrid GR TSS 2024 
Tipe Tertinggi 
Warna Two tone Putih - Hitam… Lihat selengkapnya",https://www.facebook.com/groups/331613226681705,2026-09-17T15:41:36Z,raw_data_run_20260917_223451_d693b9.csv,rec_7af58a37411ea923,False,Edisi Bantu Jual Punya Teman For Sale Toyota Yaris Cross S Hybrid GR TSS 2024 Tipe Tertinggi Warna Two tone Putih - Hitam… Lihat selengkapnya,edisi bantu jual punya teman for sale toyota yaris cross s hybrid gr tss 2024 tipe tertinggi warna two tone putih - hitam… lihat selengkapnya,Toyota Yaris,high,explicit_text_alias_strong,True,TSS,combined_adas,,True,uncertain,generic_adas_terms_only,low,UNKNOWN,not_stated,not_stated,uncertain,positive,not_stated,unclear,low
rec_c8542fc78d271878,Toyota Yaris,Yaris Cross Community Indonesia (YCCI),https://www.facebook.com/groups/331613226681705,post_10,post_10_comment_29,post_10,comment,,,,Edisi Bantu Jual Punya Teman,https://www.facebook.com/groups/331613226681705,2026-09-17T15:41:36Z,raw_data_run_20260917_223451_d693b9.csv,rec_c8542fc78d271878,False,Edisi Bantu Jual Punya Teman,edisi bantu jual punya teman,Toyota Yaris,medium,community_context,False,,,,False,not_relevant,no_adas_keyword,,UNKNOWN,,,,,,,
rec_758d279cdb55f23f,Toyota Yaris,Yaris Cross Community Indonesia (YCCI),https://www.facebook.com/groups/331613226681705,post_10,post_10_comment_30,post_10,comment,,,,For Sale Toyota Yaris Cross S Hybrid GR TSS 2024,https://www.facebook.com/groups/331613226681705,2026-09-17T15:41:36Z,raw_data_run_20260917_223451_d693b9.csv,rec_758d279cdb55f23f,False,For Sale Toyota Yaris Cross S Hybrid GR TSS 2024,for sale toyota yaris cross s hybrid gr tss 2024,Toyota Yaris,high,explicit_text_alias_strong,True,TSS,combined_adas,,True,uncertain,generic_adas_terms_only,low,UNKNOWN,not_stated,not_stated,uncertain,neutral,not_stated,unclear,low
rec_1021d044d356aa34,Toyota Yaris,Yaris Cross Community Indonesia (YCCI),https://www.facebook.com/groups/331613226681705,post_10,post_10_comment_31,post_10,comment,,,,Tipe Tertinggi,https://www.facebook.com/groups/331613226681705,2026-09-17T15:41:36Z,raw_data_run_20260917_223451_d693b9.csv,rec_1021d044d356aa34,False,Tipe Tertinggi,tipe tertinggi,Toyota Yaris,medium,community_context,False,,,,False,not_relevant,no_adas_keyword,,UNKNOWN,,,,,,,
rec_c28813b48aa342b5,Toyota Yaris,Yaris Cross Community Indonesia (YCCI),https://www.facebook.com/groups/331613226681705,post_10,post_10_comment_32,post_10,comment,,,,Warna Two tone Putih - Hitam… Lihat selengkapnya,https://www.facebook.com/groups/331613226681705,2026-09-17T15:41:36Z,raw_data_run_20260917_223451_d693b9.csv,rec_c28813b48aa342b5,False,Warna Two tone Putih - Hitam… Lihat selengkapnya,warna two tone putih - hitam… lihat selengkapnya,Toyota Yaris,medium,community_context,False,,,,False,not_relevant,no_adas_keyword,,UNKNOWN,,,,,,,
rec_689fb50ebc8112c4,Toyota Yaris,Yaris Cross Community Indonesia (YCCI),https://www.facebook.com/groups/331613226681705,post_10,post_10_comment_33,post_10,comment,,,,"@YARIS+TRD+SPORTIVO+2017+MANUAL+MT+
@SS+STNK+ONLY+SAJA+WAJIB+FAHAM+RIWAYAT+SANGAT+JELAS+HARGA+68JUTA+minat+wa.+083876865676",https://www.facebook.com/groups/331613226681705,2026-09-17T15:41:38Z,raw_data_run_20260917_223451_d693b9.csv,rec_689fb50ebc8112c4,False,[mention] +TRD+SPORTIVO+2017+MANUAL+MT+ [mention] +STNK+ONLY+SAJA+WAJIB+FAHAM+RIWAYAT+SANGAT+JELAS+HARGA+68JUTA+minat+wa.+083876865676,[mention] +trd+sportivo+2017+manual+mt+ [mention] +stnk+only+saja+wajib+faham+riwayat+sangat+jelas+harga+68juta+minat+wa.+083876865676,Toyota Yaris,medium,community_context,False,,,,False,not_relevant,no_adas_keyword,,UNKNOWN,,,,,,,
rec_fc157f6ba450cfe0,Toyota Yaris,Yaris Cross Community Indonesia (YCCI),https://www.facebook.com/groups/331613226681705,post_10,post_10_comment_34,post_10,comment,,,,@YARIS+TRD+SPORTIVO+2017+MANUAL+MT+,https://www.facebook.com/groups/331613226681705,2026-09-17T15:41:38Z,raw_data_run_20260917_223451_d693b9.csv,rec_fc157f6ba450cfe0,False,[mention] +TRD+SPORTIVO+2017+MANUAL+MT+,[mention] +trd+sportivo+2017+manual+mt+,Toyota Yaris,medium,community_context,False,,,,False,not_relevant,no_adas_keyword,,UNKNOWN,,,,,,,
rec_1cb1c5d53fc46d72,Toyota Yaris,Yaris Cross Community Indonesia (YCCI),https://www.facebook.com/groups/331613226681705,post_10,post_10_comment_35,post_10,comment,,,,@SS+STNK+ONLY+SAJA+WAJIB+FAHAM+RIWAYAT+SANGAT+JELAS+HARGA+68JUTA+minat+wa.+083876865676,https://www.facebook.com/groups/331613226681705,2026-09-17T15:41:38Z,raw_data_run_20260917_223451_d693b9.csv,rec_1cb1c5d53fc46d72,False,[mention] +STNK+ONLY+SAJA+WAJIB+FAHAM+RIWAYAT+SANGAT+JELAS+HARGA+68JUTA+minat+wa.+083876865676,[mention] +stnk+only+saja+wajib+faham+riwayat+sangat+jelas+harga+68juta+minat+wa.+083876865676,Toyota Yaris,medium,community_context,False,,,,False,not_relevant,no_adas_keyword,,UNKNOWN,,,,,,,
rec_f9a1569dd7c37d4a,Toyota Yaris,Yaris Cross Community Indonesia (YCCI),https://www.facebook.com/groups/331613226681705,post_10,post_10_comment_36,post_10,comment,,,,"(Price 6.7jt) For sale Velg original Toyota FT86 Ring 17 pcd 5x100, kondisi mulus 95%, lokasi margonda depok https://wa.me/+6285781559992",https://www.facebook.com/groups/331613226681705,2026-09-17T15:41:39Z,raw_data_run_20260917_223451_d693b9.csv,rec_f9a1569dd7c37d4a,False,"(Price 6.7jt) For sale Velg original Toyota FT86 Ring 17 pcd 5x100, kondisi mulus 95%, lokasi margonda depok [url]","(price 6.7jt) for sale velg original toyota ft86 ring 17 pcd 5x100, kondisi mulus 95%, lokasi margonda depok [url]",Toyota Yaris,medium,community_context,False,,,,False,not_relevant,no_adas_keyword,,UNKNOWN,,,,,,,
rec_e2014087b6323e8c,Toyota Yaris,Yaris Cross Community Indonesia (YCCI),https://www.facebook.com/groups/331613226681705,post_10,post_10_comment_37,post_10,comment,,,,"Yaris Cross 1.5 G Cvt 2026
Km 50 Perak
Mobil bekas rasa baru
Cash/kredit
Harga 325 juta(Boleh Nego sampai deal)
Lihat selengkapnya",https://www.facebook.com/groups/331613226681705,2026-09-17T15:41:39Z,raw_data_run_20260917_223451_d693b9.csv,rec_e2014087b6323e8c,False,Yaris Cross 1.5 G Cvt 2026 Km 50 Perak Mobil bekas rasa baru Cash/kredit Harga 325 juta(Boleh Nego sampai deal) Lihat selengkapnya,yaris cross 1.5 g cvt 2026 km 50 perak mobil bekas rasa baru cash/kredit harga 325 juta(boleh nego sampai deal) lihat selengkapnya,Toyota Yaris,high,explicit_text_alias_strong,False,,,,False,not_relevant,no_adas_keyword,,UNKNOWN,,,,,,,
rec_21abd07ab30bcdfb,Toyota Yaris,Yaris Cross Community Indonesia (YCCI),https://www.facebook.com/groups/331613226681705,post_10,post_10_comment_38,post_10,comment,,,,"Saya sebagai user yaris cross ko heran ya, knapa ko banyak yg mau jual mobil padahal kondisi nya masih bisa di bilang baru.",https://www.facebook.com/groups/331613226681705,2026-09-17T15:41:39Z,raw_data_run_20260917_223451_d693b9.csv,rec_21abd07ab30bcdfb,False,"Saya sebagai user yaris cross ko heran ya, knapa ko banyak yg mau jual mobil padahal kondisi nya masih bisa di bilang baru.","saya sebagai user yaris cross ko heran ya, knapa ko banyak yg mau jual mobil padahal kondisi nya masih bisa di bilang baru.",Toyota Yaris,high,explicit_text_alias_strong,False,,,,False,not_relevant,no_adas_keyword,,UNKNOWN,,,,,,,
rec_e3b3a0a1a2ebb239,Toyota Yaris,Yaris Cross Community Indonesia (YCCI),https://www.facebook.com/groups/331613226681705,post_10,post_10_comment_39,post_10,comment,,,,Ap… Lihat selengkapnya,https://www.facebook.com/groups/331613226681705,2026-09-17T15:41:39Z,raw_data_run_20260917_223451_d693b9.csv,rec_e3b3a0a1a2ebb239,False,Ap… Lihat selengkapnya,ap… lihat selengkapnya,Toyota Yaris,medium,community_context,False,,,,False,not_relevant,no_adas_keyword,,UNKNOWN,,,,,,,
rec_7c9e2534ad99a9fc,Toyota Yaris,Yaris Cross Community Indonesia (YCCI),https://www.facebook.com/groups/331613226681705,post_10,post_10_comment_40,post_10,comment,,,,bisa tuker tambah ga,https://www.facebook.com/groups/331613226681705,2026-09-17T15:41:39Z,raw_data_run_20260917_223451_d693b9.csv,rec_7c9e2534ad99a9fc,False,bisa tuker tambah ga,bisa tuker tambah ga,Toyota Yaris,medium,community_context,False,,,,False,not_relevant,no_adas_keyword,,UNKNOWN,,,,,,,
rec_e542e364777fc5c0,Toyota Yaris,Yaris Cross Community Indonesia (YCCI),https://www.facebook.com/groups/331613226681705,post_10,post_10_comment_41,post_10,comment,,,,Bismillah..… Lihat selengkapnya,https://www.facebook.com/groups/331613226681705,2026-09-17T15:41:44Z,raw_data_run_20260917_223451_d693b9.csv,rec_e542e364777fc5c0,False,Bismillah..… Lihat selengkapnya,bismillah..… lihat selengkapnya,Toyota Yaris,medium,community_context,False,,,,False,not_relevant,no_adas_keyword,,UNKNOWN,,,,,,,
rec_42886ecae8a958bb,Toyota Yaris,Yaris Cross Community Indonesia (YCCI),https://www.facebook.com/groups/331613226681705,post_10,post_10_comment_42,post_10,comment,,,,"Izin cari rezeki
Bodykit Xpander Cross. Harga fullset mulai dari 1 jt-an
Salam Modifikasi Indonesia
-------------------------------------------------------
Upgrade your car with :
𝐁𝐎𝐃𝐘𝐊𝐈𝐓 𝐈𝐍𝐃𝐎𝐍𝐄𝐒𝐈𝐀
Lihat selengkapnya",https://www.facebook.com/groups/331613226681705,2026-09-17T15:41:47Z,raw_data_run_20260917_223451_d693b9.csv,rec_42886ecae8a958bb,False,Izin cari rezeki Bodykit Xpander Cross. Harga fullset mulai dari 1 jt-an Salam Modifikasi Indonesia ------------------------------------------------------- Upgrade your car with : 𝐁𝐎𝐃𝐘𝐊𝐈𝐓 𝐈𝐍𝐃𝐎𝐍𝐄𝐒𝐈𝐀 Lihat selengkapnya,izin cari rezeki bodykit xpander cross. harga fullset mulai dari 1 jt-an salam modifikasi indonesia ------------------------------------------------------- upgrade your car with : 𝐁𝐎𝐃𝐘𝐊𝐈𝐓 𝐈𝐍𝐃𝐎𝐍𝐄𝐒𝐈𝐀 lihat selengkapnya,Toyota Yaris,medium,community_context,False,,,,False,not_relevant,no_adas_keyword,,UNKNOWN,,,,,,,
rec_72ff033a902a069c,Toyota Yaris,Yaris Cross Community Indonesia (YCCI),https://www.facebook.com/groups/331613226681705,post_10,post_10_comment_43,post_10,comment,,,,"@YARIS+TRD+SPORTIVO+2017+MANUAL+MT+
@SS+STNK+ONLY+SAJA+WAJIB+FAHAM+RIWAYAT+SANGAT+JELAS+HARGA+68JUTA+minat+inbok",https://www.facebook.com/groups/331613226681705,2026-09-17T15:41:49Z,raw_data_run_20260917_223451_d693b9.csv,rec_72ff033a902a069c,False,[mention] +TRD+SPORTIVO+2017+MANUAL+MT+ [mention] +STNK+ONLY+SAJA+WAJIB+FAHAM+RIWAYAT+SANGAT+JELAS+HARGA+68JUTA+minat+inbok,[mention] +trd+sportivo+2017+manual+mt+ [mention] +stnk+only+saja+wajib+faham+riwayat+sangat+jelas+harga+68juta+minat+inbok,Toyota Yaris,medium,community_context,False,,,,False,not_relevant,no_adas_keyword,,UNKNOWN,,,,,,,
rec_33e9086d973d3a91,Toyota Yaris,Yaris Cross Community Indonesia (YCCI),https://www.facebook.com/groups/331613226681705,post_10,post_10_comment_44,post_10,comment,,,,@SS+STNK+ONLY+SAJA+WAJIB+FAHAM+RIWAYAT+SANGAT+JELAS+HARGA+68JUTA+minat+inbok,https://www.facebook.com/groups/331613226681705,2026-09-17T15:41:49Z,raw_data_run_20260917_223451_d693b9.csv,rec_33e9086d973d3a91,False,[mention] +STNK+ONLY+SAJA+WAJIB+FAHAM+RIWAYAT+SANGAT+JELAS+HARGA+68JUTA+minat+inbok,[mention] +stnk+only+saja+wajib+faham+riwayat+sangat+jelas+harga+68juta+minat+inbok,Toyota Yaris,medium,community_context,False,,,,False,not_relevant,no_adas_keyword,,UNKNOWN,,,,,,,
rec_f10b51d5a03c0230,Toyota Yaris,Yaris Cross Community Indonesia (YCCI),https://www.facebook.com/groups/331613226681705,post_10,post_10_comment_45,post_10,comment,,,,"Salam sedikit perkongsian item untuk TOYOTA YARIS CROSS yang ada didalam platform shopee. Silakan survey jika ada yang mencari. Gambar hasil gemini
 .TQ admin 
Trapo Karpet Kereta Car Mat Toyota Yaris Cross Non-Hybrid (2023-Present) 
 https://s.shopee.com.my/7KpiEBNi2W.
Kamatto Classic Toyota Yaris Cross XP210 (2020-Present) Car Floor Mat and Carpet
 https://s.shopee.com.my/AUmjzkeWog… Lihat selengkapnya",https://www.facebook.com/groups/331613226681705,2026-09-17T15:41:50Z,raw_data_run_20260917_223451_d693b9.csv,rec_f10b51d5a03c0230,False,Salam sedikit perkongsian item untuk TOYOTA YARIS CROSS yang ada didalam platform shopee. Silakan survey jika ada yang mencari. Gambar hasil gemini .TQ admin Trapo Karpet Kereta Car Mat Toyota Yaris Cross Non-Hybrid (2023-Present) [url] Kamatto Classic Toyota Yaris Cross XP210 (2020-Present) Car Floor Mat and Carpet [url] Lihat selengkapnya,salam sedikit perkongsian item untuk toyota yaris cross yang ada didalam platform shopee. silakan survey jika ada yang mencari. gambar hasil gemini .tq admin trapo karpet kereta car mat toyota yaris cross non-hybrid (2023-present) [url] kamatto classic toyota yaris cross xp210 (2020-present) car floor mat and carpet [url] lihat selengkapnya,Toyota Yaris,high,explicit_text_alias_strong,False,,,,False,not_relevant,no_adas_keyword,,UNKNOWN,,,,,,,
rec_64f8ab12bc22022a,Toyota Yaris,Yaris Cross Community Indonesia (YCCI),https://www.facebook.com/groups/331613226681705,post_10,post_10_comment_46,post_10,comment,,,,"Salam sedikit perkongsian item untuk TOYOTA YARIS CROSS yang ada didalam platform shopee. Silakan survey jika ada yang mencari. Gambar hasil gemini
 .TQ admin",https://www.facebook.com/groups/331613226681705,2026-09-17T15:41:50Z,raw_data_run_20260917_223451_d693b9.csv,rec_64f8ab12bc22022a,False,Salam sedikit perkongsian item untuk TOYOTA YARIS CROSS yang ada didalam platform shopee. Silakan survey jika ada yang mencari. Gambar hasil gemini .TQ admin,salam sedikit perkongsian item untuk toyota yaris cross yang ada didalam platform shopee. silakan survey jika ada yang mencari. gambar hasil gemini .tq admin,Toyota Yaris,high,explicit_text_alias_strong,False,,,,False,not_relevant,no_adas_keyword,,UNKNOWN,,,,,,,
rec_200ceafe48d5185c,Toyota Yaris,Yaris Cross Community Indonesia (YCCI),https://www.facebook.com/groups/331613226681705,post_10,post_10_comment_47,post_10,comment,,,,Trapo Karpet Kereta Car Mat Toyota Yaris Cross Non-Hybrid (2023-Present),https://www.facebook.com/groups/331613226681705,2026-09-17T15:41:50Z,raw_data_run_20260917_223451_d693b9.csv,rec_200ceafe48d5185c,False,Trapo Karpet Kereta Car Mat Toyota Yaris Cross Non-Hybrid (2023-Present),trapo karpet kereta car mat toyota yaris cross non-hybrid (2023-present),Toyota Yaris,high,explicit_text_alias_strong,False,,,,False,not_relevant,no_adas_keyword,,UNKNOWN,,,,,,,
rec_5b5f3b84277e1ca8,Toyota Yaris,Yaris Cross Community Indonesia (YCCI),https://www.facebook.com/groups/331613226681705,post_10,post_10_comment_48,post_10,comment,,,,https://s.shopee.com.my/7KpiEBNi2W.,https://www.facebook.com/groups/331613226681705,2026-09-17T15:41:50Z,raw_data_run_20260917_223451_d693b9.csv,rec_5b5f3b84277e1ca8,False,[url],[url],Toyota Yaris,medium,community_context,False,,,,False,not_relevant,no_adas_keyword,,UNKNOWN,,,,,,,
rec_4d3e59f511de62f8,Toyota Yaris,Yaris Cross Community Indonesia (YCCI),https://www.facebook.com/groups/331613226681705,post_10,post_10_comment_49,post_10,comment,,,,Kamatto Classic Toyota Yaris Cross XP210 (2020-Present) Car Floor Mat and Carpet,https://www.facebook.com/groups/331613226681705,2026-09-17T15:41:50Z,raw_data_run_20260917_223451_d693b9.csv,rec_4d3e59f511de62f8,False,Kamatto Classic Toyota Yaris Cross XP210 (2020-Present) Car Floor Mat and Carpet,kamatto classic toyota yaris cross xp210 (2020-present) car floor mat and carpet,Toyota Yaris,high,explicit_text_alias_strong,False,,,,False,not_relevant,no_adas_keyword,,UNKNOWN,,,,,,,
rec_7faa730cc3ce701a,Toyota Yaris,Yaris Cross Community Indonesia (YCCI),https://www.facebook.com/groups/331613226681705,post_10,post_10_comment_50,post_10,comment,,,,https://s.shopee.com.my/AUmjzkeWog… Lihat selengkapnya,https://www.facebook.com/groups/331613226681705,2026-09-17T15:41:50Z,raw_data_run_20260917_223451_d693b9.csv,rec_7faa730cc3ce701a,False,[url] Lihat selengkapnya,[url] lihat selengkapnya,Toyota Yaris,medium,community_context,False,,,,False,not_relevant,no_adas_keyword,,UNKNOWN,,,,,,,
rec_6b1b172f01a76bc6,Toyota Yaris,Yaris Cross Community Indonesia (YCCI),https://www.facebook.com/groups/331613226681705,post_10,post_10_comment_51,post_10,comment,,,,"Ambient Light Car
Premium Ambience Light No Bintik Grade A+
Bisa Disemua Mobil
-
Bisa Rgb Matrix Kontrol Lewat Aplikasi
+ Setting 1 Warna
-
Lihat selengkapnya",https://www.facebook.com/groups/331613226681705,2026-09-17T15:41:52Z,raw_data_run_20260917_223451_d693b9.csv,rec_6b1b172f01a76bc6,False,Ambient Light Car Premium Ambience Light No Bintik Grade A+ Bisa Disemua Mobil - Bisa Rgb Matrix Kontrol Lewat Aplikasi + Setting 1 Warna - Lihat selengkapnya,ambient light car premium ambience light no bintik grade a+ bisa disemua mobil - bisa rgb matrix kontrol lewat aplikasi + setting 1 warna - lihat selengkapnya,Toyota Yaris,medium,community_context,False,,,,False,not_relevant,no_adas_keyword,,UNKNOWN,,,,,,,
rec_3a338bbe7675cda6,Toyota Yaris,Yaris Cross Community Indonesia (YCCI),https://www.facebook.com/groups/331613226681705,post_10,post_10_comment_52,post_10,comment,,,,Mau om,https://www.facebook.com/groups/331613226681705,2026-09-17T15:41:52Z,raw_data_run_20260917_223451_d693b9.csv,rec_3a338bbe7675cda6,False,Mau om,mau om,Toyota Yaris,medium,community_context,False,,,,False,not_relevant,no_adas_keyword,,UNKNOWN,,,,,,,
rec_33e0b549f706eaf9,Toyota Yaris,Yaris Cross Community Indonesia (YCCI),https://www.facebook.com/groups/331613226681705,post_10,post_10_comment_53,post_10,comment,,,,"@YARIS TRD SPORTIVO 2017 MANUAL MT 
@SS STNK ONLY SAJA WAJIB FAHAM RIWAYAT SANGAT JELAS HARGA 68JUTA CALL BY WA 
https://wa.me/62085126495267",https://www.facebook.com/groups/331613226681705,2026-09-17T15:41:54Z,raw_data_run_20260917_223451_d693b9.csv,rec_33e0b549f706eaf9,False,[mention] TRD SPORTIVO 2017 MANUAL MT [mention] STNK ONLY SAJA WAJIB FAHAM RIWAYAT SANGAT JELAS HARGA 68JUTA CALL BY WA [url],[mention] trd sportivo 2017 manual mt [mention] stnk only saja wajib faham riwayat sangat jelas harga 68juta call by wa [url],Toyota Yaris,medium,community_context,False,,,,False,not_relevant,no_adas_keyword,,UNKNOWN,,,,,,,
rec_e1a94ea04fd846ba,Toyota Yaris,Yaris Cross Community Indonesia (YCCI),https://www.facebook.com/groups/331613226681705,post_10,post_10_comment_54,post_10,comment,,,,@YARIS TRD SPORTIVO 2017 MANUAL MT,https://www.facebook.com/groups/331613226681705,2026-09-17T15:41:54Z,raw_data_run_20260917_223451_d693b9.csv,rec_e1a94ea04fd846ba,False,[mention] TRD SPORTIVO 2017 MANUAL MT,[mention] trd sportivo 2017 manual mt,Toyota Yaris,medium,community_context,False,,,,False,not_relevant,no_adas_keyword,,UNKNOWN,,,,,,,
rec_604faf948e7f1eec,Toyota Yaris,Yaris Cross Community Indonesia (YCCI),https://www.facebook.com/groups/331613226681705,post_10,post_10_comment_55,post_10,comment,,,,"@SS STNK ONLY SAJA WAJIB FAHAM RIWAYAT SANGAT JELAS HARGA 68JUTA CALL BY WA 
https://wa.me/62085126495267",https://www.facebook.com/groups/331613226681705,2026-09-17T15:41:54Z,raw_data_run_20260917_223451_d693b9.csv,rec_604faf948e7f1eec,False,[mention] STNK ONLY SAJA WAJIB FAHAM RIWAYAT SANGAT JELAS HARGA 68JUTA CALL BY WA [url],[mention] stnk only saja wajib faham riwayat sangat jelas harga 68juta call by wa [url],Toyota Yaris,medium,community_context,False,,,,False,not_relevant,no_adas_keyword,,UNKNOWN,,,,,,,
rec_cf94055fa97df1a8,Toyota Yaris,Yaris Cross Community Indonesia (YCCI),https://www.facebook.com/groups/331613226681705,post_10,post_10_comment_56,post_10,comment,,,,"*Cover jok : Yaris lele ( SECOND ) 
*Tahun*     : 2014-2021… Lihat selengkapnya",https://www.facebook.com/groups/331613226681705,2026-09-17T15:41:55Z,raw_data_run_20260917_223451_d693b9.csv,rec_cf94055fa97df1a8,False,*Cover jok : Yaris lele ( SECOND ) *Tahun* : 2014-2021… Lihat selengkapnya,*cover jok : yaris lele ( second ) *tahun* : 2014-2021… lihat selengkapnya,Toyota Yaris,high,explicit_text_alias_strong,False,,,,False,not_relevant,no_adas_keyword,,UNKNOWN,,,,,,,
rec_28f739eb4ffc9844,Toyota Yaris,Yaris Cross Community Indonesia (YCCI),https://www.facebook.com/groups/331613226681705,post_10,post_10_comment_57,post_10,comment,,,,*Cover jok : Yaris lele ( SECOND ),https://www.facebook.com/groups/331613226681705,2026-09-17T15:41:55Z,raw_data_run_20260917_223451_d693b9.csv,rec_28f739eb4ffc9844,False,*Cover jok : Yaris lele ( SECOND ),*cover jok : yaris lele ( second ),Toyota Yaris,high,explicit_text_alias_strong,False,,,,False,not_relevant,no_adas_keyword,,UNKNOWN,,,,,,,
rec_0aef220c5dbc8537,Toyota Yaris,Yaris Cross Community Indonesia (YCCI),https://www.facebook.com/groups/331613226681705,post_10,post_10_comment_58,post_10,comment,,,,*Tahun*     : 2014-2021… Lihat selengkapnya,https://www.facebook.com/groups/331613226681705,2026-09-17T15:41:55Z,raw_data_run_20260917_223451_d693b9.csv,rec_0aef220c5dbc8537,False,*Tahun* : 2014-2021… Lihat selengkapnya,*tahun* : 2014-2021… lihat selengkapnya,Toyota Yaris,medium,community_context,False,,,,False,not_relevant,no_adas_keyword,,UNKNOWN,,,,,,,
rec_0ec6c85cc8f16e3b,Toyota Yaris,Yaris Cross Community Indonesia (YCCI),https://www.facebook.com/groups/331613226681705,post_10,post_10_comment_59,post_10,comment,,,,"1 OF 1 !! Ambiencr Yaris Bakpao
For More Info Langsung DM
Ambient Light Car
Premium Ambience Light No Bintik Grade A+
Bisa Disemua Mobil
-
Bisa Rgb Matrix Kontrol Lewat Aplikasi
+ Setting 1 Warna
Lihat selengkapnya",https://www.facebook.com/groups/331613226681705,2026-09-17T15:41:57Z,raw_data_run_20260917_223451_d693b9.csv,rec_0ec6c85cc8f16e3b,False,1 OF 1 !! Ambiencr Yaris Bakpao For More Info Langsung DM Ambient Light Car Premium Ambience Light No Bintik Grade A+ Bisa Disemua Mobil - Bisa Rgb Matrix Kontrol Lewat Aplikasi + Setting 1 Warna Lihat selengkapnya,1 of 1 !! ambiencr yaris bakpao for more info langsung dm ambient light car premium ambience light no bintik grade a+ bisa disemua mobil - bisa rgb matrix kontrol lewat aplikasi + setting 1 warna lihat selengkapnya,Toyota Yaris,high,explicit_text_alias_strong,False,,,,False,not_relevant,no_adas_keyword,,UNKNOWN,,,,,,,
rec_b10fee65ee8d97c1,Toyota Yaris,Yaris Cross Community Indonesia (YCCI),https://www.facebook.com/groups/331613226681705,post_10,post_10_comment_60,post_10,comment,,,,Ijin lapak min,https://www.facebook.com/groups/331613226681705,2026-09-17T15:41:58Z,raw_data_run_20260917_223451_d693b9.csv,rec_b10fee65ee8d97c1,False,Ijin lapak min,ijin lapak min,Toyota Yaris,medium,community_context,False,,,,False,not_relevant,no_adas_keyword,,UNKNOWN,,,,,,,
rec_c4cfeab33f96f865,Toyota Yaris,Yaris Cross Community Indonesia (YCCI),https://www.facebook.com/groups/331613226681705,post_10,post_10_comment_61,post_10,comment,,,,Sun visor yaris ori copotan bergaransi… Lihat selengkapnya,https://www.facebook.com/groups/331613226681705,2026-09-17T15:41:58Z,raw_data_run_20260917_223451_d693b9.csv,rec_c4cfeab33f96f865,False,Sun visor yaris ori copotan bergaransi… Lihat selengkapnya,sun visor yaris ori copotan bergaransi… lihat selengkapnya,Toyota Yaris,high,explicit_text_alias_strong,False,,,,False,not_relevant,no_adas_keyword,,UNKNOWN,,,,,,,
rec_471f90263e706855,Toyota Yaris,Yaris Cross Community Indonesia (YCCI),https://www.facebook.com/groups/331613226681705,post_11,,,post,,,,Warna Two tone Putih - Hitam… Lihat selengkapnya,https://www.facebook.com/groups/331613226681705,2026-09-22T03:25:29Z,raw_data_run_20260922_102339_7922f3.csv,rec_471f90263e706855,False,Warna Two tone Putih - Hitam… Lihat selengkapnya,warna two tone putih - hitam… lihat selengkapnya,Toyota Yaris,medium,community_context,False,,,,False,not_relevant,no_adas_keyword,,UNKNOWN,,,,,,,
rec_05a6f285f45c12ae,Toyota Yaris,Yaris Cross Community Indonesia (YCCI),https://www.facebook.com/groups/331613226681705,post_11,post_11_comment_1,post_11,comment,,,,"Sensor parkir buat toyota
Avanza xenia
Calya sigra
Agya ayla
Vios
Inova
Yaris dll
SENSOR PARKIR 2 titik ( suara )
* Rp 250 rb 
SENSOR PARKIR 4 titik ( suara )
* Rp 350 rb
KAMERA PARKIR 
* Rp 250  dan 350rb
GARANSI produk 1 bln
Pemasangan aman dan rapi
FREE PASANG 
jak sel
Bintaro
Pamulang 
Ciater
depok.
ciputat. 
Bsd dll
Layanan Home service 
Wa 0877 7577 2427 Tampilkan lebih sedikit",https://www.facebook.com/groups/331613226681705,2026-09-22T03:25:35Z,raw_data_run_20260922_102339_7922f3.csv,rec_05a6f285f45c12ae,False,Sensor parkir buat toyota Avanza xenia Calya sigra Agya ayla Vios Inova Yaris dll SENSOR PARKIR 2 titik ( suara ) * Rp 250 rb SENSOR PARKIR 4 titik ( suara ) * Rp 350 rb KAMERA PARKIR * Rp 250 dan 350rb GARANSI produk 1 bln Pemasangan aman dan rapi FREE PASANG jak sel Bintaro Pamulang Ciater depok. ciputat. Bsd dll Layanan Home service Wa 0877 7577 2427 Tampilkan lebih sedikit,sensor parkir buat toyota avanza xenia calya sigra agya ayla vios inova yaris dll sensor parkir 2 titik ( suara ) * rp 250 rb sensor parkir 4 titik ( suara ) * rp 350 rb kamera parkir * rp 250 dan 350rb garansi produk 1 bln pemasangan aman dan rapi free pasang jak sel bintaro pamulang ciater depok. ciputat. bsd dll layanan home service wa 0877 7577 2427 tampilkan lebih sedikit,Toyota Yaris,high,explicit_text_alias_strong,False,BSD,layer_a_feature_names,,False,not_relevant,place_name_ambiguous_acronym,,UNKNOWN,,,,,,,
rec_1a909b0f03d53f55,Toyota Yaris,Yaris Cross Community Indonesia (YCCI),https://www.facebook.com/groups/331613226681705,post_11,post_11_comment_1,post_11_comment_1,reply,,,,"Sensor parkir buat toyota
Avanza xenia
Calya sigra
Agya ayla
Vios
Inova
Yaris dll
SENSOR PARKIR 2 titik ( suara )
* Rp 250 rb 
SENSOR PARKIR 4 titik ( suara )
* Rp 350 rb
KAMERA PARKIR 
* Rp 250  dan 350rb
GARANSI produk 1 bln
Pemasangan aman dan rapi
FREE PASANG 
jak sel
Bintaro
Pamulang 
Ciater
depok.
ciputat. 
Bsd dll
Layanan Home service 
Wa 0877 7577 2427 Tampilkan lebih sedikit",https://www.facebook.com/groups/331613226681705,2026-09-22T03:25:42Z,raw_data_run_20260922_102339_7922f3.csv,rec_1a909b0f03d53f55,False,Sensor parkir buat toyota Avanza xenia Calya sigra Agya ayla Vios Inova Yaris dll SENSOR PARKIR 2 titik ( suara ) * Rp 250 rb SENSOR PARKIR 4 titik ( suara ) * Rp 350 rb KAMERA PARKIR * Rp 250 dan 350rb GARANSI produk 1 bln Pemasangan aman dan rapi FREE PASANG jak sel Bintaro Pamulang Ciater depok. ciputat. Bsd dll Layanan Home service Wa 0877 7577 2427 Tampilkan lebih sedikit,sensor parkir buat toyota avanza xenia calya sigra agya ayla vios inova yaris dll sensor parkir 2 titik ( suara ) * rp 250 rb sensor parkir 4 titik ( suara ) * rp 350 rb kamera parkir * rp 250 dan 350rb garansi produk 1 bln pemasangan aman dan rapi free pasang jak sel bintaro pamulang ciater depok. ciputat. bsd dll layanan home service wa 0877 7577 2427 tampilkan lebih sedikit,Toyota Yaris,high,explicit_text_alias_strong,False,BSD,layer_a_feature_names,,False,not_relevant,place_name_ambiguous_acronym,,UNKNOWN,,,,,,,
rec_c9dc954521d0ed7c,Toyota Yaris,Yaris Cross Community Indonesia (YCCI),https://www.facebook.com/groups/331613226681705,post_11,post_11_comment_2,post_11,comment,,,,Sensor parkir buat toyota,https://www.facebook.com/groups/331613226681705,2026-09-22T03:25:43Z,raw_data_run_20260922_102339_7922f3.csv,rec_c9dc954521d0ed7c,False,Sensor parkir buat toyota,sensor parkir buat toyota,Toyota Yaris,medium,community_context,False,,,,False,not_relevant,no_adas_keyword,,UNKNOWN,,,,,,,
rec_2ab40b17a1bbc4bc,Toyota Yaris,Yaris Cross Community Indonesia (YCCI),https://www.facebook.com/groups/331613226681705,post_11,post_11_comment_2,post_11_comment_2,reply,,,,"Sensor parkir buat toyota
Avanza xenia
Calya sigra
Agya ayla
Vios
Inova
Yaris dll
SENSOR PARKIR 2 titik ( suara )
* Rp 250 rb 
SENSOR PARKIR 4 titik ( suara )
* Rp 350 rb
KAMERA PARKIR 
* Rp 250  dan 350rb
GARANSI produk 1 bln
Pemasangan aman dan rapi
FREE PASANG 
jak sel
Bintaro
Pamulang 
Ciater
depok.
ciputat. 
Bsd dll
Layanan Home service 
Wa 0877 7577 2427 Tampilkan lebih sedikit",https://www.facebook.com/groups/331613226681705,2026-09-22T03:25:52Z,raw_data_run_20260922_102339_7922f3.csv,rec_2ab40b17a1bbc4bc,False,Sensor parkir buat toyota Avanza xenia Calya sigra Agya ayla Vios Inova Yaris dll SENSOR PARKIR 2 titik ( suara ) * Rp 250 rb SENSOR PARKIR 4 titik ( suara ) * Rp 350 rb KAMERA PARKIR * Rp 250 dan 350rb GARANSI produk 1 bln Pemasangan aman dan rapi FREE PASANG jak sel Bintaro Pamulang Ciater depok. ciputat. Bsd dll Layanan Home service Wa 0877 7577 2427 Tampilkan lebih sedikit,sensor parkir buat toyota avanza xenia calya sigra agya ayla vios inova yaris dll sensor parkir 2 titik ( suara ) * rp 250 rb sensor parkir 4 titik ( suara ) * rp 350 rb kamera parkir * rp 250 dan 350rb garansi produk 1 bln pemasangan aman dan rapi free pasang jak sel bintaro pamulang ciater depok. ciputat. bsd dll layanan home service wa 0877 7577 2427 tampilkan lebih sedikit,Toyota Yaris,high,explicit_text_alias_strong,False,BSD,layer_a_feature_names,,False,not_relevant,place_name_ambiguous_acronym,,UNKNOWN,,,,,,,
rec_3c227bac84e0e7aa,Toyota Yaris,Yaris Cross Community Indonesia (YCCI),https://www.facebook.com/groups/331613226681705,post_11,post_11_comment_3,post_11,comment,,,,Avanza xenia,https://www.facebook.com/groups/331613226681705,2026-09-22T03:25:54Z,raw_data_run_20260922_102339_7922f3.csv,rec_3c227bac84e0e7aa,False,Avanza xenia,avanza xenia,Toyota Yaris,medium,community_context,False,,,,False,not_relevant,no_adas_keyword,,UNKNOWN,,,,,,,
rec_7b1860308a0cadb7,Toyota Yaris,Yaris Cross Community Indonesia (YCCI),https://www.facebook.com/groups/331613226681705,post_11,post_11_comment_3,post_11_comment_3,reply,,,,"Sensor parkir buat toyota
Avanza xenia
Calya sigra
Agya ayla
Vios
Inova
Yaris dll
SENSOR PARKIR 2 titik ( suara )
* Rp 250 rb 
SENSOR PARKIR 4 titik ( suara )
* Rp 350 rb
KAMERA PARKIR 
* Rp 250  dan 350rb
GARANSI produk 1 bln
Pemasangan aman dan rapi
FREE PASANG 
jak sel
Bintaro
Pamulang 
Ciater
depok.
ciputat. 
Bsd dll
Layanan Home service 
Wa 0877 7577 2427 Tampilkan lebih sedikit",https://www.facebook.com/groups/331613226681705,2026-09-22T03:26:00Z,raw_data_run_20260922_102339_7922f3.csv,rec_7b1860308a0cadb7,False,Sensor parkir buat toyota Avanza xenia Calya sigra Agya ayla Vios Inova Yaris dll SENSOR PARKIR 2 titik ( suara ) * Rp 250 rb SENSOR PARKIR 4 titik ( suara ) * Rp 350 rb KAMERA PARKIR * Rp 250 dan 350rb GARANSI produk 1 bln Pemasangan aman dan rapi FREE PASANG jak sel Bintaro Pamulang Ciater depok. ciputat. Bsd dll Layanan Home service Wa 0877 7577 2427 Tampilkan lebih sedikit,sensor parkir buat toyota avanza xenia calya sigra agya ayla vios inova yaris dll sensor parkir 2 titik ( suara ) * rp 250 rb sensor parkir 4 titik ( suara ) * rp 350 rb kamera parkir * rp 250 dan 350rb garansi produk 1 bln pemasangan aman dan rapi free pasang jak sel bintaro pamulang ciater depok. ciputat. bsd dll layanan home service wa 0877 7577 2427 tampilkan lebih sedikit,Toyota Yaris,high,explicit_text_alias_strong,False,BSD,layer_a_feature_names,,False,not_relevant,place_name_ambiguous_acronym,,UNKNOWN,,,,,,,
rec_7bd83237bfcab0df,Toyota Yaris,Yaris Cross Community Indonesia (YCCI),https://www.facebook.com/groups/331613226681705,post_11,post_11_comment_4,post_11,comment,,,,Calya sigra,https://www.facebook.com/groups/331613226681705,2026-09-22T03:26:02Z,raw_data_run_20260922_102339_7922f3.csv,rec_7bd83237bfcab0df,False,Calya sigra,calya sigra,Toyota Yaris,medium,community_context,False,,,,False,not_relevant,no_adas_keyword,,UNKNOWN,,,,,,,
rec_1f9496eb69eec9b9,Toyota Yaris,Yaris Cross Community Indonesia (YCCI),https://www.facebook.com/groups/331613226681705,post_11,post_11_comment_4,post_11_comment_4,reply,,,,"Sensor parkir buat toyota
Avanza xenia
Calya sigra
Agya ayla
Vios
Inova
Yaris dll
SENSOR PARKIR 2 titik ( suara )
* Rp 250 rb 
SENSOR PARKIR 4 titik ( suara )
* Rp 350 rb
KAMERA PARKIR 
* Rp 250  dan 350rb
GARANSI produk 1 bln
Pemasangan aman dan rapi
FREE PASANG 
jak sel
Bintaro
Pamulang 
Ciater
depok.
ciputat. 
Bsd dll
Layanan Home service 
Wa 0877 7577 2427 Tampilkan lebih sedikit",https://www.facebook.com/groups/331613226681705,2026-09-22T03:26:08Z,raw_data_run_20260922_102339_7922f3.csv,rec_1f9496eb69eec9b9,False,Sensor parkir buat toyota Avanza xenia Calya sigra Agya ayla Vios Inova Yaris dll SENSOR PARKIR 2 titik ( suara ) * Rp 250 rb SENSOR PARKIR 4 titik ( suara ) * Rp 350 rb KAMERA PARKIR * Rp 250 dan 350rb GARANSI produk 1 bln Pemasangan aman dan rapi FREE PASANG jak sel Bintaro Pamulang Ciater depok. ciputat. Bsd dll Layanan Home service Wa 0877 7577 2427 Tampilkan lebih sedikit,sensor parkir buat toyota avanza xenia calya sigra agya ayla vios inova yaris dll sensor parkir 2 titik ( suara ) * rp 250 rb sensor parkir 4 titik ( suara ) * rp 350 rb kamera parkir * rp 250 dan 350rb garansi produk 1 bln pemasangan aman dan rapi free pasang jak sel bintaro pamulang ciater depok. ciputat. bsd dll layanan home service wa 0877 7577 2427 tampilkan lebih sedikit,Toyota Yaris,high,explicit_text_alias_strong,False,BSD,layer_a_feature_names,,False,not_relevant,place_name_ambiguous_acronym,,UNKNOWN,,,,,,,
rec_1e693105a3e1418c,Toyota Yaris,Yaris Cross Community Indonesia (YCCI),https://www.facebook.com/groups/331613226681705,post_11,post_11_comment_5,post_11,comment,,,,Agya ayla,https://www.facebook.com/groups/331613226681705,2026-09-22T03:26:11Z,raw_data_run_20260922_102339_7922f3.csv,rec_1e693105a3e1418c,False,Agya ayla,agya ayla,Toyota Yaris,medium,community_context,False,,,,False,not_relevant,no_adas_keyword,,UNKNOWN,,,,,,,
rec_9a5888ecbc66e6b2,Toyota Yaris,Yaris Cross Community Indonesia (YCCI),https://www.facebook.com/groups/331613226681705,post_11,post_11_comment_5,post_11_comment_5,reply,,,,"Sensor parkir buat toyota
Avanza xenia
Calya sigra
Agya ayla
Vios
Inova
Yaris dll
SENSOR PARKIR 2 titik ( suara )
* Rp 250 rb 
SENSOR PARKIR 4 titik ( suara )
* Rp 350 rb
KAMERA PARKIR 
* Rp 250  dan 350rb
GARANSI produk 1 bln
Pemasangan aman dan rapi
FREE PASANG 
jak sel
Bintaro
Pamulang 
Ciater
depok.
ciputat. 
Bsd dll
Layanan Home service 
Wa 0877 7577 2427 Tampilkan lebih sedikit",https://www.facebook.com/groups/331613226681705,2026-09-22T03:26:17Z,raw_data_run_20260922_102339_7922f3.csv,rec_9a5888ecbc66e6b2,False,Sensor parkir buat toyota Avanza xenia Calya sigra Agya ayla Vios Inova Yaris dll SENSOR PARKIR 2 titik ( suara ) * Rp 250 rb SENSOR PARKIR 4 titik ( suara ) * Rp 350 rb KAMERA PARKIR * Rp 250 dan 350rb GARANSI produk 1 bln Pemasangan aman dan rapi FREE PASANG jak sel Bintaro Pamulang Ciater depok. ciputat. Bsd dll Layanan Home service Wa 0877 7577 2427 Tampilkan lebih sedikit,sensor parkir buat toyota avanza xenia calya sigra agya ayla vios inova yaris dll sensor parkir 2 titik ( suara ) * rp 250 rb sensor parkir 4 titik ( suara ) * rp 350 rb kamera parkir * rp 250 dan 350rb garansi produk 1 bln pemasangan aman dan rapi free pasang jak sel bintaro pamulang ciater depok. ciputat. bsd dll layanan home service wa 0877 7577 2427 tampilkan lebih sedikit,Toyota Yaris,high,explicit_text_alias_strong,False,BSD,layer_a_feature_names,,False,not_relevant,place_name_ambiguous_acronym,,UNKNOWN,,,,,,,
rec_c7e32eea0cd77caf,Toyota Yaris,Yaris Cross Community Indonesia (YCCI),https://www.facebook.com/groups/331613226681705,post_11,post_11_comment_6,post_11,comment,,,,Inova,https://www.facebook.com/groups/331613226681705,2026-09-22T03:26:19Z,raw_data_run_20260922_102339_7922f3.csv,rec_c7e32eea0cd77caf,False,Inova,inova,Toyota Yaris,medium,community_context,False,,,,False,not_relevant,no_adas_keyword,,UNKNOWN,,,,,,,
rec_779d7721d030c0ff,Toyota Yaris,Yaris Cross Community Indonesia (YCCI),https://www.facebook.com/groups/331613226681705,post_11,post_11_comment_6,post_11_comment_6,reply,,,,"Sensor parkir buat toyota
Avanza xenia
Calya sigra
Agya ayla
Vios
Inova
Yaris dll
SENSOR PARKIR 2 titik ( suara )
* Rp 250 rb 
SENSOR PARKIR 4 titik ( suara )
* Rp 350 rb
KAMERA PARKIR 
* Rp 250  dan 350rb
GARANSI produk 1 bln
Pemasangan aman dan rapi
FREE PASANG 
jak sel
Bintaro
Pamulang 
Ciater
depok.
ciputat. 
Bsd dll
Layanan Home service 
Wa 0877 7577 2427 Tampilkan lebih sedikit",https://www.facebook.com/groups/331613226681705,2026-09-22T03:35:49Z,raw_data_run_20260922_102339_7922f3.csv,rec_779d7721d030c0ff,False,Sensor parkir buat toyota Avanza xenia Calya sigra Agya ayla Vios Inova Yaris dll SENSOR PARKIR 2 titik ( suara ) * Rp 250 rb SENSOR PARKIR 4 titik ( suara ) * Rp 350 rb KAMERA PARKIR * Rp 250 dan 350rb GARANSI produk 1 bln Pemasangan aman dan rapi FREE PASANG jak sel Bintaro Pamulang Ciater depok. ciputat. Bsd dll Layanan Home service Wa 0877 7577 2427 Tampilkan lebih sedikit,sensor parkir buat toyota avanza xenia calya sigra agya ayla vios inova yaris dll sensor parkir 2 titik ( suara ) * rp 250 rb sensor parkir 4 titik ( suara ) * rp 350 rb kamera parkir * rp 250 dan 350rb garansi produk 1 bln pemasangan aman dan rapi free pasang jak sel bintaro pamulang ciater depok. ciputat. bsd dll layanan home service wa 0877 7577 2427 tampilkan lebih sedikit,Toyota Yaris,high,explicit_text_alias_strong,False,BSD,layer_a_feature_names,,False,not_relevant,place_name_ambiguous_acronym,,UNKNOWN,,,,,,,
rec_9a7e777382e5e406,Toyota Yaris,Yaris Cross Community Indonesia (YCCI),https://www.facebook.com/groups/331613226681705,925589243950764,,,post,,,2026-08-12,"Dans Davis
  ·
5 minggu
Saya sebagai user yaris cross ko heran ya, knapa ko banyak yg mau jual mobil padahal kondisi nya masih bisa di bilang baru.
Ap… Lihat selengkapnya
Balas
Bagikan",https://www.facebook.com/groups/331613226681705/posts/925589243950764/?comment_id=925976037245418&__cft__[0]=AZjjL3v_eq2MOgyV60hGk3V5Ff7GGbl8vDOD4wcwTi3MZMB9LMsULzfbW1Mv7YZMNkEEE95pzRC8UW5hH0X8JI3JvjnldjAugcd4D3cpcxcT6Hpo_LLUMYhlVbiWTi_iS7N0WMlOv0syThmilFsNPV0Z7y5q6RHUzfl9MYx9SCcrJK1aDBotBcIQKMNYprbQLk0&__tn__=R-R,2026-09-22T04:14:47Z,raw_data_run_20260922_111240_9ba1cb.csv,rec_9a7e777382e5e406,False,"Dans Davis · 5 minggu Saya sebagai user yaris cross ko heran ya, knapa ko banyak yg mau jual mobil padahal kondisi nya masih bisa di bilang baru. Ap… Lihat selengkapnya Balas Bagikan","dans davis · 5 minggu saya sebagai user yaris cross ko heran ya, knapa ko banyak yg mau jual mobil padahal kondisi nya masih bisa di bilang baru. ap… lihat selengkapnya balas bagikan",Toyota Yaris,high,explicit_text_alias_strong,False,,,,False,not_relevant,no_adas_keyword,,UNKNOWN,,,,,,,
rec_6106cced789cd96d,Toyota Yaris,Yaris Cross Community Indonesia (YCCI),https://www.facebook.com/groups/331613226681705,925589243950764,925589243950764_comment_1,925589243950764,comment,,,2026-08-12,"Mika kaca stoplamp kijang super baut 6.
Kondisi baru original toyota ada minus penyimpanan gudang.… Lihat selengkapnya",https://www.facebook.com/groups/331613226681705/posts/925589243950764/?comment_id=925976037245418&__cft__[0]=AZjjL3v_eq2MOgyV60hGk3V5Ff7GGbl8vDOD4wcwTi3MZMB9LMsULzfbW1Mv7YZMNkEEE95pzRC8UW5hH0X8JI3JvjnldjAugcd4D3cpcxcT6Hpo_LLUMYhlVbiWTi_iS7N0WMlOv0syThmilFsNPV0Z7y5q6RHUzfl9MYx9SCcrJK1aDBotBcIQKMNYprbQLk0&__tn__=R-R,2026-09-22T04:14:58Z,raw_data_run_20260922_111240_9ba1cb.csv,rec_6106cced789cd96d,False,Mika kaca stoplamp kijang super baut 6. Kondisi baru original toyota ada minus penyimpanan gudang.… Lihat selengkapnya,mika kaca stoplamp kijang super baut 6. kondisi baru original toyota ada minus penyimpanan gudang.… lihat selengkapnya,Toyota Yaris,medium,community_context,False,,,,False,not_relevant,no_adas_keyword,,UNKNOWN,,,,,,,
rec_9a1e1a6ad58620ad,Toyota Yaris,Yaris Cross Community Indonesia (YCCI),https://www.facebook.com/groups/331613226681705,925589243950764,925589243950764_comment_3,925589243950764,comment,,,2026-08-12,"Saya sebagai user yaris cross ko heran ya, knapa ko banyak yg mau jual mobil padahal kondisi nya masih bisa di bilang baru.",https://www.facebook.com/groups/331613226681705/posts/925589243950764/?comment_id=925976037245418&__cft__[0]=AZjjL3v_eq2MOgyV60hGk3V5Ff7GGbl8vDOD4wcwTi3MZMB9LMsULzfbW1Mv7YZMNkEEE95pzRC8UW5hH0X8JI3JvjnldjAugcd4D3cpcxcT6Hpo_LLUMYhlVbiWTi_iS7N0WMlOv0syThmilFsNPV0Z7y5q6RHUzfl9MYx9SCcrJK1aDBotBcIQKMNYprbQLk0&__tn__=R-R,2026-09-22T04:15:31Z,raw_data_run_20260922_111240_9ba1cb.csv,rec_9a1e1a6ad58620ad,False,"Saya sebagai user yaris cross ko heran ya, knapa ko banyak yg mau jual mobil padahal kondisi nya masih bisa di bilang baru.","saya sebagai user yaris cross ko heran ya, knapa ko banyak yg mau jual mobil padahal kondisi nya masih bisa di bilang baru.",Toyota Yaris,high,explicit_text_alias_strong,False,,,,False,not_relevant,no_adas_keyword,,UNKNOWN,,,,,,,
rec_42b5c943a7cbc72d,Toyota Yaris,Yaris Cross Community Indonesia (YCCI),https://www.facebook.com/groups/331613226681705,925589243950764,925589243950764_comment_3,925589243950764_comment_3,reply,,,2026-08-12,"Izin om admin
Kali ada yg minat roofboxnya
1. Roofbox kapasitas 850 L + crosbar
Harga : 4 JT
Lihat selengkapnya",https://www.facebook.com/groups/331613226681705/posts/925589243950764/?comment_id=925976037245418&__cft__[0]=AZjjL3v_eq2MOgyV60hGk3V5Ff7GGbl8vDOD4wcwTi3MZMB9LMsULzfbW1Mv7YZMNkEEE95pzRC8UW5hH0X8JI3JvjnldjAugcd4D3cpcxcT6Hpo_LLUMYhlVbiWTi_iS7N0WMlOv0syThmilFsNPV0Z7y5q6RHUzfl9MYx9SCcrJK1aDBotBcIQKMNYprbQLk0&__tn__=R-R,2026-09-22T04:15:42Z,raw_data_run_20260922_111240_9ba1cb.csv,rec_42b5c943a7cbc72d,False,Izin om admin Kali ada yg minat roofboxnya 1. Roofbox kapasitas 850 L + crosbar Harga : 4 JT Lihat selengkapnya,izin om admin kali ada yg minat roofboxnya 1. roofbox kapasitas 850 l + crosbar harga : 4 jt lihat selengkapnya,Toyota Yaris,medium,community_context,False,,,,False,not_relevant,no_adas_keyword,,UNKNOWN,,,,,,,
rec_18ee750bc68b991e,Toyota Yaris,Yaris Cross Community Indonesia (YCCI),https://www.facebook.com/groups/331613226681705,925589243950764,925589243950764_comment_4,925589243950764,comment,,,2026-08-12,"Izin om admin
Kali ada yg minat roofboxnya
1. Roofbox kapasitas 850 L + crosbar
Harga : 4 JT
Lihat selengkapnya",https://www.facebook.com/groups/331613226681705/posts/925589243950764/?comment_id=925976037245418&__cft__[0]=AZjjL3v_eq2MOgyV60hGk3V5Ff7GGbl8vDOD4wcwTi3MZMB9LMsULzfbW1Mv7YZMNkEEE95pzRC8UW5hH0X8JI3JvjnldjAugcd4D3cpcxcT6Hpo_LLUMYhlVbiWTi_iS7N0WMlOv0syThmilFsNPV0Z7y5q6RHUzfl9MYx9SCcrJK1aDBotBcIQKMNYprbQLk0&__tn__=R-R,2026-09-22T04:15:48Z,raw_data_run_20260922_111240_9ba1cb.csv,rec_18ee750bc68b991e,False,Izin om admin Kali ada yg minat roofboxnya 1. Roofbox kapasitas 850 L + crosbar Harga : 4 JT Lihat selengkapnya,izin om admin kali ada yg minat roofboxnya 1. roofbox kapasitas 850 l + crosbar harga : 4 jt lihat selengkapnya,Toyota Yaris,medium,community_context,False,,,,False,not_relevant,no_adas_keyword,,UNKNOWN,,,,,,,
rec_c6074c562649d8a9,Toyota Yaris,Yaris Cross Community Indonesia (YCCI),https://www.facebook.com/groups/331613226681705,925589243950764,925589243950764_comment_5,925589243950764,comment,,,2026-08-12,Apa produk nya kurang bagus ya?,https://www.facebook.com/groups/331613226681705/posts/925589243950764/?comment_id=925976037245418&__cft__[0]=AZjjL3v_eq2MOgyV60hGk3V5Ff7GGbl8vDOD4wcwTi3MZMB9LMsULzfbW1Mv7YZMNkEEE95pzRC8UW5hH0X8JI3JvjnldjAugcd4D3cpcxcT6Hpo_LLUMYhlVbiWTi_iS7N0WMlOv0syThmilFsNPV0Z7y5q6RHUzfl9MYx9SCcrJK1aDBotBcIQKMNYprbQLk0&__tn__=R-R,2026-09-22T04:16:03Z,raw_data_run_20260922_111240_9ba1cb.csv,rec_c6074c562649d8a9,False,Apa produk nya kurang bagus ya?,apa produk nya kurang bagus ya?,Toyota Yaris,medium,community_context,False,,,,False,not_relevant,no_adas_keyword,,UNKNOWN,,,,,,,
rec_7ffb0534567503cf,Toyota Yaris,Yaris Cross Community Indonesia (YCCI),https://www.facebook.com/groups/331613226681705,925589243950764,925589243950764_comment_6,925589243950764,comment,,,2026-08-12,"Dans Davis
itu teh mobil giveaway, jadi ada karyawan dapet hadiah mobil itu dari perusahaan, tapi si orang nya ga begitu suka sama mobil nya. jadi di jual ke showroom kita",https://www.facebook.com/groups/331613226681705/posts/925589243950764/?comment_id=925976037245418&__cft__[0]=AZjjL3v_eq2MOgyV60hGk3V5Ff7GGbl8vDOD4wcwTi3MZMB9LMsULzfbW1Mv7YZMNkEEE95pzRC8UW5hH0X8JI3JvjnldjAugcd4D3cpcxcT6Hpo_LLUMYhlVbiWTi_iS7N0WMlOv0syThmilFsNPV0Z7y5q6RHUzfl9MYx9SCcrJK1aDBotBcIQKMNYprbQLk0&__tn__=R-R,2026-09-22T04:16:19Z,raw_data_run_20260922_111240_9ba1cb.csv,rec_7ffb0534567503cf,False,"Dans Davis itu teh mobil giveaway, jadi ada karyawan dapet hadiah mobil itu dari perusahaan, tapi si orang nya ga begitu suka sama mobil nya. jadi di jual ke showroom kita","dans davis itu teh mobil giveaway, jadi ada karyawan dapet hadiah mobil itu dari perusahaan, tapi si orang nya ga begitu suka sama mobil nya. jadi di jual ke showroom kita",Toyota Yaris,medium,community_context,False,,,,False,not_relevant,no_adas_keyword,,UNKNOWN,,,,,,,
rec_a878183b901aa147,Toyota Yaris,Yaris Cross Community Indonesia (YCCI),https://www.facebook.com/groups/331613226681705,925589243950764,925589243950764_comment_6,925589243950764_comment_6,reply,,,2026-08-12,Kelasnya bapak bapak … Lihat selengkapnya,https://www.facebook.com/groups/331613226681705/posts/925589243950764/?comment_id=925976037245418&__cft__[0]=AZjjL3v_eq2MOgyV60hGk3V5Ff7GGbl8vDOD4wcwTi3MZMB9LMsULzfbW1Mv7YZMNkEEE95pzRC8UW5hH0X8JI3JvjnldjAugcd4D3cpcxcT6Hpo_LLUMYhlVbiWTi_iS7N0WMlOv0syThmilFsNPV0Z7y5q6RHUzfl9MYx9SCcrJK1aDBotBcIQKMNYprbQLk0&__tn__=R-R,2026-09-22T04:16:29Z,raw_data_run_20260922_111240_9ba1cb.csv,rec_a878183b901aa147,False,Kelasnya bapak bapak … Lihat selengkapnya,kelasnya bapak bapak … lihat selengkapnya,Toyota Yaris,medium,community_context,False,,,,False,not_relevant,no_adas_keyword,,UNKNOWN,,,,,,,
rec_cb93ad5f705f6fac,Toyota Yaris,Yaris Cross Community Indonesia (YCCI),https://www.facebook.com/groups/331613226681705,925589243950764,925589243950764_comment_7,925589243950764,comment,,,2026-08-12,Kelasnya bapak bapak … Lihat selengkapnya,https://www.facebook.com/groups/331613226681705/posts/925589243950764/?comment_id=925976037245418&__cft__[0]=AZjjL3v_eq2MOgyV60hGk3V5Ff7GGbl8vDOD4wcwTi3MZMB9LMsULzfbW1Mv7YZMNkEEE95pzRC8UW5hH0X8JI3JvjnldjAugcd4D3cpcxcT6Hpo_LLUMYhlVbiWTi_iS7N0WMlOv0syThmilFsNPV0Z7y5q6RHUzfl9MYx9SCcrJK1aDBotBcIQKMNYprbQLk0&__tn__=R-R,2026-09-22T04:16:34Z,raw_data_run_20260922_111240_9ba1cb.csv,rec_cb93ad5f705f6fac,False,Kelasnya bapak bapak … Lihat selengkapnya,kelasnya bapak bapak … lihat selengkapnya,Toyota Yaris,medium,community_context,False,,,,False,not_relevant,no_adas_keyword,,UNKNOWN,,,,,,,
rec_0ca6a6abadbee67e,Toyota Yaris,Yaris Cross Community Indonesia (YCCI),https://www.facebook.com/groups/331613226681705,925589243950764,925589243950764_comment_7,925589243950764_comment_7,reply,,,2026-08-12,Kelasnya bapak bapak … Lihat selengkapnya,https://www.facebook.com/groups/331613226681705/posts/925589243950764/?comment_id=925976037245418&__cft__[0]=AZjjL3v_eq2MOgyV60hGk3V5Ff7GGbl8vDOD4wcwTi3MZMB9LMsULzfbW1Mv7YZMNkEEE95pzRC8UW5hH0X8JI3JvjnldjAugcd4D3cpcxcT6Hpo_LLUMYhlVbiWTi_iS7N0WMlOv0syThmilFsNPV0Z7y5q6RHUzfl9MYx9SCcrJK1aDBotBcIQKMNYprbQLk0&__tn__=R-R,2026-09-22T04:16:44Z,raw_data_run_20260922_111240_9ba1cb.csv,rec_0ca6a6abadbee67e,False,Kelasnya bapak bapak … Lihat selengkapnya,kelasnya bapak bapak … lihat selengkapnya,Toyota Yaris,medium,community_context,False,,,,False,not_relevant,no_adas_keyword,,UNKNOWN,,,,,,,
rec_281ccb30e8489d2e,Toyota Yaris,Yaris Cross Community Indonesia (YCCI),https://www.facebook.com/groups/331613226681705,925589243950764,925589243950764_comment_8,925589243950764,comment,,,2026-08-12,bisa tuker tambah ga,https://www.facebook.com/groups/331613226681705/posts/925589243950764/?comment_id=925976037245418&__cft__[0]=AZjjL3v_eq2MOgyV60hGk3V5Ff7GGbl8vDOD4wcwTi3MZMB9LMsULzfbW1Mv7YZMNkEEE95pzRC8UW5hH0X8JI3JvjnldjAugcd4D3cpcxcT6Hpo_LLUMYhlVbiWTi_iS7N0WMlOv0syThmilFsNPV0Z7y5q6RHUzfl9MYx9SCcrJK1aDBotBcIQKMNYprbQLk0&__tn__=R-R,2026-09-22T04:16:51Z,raw_data_run_20260922_111240_9ba1cb.csv,rec_281ccb30e8489d2e,False,bisa tuker tambah ga,bisa tuker tambah ga,Toyota Yaris,medium,community_context,False,,,,False,not_relevant,no_adas_keyword,,UNKNOWN,,,,,,,
rec_b6442450d1c7c4ce,Toyota Yaris,Yaris Cross Community Indonesia (YCCI),https://www.facebook.com/groups/331613226681705,925589243950764,925589243950764_comment_8,925589243950764_comment_8,reply,,,2026-08-12,Kelasnya bapak bapak … Lihat selengkapnya,https://www.facebook.com/groups/331613226681705/posts/925589243950764/?comment_id=925976037245418&__cft__[0]=AZjjL3v_eq2MOgyV60hGk3V5Ff7GGbl8vDOD4wcwTi3MZMB9LMsULzfbW1Mv7YZMNkEEE95pzRC8UW5hH0X8JI3JvjnldjAugcd4D3cpcxcT6Hpo_LLUMYhlVbiWTi_iS7N0WMlOv0syThmilFsNPV0Z7y5q6RHUzfl9MYx9SCcrJK1aDBotBcIQKMNYprbQLk0&__tn__=R-R,2026-09-22T04:17:00Z,raw_data_run_20260922_111240_9ba1cb.csv,rec_b6442450d1c7c4ce,False,Kelasnya bapak bapak … Lihat selengkapnya,kelasnya bapak bapak … lihat selengkapnya,Toyota Yaris,medium,community_context,False,,,,False,not_relevant,no_adas_keyword,,UNKNOWN,,,,,,,
rec_223238e61508cd1f,Toyota Yaris,Yaris Cross Community Indonesia (YCCI),https://www.facebook.com/groups/331613226681705,post_13,,,post,,,2026-09-08,"Nur Doang
  ·
2 minggu
bisa tuker tambah ga
Balas
Bagikan",https://www.facebook.com/groups/331613226681705,2026-09-22T04:37:49Z,raw_data_run_20260922_111240_9ba1cb.csv,rec_223238e61508cd1f,False,Nur Doang · 2 minggu bisa tuker tambah ga Balas Bagikan,nur doang · 2 minggu bisa tuker tambah ga balas bagikan,Toyota Yaris,medium,community_context,False,,,,False,not_relevant,no_adas_keyword,,UNKNOWN,,,,,,,
rec_669321d5d1ecb562,Toyota Yaris,Yaris Indonesia,https://www.facebook.com/groups/3405727692978517,4480079718876637,,,post,,,2026-09-21,"RiZky AdriAn
  ·
14 jam
Aman, saya sudah 3 bulan , sejak pertamax naik pakai pertalite.
Balas
Bagikan",https://www.facebook.com/groups/3405727692978517/posts/4480079718876637/?comment_id=4480104502207492&__cft__[0]=AZhzcfDm-ckicI-0Afp4mWXUul536Uz0iK6phh2mk8tfnbjPvreNs4X1IPpNymKEpQrhBFpP-pheTm_Yxe-QSuFIoEtmeFCXIk8NifCG61N1NqhETVJbOp1DO8M8_pEMpb4bhRkV-FziHjq_Hc68XqwTPn4GCwvpEZGy5VOCulteuSmo4ctA_LfBkA&__tn__=R-R,2026-09-22T04:38:05Z,raw_data_run_20260922_113758_0c18fb.csv,rec_669321d5d1ecb562,False,"RiZky AdriAn · 14 jam Aman, saya sudah 3 bulan , sejak pertamax naik pakai pertalite. Balas Bagikan","rizky adrian · 14 jam aman, saya sudah 3 bulan , sejak pertamax naik pakai pertalite. balas bagikan",Toyota Yaris,medium,community_context,False,,,,False,not_relevant,no_adas_keyword,,UNKNOWN,,,,,,,
rec_a0972385fd4611d3,Toyota Yaris,Yaris Indonesia,https://www.facebook.com/groups/3405727692978517,4480079718876637,4480079718876637_comment_2,4480079718876637,comment,,,2026-09-21,Para suhu..mau tanya..pake pertalite aman GK iya.. soalnya selalu pake Pertamax,https://www.facebook.com/groups/3405727692978517/posts/4480079718876637/?comment_id=4480104502207492&__cft__[0]=AZhzcfDm-ckicI-0Afp4mWXUul536Uz0iK6phh2mk8tfnbjPvreNs4X1IPpNymKEpQrhBFpP-pheTm_Yxe-QSuFIoEtmeFCXIk8NifCG61N1NqhETVJbOp1DO8M8_pEMpb4bhRkV-FziHjq_Hc68XqwTPn4GCwvpEZGy5VOCulteuSmo4ctA_LfBkA&__tn__=R-R,2026-09-22T04:38:27Z,raw_data_run_20260922_113758_0c18fb.csv,rec_a0972385fd4611d3,False,Para suhu..mau tanya..pake pertalite aman GK iya.. soalnya selalu pake Pertamax,para suhu..mau tanya..pake pertalite aman gk iya.. soalnya selalu pake pertamax,Toyota Yaris,medium,community_context,False,,,,False,not_relevant,no_adas_keyword,,UNKNOWN,,,,,,,
rec_ae10f5c39534bfdd,Toyota Yaris,Yaris Indonesia,https://www.facebook.com/groups/3405727692978517,4480079718876637,4480079718876637_comment_2,4480079718876637_comment_2,reply,,,2026-09-21,"Jual velg racing ring 18 vcd 5x114,3 
Lebar 8 et35  kondisi mulus … Lihat selengkapnya",https://www.facebook.com/groups/3405727692978517/posts/4480079718876637/?comment_id=4480104502207492&__cft__[0]=AZhzcfDm-ckicI-0Afp4mWXUul536Uz0iK6phh2mk8tfnbjPvreNs4X1IPpNymKEpQrhBFpP-pheTm_Yxe-QSuFIoEtmeFCXIk8NifCG61N1NqhETVJbOp1DO8M8_pEMpb4bhRkV-FziHjq_Hc68XqwTPn4GCwvpEZGy5VOCulteuSmo4ctA_LfBkA&__tn__=R-R,2026-09-22T04:38:35Z,raw_data_run_20260922_113758_0c18fb.csv,rec_ae10f5c39534bfdd,False,"Jual velg racing ring 18 vcd 5x114,3 Lebar 8 et35 kondisi mulus … Lihat selengkapnya","jual velg racing ring 18 vcd 5x114,3 lebar 8 et35 kondisi mulus … lihat selengkapnya",Toyota Yaris,medium,community_context,False,,,,False,not_relevant,no_adas_keyword,,UNKNOWN,,,,,,,
rec_6d3d62116af591e2,Toyota Yaris,Yaris Indonesia,https://www.facebook.com/groups/3405727692978517,4480079718876637,4480079718876637_comment_3,4480079718876637,comment,,,2026-09-21,"Jual velg racing ring 18 vcd 5x114,3 
Lebar 8 et35  kondisi mulus … Lihat selengkapnya",https://www.facebook.com/groups/3405727692978517/posts/4480079718876637/?comment_id=4480104502207492&__cft__[0]=AZhzcfDm-ckicI-0Afp4mWXUul536Uz0iK6phh2mk8tfnbjPvreNs4X1IPpNymKEpQrhBFpP-pheTm_Yxe-QSuFIoEtmeFCXIk8NifCG61N1NqhETVJbOp1DO8M8_pEMpb4bhRkV-FziHjq_Hc68XqwTPn4GCwvpEZGy5VOCulteuSmo4ctA_LfBkA&__tn__=R-R,2026-09-22T04:38:40Z,raw_data_run_20260922_113758_0c18fb.csv,rec_6d3d62116af591e2,False,"Jual velg racing ring 18 vcd 5x114,3 Lebar 8 et35 kondisi mulus … Lihat selengkapnya","jual velg racing ring 18 vcd 5x114,3 lebar 8 et35 kondisi mulus … lihat selengkapnya",Toyota Yaris,medium,community_context,False,,,,False,not_relevant,no_adas_keyword,,UNKNOWN,,,,,,,
rec_2cb1809845405977,Toyota Yaris,Yaris Indonesia,https://www.facebook.com/groups/3405727692978517,4480079718876637,4480079718876637_comment_3,4480079718876637_comment_3,reply,,,2026-09-21,"Jual velg racing ring 18 vcd 5x114,3 
Lebar 8 et35  kondisi mulus … Lihat selengkapnya",https://www.facebook.com/groups/3405727692978517/posts/4480079718876637/?comment_id=4480104502207492&__cft__[0]=AZhzcfDm-ckicI-0Afp4mWXUul536Uz0iK6phh2mk8tfnbjPvreNs4X1IPpNymKEpQrhBFpP-pheTm_Yxe-QSuFIoEtmeFCXIk8NifCG61N1NqhETVJbOp1DO8M8_pEMpb4bhRkV-FziHjq_Hc68XqwTPn4GCwvpEZGy5VOCulteuSmo4ctA_LfBkA&__tn__=R-R,2026-09-22T04:38:48Z,raw_data_run_20260922_113758_0c18fb.csv,rec_2cb1809845405977,False,"Jual velg racing ring 18 vcd 5x114,3 Lebar 8 et35 kondisi mulus … Lihat selengkapnya","jual velg racing ring 18 vcd 5x114,3 lebar 8 et35 kondisi mulus … lihat selengkapnya",Toyota Yaris,medium,community_context,False,,,,False,not_relevant,no_adas_keyword,,UNKNOWN,,,,,,,
rec_aa67db84da941ed1,Toyota Yaris,Yaris Indonesia,https://www.facebook.com/groups/3405727692978517,4480079718876637,4480079718876637_comment_4,4480079718876637,comment,,,2026-09-21,"Jual velg racing ring 18 vcd 5x114,3",https://www.facebook.com/groups/3405727692978517/posts/4480079718876637/?comment_id=4480104502207492&__cft__[0]=AZhzcfDm-ckicI-0Afp4mWXUul536Uz0iK6phh2mk8tfnbjPvreNs4X1IPpNymKEpQrhBFpP-pheTm_Yxe-QSuFIoEtmeFCXIk8NifCG61N1NqhETVJbOp1DO8M8_pEMpb4bhRkV-FziHjq_Hc68XqwTPn4GCwvpEZGy5VOCulteuSmo4ctA_LfBkA&__tn__=R-R,2026-09-22T04:38:53Z,raw_data_run_20260922_113758_0c18fb.csv,rec_aa67db84da941ed1,False,"Jual velg racing ring 18 vcd 5x114,3","jual velg racing ring 18 vcd 5x114,3",Toyota Yaris,medium,community_context,False,,,,False,not_relevant,no_adas_keyword,,UNKNOWN,,,,,,,
rec_69c004421ae53a29,Toyota Yaris,Yaris Indonesia,https://www.facebook.com/groups/3405727692978517,4480079718876637,4480079718876637_comment_4,4480079718876637_comment_4,reply,,,2026-09-21,"Jual velg racing ring 18 vcd 5x114,3 
Lebar 8 et35  kondisi mulus … Lihat selengkapnya",https://www.facebook.com/groups/3405727692978517/posts/4480079718876637/?comment_id=4480104502207492&__cft__[0]=AZhzcfDm-ckicI-0Afp4mWXUul536Uz0iK6phh2mk8tfnbjPvreNs4X1IPpNymKEpQrhBFpP-pheTm_Yxe-QSuFIoEtmeFCXIk8NifCG61N1NqhETVJbOp1DO8M8_pEMpb4bhRkV-FziHjq_Hc68XqwTPn4GCwvpEZGy5VOCulteuSmo4ctA_LfBkA&__tn__=R-R,2026-09-22T04:39:00Z,raw_data_run_20260922_113758_0c18fb.csv,rec_69c004421ae53a29,False,"Jual velg racing ring 18 vcd 5x114,3 Lebar 8 et35 kondisi mulus … Lihat selengkapnya","jual velg racing ring 18 vcd 5x114,3 lebar 8 et35 kondisi mulus … lihat selengkapnya",Toyota Yaris,medium,community_context,False,,,,False,not_relevant,no_adas_keyword,,UNKNOWN,,,,,,,
rec_4f731669d2d7fbf9,Toyota Yaris,Yaris Indonesia,https://www.facebook.com/groups/3405727692978517,4480079718876637,4480079718876637_comment_5,4480079718876637,comment,,,2026-09-21,Lebar 8 et35  kondisi mulus … Lihat selengkapnya,https://www.facebook.com/groups/3405727692978517/posts/4480079718876637/?comment_id=4480104502207492&__cft__[0]=AZhzcfDm-ckicI-0Afp4mWXUul536Uz0iK6phh2mk8tfnbjPvreNs4X1IPpNymKEpQrhBFpP-pheTm_Yxe-QSuFIoEtmeFCXIk8NifCG61N1NqhETVJbOp1DO8M8_pEMpb4bhRkV-FziHjq_Hc68XqwTPn4GCwvpEZGy5VOCulteuSmo4ctA_LfBkA&__tn__=R-R,2026-09-22T04:39:05Z,raw_data_run_20260922_113758_0c18fb.csv,rec_4f731669d2d7fbf9,False,Lebar 8 et35 kondisi mulus … Lihat selengkapnya,lebar 8 et35 kondisi mulus … lihat selengkapnya,Toyota Yaris,medium,community_context,False,,,,False,not_relevant,no_adas_keyword,,UNKNOWN,,,,,,,
rec_cc7eb643321651d1,Toyota Yaris,Yaris Indonesia,https://www.facebook.com/groups/3405727692978517,4480079718876637,4480079718876637_comment_5,4480079718876637_comment_5,reply,,,2026-09-21,"Jual velg racing ring 18 vcd 5x114,3 
Lebar 8 et35  kondisi mulus … Lihat selengkapnya",https://www.facebook.com/groups/3405727692978517/posts/4480079718876637/?comment_id=4480104502207492&__cft__[0]=AZhzcfDm-ckicI-0Afp4mWXUul536Uz0iK6phh2mk8tfnbjPvreNs4X1IPpNymKEpQrhBFpP-pheTm_Yxe-QSuFIoEtmeFCXIk8NifCG61N1NqhETVJbOp1DO8M8_pEMpb4bhRkV-FziHjq_Hc68XqwTPn4GCwvpEZGy5VOCulteuSmo4ctA_LfBkA&__tn__=R-R,2026-09-22T04:39:13Z,raw_data_run_20260922_113758_0c18fb.csv,rec_cc7eb643321651d1,False,"Jual velg racing ring 18 vcd 5x114,3 Lebar 8 et35 kondisi mulus … Lihat selengkapnya","jual velg racing ring 18 vcd 5x114,3 lebar 8 et35 kondisi mulus … lihat selengkapnya",Toyota Yaris,medium,community_context,False,,,,False,not_relevant,no_adas_keyword,,UNKNOWN,,,,,,,
rec_c47ffcd1f678f41f,Toyota Yaris,Yaris Indonesia,https://www.facebook.com/groups/3405727692978517,4480079718876637,4480079718876637_comment_6,4480079718876637,comment,,,2026-09-21,"Aman, saya sudah 3 bulan , sejak pertamax naik pakai pertalite.",https://www.facebook.com/groups/3405727692978517/posts/4480079718876637/?comment_id=4480104502207492&__cft__[0]=AZhzcfDm-ckicI-0Afp4mWXUul536Uz0iK6phh2mk8tfnbjPvreNs4X1IPpNymKEpQrhBFpP-pheTm_Yxe-QSuFIoEtmeFCXIk8NifCG61N1NqhETVJbOp1DO8M8_pEMpb4bhRkV-FziHjq_Hc68XqwTPn4GCwvpEZGy5VOCulteuSmo4ctA_LfBkA&__tn__=R-R,2026-09-22T04:39:19Z,raw_data_run_20260922_113758_0c18fb.csv,rec_c47ffcd1f678f41f,False,"Aman, saya sudah 3 bulan , sejak pertamax naik pakai pertalite.","aman, saya sudah 3 bulan , sejak pertamax naik pakai pertalite.",Toyota Yaris,medium,community_context,False,,,,False,not_relevant,no_adas_keyword,,UNKNOWN,,,,,,,
rec_83aed545dfca760b,Toyota Yaris,Yaris Indonesia,https://www.facebook.com/groups/3405727692978517,4480079718876637,4480079718876637_comment_6,4480079718876637_comment_6,reply,,,2026-09-21,"Jual velg racing ring 18 vcd 5x114,3 
Lebar 8 et35  kondisi mulus … Lihat selengkapnya",https://www.facebook.com/groups/3405727692978517/posts/4480079718876637/?comment_id=4480104502207492&__cft__[0]=AZhzcfDm-ckicI-0Afp4mWXUul536Uz0iK6phh2mk8tfnbjPvreNs4X1IPpNymKEpQrhBFpP-pheTm_Yxe-QSuFIoEtmeFCXIk8NifCG61N1NqhETVJbOp1DO8M8_pEMpb4bhRkV-FziHjq_Hc68XqwTPn4GCwvpEZGy5VOCulteuSmo4ctA_LfBkA&__tn__=R-R,2026-09-22T04:39:26Z,raw_data_run_20260922_113758_0c18fb.csv,rec_83aed545dfca760b,False,"Jual velg racing ring 18 vcd 5x114,3 Lebar 8 et35 kondisi mulus … Lihat selengkapnya","jual velg racing ring 18 vcd 5x114,3 lebar 8 et35 kondisi mulus … lihat selengkapnya",Toyota Yaris,medium,community_context,False,,,,False,not_relevant,no_adas_keyword,,UNKNOWN,,,,,,,
rec_47e4124307f37da5,Toyota Yaris,Yaris Indonesia,https://www.facebook.com/groups/3405727692978517,4480079718876637,4480079718876637_comment_7,4480079718876637,comment,,,2026-09-21,Aman sekali krn pernah lihat bahan bakar yg dianjurkan tuk si bakpao malah cuma premium,https://www.facebook.com/groups/3405727692978517/posts/4480079718876637/?comment_id=4480104502207492&__cft__[0]=AZhzcfDm-ckicI-0Afp4mWXUul536Uz0iK6phh2mk8tfnbjPvreNs4X1IPpNymKEpQrhBFpP-pheTm_Yxe-QSuFIoEtmeFCXIk8NifCG61N1NqhETVJbOp1DO8M8_pEMpb4bhRkV-FziHjq_Hc68XqwTPn4GCwvpEZGy5VOCulteuSmo4ctA_LfBkA&__tn__=R-R,2026-09-22T04:39:31Z,raw_data_run_20260922_113758_0c18fb.csv,rec_47e4124307f37da5,False,Aman sekali krn pernah lihat bahan bakar yg dianjurkan tuk si bakpao malah cuma premium,aman sekali krn pernah lihat bahan bakar yg dianjurkan tuk si bakpao malah cuma premium,Toyota Yaris,medium,community_context,False,,,,False,not_relevant,no_adas_keyword,,UNKNOWN,,,,,,,
rec_d1904f5293124677,Toyota Yaris,Yaris Indonesia,https://www.facebook.com/groups/3405727692978517,4480079718876637,4480079718876637_comment_7,4480079718876637_comment_7,reply,,,2026-09-21,"Jual velg racing ring 18 vcd 5x114,3 
Lebar 8 et35  kondisi mulus … Lihat selengkapnya",https://www.facebook.com/groups/3405727692978517/posts/4480079718876637/?comment_id=4480104502207492&__cft__[0]=AZhzcfDm-ckicI-0Afp4mWXUul536Uz0iK6phh2mk8tfnbjPvreNs4X1IPpNymKEpQrhBFpP-pheTm_Yxe-QSuFIoEtmeFCXIk8NifCG61N1NqhETVJbOp1DO8M8_pEMpb4bhRkV-FziHjq_Hc68XqwTPn4GCwvpEZGy5VOCulteuSmo4ctA_LfBkA&__tn__=R-R,2026-09-22T04:39:40Z,raw_data_run_20260922_113758_0c18fb.csv,rec_d1904f5293124677,False,"Jual velg racing ring 18 vcd 5x114,3 Lebar 8 et35 kondisi mulus … Lihat selengkapnya","jual velg racing ring 18 vcd 5x114,3 lebar 8 et35 kondisi mulus … lihat selengkapnya",Toyota Yaris,medium,community_context,False,,,,False,not_relevant,no_adas_keyword,,UNKNOWN,,,,,,,
rec_9a977e379a8fb89e,Toyota Yaris,Yaris Indonesia,https://www.facebook.com/groups/3405727692978517,4480079718876637,4480079718876637_comment_8,4480079718876637,comment,,,2026-09-21,Dari dulu pake pertalite aman,https://www.facebook.com/groups/3405727692978517/posts/4480079718876637/?comment_id=4480104502207492&__cft__[0]=AZhzcfDm-ckicI-0Afp4mWXUul536Uz0iK6phh2mk8tfnbjPvreNs4X1IPpNymKEpQrhBFpP-pheTm_Yxe-QSuFIoEtmeFCXIk8NifCG61N1NqhETVJbOp1DO8M8_pEMpb4bhRkV-FziHjq_Hc68XqwTPn4GCwvpEZGy5VOCulteuSmo4ctA_LfBkA&__tn__=R-R,2026-09-22T04:39:45Z,raw_data_run_20260922_113758_0c18fb.csv,rec_9a977e379a8fb89e,False,Dari dulu pake pertalite aman,dari dulu pake pertalite aman,Toyota Yaris,medium,community_context,False,,,,False,not_relevant,no_adas_keyword,,UNKNOWN,,,,,,,
rec_f1e25cb16904f9ea,Toyota Yaris,Yaris Indonesia,https://www.facebook.com/groups/3405727692978517,4480079718876637,4480079718876637_comment_8,4480079718876637_comment_8,reply,,,2026-09-21,"Jual velg racing ring 18 vcd 5x114,3 
Lebar 8 et35  kondisi mulus … Lihat selengkapnya",https://www.facebook.com/groups/3405727692978517/posts/4480079718876637/?comment_id=4480104502207492&__cft__[0]=AZhzcfDm-ckicI-0Afp4mWXUul536Uz0iK6phh2mk8tfnbjPvreNs4X1IPpNymKEpQrhBFpP-pheTm_Yxe-QSuFIoEtmeFCXIk8NifCG61N1NqhETVJbOp1DO8M8_pEMpb4bhRkV-FziHjq_Hc68XqwTPn4GCwvpEZGy5VOCulteuSmo4ctA_LfBkA&__tn__=R-R,2026-09-22T04:39:53Z,raw_data_run_20260922_113758_0c18fb.csv,rec_f1e25cb16904f9ea,False,"Jual velg racing ring 18 vcd 5x114,3 Lebar 8 et35 kondisi mulus … Lihat selengkapnya","jual velg racing ring 18 vcd 5x114,3 lebar 8 et35 kondisi mulus … lihat selengkapnya",Toyota Yaris,medium,community_context,False,,,,False,not_relevant,no_adas_keyword,,UNKNOWN,,,,,,,
rec_3a9709792ce45342,Toyota Yaris,Yaris Indonesia,https://www.facebook.com/groups/3405727692978517,4480079718876637,4480079718876637_comment_9,4480079718876637,comment,,,2026-09-21,"Aman om,cuma kl misalkan sensor engine nyala,itu akibat sensor oksigen kotor karna residu",https://www.facebook.com/groups/3405727692978517/posts/4480079718876637/?comment_id=4480104502207492&__cft__[0]=AZhzcfDm-ckicI-0Afp4mWXUul536Uz0iK6phh2mk8tfnbjPvreNs4X1IPpNymKEpQrhBFpP-pheTm_Yxe-QSuFIoEtmeFCXIk8NifCG61N1NqhETVJbOp1DO8M8_pEMpb4bhRkV-FziHjq_Hc68XqwTPn4GCwvpEZGy5VOCulteuSmo4ctA_LfBkA&__tn__=R-R,2026-09-22T04:39:58Z,raw_data_run_20260922_113758_0c18fb.csv,rec_3a9709792ce45342,False,"Aman om,cuma kl misalkan sensor engine nyala,itu akibat sensor oksigen kotor karna residu","aman om,cuma kl misalkan sensor engine nyala,itu akibat sensor oksigen kotor karna residu",Toyota Yaris,medium,community_context,False,,,,False,not_relevant,no_adas_keyword,,UNKNOWN,,,,,,,
rec_465dee0e10cc826b,Toyota Yaris,Yaris Indonesia,https://www.facebook.com/groups/3405727692978517,4480079718876637,4480079718876637_comment_9,4480079718876637_comment_9,reply,,,2026-09-21,"Jual velg racing ring 18 vcd 5x114,3 
Lebar 8 et35  kondisi mulus … Lihat selengkapnya",https://www.facebook.com/groups/3405727692978517/posts/4480079718876637/?comment_id=4480104502207492&__cft__[0]=AZhzcfDm-ckicI-0Afp4mWXUul536Uz0iK6phh2mk8tfnbjPvreNs4X1IPpNymKEpQrhBFpP-pheTm_Yxe-QSuFIoEtmeFCXIk8NifCG61N1NqhETVJbOp1DO8M8_pEMpb4bhRkV-FziHjq_Hc68XqwTPn4GCwvpEZGy5VOCulteuSmo4ctA_LfBkA&__tn__=R-R,2026-09-22T04:40:06Z,raw_data_run_20260922_113758_0c18fb.csv,rec_465dee0e10cc826b,False,"Jual velg racing ring 18 vcd 5x114,3 Lebar 8 et35 kondisi mulus … Lihat selengkapnya","jual velg racing ring 18 vcd 5x114,3 lebar 8 et35 kondisi mulus … lihat selengkapnya",Toyota Yaris,medium,community_context,False,,,,False,not_relevant,no_adas_keyword,,UNKNOWN,,,,,,,
rec_c87134c584f9dc30,Toyota Yaris,Yaris Indonesia,https://www.facebook.com/groups/3405727692978517,4480079718876637,4480079718876637_comment_10,4480079718876637,comment,,,2026-09-21,https://s.shopee.co.id/AAHLdOHOeS,https://www.facebook.com/groups/3405727692978517/posts/4480079718876637/?comment_id=4480104502207492&__cft__[0]=AZhzcfDm-ckicI-0Afp4mWXUul536Uz0iK6phh2mk8tfnbjPvreNs4X1IPpNymKEpQrhBFpP-pheTm_Yxe-QSuFIoEtmeFCXIk8NifCG61N1NqhETVJbOp1DO8M8_pEMpb4bhRkV-FziHjq_Hc68XqwTPn4GCwvpEZGy5VOCulteuSmo4ctA_LfBkA&__tn__=R-R,2026-09-22T04:40:11Z,raw_data_run_20260922_113758_0c18fb.csv,rec_c87134c584f9dc30,False,[url],[url],Toyota Yaris,medium,community_context,False,,,,False,not_relevant,no_adas_keyword,,UNKNOWN,,,,,,,
rec_803e264ec45922c6,Toyota Yaris,Yaris Indonesia,https://www.facebook.com/groups/3405727692978517,4480079718876637,4480079718876637_comment_10,4480079718876637_comment_10,reply,,,2026-09-21,"Jual velg racing ring 18 vcd 5x114,3 
Lebar 8 et35  kondisi mulus … Lihat selengkapnya",https://www.facebook.com/groups/3405727692978517/posts/4480079718876637/?comment_id=4480104502207492&__cft__[0]=AZhzcfDm-ckicI-0Afp4mWXUul536Uz0iK6phh2mk8tfnbjPvreNs4X1IPpNymKEpQrhBFpP-pheTm_Yxe-QSuFIoEtmeFCXIk8NifCG61N1NqhETVJbOp1DO8M8_pEMpb4bhRkV-FziHjq_Hc68XqwTPn4GCwvpEZGy5VOCulteuSmo4ctA_LfBkA&__tn__=R-R,2026-09-22T04:40:19Z,raw_data_run_20260922_113758_0c18fb.csv,rec_803e264ec45922c6,False,"Jual velg racing ring 18 vcd 5x114,3 Lebar 8 et35 kondisi mulus … Lihat selengkapnya","jual velg racing ring 18 vcd 5x114,3 lebar 8 et35 kondisi mulus … lihat selengkapnya",Toyota Yaris,medium,community_context,False,,,,False,not_relevant,no_adas_keyword,,UNKNOWN,,,,,,,
rec_a81d997a67f92524,Toyota Yaris,Yaris Indonesia,https://www.facebook.com/groups/3405727692978517,4480079718876637,4480079718876637_comment_11,4480079718876637,comment,,,2026-09-21,Aman aja om,https://www.facebook.com/groups/3405727692978517/posts/4480079718876637/?comment_id=4480104502207492&__cft__[0]=AZhzcfDm-ckicI-0Afp4mWXUul536Uz0iK6phh2mk8tfnbjPvreNs4X1IPpNymKEpQrhBFpP-pheTm_Yxe-QSuFIoEtmeFCXIk8NifCG61N1NqhETVJbOp1DO8M8_pEMpb4bhRkV-FziHjq_Hc68XqwTPn4GCwvpEZGy5VOCulteuSmo4ctA_LfBkA&__tn__=R-R,2026-09-22T04:40:24Z,raw_data_run_20260922_113758_0c18fb.csv,rec_a81d997a67f92524,False,Aman aja om,aman aja om,Toyota Yaris,medium,community_context,False,,,,False,not_relevant,no_adas_keyword,,UNKNOWN,,,,,,,
rec_7e94da89c37ce2d6,Toyota Yaris,Yaris Indonesia,https://www.facebook.com/groups/3405727692978517,4480079718876637,4480079718876637_comment_11,4480079718876637_comment_11,reply,,,2026-09-21,"Jual velg racing ring 18 vcd 5x114,3 
Lebar 8 et35  kondisi mulus … Lihat selengkapnya",https://www.facebook.com/groups/3405727692978517/posts/4480079718876637/?comment_id=4480104502207492&__cft__[0]=AZhzcfDm-ckicI-0Afp4mWXUul536Uz0iK6phh2mk8tfnbjPvreNs4X1IPpNymKEpQrhBFpP-pheTm_Yxe-QSuFIoEtmeFCXIk8NifCG61N1NqhETVJbOp1DO8M8_pEMpb4bhRkV-FziHjq_Hc68XqwTPn4GCwvpEZGy5VOCulteuSmo4ctA_LfBkA&__tn__=R-R,2026-09-22T04:40:32Z,raw_data_run_20260922_113758_0c18fb.csv,rec_7e94da89c37ce2d6,False,"Jual velg racing ring 18 vcd 5x114,3 Lebar 8 et35 kondisi mulus … Lihat selengkapnya","jual velg racing ring 18 vcd 5x114,3 lebar 8 et35 kondisi mulus … lihat selengkapnya",Toyota Yaris,medium,community_context,False,,,,False,not_relevant,no_adas_keyword,,UNKNOWN,,,,,,,
rec_9f5b616973284cde,Toyota Yaris,Yaris Indonesia,https://www.facebook.com/groups/3405727692978517,4480079718876637,4480079718876637_comment_12,4480079718876637,comment,,,2026-09-21,"Aman yg penting service rutin, terutama dibagian throttle body",https://www.facebook.com/groups/3405727692978517/posts/4480079718876637/?comment_id=4480104502207492&__cft__[0]=AZhzcfDm-ckicI-0Afp4mWXUul536Uz0iK6phh2mk8tfnbjPvreNs4X1IPpNymKEpQrhBFpP-pheTm_Yxe-QSuFIoEtmeFCXIk8NifCG61N1NqhETVJbOp1DO8M8_pEMpb4bhRkV-FziHjq_Hc68XqwTPn4GCwvpEZGy5VOCulteuSmo4ctA_LfBkA&__tn__=R-R,2026-09-22T04:40:37Z,raw_data_run_20260922_113758_0c18fb.csv,rec_9f5b616973284cde,False,"Aman yg penting service rutin, terutama dibagian throttle body","aman yg penting service rutin, terutama dibagian throttle body",Toyota Yaris,medium,community_context,False,,,,False,not_relevant,no_adas_keyword,,UNKNOWN,,,,,,,
rec_3a2f0eb3bd1de494,Toyota Yaris,Yaris Indonesia,https://www.facebook.com/groups/3405727692978517,4480079718876637,4480079718876637_comment_12,4480079718876637_comment_12,reply,,,2026-09-21,"Jual velg racing ring 18 vcd 5x114,3 
Lebar 8 et35  kondisi mulus … Lihat selengkapnya",https://www.facebook.com/groups/3405727692978517/posts/4480079718876637/?comment_id=4480104502207492&__cft__[0]=AZhzcfDm-ckicI-0Afp4mWXUul536Uz0iK6phh2mk8tfnbjPvreNs4X1IPpNymKEpQrhBFpP-pheTm_Yxe-QSuFIoEtmeFCXIk8NifCG61N1NqhETVJbOp1DO8M8_pEMpb4bhRkV-FziHjq_Hc68XqwTPn4GCwvpEZGy5VOCulteuSmo4ctA_LfBkA&__tn__=R-R,2026-09-22T04:40:43Z,raw_data_run_20260922_113758_0c18fb.csv,rec_3a2f0eb3bd1de494,False,"Jual velg racing ring 18 vcd 5x114,3 Lebar 8 et35 kondisi mulus … Lihat selengkapnya","jual velg racing ring 18 vcd 5x114,3 lebar 8 et35 kondisi mulus … lihat selengkapnya",Toyota Yaris,medium,community_context,False,,,,False,not_relevant,no_adas_keyword,,UNKNOWN,,,,,,,
