record_id,vehicle,community,community_url,post_id,comment_id,parent_id,source_type,author_id,author_pseudonym,date,text_raw,url,scraped_at,_origin,dedup_key,is_duplicate,text_clean,text_normalized,vehicle_v2,vehicle_confidence,vehicle_reason,candidate_adas,matched_keywords,layer_hit,feature_names_hit,generic_adas_only,adas_relevance,relevance_reason,relevance_confidence,feature,subfeature,driving_scenario,evidence_type,sentiment,smoothness,expectation_mismatch,feature_confidence
rec_eb7e28a54d3a1174,Toyota Zenix,Toyota Zenix owners Indonesia,https://www.facebook.com/groups/921208719233043,1516740103013232,,,post,,,,"Muhammad Kareza Andayarie
  ·
1tahun
  ·
Pembuat
Up
Balas
Bagikan",https://web.facebook.com/groups/921208719233043/posts/1516740103013232/?comment_id=1536581624362413&__cft__[0]=AZieZI5PwnRDxJ85s-RetnU99UEhrEQ10gnIXWwzD9KQsmzuCeakSVt-E-Jy_ILnwIjxSumYd5pfhpWrE4LPpEfEiPttjN0a54jFdXE_bMVkDuvXc32ceSST6nZzuE7Ng6NTeTTOVVxu8UO-eOIkitntRbbd0w9kOUvqd8f3rOSNi3fqw7slM3t5JL8wpMo&__tn__=R-R,2026-09-18T03:17:22Z,raw_data_run_20260918_101715_601a04.csv,rec_eb7e28a54d3a1174,False,Muhammad Kareza Andayarie · 1tahun · Pembuat Up Balas Bagikan,muhammad kareza andayarie · 1tahun · pembuat up balas bagikan,Toyota Zenix,medium,community_context,False,,,,False,not_relevant,no_adas_keyword,,UNKNOWN,,,,,,,
rec_585b752e037333ba,Toyota Zenix,Toyota Zenix owners Indonesia,https://www.facebook.com/groups/921208719233043,1516740103013232,1516740103013232_comment_1,1516740103013232,comment,,,,"Venturer Matic Bensin 2017 .
Lokasi Ponorogo Jawa Timur.… Lihat selengkapnya",https://web.facebook.com/groups/921208719233043/posts/1516740103013232/?comment_id=1536581624362413&__cft__[0]=AZieZI5PwnRDxJ85s-RetnU99UEhrEQ10gnIXWwzD9KQsmzuCeakSVt-E-Jy_ILnwIjxSumYd5pfhpWrE4LPpEfEiPttjN0a54jFdXE_bMVkDuvXc32ceSST6nZzuE7Ng6NTeTTOVVxu8UO-eOIkitntRbbd0w9kOUvqd8f3rOSNi3fqw7slM3t5JL8wpMo&__tn__=R-R,2026-09-18T03:17:26Z,raw_data_run_20260918_101715_601a04.csv,rec_585b752e037333ba,False,Venturer Matic Bensin 2017 . Lokasi Ponorogo Jawa Timur.… Lihat selengkapnya,venturer matic bensin 2017 . lokasi ponorogo jawa timur.… lihat selengkapnya,Toyota Zenix,medium,community_context,False,,,,False,not_relevant,no_adas_keyword,,UNKNOWN,,,,,,,
rec_56329dc82f961264,Toyota Zenix,Toyota Zenix owners Indonesia,https://www.facebook.com/groups/921208719233043,1516740103013232,1516740103013232_comment_2,1516740103013232,comment,,,,Venturer Matic Bensin 2017 .,https://web.facebook.com/groups/921208719233043/posts/1516740103013232/?comment_id=1536581624362413&__cft__[0]=AZieZI5PwnRDxJ85s-RetnU99UEhrEQ10gnIXWwzD9KQsmzuCeakSVt-E-Jy_ILnwIjxSumYd5pfhpWrE4LPpEfEiPttjN0a54jFdXE_bMVkDuvXc32ceSST6nZzuE7Ng6NTeTTOVVxu8UO-eOIkitntRbbd0w9kOUvqd8f3rOSNi3fqw7slM3t5JL8wpMo&__tn__=R-R,2026-09-18T03:17:26Z,raw_data_run_20260918_101715_601a04.csv,rec_56329dc82f961264,False,Venturer Matic Bensin 2017 .,venturer matic bensin 2017 .,Toyota Zenix,medium,community_context,False,,,,False,not_relevant,no_adas_keyword,,UNKNOWN,,,,,,,
rec_b88ac178b1c825ac,Toyota Zenix,Toyota Zenix owners Indonesia,https://www.facebook.com/groups/921208719233043,1516740103013232,1516740103013232_comment_3,1516740103013232,comment,,,,Lokasi Ponorogo Jawa Timur.… Lihat selengkapnya,https://web.facebook.com/groups/921208719233043/posts/1516740103013232/?comment_id=1536581624362413&__cft__[0]=AZieZI5PwnRDxJ85s-RetnU99UEhrEQ10gnIXWwzD9KQsmzuCeakSVt-E-Jy_ILnwIjxSumYd5pfhpWrE4LPpEfEiPttjN0a54jFdXE_bMVkDuvXc32ceSST6nZzuE7Ng6NTeTTOVVxu8UO-eOIkitntRbbd0w9kOUvqd8f3rOSNi3fqw7slM3t5JL8wpMo&__tn__=R-R,2026-09-18T03:17:26Z,raw_data_run_20260918_101715_601a04.csv,rec_b88ac178b1c825ac,False,Lokasi Ponorogo Jawa Timur.… Lihat selengkapnya,lokasi ponorogo jawa timur.… lihat selengkapnya,Toyota Zenix,medium,community_context,False,,,,False,not_relevant,no_adas_keyword,,UNKNOWN,,,,,,,
rec_0c3a304eb4aeb563,Toyota Zenix,Toyota Zenix owners Indonesia,https://www.facebook.com/groups/921208719233043,1516740103013232,1516740103013232_comment_4,1516740103013232,comment,,,,"Asik Berfaedah edisi Bohlam Sein
""Kualitas di atas ekspetasi harga
""
Beberapa kali pengalaman pakai LED yang pakai kondom kaca itu cepet mati, cepat redup atau bahkan bisa meleleh juga fitting lampunya karena panas.
Karena itu baiknya diganti dengan LED yang menggunakan cooling fan. In this era, harga murah gak berarti hasilnya jelek juga.
Yang harga 40-80rban ini hasil cahaya dan keawetannya di atas ekspetasi harganya kok. Terang, warna ambernya pekat dan ga khawatir potensi hyperflash. Saya sendiri udah pakai dr Februari 2024, ga ada penurunan performa.
Kalo yg harga 300-600rb/pc hasilnya bagus itu biasa. Tapi kalo yg harga 40-80rb/pc juga bagus itu luar biasa.
Rekomendasi LED Sein lain sudah saya tulis juga di bawah yaa..
============================================
SEIN LED
T20
AutoDesign (75k/pc) :
https://s.shopee.co.id/7fEOyJFNxg
Luximos (95k/pc)
https://s.shopee.co.id/1g9LepsX56
Arsy (110k) :
https://tk.tokopedia.com/ZSH45RFG2/
https://s.shopee.co.id/W2eH8Bvpc
Philips (820k/2pc) :
https://tk.tokopedia.com/ZSHCNrcyu/
https://s.shopee.co.id/LbMA9kzoG
Hella (220k/pc) :
https://s.shopee.co.id/2fzGwTWuCh
Zyvolt (50k/pc)
https://s.shopee.co.id/gIRPoTONv
iSUN (65k/pc) :
https://tk.tokopedia.com/ZSH4atBTd/
https://s.shopee.co.id/3qJ6FBOdQ8
BAU15S / BA15S
AutoDesign (75k/pc) :
https://s.shopee.co.id/7fEOyJFNxg
Luximos (95k/pc)
https://s.shopee.co.id/7KsyfGFSLJ
Arsy (110k) :
https://tk.tokopedia.com/ZSH4KjbV9/
https://s.shopee.co.id/LjEKTrHg7
Philips (820k/2pc) :
https://s.shopee.co.id/AKWaF2Zj4y
Hella (220k/pc) :
https://s.shopee.co.id/2qQZJEGHjO
Zyvolt (50k/pc)
https://s.shopee.co.id/gIRPoTONv
iSUN (65k/pc) :
https://tk.tokopedia.com/ZSH4KtsyY/
https://s.shopee.co.id/3qJ6FBOdQ8",https://web.facebook.com/groups/921208719233043/posts/1516740103013232/?comment_id=1536581624362413&__cft__[0]=AZieZI5PwnRDxJ85s-RetnU99UEhrEQ10gnIXWwzD9KQsmzuCeakSVt-E-Jy_ILnwIjxSumYd5pfhpWrE4LPpEfEiPttjN0a54jFdXE_bMVkDuvXc32ceSST6nZzuE7Ng6NTeTTOVVxu8UO-eOIkitntRbbd0w9kOUvqd8f3rOSNi3fqw7slM3t5JL8wpMo&__tn__=R-R,2026-09-18T03:17:26Z,raw_data_run_20260918_101715_601a04.csv,rec_0c3a304eb4aeb563,False,"Asik Berfaedah edisi Bohlam Sein ""Kualitas di atas ekspetasi harga "" Beberapa kali pengalaman pakai LED yang pakai kondom kaca itu cepet mati, cepat redup atau bahkan bisa meleleh juga fitting lampunya karena panas. Karena itu baiknya diganti dengan LED yang menggunakan cooling fan. In this era, harga murah gak berarti hasilnya jelek juga. Yang harga 40-80rban ini hasil cahaya dan keawetannya di atas ekspetasi harganya kok. Terang, warna ambernya pekat dan ga khawatir potensi hyperflash. Saya sendiri udah pakai dr Februari 2024, ga ada penurunan performa. Kalo yg harga 300-600rb/pc hasilnya bagus itu biasa. Tapi kalo yg harga 40-80rb/pc juga bagus itu luar biasa. Rekomendasi LED Sein lain sudah saya tulis juga di bawah yaa.. ============================================ SEIN LED T20 AutoDesign (75k/pc) : [url] Luximos (95k/pc) [url] Arsy (110k) : [url] [url] Philips (820k/2pc) : [url] [url] Hella (220k/pc) : [url] Zyvolt (50k/pc) [url] iSUN (65k/pc) : [url] [url] BAU15S / BA15S AutoDesign (75k/pc) : [url] Luximos (95k/pc) [url] Arsy (110k) : [url] [url] Philips (820k/2pc) : [url] Hella (220k/pc) : [url] Zyvolt (50k/pc) [url] iSUN (65k/pc) : [url] [url]","asik berfaedah edisi bohlam sein ""kualitas di atas ekspetasi harga "" beberapa kali pengalaman pakai led yang pakai kondom kaca itu cepet mati, cepat redup atau bahkan bisa meleleh juga fitting lampunya karena panas. karena itu baiknya diganti dengan led yang menggunakan cooling fan. in this era, harga murah gak berarti hasilnya jelek juga. yang harga 40-80rban ini hasil cahaya dan keawetannya di atas ekspetasi harganya kok. terang, warna ambernya pekat dan ga khawatir potensi hyperflash. saya sendiri udah pakai dr februari 2024, ga ada penurunan performa. kalo yg harga 300-600rb/pc hasilnya bagus itu biasa. tapi kalo yg harga 40-80rb/pc juga bagus itu luar biasa. rekomendasi led sein lain sudah saya tulis juga di bawah yaa.. ============================================ sein led t20 autodesign (75k/pc) : [url] luximos (95k/pc) [url] arsy (110k) : [url] [url] philips (820k/2pc) : [url] [url] hella (220k/pc) : [url] zyvolt (50k/pc) [url] isun (65k/pc) : [url] [url] bau15s / ba15s autodesign (75k/pc) : [url] luximos (95k/pc) [url] arsy (110k) : [url] [url] philips (820k/2pc) : [url] hella (220k/pc) : [url] zyvolt (50k/pc) [url] isun (65k/pc) : [url] [url]",Toyota Zenix,medium,community_context,False,,,,False,not_relevant,no_adas_keyword,,UNKNOWN,,,,,,,
rec_6cac25defb137e54,Toyota Zenix,Toyota Zenix owners Indonesia,https://www.facebook.com/groups/921208719233043,1516740103013232,1516740103013232_comment_5,1516740103013232,comment,,,,Asik Berfaedah edisi Bohlam Sein,https://web.facebook.com/groups/921208719233043/posts/1516740103013232/?comment_id=1536581624362413&__cft__[0]=AZieZI5PwnRDxJ85s-RetnU99UEhrEQ10gnIXWwzD9KQsmzuCeakSVt-E-Jy_ILnwIjxSumYd5pfhpWrE4LPpEfEiPttjN0a54jFdXE_bMVkDuvXc32ceSST6nZzuE7Ng6NTeTTOVVxu8UO-eOIkitntRbbd0w9kOUvqd8f3rOSNi3fqw7slM3t5JL8wpMo&__tn__=R-R,2026-09-18T03:17:26Z,raw_data_run_20260918_101715_601a04.csv,rec_6cac25defb137e54,False,Asik Berfaedah edisi Bohlam Sein,asik berfaedah edisi bohlam sein,Toyota Zenix,medium,community_context,False,,,,False,not_relevant,no_adas_keyword,,UNKNOWN,,,,,,,
rec_928c13918a6ee2fc,Toyota Zenix,Toyota Zenix owners Indonesia,https://www.facebook.com/groups/921208719233043,1516740103013232,1516740103013232_comment_6,1516740103013232,comment,,,,"""Kualitas di atas ekspetasi harga
""",https://web.facebook.com/groups/921208719233043/posts/1516740103013232/?comment_id=1536581624362413&__cft__[0]=AZieZI5PwnRDxJ85s-RetnU99UEhrEQ10gnIXWwzD9KQsmzuCeakSVt-E-Jy_ILnwIjxSumYd5pfhpWrE4LPpEfEiPttjN0a54jFdXE_bMVkDuvXc32ceSST6nZzuE7Ng6NTeTTOVVxu8UO-eOIkitntRbbd0w9kOUvqd8f3rOSNi3fqw7slM3t5JL8wpMo&__tn__=R-R,2026-09-18T03:17:26Z,raw_data_run_20260918_101715_601a04.csv,rec_928c13918a6ee2fc,False,"""Kualitas di atas ekspetasi harga ""","""kualitas di atas ekspetasi harga """,Toyota Zenix,medium,community_context,False,,,,False,not_relevant,no_adas_keyword,,UNKNOWN,,,,,,,
rec_90e4ff5e8a9fb686,Toyota Zenix,Toyota Zenix owners Indonesia,https://www.facebook.com/groups/921208719233043,1516740103013232,1516740103013232_comment_7,1516740103013232,comment,,,,"Beberapa kali pengalaman pakai LED yang pakai kondom kaca itu cepet mati, cepat redup atau bahkan bisa meleleh juga fitting lampunya karena panas.",https://web.facebook.com/groups/921208719233043/posts/1516740103013232/?comment_id=1536581624362413&__cft__[0]=AZieZI5PwnRDxJ85s-RetnU99UEhrEQ10gnIXWwzD9KQsmzuCeakSVt-E-Jy_ILnwIjxSumYd5pfhpWrE4LPpEfEiPttjN0a54jFdXE_bMVkDuvXc32ceSST6nZzuE7Ng6NTeTTOVVxu8UO-eOIkitntRbbd0w9kOUvqd8f3rOSNi3fqw7slM3t5JL8wpMo&__tn__=R-R,2026-09-18T03:17:26Z,raw_data_run_20260918_101715_601a04.csv,rec_90e4ff5e8a9fb686,False,"Beberapa kali pengalaman pakai LED yang pakai kondom kaca itu cepet mati, cepat redup atau bahkan bisa meleleh juga fitting lampunya karena panas.","beberapa kali pengalaman pakai led yang pakai kondom kaca itu cepet mati, cepat redup atau bahkan bisa meleleh juga fitting lampunya karena panas.",Toyota Zenix,medium,community_context,False,,,,False,not_relevant,no_adas_keyword,,UNKNOWN,,,,,,,
rec_6d23498bb9f63548,Toyota Zenix,Toyota Zenix owners Indonesia,https://www.facebook.com/groups/921208719233043,1516740103013232,1516740103013232_comment_8,1516740103013232,comment,,,,"Karena itu baiknya diganti dengan LED yang menggunakan cooling fan. In this era, harga murah gak berarti hasilnya jelek juga.",https://web.facebook.com/groups/921208719233043/posts/1516740103013232/?comment_id=1536581624362413&__cft__[0]=AZieZI5PwnRDxJ85s-RetnU99UEhrEQ10gnIXWwzD9KQsmzuCeakSVt-E-Jy_ILnwIjxSumYd5pfhpWrE4LPpEfEiPttjN0a54jFdXE_bMVkDuvXc32ceSST6nZzuE7Ng6NTeTTOVVxu8UO-eOIkitntRbbd0w9kOUvqd8f3rOSNi3fqw7slM3t5JL8wpMo&__tn__=R-R,2026-09-18T03:17:26Z,raw_data_run_20260918_101715_601a04.csv,rec_6d23498bb9f63548,False,"Karena itu baiknya diganti dengan LED yang menggunakan cooling fan. In this era, harga murah gak berarti hasilnya jelek juga.","karena itu baiknya diganti dengan led yang menggunakan cooling fan. in this era, harga murah gak berarti hasilnya jelek juga.",Toyota Zenix,medium,community_context,False,,,,False,not_relevant,no_adas_keyword,,UNKNOWN,,,,,,,
rec_a13bcbee7f906eb1,Toyota Zenix,Toyota Zenix owners Indonesia,https://www.facebook.com/groups/921208719233043,1516740103013232,1516740103013232_comment_9,1516740103013232,comment,,,,"Yang harga 40-80rban ini hasil cahaya dan keawetannya di atas ekspetasi harganya kok. Terang, warna ambernya pekat dan ga khawatir potensi hyperflash. Saya sendiri udah pakai dr Februari 2024, ga ada penurunan performa.",https://web.facebook.com/groups/921208719233043/posts/1516740103013232/?comment_id=1536581624362413&__cft__[0]=AZieZI5PwnRDxJ85s-RetnU99UEhrEQ10gnIXWwzD9KQsmzuCeakSVt-E-Jy_ILnwIjxSumYd5pfhpWrE4LPpEfEiPttjN0a54jFdXE_bMVkDuvXc32ceSST6nZzuE7Ng6NTeTTOVVxu8UO-eOIkitntRbbd0w9kOUvqd8f3rOSNi3fqw7slM3t5JL8wpMo&__tn__=R-R,2026-09-18T03:17:26Z,raw_data_run_20260918_101715_601a04.csv,rec_a13bcbee7f906eb1,False,"Yang harga 40-80rban ini hasil cahaya dan keawetannya di atas ekspetasi harganya kok. Terang, warna ambernya pekat dan ga khawatir potensi hyperflash. Saya sendiri udah pakai dr Februari 2024, ga ada penurunan performa.","yang harga 40-80rban ini hasil cahaya dan keawetannya di atas ekspetasi harganya kok. terang, warna ambernya pekat dan ga khawatir potensi hyperflash. saya sendiri udah pakai dr februari 2024, ga ada penurunan performa.",Toyota Zenix,medium,community_context,False,,,,False,not_relevant,no_adas_keyword,,UNKNOWN,,,,,,,
rec_f073ad366eff68ee,Toyota Zenix,Toyota Zenix owners Indonesia,https://www.facebook.com/groups/921208719233043,1516740103013232,1516740103013232_comment_10,1516740103013232,comment,,,,Kalo yg harga 300-600rb/pc hasilnya bagus itu biasa. Tapi kalo yg harga 40-80rb/pc juga bagus itu luar biasa.,https://web.facebook.com/groups/921208719233043/posts/1516740103013232/?comment_id=1536581624362413&__cft__[0]=AZieZI5PwnRDxJ85s-RetnU99UEhrEQ10gnIXWwzD9KQsmzuCeakSVt-E-Jy_ILnwIjxSumYd5pfhpWrE4LPpEfEiPttjN0a54jFdXE_bMVkDuvXc32ceSST6nZzuE7Ng6NTeTTOVVxu8UO-eOIkitntRbbd0w9kOUvqd8f3rOSNi3fqw7slM3t5JL8wpMo&__tn__=R-R,2026-09-18T03:17:26Z,raw_data_run_20260918_101715_601a04.csv,rec_f073ad366eff68ee,False,Kalo yg harga 300-600rb/pc hasilnya bagus itu biasa. Tapi kalo yg harga 40-80rb/pc juga bagus itu luar biasa.,kalo yg harga 300-600rb/pc hasilnya bagus itu biasa. tapi kalo yg harga 40-80rb/pc juga bagus itu luar biasa.,Toyota Zenix,medium,community_context,False,,,,False,not_relevant,no_adas_keyword,,UNKNOWN,,,,,,,
rec_14053b67aabd215f,Toyota Zenix,Toyota Zenix owners Indonesia,https://www.facebook.com/groups/921208719233043,1516740103013232,1516740103013232_comment_11,1516740103013232,comment,,,,Rekomendasi LED Sein lain sudah saya tulis juga di bawah yaa..,https://web.facebook.com/groups/921208719233043/posts/1516740103013232/?comment_id=1536581624362413&__cft__[0]=AZieZI5PwnRDxJ85s-RetnU99UEhrEQ10gnIXWwzD9KQsmzuCeakSVt-E-Jy_ILnwIjxSumYd5pfhpWrE4LPpEfEiPttjN0a54jFdXE_bMVkDuvXc32ceSST6nZzuE7Ng6NTeTTOVVxu8UO-eOIkitntRbbd0w9kOUvqd8f3rOSNi3fqw7slM3t5JL8wpMo&__tn__=R-R,2026-09-18T03:17:26Z,raw_data_run_20260918_101715_601a04.csv,rec_14053b67aabd215f,False,Rekomendasi LED Sein lain sudah saya tulis juga di bawah yaa..,rekomendasi led sein lain sudah saya tulis juga di bawah yaa..,Toyota Zenix,medium,community_context,False,,,,False,not_relevant,no_adas_keyword,,UNKNOWN,,,,,,,
rec_82acbb000675dde4,Toyota Zenix,Toyota Zenix owners Indonesia,https://www.facebook.com/groups/921208719233043,1516740103013232,1516740103013232_comment_12,1516740103013232,comment,,,,============================================,https://web.facebook.com/groups/921208719233043/posts/1516740103013232/?comment_id=1536581624362413&__cft__[0]=AZieZI5PwnRDxJ85s-RetnU99UEhrEQ10gnIXWwzD9KQsmzuCeakSVt-E-Jy_ILnwIjxSumYd5pfhpWrE4LPpEfEiPttjN0a54jFdXE_bMVkDuvXc32ceSST6nZzuE7Ng6NTeTTOVVxu8UO-eOIkitntRbbd0w9kOUvqd8f3rOSNi3fqw7slM3t5JL8wpMo&__tn__=R-R,2026-09-18T03:17:26Z,raw_data_run_20260918_101715_601a04.csv,rec_82acbb000675dde4,False,============================================,============================================,Toyota Zenix,medium,community_context,False,,,,False,not_relevant,no_adas_keyword,,UNKNOWN,,,,,,,
rec_1cdffa5b4220795f,Toyota Zenix,Toyota Zenix owners Indonesia,https://www.facebook.com/groups/921208719233043,1516740103013232,1516740103013232_comment_13,1516740103013232,comment,,,,SEIN LED,https://web.facebook.com/groups/921208719233043/posts/1516740103013232/?comment_id=1536581624362413&__cft__[0]=AZieZI5PwnRDxJ85s-RetnU99UEhrEQ10gnIXWwzD9KQsmzuCeakSVt-E-Jy_ILnwIjxSumYd5pfhpWrE4LPpEfEiPttjN0a54jFdXE_bMVkDuvXc32ceSST6nZzuE7Ng6NTeTTOVVxu8UO-eOIkitntRbbd0w9kOUvqd8f3rOSNi3fqw7slM3t5JL8wpMo&__tn__=R-R,2026-09-18T03:17:26Z,raw_data_run_20260918_101715_601a04.csv,rec_1cdffa5b4220795f,False,SEIN LED,sein led,Toyota Zenix,medium,community_context,False,,,,False,not_relevant,no_adas_keyword,,UNKNOWN,,,,,,,
rec_74a16d78f13ef61a,Toyota Zenix,Toyota Zenix owners Indonesia,https://www.facebook.com/groups/921208719233043,1516740103013232,1516740103013232_comment_14,1516740103013232,comment,,,,AutoDesign (75k/pc) :,https://web.facebook.com/groups/921208719233043/posts/1516740103013232/?comment_id=1536581624362413&__cft__[0]=AZieZI5PwnRDxJ85s-RetnU99UEhrEQ10gnIXWwzD9KQsmzuCeakSVt-E-Jy_ILnwIjxSumYd5pfhpWrE4LPpEfEiPttjN0a54jFdXE_bMVkDuvXc32ceSST6nZzuE7Ng6NTeTTOVVxu8UO-eOIkitntRbbd0w9kOUvqd8f3rOSNi3fqw7slM3t5JL8wpMo&__tn__=R-R,2026-09-18T03:17:26Z,raw_data_run_20260918_101715_601a04.csv,rec_74a16d78f13ef61a,False,AutoDesign (75k/pc) :,autodesign (75k/pc) :,Toyota Zenix,medium,community_context,False,,,,False,not_relevant,no_adas_keyword,,UNKNOWN,,,,,,,
rec_273b87aaf9ecd800,Toyota Zenix,Toyota Zenix owners Indonesia,https://www.facebook.com/groups/921208719233043,1516740103013232,1516740103013232_comment_15,1516740103013232,comment,,,,https://s.shopee.co.id/7fEOyJFNxg,https://web.facebook.com/groups/921208719233043/posts/1516740103013232/?comment_id=1536581624362413&__cft__[0]=AZieZI5PwnRDxJ85s-RetnU99UEhrEQ10gnIXWwzD9KQsmzuCeakSVt-E-Jy_ILnwIjxSumYd5pfhpWrE4LPpEfEiPttjN0a54jFdXE_bMVkDuvXc32ceSST6nZzuE7Ng6NTeTTOVVxu8UO-eOIkitntRbbd0w9kOUvqd8f3rOSNi3fqw7slM3t5JL8wpMo&__tn__=R-R,2026-09-18T03:17:26Z,raw_data_run_20260918_101715_601a04.csv,rec_273b87aaf9ecd800,False,[url],[url],Toyota Zenix,medium,community_context,False,,,,False,not_relevant,no_adas_keyword,,UNKNOWN,,,,,,,
rec_2346ab2544d7dac6,Toyota Zenix,Toyota Zenix owners Indonesia,https://www.facebook.com/groups/921208719233043,1516740103013232,1516740103013232_comment_16,1516740103013232,comment,,,,Luximos (95k/pc),https://web.facebook.com/groups/921208719233043/posts/1516740103013232/?comment_id=1536581624362413&__cft__[0]=AZieZI5PwnRDxJ85s-RetnU99UEhrEQ10gnIXWwzD9KQsmzuCeakSVt-E-Jy_ILnwIjxSumYd5pfhpWrE4LPpEfEiPttjN0a54jFdXE_bMVkDuvXc32ceSST6nZzuE7Ng6NTeTTOVVxu8UO-eOIkitntRbbd0w9kOUvqd8f3rOSNi3fqw7slM3t5JL8wpMo&__tn__=R-R,2026-09-18T03:17:26Z,raw_data_run_20260918_101715_601a04.csv,rec_2346ab2544d7dac6,False,Luximos (95k/pc),luximos (95k/pc),Toyota Zenix,medium,community_context,False,,,,False,not_relevant,no_adas_keyword,,UNKNOWN,,,,,,,
rec_59f71a6e46a8ecbd,Toyota Zenix,Toyota Zenix owners Indonesia,https://www.facebook.com/groups/921208719233043,1516740103013232,1516740103013232_comment_17,1516740103013232,comment,,,,https://s.shopee.co.id/1g9LepsX56,https://web.facebook.com/groups/921208719233043/posts/1516740103013232/?comment_id=1536581624362413&__cft__[0]=AZieZI5PwnRDxJ85s-RetnU99UEhrEQ10gnIXWwzD9KQsmzuCeakSVt-E-Jy_ILnwIjxSumYd5pfhpWrE4LPpEfEiPttjN0a54jFdXE_bMVkDuvXc32ceSST6nZzuE7Ng6NTeTTOVVxu8UO-eOIkitntRbbd0w9kOUvqd8f3rOSNi3fqw7slM3t5JL8wpMo&__tn__=R-R,2026-09-18T03:17:26Z,raw_data_run_20260918_101715_601a04.csv,rec_59f71a6e46a8ecbd,False,[url],[url],Toyota Zenix,medium,community_context,False,,,,False,not_relevant,no_adas_keyword,,UNKNOWN,,,,,,,
rec_c303e7a6521d234b,Toyota Zenix,Toyota Zenix owners Indonesia,https://www.facebook.com/groups/921208719233043,1516740103013232,1516740103013232_comment_18,1516740103013232,comment,,,,Arsy (110k) :,https://web.facebook.com/groups/921208719233043/posts/1516740103013232/?comment_id=1536581624362413&__cft__[0]=AZieZI5PwnRDxJ85s-RetnU99UEhrEQ10gnIXWwzD9KQsmzuCeakSVt-E-Jy_ILnwIjxSumYd5pfhpWrE4LPpEfEiPttjN0a54jFdXE_bMVkDuvXc32ceSST6nZzuE7Ng6NTeTTOVVxu8UO-eOIkitntRbbd0w9kOUvqd8f3rOSNi3fqw7slM3t5JL8wpMo&__tn__=R-R,2026-09-18T03:17:26Z,raw_data_run_20260918_101715_601a04.csv,rec_c303e7a6521d234b,False,Arsy (110k) :,arsy (110k) :,Toyota Zenix,medium,community_context,False,,,,False,not_relevant,no_adas_keyword,,UNKNOWN,,,,,,,
rec_76ea942bd932463a,Toyota Zenix,Toyota Zenix owners Indonesia,https://www.facebook.com/groups/921208719233043,1516740103013232,1516740103013232_comment_19,1516740103013232,comment,,,,https://tk.tokopedia.com/ZSH45RFG2/,https://web.facebook.com/groups/921208719233043/posts/1516740103013232/?comment_id=1536581624362413&__cft__[0]=AZieZI5PwnRDxJ85s-RetnU99UEhrEQ10gnIXWwzD9KQsmzuCeakSVt-E-Jy_ILnwIjxSumYd5pfhpWrE4LPpEfEiPttjN0a54jFdXE_bMVkDuvXc32ceSST6nZzuE7Ng6NTeTTOVVxu8UO-eOIkitntRbbd0w9kOUvqd8f3rOSNi3fqw7slM3t5JL8wpMo&__tn__=R-R,2026-09-18T03:17:27Z,raw_data_run_20260918_101715_601a04.csv,rec_76ea942bd932463a,False,[url],[url],Toyota Zenix,medium,community_context,False,,,,False,not_relevant,no_adas_keyword,,UNKNOWN,,,,,,,
rec_8679d1ea8ce61dd3,Toyota Zenix,Toyota Zenix owners Indonesia,https://www.facebook.com/groups/921208719233043,1516740103013232,1516740103013232_comment_20,1516740103013232,comment,,,,https://s.shopee.co.id/W2eH8Bvpc,https://web.facebook.com/groups/921208719233043/posts/1516740103013232/?comment_id=1536581624362413&__cft__[0]=AZieZI5PwnRDxJ85s-RetnU99UEhrEQ10gnIXWwzD9KQsmzuCeakSVt-E-Jy_ILnwIjxSumYd5pfhpWrE4LPpEfEiPttjN0a54jFdXE_bMVkDuvXc32ceSST6nZzuE7Ng6NTeTTOVVxu8UO-eOIkitntRbbd0w9kOUvqd8f3rOSNi3fqw7slM3t5JL8wpMo&__tn__=R-R,2026-09-18T03:17:27Z,raw_data_run_20260918_101715_601a04.csv,rec_8679d1ea8ce61dd3,False,[url],[url],Toyota Zenix,medium,community_context,False,,,,False,not_relevant,no_adas_keyword,,UNKNOWN,,,,,,,
rec_98e075627c72adce,Toyota Zenix,Toyota Zenix owners Indonesia,https://www.facebook.com/groups/921208719233043,1516740103013232,1516740103013232_comment_21,1516740103013232,comment,,,,Philips (820k/2pc) :,https://web.facebook.com/groups/921208719233043/posts/1516740103013232/?comment_id=1536581624362413&__cft__[0]=AZieZI5PwnRDxJ85s-RetnU99UEhrEQ10gnIXWwzD9KQsmzuCeakSVt-E-Jy_ILnwIjxSumYd5pfhpWrE4LPpEfEiPttjN0a54jFdXE_bMVkDuvXc32ceSST6nZzuE7Ng6NTeTTOVVxu8UO-eOIkitntRbbd0w9kOUvqd8f3rOSNi3fqw7slM3t5JL8wpMo&__tn__=R-R,2026-09-18T03:17:27Z,raw_data_run_20260918_101715_601a04.csv,rec_98e075627c72adce,False,Philips (820k/2pc) :,philips (820k/2pc) :,Toyota Zenix,medium,community_context,False,,,,False,not_relevant,no_adas_keyword,,UNKNOWN,,,,,,,
rec_5f5f06b0af8c2b6b,Toyota Zenix,Toyota Zenix owners Indonesia,https://www.facebook.com/groups/921208719233043,1516740103013232,1516740103013232_comment_22,1516740103013232,comment,,,,https://tk.tokopedia.com/ZSHCNrcyu/,https://web.facebook.com/groups/921208719233043/posts/1516740103013232/?comment_id=1536581624362413&__cft__[0]=AZieZI5PwnRDxJ85s-RetnU99UEhrEQ10gnIXWwzD9KQsmzuCeakSVt-E-Jy_ILnwIjxSumYd5pfhpWrE4LPpEfEiPttjN0a54jFdXE_bMVkDuvXc32ceSST6nZzuE7Ng6NTeTTOVVxu8UO-eOIkitntRbbd0w9kOUvqd8f3rOSNi3fqw7slM3t5JL8wpMo&__tn__=R-R,2026-09-18T03:17:27Z,raw_data_run_20260918_101715_601a04.csv,rec_5f5f06b0af8c2b6b,False,[url],[url],Toyota Zenix,medium,community_context,False,,,,False,not_relevant,no_adas_keyword,,UNKNOWN,,,,,,,
rec_1ce45af640570bd0,Toyota Zenix,Toyota Zenix owners Indonesia,https://www.facebook.com/groups/921208719233043,1516740103013232,1516740103013232_comment_23,1516740103013232,comment,,,,https://s.shopee.co.id/LbMA9kzoG,https://web.facebook.com/groups/921208719233043/posts/1516740103013232/?comment_id=1536581624362413&__cft__[0]=AZieZI5PwnRDxJ85s-RetnU99UEhrEQ10gnIXWwzD9KQsmzuCeakSVt-E-Jy_ILnwIjxSumYd5pfhpWrE4LPpEfEiPttjN0a54jFdXE_bMVkDuvXc32ceSST6nZzuE7Ng6NTeTTOVVxu8UO-eOIkitntRbbd0w9kOUvqd8f3rOSNi3fqw7slM3t5JL8wpMo&__tn__=R-R,2026-09-18T03:17:27Z,raw_data_run_20260918_101715_601a04.csv,rec_1ce45af640570bd0,False,[url],[url],Toyota Zenix,medium,community_context,False,,,,False,not_relevant,no_adas_keyword,,UNKNOWN,,,,,,,
rec_0c37e3b09c123ef2,Toyota Zenix,Toyota Zenix owners Indonesia,https://www.facebook.com/groups/921208719233043,1516740103013232,1516740103013232_comment_24,1516740103013232,comment,,,,Hella (220k/pc) :,https://web.facebook.com/groups/921208719233043/posts/1516740103013232/?comment_id=1536581624362413&__cft__[0]=AZieZI5PwnRDxJ85s-RetnU99UEhrEQ10gnIXWwzD9KQsmzuCeakSVt-E-Jy_ILnwIjxSumYd5pfhpWrE4LPpEfEiPttjN0a54jFdXE_bMVkDuvXc32ceSST6nZzuE7Ng6NTeTTOVVxu8UO-eOIkitntRbbd0w9kOUvqd8f3rOSNi3fqw7slM3t5JL8wpMo&__tn__=R-R,2026-09-18T03:17:27Z,raw_data_run_20260918_101715_601a04.csv,rec_0c37e3b09c123ef2,False,Hella (220k/pc) :,hella (220k/pc) :,Toyota Zenix,medium,community_context,False,,,,False,not_relevant,no_adas_keyword,,UNKNOWN,,,,,,,
rec_ca50539b75c125aa,Toyota Zenix,Toyota Zenix owners Indonesia,https://www.facebook.com/groups/921208719233043,1516740103013232,1516740103013232_comment_25,1516740103013232,comment,,,,https://s.shopee.co.id/2fzGwTWuCh,https://web.facebook.com/groups/921208719233043/posts/1516740103013232/?comment_id=1536581624362413&__cft__[0]=AZieZI5PwnRDxJ85s-RetnU99UEhrEQ10gnIXWwzD9KQsmzuCeakSVt-E-Jy_ILnwIjxSumYd5pfhpWrE4LPpEfEiPttjN0a54jFdXE_bMVkDuvXc32ceSST6nZzuE7Ng6NTeTTOVVxu8UO-eOIkitntRbbd0w9kOUvqd8f3rOSNi3fqw7slM3t5JL8wpMo&__tn__=R-R,2026-09-18T03:17:27Z,raw_data_run_20260918_101715_601a04.csv,rec_ca50539b75c125aa,False,[url],[url],Toyota Zenix,medium,community_context,False,,,,False,not_relevant,no_adas_keyword,,UNKNOWN,,,,,,,
rec_1a78a8e5ceb853e8,Toyota Zenix,Toyota Zenix owners Indonesia,https://www.facebook.com/groups/921208719233043,1516740103013232,1516740103013232_comment_26,1516740103013232,comment,,,,Zyvolt (50k/pc),https://web.facebook.com/groups/921208719233043/posts/1516740103013232/?comment_id=1536581624362413&__cft__[0]=AZieZI5PwnRDxJ85s-RetnU99UEhrEQ10gnIXWwzD9KQsmzuCeakSVt-E-Jy_ILnwIjxSumYd5pfhpWrE4LPpEfEiPttjN0a54jFdXE_bMVkDuvXc32ceSST6nZzuE7Ng6NTeTTOVVxu8UO-eOIkitntRbbd0w9kOUvqd8f3rOSNi3fqw7slM3t5JL8wpMo&__tn__=R-R,2026-09-18T03:17:27Z,raw_data_run_20260918_101715_601a04.csv,rec_1a78a8e5ceb853e8,False,Zyvolt (50k/pc),zyvolt (50k/pc),Toyota Zenix,medium,community_context,False,,,,False,not_relevant,no_adas_keyword,,UNKNOWN,,,,,,,
rec_3b69e87b46a91ce7,Toyota Zenix,Toyota Zenix owners Indonesia,https://www.facebook.com/groups/921208719233043,1516740103013232,1516740103013232_comment_27,1516740103013232,comment,,,,https://s.shopee.co.id/gIRPoTONv,https://web.facebook.com/groups/921208719233043/posts/1516740103013232/?comment_id=1536581624362413&__cft__[0]=AZieZI5PwnRDxJ85s-RetnU99UEhrEQ10gnIXWwzD9KQsmzuCeakSVt-E-Jy_ILnwIjxSumYd5pfhpWrE4LPpEfEiPttjN0a54jFdXE_bMVkDuvXc32ceSST6nZzuE7Ng6NTeTTOVVxu8UO-eOIkitntRbbd0w9kOUvqd8f3rOSNi3fqw7slM3t5JL8wpMo&__tn__=R-R,2026-09-18T03:17:27Z,raw_data_run_20260918_101715_601a04.csv,rec_3b69e87b46a91ce7,False,[url],[url],Toyota Zenix,medium,community_context,False,,,,False,not_relevant,no_adas_keyword,,UNKNOWN,,,,,,,
rec_2891a3cb17cc48e1,Toyota Zenix,Toyota Zenix owners Indonesia,https://www.facebook.com/groups/921208719233043,1516740103013232,1516740103013232_comment_28,1516740103013232,comment,,,,iSUN (65k/pc) :,https://web.facebook.com/groups/921208719233043/posts/1516740103013232/?comment_id=1536581624362413&__cft__[0]=AZieZI5PwnRDxJ85s-RetnU99UEhrEQ10gnIXWwzD9KQsmzuCeakSVt-E-Jy_ILnwIjxSumYd5pfhpWrE4LPpEfEiPttjN0a54jFdXE_bMVkDuvXc32ceSST6nZzuE7Ng6NTeTTOVVxu8UO-eOIkitntRbbd0w9kOUvqd8f3rOSNi3fqw7slM3t5JL8wpMo&__tn__=R-R,2026-09-18T03:17:27Z,raw_data_run_20260918_101715_601a04.csv,rec_2891a3cb17cc48e1,False,iSUN (65k/pc) :,isun (65k/pc) :,Toyota Zenix,medium,community_context,False,,,,False,not_relevant,no_adas_keyword,,UNKNOWN,,,,,,,
rec_d4f4e0417d451ce5,Toyota Zenix,Toyota Zenix owners Indonesia,https://www.facebook.com/groups/921208719233043,1516740103013232,1516740103013232_comment_29,1516740103013232,comment,,,,https://tk.tokopedia.com/ZSH4atBTd/,https://web.facebook.com/groups/921208719233043/posts/1516740103013232/?comment_id=1536581624362413&__cft__[0]=AZieZI5PwnRDxJ85s-RetnU99UEhrEQ10gnIXWwzD9KQsmzuCeakSVt-E-Jy_ILnwIjxSumYd5pfhpWrE4LPpEfEiPttjN0a54jFdXE_bMVkDuvXc32ceSST6nZzuE7Ng6NTeTTOVVxu8UO-eOIkitntRbbd0w9kOUvqd8f3rOSNi3fqw7slM3t5JL8wpMo&__tn__=R-R,2026-09-18T03:17:27Z,raw_data_run_20260918_101715_601a04.csv,rec_d4f4e0417d451ce5,False,[url],[url],Toyota Zenix,medium,community_context,False,,,,False,not_relevant,no_adas_keyword,,UNKNOWN,,,,,,,
rec_b760d0b4a6a0cb52,Toyota Zenix,Toyota Zenix owners Indonesia,https://www.facebook.com/groups/921208719233043,1516740103013232,1516740103013232_comment_30,1516740103013232,comment,,,,https://s.shopee.co.id/3qJ6FBOdQ8,https://web.facebook.com/groups/921208719233043/posts/1516740103013232/?comment_id=1536581624362413&__cft__[0]=AZieZI5PwnRDxJ85s-RetnU99UEhrEQ10gnIXWwzD9KQsmzuCeakSVt-E-Jy_ILnwIjxSumYd5pfhpWrE4LPpEfEiPttjN0a54jFdXE_bMVkDuvXc32ceSST6nZzuE7Ng6NTeTTOVVxu8UO-eOIkitntRbbd0w9kOUvqd8f3rOSNi3fqw7slM3t5JL8wpMo&__tn__=R-R,2026-09-18T03:17:27Z,raw_data_run_20260918_101715_601a04.csv,rec_b760d0b4a6a0cb52,False,[url],[url],Toyota Zenix,medium,community_context,False,,,,False,not_relevant,no_adas_keyword,,UNKNOWN,,,,,,,
rec_bcc3c1352c090df8,Toyota Zenix,Toyota Zenix owners Indonesia,https://www.facebook.com/groups/921208719233043,1516740103013232,1516740103013232_comment_31,1516740103013232,comment,,,,BAU15S / BA15S,https://web.facebook.com/groups/921208719233043/posts/1516740103013232/?comment_id=1536581624362413&__cft__[0]=AZieZI5PwnRDxJ85s-RetnU99UEhrEQ10gnIXWwzD9KQsmzuCeakSVt-E-Jy_ILnwIjxSumYd5pfhpWrE4LPpEfEiPttjN0a54jFdXE_bMVkDuvXc32ceSST6nZzuE7Ng6NTeTTOVVxu8UO-eOIkitntRbbd0w9kOUvqd8f3rOSNi3fqw7slM3t5JL8wpMo&__tn__=R-R,2026-09-18T03:17:27Z,raw_data_run_20260918_101715_601a04.csv,rec_bcc3c1352c090df8,False,BAU15S / BA15S,bau15s / ba15s,Toyota Zenix,medium,community_context,False,,,,False,not_relevant,no_adas_keyword,,UNKNOWN,,,,,,,
rec_28539d792e712654,Toyota Zenix,Toyota Zenix owners Indonesia,https://www.facebook.com/groups/921208719233043,1516740103013232,1516740103013232_comment_32,1516740103013232,comment,,,,https://s.shopee.co.id/7KsyfGFSLJ,https://web.facebook.com/groups/921208719233043/posts/1516740103013232/?comment_id=1536581624362413&__cft__[0]=AZieZI5PwnRDxJ85s-RetnU99UEhrEQ10gnIXWwzD9KQsmzuCeakSVt-E-Jy_ILnwIjxSumYd5pfhpWrE4LPpEfEiPttjN0a54jFdXE_bMVkDuvXc32ceSST6nZzuE7Ng6NTeTTOVVxu8UO-eOIkitntRbbd0w9kOUvqd8f3rOSNi3fqw7slM3t5JL8wpMo&__tn__=R-R,2026-09-18T03:17:27Z,raw_data_run_20260918_101715_601a04.csv,rec_28539d792e712654,False,[url],[url],Toyota Zenix,medium,community_context,False,,,,False,not_relevant,no_adas_keyword,,UNKNOWN,,,,,,,
rec_2305a8e5b14f0927,Toyota Zenix,Toyota Zenix owners Indonesia,https://www.facebook.com/groups/921208719233043,1516740103013232,1516740103013232_comment_33,1516740103013232,comment,,,,https://tk.tokopedia.com/ZSH4KjbV9/,https://web.facebook.com/groups/921208719233043/posts/1516740103013232/?comment_id=1536581624362413&__cft__[0]=AZieZI5PwnRDxJ85s-RetnU99UEhrEQ10gnIXWwzD9KQsmzuCeakSVt-E-Jy_ILnwIjxSumYd5pfhpWrE4LPpEfEiPttjN0a54jFdXE_bMVkDuvXc32ceSST6nZzuE7Ng6NTeTTOVVxu8UO-eOIkitntRbbd0w9kOUvqd8f3rOSNi3fqw7slM3t5JL8wpMo&__tn__=R-R,2026-09-18T03:17:27Z,raw_data_run_20260918_101715_601a04.csv,rec_2305a8e5b14f0927,False,[url],[url],Toyota Zenix,medium,community_context,False,,,,False,not_relevant,no_adas_keyword,,UNKNOWN,,,,,,,
rec_d8cd0b566a2a61cd,Toyota Zenix,Toyota Zenix owners Indonesia,https://www.facebook.com/groups/921208719233043,1516740103013232,1516740103013232_comment_34,1516740103013232,comment,,,,https://s.shopee.co.id/LjEKTrHg7,https://web.facebook.com/groups/921208719233043/posts/1516740103013232/?comment_id=1536581624362413&__cft__[0]=AZieZI5PwnRDxJ85s-RetnU99UEhrEQ10gnIXWwzD9KQsmzuCeakSVt-E-Jy_ILnwIjxSumYd5pfhpWrE4LPpEfEiPttjN0a54jFdXE_bMVkDuvXc32ceSST6nZzuE7Ng6NTeTTOVVxu8UO-eOIkitntRbbd0w9kOUvqd8f3rOSNi3fqw7slM3t5JL8wpMo&__tn__=R-R,2026-09-18T03:17:27Z,raw_data_run_20260918_101715_601a04.csv,rec_d8cd0b566a2a61cd,False,[url],[url],Toyota Zenix,medium,community_context,False,,,,False,not_relevant,no_adas_keyword,,UNKNOWN,,,,,,,
rec_89795b4e7158b639,Toyota Zenix,Toyota Zenix owners Indonesia,https://www.facebook.com/groups/921208719233043,1516740103013232,1516740103013232_comment_35,1516740103013232,comment,,,,https://s.shopee.co.id/AKWaF2Zj4y,https://web.facebook.com/groups/921208719233043/posts/1516740103013232/?comment_id=1536581624362413&__cft__[0]=AZieZI5PwnRDxJ85s-RetnU99UEhrEQ10gnIXWwzD9KQsmzuCeakSVt-E-Jy_ILnwIjxSumYd5pfhpWrE4LPpEfEiPttjN0a54jFdXE_bMVkDuvXc32ceSST6nZzuE7Ng6NTeTTOVVxu8UO-eOIkitntRbbd0w9kOUvqd8f3rOSNi3fqw7slM3t5JL8wpMo&__tn__=R-R,2026-09-18T03:17:27Z,raw_data_run_20260918_101715_601a04.csv,rec_89795b4e7158b639,False,[url],[url],Toyota Zenix,medium,community_context,False,,,,False,not_relevant,no_adas_keyword,,UNKNOWN,,,,,,,
rec_ea076fbc2b616848,Toyota Zenix,Toyota Zenix owners Indonesia,https://www.facebook.com/groups/921208719233043,1516740103013232,1516740103013232_comment_36,1516740103013232,comment,,,,https://s.shopee.co.id/2qQZJEGHjO,https://web.facebook.com/groups/921208719233043/posts/1516740103013232/?comment_id=1536581624362413&__cft__[0]=AZieZI5PwnRDxJ85s-RetnU99UEhrEQ10gnIXWwzD9KQsmzuCeakSVt-E-Jy_ILnwIjxSumYd5pfhpWrE4LPpEfEiPttjN0a54jFdXE_bMVkDuvXc32ceSST6nZzuE7Ng6NTeTTOVVxu8UO-eOIkitntRbbd0w9kOUvqd8f3rOSNi3fqw7slM3t5JL8wpMo&__tn__=R-R,2026-09-18T03:17:27Z,raw_data_run_20260918_101715_601a04.csv,rec_ea076fbc2b616848,False,[url],[url],Toyota Zenix,medium,community_context,False,,,,False,not_relevant,no_adas_keyword,,UNKNOWN,,,,,,,
rec_0eb5e49828fe6a4d,Toyota Zenix,Toyota Zenix owners Indonesia,https://www.facebook.com/groups/921208719233043,1516740103013232,1516740103013232_comment_37,1516740103013232,comment,,,,https://tk.tokopedia.com/ZSH4KtsyY/,https://web.facebook.com/groups/921208719233043/posts/1516740103013232/?comment_id=1536581624362413&__cft__[0]=AZieZI5PwnRDxJ85s-RetnU99UEhrEQ10gnIXWwzD9KQsmzuCeakSVt-E-Jy_ILnwIjxSumYd5pfhpWrE4LPpEfEiPttjN0a54jFdXE_bMVkDuvXc32ceSST6nZzuE7Ng6NTeTTOVVxu8UO-eOIkitntRbbd0w9kOUvqd8f3rOSNi3fqw7slM3t5JL8wpMo&__tn__=R-R,2026-09-18T03:17:27Z,raw_data_run_20260918_101715_601a04.csv,rec_0eb5e49828fe6a4d,False,[url],[url],Toyota Zenix,medium,community_context,False,,,,False,not_relevant,no_adas_keyword,,UNKNOWN,,,,,,,
rec_dfa767e7d9b18512,Toyota Zenix,Toyota Zenix owners Indonesia,https://www.facebook.com/groups/921208719233043,post_2,,,post,,,,"Muhammad Kareza Andayarie
  ·
50 minggu
  ·
Pembuat
Up
Balas
Bagikan",https://www.facebook.com/groups/921208719233043,2026-09-18T03:18:47Z,raw_data_run_20260918_101715_601a04.csv,rec_dfa767e7d9b18512,False,Muhammad Kareza Andayarie · 50 minggu · Pembuat Up Balas Bagikan,muhammad kareza andayarie · 50 minggu · pembuat up balas bagikan,Toyota Zenix,medium,community_context,False,,,,False,not_relevant,no_adas_keyword,,UNKNOWN,,,,,,,
rec_73b383f8ce174c60,Toyota Zenix,Toyota Zenix owners Indonesia,https://www.facebook.com/groups/921208719233043,post_2,post_2_comment_1,post_2,comment,,,,"Unit baru ready stock J6 & J6T
Info
Ryan
081318900444
Chery Jaksel",https://www.facebook.com/groups/921208719233043,2026-09-18T03:18:51Z,raw_data_run_20260918_101715_601a04.csv,rec_73b383f8ce174c60,False,Unit baru ready stock J6 & J6T Info Ryan 081318900444 Chery Jaksel,unit baru ready stock j6 & j6t info ryan 081318900444 chery jaksel,Toyota Zenix,medium,community_context,False,,,,False,not_relevant,no_adas_keyword,,UNKNOWN,,,,,,,
rec_f97927137d056369,Toyota Zenix,Toyota Zenix owners Indonesia,https://www.facebook.com/groups/921208719233043,post_2,post_2_comment_2,post_2,comment,,,,Unit baru ready stock J6 & J6T,https://www.facebook.com/groups/921208719233043,2026-09-18T03:18:51Z,raw_data_run_20260918_101715_601a04.csv,rec_f97927137d056369,False,Unit baru ready stock J6 & J6T,unit baru ready stock j6 & j6t,Toyota Zenix,medium,community_context,False,,,,False,not_relevant,no_adas_keyword,,UNKNOWN,,,,,,,
rec_835c4fe45a0a8fdb,Toyota Zenix,Toyota Zenix owners Indonesia,https://www.facebook.com/groups/921208719233043,post_2,post_2_comment_3,post_2,comment,,,,081318900444,https://www.facebook.com/groups/921208719233043,2026-09-18T03:18:51Z,raw_data_run_20260918_101715_601a04.csv,rec_835c4fe45a0a8fdb,False,081318900444,081318900444,Toyota Zenix,medium,community_context,False,,,,False,not_relevant,no_adas_keyword,,UNKNOWN,,,,,,,
rec_f121007eb0b8184b,Toyota Zenix,Toyota Zenix owners Indonesia,https://www.facebook.com/groups/921208719233043,post_2,post_2_comment_4,post_2,comment,,,,Chery Jaksel,https://www.facebook.com/groups/921208719233043,2026-09-18T03:18:51Z,raw_data_run_20260918_101715_601a04.csv,rec_f121007eb0b8184b,False,Chery Jaksel,chery jaksel,Toyota Zenix,medium,community_context,False,,,,False,not_relevant,no_adas_keyword,,UNKNOWN,,,,,,,
rec_9c06b4c6b9ca1d25,Toyota Zenix,Toyota Zenix owners Indonesia,https://www.facebook.com/groups/921208719233043,post_2,post_2_comment_5,post_2,comment,,,,"Asik Berfaedah edisi Bohlam Sein
""Kualitas di atas ekspetasi harga
""… Lihat selengkapnya",https://www.facebook.com/groups/921208719233043,2026-09-18T03:18:51Z,raw_data_run_20260918_101715_601a04.csv,rec_9c06b4c6b9ca1d25,False,"Asik Berfaedah edisi Bohlam Sein ""Kualitas di atas ekspetasi harga ""… Lihat selengkapnya","asik berfaedah edisi bohlam sein ""kualitas di atas ekspetasi harga ""… lihat selengkapnya",Toyota Zenix,medium,community_context,False,,,,False,not_relevant,no_adas_keyword,,UNKNOWN,,,,,,,
rec_9568a98c15310851,Toyota Zenix,Toyota Zenix owners Indonesia,https://www.facebook.com/groups/921208719233043,post_2,post_2_comment_6,post_2,comment,,,,Asik Berfaedah edisi Bohlam Sein,https://www.facebook.com/groups/921208719233043,2026-09-18T03:18:51Z,raw_data_run_20260918_101715_601a04.csv,rec_9568a98c15310851,False,Asik Berfaedah edisi Bohlam Sein,asik berfaedah edisi bohlam sein,Toyota Zenix,medium,community_context,False,,,,False,not_relevant,no_adas_keyword,,UNKNOWN,,,,,,,
rec_c7ccdf738d2029bd,Toyota Zenix,Toyota Zenix owners Indonesia,https://www.facebook.com/groups/921208719233043,post_2,post_2_comment_7,post_2,comment,,,,"""Kualitas di atas ekspetasi harga
""… Lihat selengkapnya",https://www.facebook.com/groups/921208719233043,2026-09-18T03:18:51Z,raw_data_run_20260918_101715_601a04.csv,rec_c7ccdf738d2029bd,False,"""Kualitas di atas ekspetasi harga ""… Lihat selengkapnya","""kualitas di atas ekspetasi harga ""… lihat selengkapnya",Toyota Zenix,medium,community_context,False,,,,False,not_relevant,no_adas_keyword,,UNKNOWN,,,,,,,
rec_20e6e24a868cfbce,Toyota Zenix,Toyota Zenix owners Indonesia,https://www.facebook.com/groups/921208719233043,post_2,post_2_comment_8,post_2,comment,,,,Selamat datang Zenixer... Silahkan berbagi pengalaman dan pengetahuan anda tentang Toyota Zenix di Grup ini,https://www.facebook.com/groups/921208719233043,2026-09-18T03:18:51Z,raw_data_run_20260918_101715_601a04.csv,rec_20e6e24a868cfbce,False,Selamat datang Zenixer... Silahkan berbagi pengalaman dan pengetahuan anda tentang Toyota Zenix di Grup ini,selamat datang zenixer... silahkan berbagi pengalaman dan pengetahuan anda tentang toyota zenix di grup ini,Toyota Zenix,high,explicit_text_alias_strong,False,,,,False,not_relevant,no_adas_keyword,,UNKNOWN,,,,,,,
rec_7e2027c4a56212cb,Toyota Zenix,Toyota Zenix owners Indonesia,https://www.facebook.com/groups/921208719233043,post_2,post_2_comment_9,post_2,comment,,,,TOYOTA ZENIX Q HYBRID… Lihat selengkapnya,https://www.facebook.com/groups/921208719233043,2026-09-18T03:18:53Z,raw_data_run_20260918_101715_601a04.csv,rec_7e2027c4a56212cb,False,TOYOTA ZENIX Q HYBRID… Lihat selengkapnya,toyota zenix q hybrid… lihat selengkapnya,Toyota Zenix,high,explicit_text_alias_strong,False,,,,False,not_relevant,no_adas_keyword,,UNKNOWN,,,,,,,
rec_eb401c7af0098772,Toyota Zenix,Toyota Zenix owners Indonesia,https://www.facebook.com/groups/921208719233043,post_2,post_2_comment_10,post_2,comment,,,,"Ready Sewa Mobil
Toyota Zenix Hybrid… Lihat selengkapnya",https://www.facebook.com/groups/921208719233043,2026-09-18T03:18:55Z,raw_data_run_20260918_101715_601a04.csv,rec_eb401c7af0098772,False,Ready Sewa Mobil Toyota Zenix Hybrid… Lihat selengkapnya,ready sewa mobil toyota zenix hybrid… lihat selengkapnya,Toyota Zenix,high,explicit_text_alias_strong,False,,,,False,not_relevant,no_adas_keyword,,UNKNOWN,,,,,,,
rec_e5dcef30143e9be0,Toyota Zenix,Toyota Zenix owners Indonesia,https://www.facebook.com/groups/921208719233043,post_2,post_2_comment_11,post_2,comment,,,,Ready Sewa Mobil,https://www.facebook.com/groups/921208719233043,2026-09-18T03:18:55Z,raw_data_run_20260918_101715_601a04.csv,rec_e5dcef30143e9be0,False,Ready Sewa Mobil,ready sewa mobil,Toyota Zenix,medium,community_context,False,,,,False,not_relevant,no_adas_keyword,,UNKNOWN,,,,,,,
rec_7a0290fbe419037f,Toyota Zenix,Toyota Zenix owners Indonesia,https://www.facebook.com/groups/921208719233043,post_2,post_2_comment_12,post_2,comment,,,,Toyota Zenix Hybrid… Lihat selengkapnya,https://www.facebook.com/groups/921208719233043,2026-09-18T03:18:55Z,raw_data_run_20260918_101715_601a04.csv,rec_7a0290fbe419037f,False,Toyota Zenix Hybrid… Lihat selengkapnya,toyota zenix hybrid… lihat selengkapnya,Toyota Zenix,high,explicit_text_alias_strong,False,,,,False,not_relevant,no_adas_keyword,,UNKNOWN,,,,,,,
rec_362d5740c1d694f1,Toyota Zenix,Toyota Zenix owners Indonesia,https://www.facebook.com/groups/921208719233043,post_2,post_2_comment_13,post_2,comment,,,,"Bismillah..
Izin berniaga ya om admin..… Lihat selengkapnya",https://www.facebook.com/groups/921208719233043,2026-09-18T03:18:56Z,raw_data_run_20260918_101715_601a04.csv,rec_362d5740c1d694f1,False,Bismillah.. Izin berniaga ya om admin..… Lihat selengkapnya,bismillah.. izin berniaga ya om admin..… lihat selengkapnya,Toyota Zenix,medium,community_context,False,,,,False,not_relevant,no_adas_keyword,,UNKNOWN,,,,,,,
rec_63c6fa3b2951c812,Toyota Zenix,Toyota Zenix owners Indonesia,https://www.facebook.com/groups/921208719233043,post_2,post_2_comment_14,post_2,comment,,,,Bismillah..,https://www.facebook.com/groups/921208719233043,2026-09-18T03:18:57Z,raw_data_run_20260918_101715_601a04.csv,rec_63c6fa3b2951c812,False,Bismillah..,bismillah..,Toyota Zenix,medium,community_context,False,,,,False,not_relevant,no_adas_keyword,,UNKNOWN,,,,,,,
rec_4e0ed7a4b4654b08,Toyota Zenix,Toyota Zenix owners Indonesia,https://www.facebook.com/groups/921208719233043,post_2,post_2_comment_15,post_2,comment,,,,Izin berniaga ya om admin..… Lihat selengkapnya,https://www.facebook.com/groups/921208719233043,2026-09-18T03:18:57Z,raw_data_run_20260918_101715_601a04.csv,rec_4e0ed7a4b4654b08,False,Izin berniaga ya om admin..… Lihat selengkapnya,izin berniaga ya om admin..… lihat selengkapnya,Toyota Zenix,medium,community_context,False,,,,False,not_relevant,no_adas_keyword,,UNKNOWN,,,,,,,
rec_7b94b920691b038b,Toyota Zenix,Toyota Zenix owners Indonesia,https://www.facebook.com/groups/921208719233043,post_2,post_2_comment_16,post_2,comment,,,,"Barang ex copotan asuransi barang ORI tinggal cat ulang lagi bossku 
Silahkan diorder bossku 
untuk tanya2 silahkan hubungi wa 0895373086267
Terima kasih",https://www.facebook.com/groups/921208719233043,2026-09-18T03:18:58Z,raw_data_run_20260918_101715_601a04.csv,rec_7b94b920691b038b,False,Barang ex copotan asuransi barang ORI tinggal cat ulang lagi bossku Silahkan diorder bossku untuk tanya2 silahkan hubungi wa 0895373086267 Terima kasih,barang ex copotan asuransi barang ori tinggal cat ulang lagi bossku silahkan diorder bossku untuk tanya2 silahkan hubungi wa 0895373086267 terima kasih,Toyota Zenix,medium,community_context,False,,,,False,not_relevant,no_adas_keyword,,UNKNOWN,,,,,,,
rec_d969cb8362c70e16,Toyota Zenix,Toyota Zenix owners Indonesia,https://www.facebook.com/groups/921208719233043,post_2,post_2_comment_17,post_2,comment,,,,Barang ex copotan asuransi barang ORI tinggal cat ulang lagi bossku,https://www.facebook.com/groups/921208719233043,2026-09-18T03:18:58Z,raw_data_run_20260918_101715_601a04.csv,rec_d969cb8362c70e16,False,Barang ex copotan asuransi barang ORI tinggal cat ulang lagi bossku,barang ex copotan asuransi barang ori tinggal cat ulang lagi bossku,Toyota Zenix,medium,community_context,False,,,,False,not_relevant,no_adas_keyword,,UNKNOWN,,,,,,,
rec_8aaa0caa298737fa,Toyota Zenix,Toyota Zenix owners Indonesia,https://www.facebook.com/groups/921208719233043,post_2,post_2_comment_18,post_2,comment,,,,Silahkan diorder bossku,https://www.facebook.com/groups/921208719233043,2026-09-18T03:18:58Z,raw_data_run_20260918_101715_601a04.csv,rec_8aaa0caa298737fa,False,Silahkan diorder bossku,silahkan diorder bossku,Toyota Zenix,medium,community_context,False,,,,False,not_relevant,no_adas_keyword,,UNKNOWN,,,,,,,
rec_26a2284ad06ff56d,Toyota Zenix,Toyota Zenix owners Indonesia,https://www.facebook.com/groups/921208719233043,post_2,post_2_comment_19,post_2,comment,,,,untuk tanya2 silahkan hubungi wa 0895373086267,https://www.facebook.com/groups/921208719233043,2026-09-18T03:18:58Z,raw_data_run_20260918_101715_601a04.csv,rec_26a2284ad06ff56d,False,untuk tanya2 silahkan hubungi wa 0895373086267,untuk tanya2 silahkan hubungi wa 0895373086267,Toyota Zenix,medium,community_context,False,,,,False,not_relevant,no_adas_keyword,,UNKNOWN,,,,,,,
rec_b41cd598aa9ebf06,Toyota Zenix,Toyota Zenix owners Indonesia,https://www.facebook.com/groups/921208719233043,post_2,post_2_comment_20,post_2,comment,,,,Terima kasih,https://www.facebook.com/groups/921208719233043,2026-09-18T03:18:58Z,raw_data_run_20260918_101715_601a04.csv,rec_b41cd598aa9ebf06,False,Terima kasih,terima kasih,Toyota Zenix,medium,community_context,False,,,,False,not_relevant,no_adas_keyword,,UNKNOWN,,,,,,,
rec_ea6ac03000f4029d,Toyota Zenix,Toyota Zenix owners Indonesia,https://www.facebook.com/groups/921208719233043,post_2,post_2_comment_21,post_2,comment,,,,"Inova Q CVT hibryd modelista 2025 pemakaian 2026
Km20
pajak 3/27
An PT pribadi
Plat BK
Lihat selengkapnya",https://www.facebook.com/groups/921208719233043,2026-09-18T03:18:58Z,raw_data_run_20260918_101715_601a04.csv,rec_ea6ac03000f4029d,False,Inova Q CVT hibryd modelista 2025 pemakaian 2026 Km20 pajak 3/27 An PT pribadi Plat BK Lihat selengkapnya,inova q cvt hibryd modelista 2025 pemakaian 2026 km20 pajak 3/27 an pt pribadi plat bk lihat selengkapnya,Toyota Zenix,medium,community_context,False,,,,False,not_relevant,no_adas_keyword,,UNKNOWN,,,,,,,
rec_4eb9d71073e874e9,Toyota Zenix,Toyota Zenix owners Indonesia,https://www.facebook.com/groups/921208719233043,post_2,post_2_comment_22,post_2,comment,,,,@up semua orang,https://www.facebook.com/groups/921208719233043,2026-09-18T03:18:58Z,raw_data_run_20260918_101715_601a04.csv,rec_4eb9d71073e874e9,False,[mention] semua orang,[mention] semua orang,Toyota Zenix,medium,community_context,False,,,,False,not_relevant,no_adas_keyword,,UNKNOWN,,,,,,,
rec_44b6b57bebcd42cd,Toyota Zenix,Toyota Zenix owners Indonesia,https://www.facebook.com/groups/921208719233043,post_2,post_2_comment_23,post_2,comment,,,,"Dijual....!!!
Ban TOYO open county RT. 
Ukuran 265x50 R20. 
Tahun 2023.
Velg ORI NEXX FTA. … Lihat selengkapnya",https://www.facebook.com/groups/921208719233043,2026-09-18T03:19:00Z,raw_data_run_20260918_101715_601a04.csv,rec_44b6b57bebcd42cd,False,Dijual....!!! Ban TOYO open county RT. Ukuran 265x50 R20. Tahun 2023. Velg ORI NEXX FTA. … Lihat selengkapnya,dijual....!!! ban toyo open county rt. ukuran 265x50 r20. tahun 2023. velg ori nexx fta. … lihat selengkapnya,Toyota Zenix,medium,community_context,False,,,,False,not_relevant,no_adas_keyword,,UNKNOWN,,,,,,,
rec_cfccd1f3faa9360c,Toyota Zenix,Toyota Zenix owners Indonesia,https://www.facebook.com/groups/921208719233043,post_2,post_2_comment_24,post_2,comment,,,,Dijual....!!!,https://www.facebook.com/groups/921208719233043,2026-09-18T03:19:00Z,raw_data_run_20260918_101715_601a04.csv,rec_cfccd1f3faa9360c,False,Dijual....!!!,dijual....!!!,Toyota Zenix,medium,community_context,False,,,,False,not_relevant,no_adas_keyword,,UNKNOWN,,,,,,,
rec_d1349cf8bf0f1ecc,Toyota Zenix,Toyota Zenix owners Indonesia,https://www.facebook.com/groups/921208719233043,post_2,post_2_comment_25,post_2,comment,,,,Ban TOYO open county RT.,https://www.facebook.com/groups/921208719233043,2026-09-18T03:19:00Z,raw_data_run_20260918_101715_601a04.csv,rec_d1349cf8bf0f1ecc,False,Ban TOYO open county RT.,ban toyo open county rt.,Toyota Zenix,medium,community_context,False,,,,False,not_relevant,no_adas_keyword,,UNKNOWN,,,,,,,
rec_843ce4ff435c6a5f,Toyota Zenix,Toyota Zenix owners Indonesia,https://www.facebook.com/groups/921208719233043,post_2,post_2_comment_26,post_2,comment,,,,Ukuran 265x50 R20.,https://www.facebook.com/groups/921208719233043,2026-09-18T03:19:00Z,raw_data_run_20260918_101715_601a04.csv,rec_843ce4ff435c6a5f,False,Ukuran 265x50 R20.,ukuran 265x50 r20.,Toyota Zenix,medium,community_context,False,,,,False,not_relevant,no_adas_keyword,,UNKNOWN,,,,,,,
rec_951c436cd3f24b66,Toyota Zenix,Toyota Zenix owners Indonesia,https://www.facebook.com/groups/921208719233043,post_2,post_2_comment_27,post_2,comment,,,,Tahun 2023.,https://www.facebook.com/groups/921208719233043,2026-09-18T03:19:00Z,raw_data_run_20260918_101715_601a04.csv,rec_951c436cd3f24b66,False,Tahun 2023.,tahun 2023.,Toyota Zenix,medium,community_context,False,,,,False,not_relevant,no_adas_keyword,,UNKNOWN,,,,,,,
rec_89592f6d49a91d7c,Toyota Zenix,Toyota Zenix owners Indonesia,https://www.facebook.com/groups/921208719233043,post_2,post_2_comment_28,post_2,comment,,,,Velg ORI NEXX FTA. … Lihat selengkapnya,https://www.facebook.com/groups/921208719233043,2026-09-18T03:19:00Z,raw_data_run_20260918_101715_601a04.csv,rec_89592f6d49a91d7c,False,Velg ORI NEXX FTA. … Lihat selengkapnya,velg ori nexx fta. … lihat selengkapnya,Toyota Zenix,medium,community_context,False,,,,False,not_relevant,no_adas_keyword,,UNKNOWN,,,,,,,
rec_f904ec306a27cdb8,Toyota Zenix,Toyota Zenix owners Indonesia,https://www.facebook.com/groups/921208719233043,post_2,post_2_comment_29,post_2,comment,,,,"FOR SALE BARANG ANTIK JARANG ADA !
TOYOTA INNOVA REBORN 2026 ! ISI SOLAR DIESEL BARCODE SOLAR ADA ! 9RB KM SUPER ANTIK !
Year NIK 2025
Color Black On Brown … Lihat selengkapnya",https://www.facebook.com/groups/921208719233043,2026-09-18T03:19:01Z,raw_data_run_20260918_101715_601a04.csv,rec_f904ec306a27cdb8,False,FOR SALE BARANG ANTIK JARANG ADA ! TOYOTA INNOVA REBORN 2026 ! ISI SOLAR DIESEL BARCODE SOLAR ADA ! 9RB KM SUPER ANTIK ! Year NIK 2025 Color Black On Brown … Lihat selengkapnya,for sale barang antik jarang ada ! toyota innova reborn 2026 ! isi solar diesel barcode solar ada ! 9rb km super antik ! year nik 2025 color black on brown … lihat selengkapnya,Toyota Zenix,medium,community_context,False,,,,False,not_relevant,no_adas_keyword,,UNKNOWN,,,,,,,
rec_592346d44a82b64c,Toyota Zenix,Toyota Zenix owners Indonesia,https://www.facebook.com/groups/921208719233043,post_2,post_2_comment_30,post_2,comment,,,,FOR SALE BARANG ANTIK JARANG ADA !,https://www.facebook.com/groups/921208719233043,2026-09-18T03:19:01Z,raw_data_run_20260918_101715_601a04.csv,rec_592346d44a82b64c,False,FOR SALE BARANG ANTIK JARANG ADA !,for sale barang antik jarang ada !,Toyota Zenix,medium,community_context,False,,,,False,not_relevant,no_adas_keyword,,UNKNOWN,,,,,,,
rec_dab05986a49d5021,Toyota Zenix,Toyota Zenix owners Indonesia,https://www.facebook.com/groups/921208719233043,post_2,post_2_comment_31,post_2,comment,,,,TOYOTA INNOVA REBORN 2026 ! ISI SOLAR DIESEL BARCODE SOLAR ADA ! 9RB KM SUPER ANTIK !,https://www.facebook.com/groups/921208719233043,2026-09-18T03:19:02Z,raw_data_run_20260918_101715_601a04.csv,rec_dab05986a49d5021,False,TOYOTA INNOVA REBORN 2026 ! ISI SOLAR DIESEL BARCODE SOLAR ADA ! 9RB KM SUPER ANTIK !,toyota innova reborn 2026 ! isi solar diesel barcode solar ada ! 9rb km super antik !,Toyota Zenix,medium,community_context,False,,,,False,not_relevant,no_adas_keyword,,UNKNOWN,,,,,,,
rec_8b809e89643fd199,Toyota Zenix,Toyota Zenix owners Indonesia,https://www.facebook.com/groups/921208719233043,post_2,post_2_comment_32,post_2,comment,,,,Year NIK 2025,https://www.facebook.com/groups/921208719233043,2026-09-18T03:19:02Z,raw_data_run_20260918_101715_601a04.csv,rec_8b809e89643fd199,False,Year NIK 2025,year nik 2025,Toyota Zenix,medium,community_context,False,,,,False,not_relevant,no_adas_keyword,,UNKNOWN,,,,,,,
rec_10f06cf3c12a1824,Toyota Zenix,Toyota Zenix owners Indonesia,https://www.facebook.com/groups/921208719233043,post_2,post_2_comment_33,post_2,comment,,,,Color Black On Brown … Lihat selengkapnya,https://www.facebook.com/groups/921208719233043,2026-09-18T03:19:02Z,raw_data_run_20260918_101715_601a04.csv,rec_10f06cf3c12a1824,False,Color Black On Brown … Lihat selengkapnya,color black on brown … lihat selengkapnya,Toyota Zenix,medium,community_context,False,,,,False,not_relevant,no_adas_keyword,,UNKNOWN,,,,,,,
rec_6d04a9cda67d3eeb,Toyota Zenix,Toyota Zenix owners Indonesia,https://www.facebook.com/groups/921208719233043,post_2,post_2_comment_34,post_2,comment,,,,"Barang ex copotan asuransi barang ORI tinggal cat ulang lagi bossku 
silahkan diorder bossku 
untuk tanya2 silahkan hubungi wa 0895373086267
terima kasih",https://www.facebook.com/groups/921208719233043,2026-09-18T03:19:05Z,raw_data_run_20260918_101715_601a04.csv,rec_6d04a9cda67d3eeb,False,Barang ex copotan asuransi barang ORI tinggal cat ulang lagi bossku silahkan diorder bossku untuk tanya2 silahkan hubungi wa 0895373086267 terima kasih,barang ex copotan asuransi barang ori tinggal cat ulang lagi bossku silahkan diorder bossku untuk tanya2 silahkan hubungi wa 0895373086267 terima kasih,Toyota Zenix,medium,community_context,False,,,,False,not_relevant,no_adas_keyword,,UNKNOWN,,,,,,,
rec_d016d552d45dd099,Toyota Zenix,Toyota Zenix owners Indonesia,https://www.facebook.com/groups/921208719233043,post_2,post_2_comment_35,post_2,comment,,,,silahkan diorder bossku,https://www.facebook.com/groups/921208719233043,2026-09-18T03:19:05Z,raw_data_run_20260918_101715_601a04.csv,rec_d016d552d45dd099,False,silahkan diorder bossku,silahkan diorder bossku,Toyota Zenix,medium,community_context,False,,,,False,not_relevant,no_adas_keyword,,UNKNOWN,,,,,,,
rec_b463b5f7b47dc3ff,Toyota Zenix,Toyota Zenix owners Indonesia,https://www.facebook.com/groups/921208719233043,post_2,post_2_comment_36,post_2,comment,,,,terima kasih,https://www.facebook.com/groups/921208719233043,2026-09-18T03:19:05Z,raw_data_run_20260918_101715_601a04.csv,rec_b463b5f7b47dc3ff,False,terima kasih,terima kasih,Toyota Zenix,medium,community_context,False,,,,False,not_relevant,no_adas_keyword,,UNKNOWN,,,,,,,
rec_a4311eaefa54f97a,Toyota Zenix,Toyota Zenix owners Indonesia,https://www.facebook.com/groups/921208719233043,post_2,post_2_comment_37,post_2,comment,,,,TOYOTA ZENIX V HYBRID… Lihat selengkapnya,https://www.facebook.com/groups/921208719233043,2026-09-18T03:19:05Z,raw_data_run_20260918_101715_601a04.csv,rec_a4311eaefa54f97a,False,TOYOTA ZENIX V HYBRID… Lihat selengkapnya,toyota zenix v hybrid… lihat selengkapnya,Toyota Zenix,high,explicit_text_alias_strong,False,,,,False,not_relevant,no_adas_keyword,,UNKNOWN,,,,,,,
rec_83a68a0ea7fcd9b5,Toyota Zenix,Toyota Zenix owners Indonesia,https://www.facebook.com/groups/921208719233043,post_2,post_2_comment_38,post_2,comment,,,,"Ready Foot step rush Terios 
Bisa barang aja atau berikut pasang",https://www.facebook.com/groups/921208719233043,2026-09-18T03:19:07Z,raw_data_run_20260918_101715_601a04.csv,rec_83a68a0ea7fcd9b5,False,Ready Foot step rush Terios Bisa barang aja atau berikut pasang,ready foot step rush terios bisa barang aja atau berikut pasang,Toyota Zenix,medium,community_context,False,,,,False,not_relevant,no_adas_keyword,,UNKNOWN,,,,,,,
rec_b167c687b2d2b7f6,Toyota Zenix,Toyota Zenix owners Indonesia,https://www.facebook.com/groups/921208719233043,post_2,post_2_comment_39,post_2,comment,,,,Ready Foot step rush Terios,https://www.facebook.com/groups/921208719233043,2026-09-18T03:19:07Z,raw_data_run_20260918_101715_601a04.csv,rec_b167c687b2d2b7f6,False,Ready Foot step rush Terios,ready foot step rush terios,Toyota Zenix,medium,community_context,False,,,,False,not_relevant,no_adas_keyword,,UNKNOWN,,,,,,,
rec_bd50d4245f5732d4,Toyota Zenix,Toyota Zenix owners Indonesia,https://www.facebook.com/groups/921208719233043,post_2,post_2_comment_40,post_2,comment,,,,Bisa barang aja atau berikut pasang,https://www.facebook.com/groups/921208719233043,2026-09-18T03:19:07Z,raw_data_run_20260918_101715_601a04.csv,rec_bd50d4245f5732d4,False,Bisa barang aja atau berikut pasang,bisa barang aja atau berikut pasang,Toyota Zenix,medium,community_context,False,,,,False,not_relevant,no_adas_keyword,,UNKNOWN,,,,,,,
rec_e06231e683507f89,Toyota Zenix,Toyota Zenix owners Indonesia,https://www.facebook.com/groups/921208719233043,post_2,post_2_comment_41,post_2,comment,,,,2023 Toyota Zenix G Non Hybrid 2023 · Minivan · Jarak yang sudah ditempuh 120.000 kilometer… Lihat selengkapnya,https://www.facebook.com/groups/921208719233043,2026-09-18T03:19:08Z,raw_data_run_20260918_101715_601a04.csv,rec_e06231e683507f89,False,2023 Toyota Zenix G Non Hybrid 2023 · Minivan · Jarak yang sudah ditempuh 120.000 kilometer… Lihat selengkapnya,2023 toyota zenix g non hybrid 2023 · minivan · jarak yang sudah ditempuh 120.000 kilometer… lihat selengkapnya,Toyota Zenix,high,explicit_text_alias_strong,False,,,,False,not_relevant,no_adas_keyword,,UNKNOWN,,,,,,,
rec_c1bc92b75825729b,Toyota Zenix,Toyota Zenix owners Indonesia,https://www.facebook.com/groups/921208719233043,post_2,post_2_comment_43,post_2,comment,,,,"Asik Berfaedah edisi Wiper Depan
""Kualitas di atas ekspetasi harga
""… Lihat selengkapnya",https://www.facebook.com/groups/921208719233043,2026-09-18T03:19:12Z,raw_data_run_20260918_101715_601a04.csv,rec_c1bc92b75825729b,False,"Asik Berfaedah edisi Wiper Depan ""Kualitas di atas ekspetasi harga ""… Lihat selengkapnya","asik berfaedah edisi wiper depan ""kualitas di atas ekspetasi harga ""… lihat selengkapnya",Toyota Zenix,medium,community_context,False,,,,False,not_relevant,no_adas_keyword,,UNKNOWN,,,,,,,
rec_d0ca6c06d442a085,Toyota Zenix,Toyota Zenix owners Indonesia,https://www.facebook.com/groups/921208719233043,post_2,post_2_comment_44,post_2,comment,,,,Asik Berfaedah edisi Wiper Depan,https://www.facebook.com/groups/921208719233043,2026-09-18T03:19:12Z,raw_data_run_20260918_101715_601a04.csv,rec_d0ca6c06d442a085,False,Asik Berfaedah edisi Wiper Depan,asik berfaedah edisi wiper depan,Toyota Zenix,medium,community_context,False,,,,False,not_relevant,no_adas_keyword,,UNKNOWN,,,,,,,
rec_44b7d6dbda5f8c4a,Toyota Zenix,Toyota Zenix owners Indonesia,https://www.facebook.com/groups/921208719233043,post_2,post_2_comment_45,post_2,comment,,,,"Ready lampu LED mobil 
Cocok untuk berbagai jenis mobil
Jenis bohlamp mengikuti mobil nya",https://www.facebook.com/groups/921208719233043,2026-09-18T03:19:15Z,raw_data_run_20260918_101715_601a04.csv,rec_44b7d6dbda5f8c4a,False,Ready lampu LED mobil Cocok untuk berbagai jenis mobil Jenis bohlamp mengikuti mobil nya,ready lampu led mobil cocok untuk berbagai jenis mobil jenis bohlamp mengikuti mobil nya,Toyota Zenix,medium,community_context,False,,,,False,not_relevant,no_adas_keyword,,UNKNOWN,,,,,,,
rec_d19edf3187901e9f,Toyota Zenix,Toyota Zenix owners Indonesia,https://www.facebook.com/groups/921208719233043,post_2,post_2_comment_46,post_2,comment,,,,Ready lampu LED mobil,https://www.facebook.com/groups/921208719233043,2026-09-18T03:19:15Z,raw_data_run_20260918_101715_601a04.csv,rec_d19edf3187901e9f,False,Ready lampu LED mobil,ready lampu led mobil,Toyota Zenix,medium,community_context,False,,,,False,not_relevant,no_adas_keyword,,UNKNOWN,,,,,,,
rec_05e85a68526fa1b2,Toyota Zenix,Toyota Zenix owners Indonesia,https://www.facebook.com/groups/921208719233043,post_2,post_2_comment_47,post_2,comment,,,,Cocok untuk berbagai jenis mobil,https://www.facebook.com/groups/921208719233043,2026-09-18T03:19:15Z,raw_data_run_20260918_101715_601a04.csv,rec_05e85a68526fa1b2,False,Cocok untuk berbagai jenis mobil,cocok untuk berbagai jenis mobil,Toyota Zenix,medium,community_context,False,,,,False,not_relevant,no_adas_keyword,,UNKNOWN,,,,,,,
rec_4970341e97b88a1e,Toyota Zenix,Toyota Zenix owners Indonesia,https://www.facebook.com/groups/921208719233043,post_2,post_2_comment_48,post_2,comment,,,,Jenis bohlamp mengikuti mobil nya,https://www.facebook.com/groups/921208719233043,2026-09-18T03:19:15Z,raw_data_run_20260918_101715_601a04.csv,rec_4970341e97b88a1e,False,Jenis bohlamp mengikuti mobil nya,jenis bohlamp mengikuti mobil nya,Toyota Zenix,medium,community_context,False,,,,False,not_relevant,no_adas_keyword,,UNKNOWN,,,,,,,
rec_2bacba921db34a64,Toyota Zenix,Toyota Zenix owners Indonesia,https://www.facebook.com/groups/921208719233043,post_2,post_2_comment_49,post_2,comment,,,,ready zenix q hybrid tersedia cash/credit dan tersedia pembelian an pt/perorangan. hub 087881555358 hilfi toyota… Lihat selengkapnya,https://www.facebook.com/groups/921208719233043,2026-09-18T03:19:16Z,raw_data_run_20260918_101715_601a04.csv,rec_2bacba921db34a64,False,ready zenix q hybrid tersedia cash/credit dan tersedia pembelian an pt/perorangan. hub 087881555358 hilfi toyota… Lihat selengkapnya,ready zenix q hybrid tersedia cash/credit dan tersedia pembelian an pt/perorangan. hub 087881555358 hilfi toyota… lihat selengkapnya,Toyota Zenix,high,explicit_text_alias_strong,False,,,,False,not_relevant,no_adas_keyword,,UNKNOWN,,,,,,,
rec_9a818bcc851c165d,Toyota Zenix,Toyota Zenix owners Indonesia,https://www.facebook.com/groups/921208719233043,post_2,post_2_comment_50,post_2,comment,,,,"Jual sparepart berkualitas 
Whatsapp 
 085934378954… Lihat selengkapnya",https://www.facebook.com/groups/921208719233043,2026-09-18T03:19:18Z,raw_data_run_20260918_101715_601a04.csv,rec_9a818bcc851c165d,False,Jual sparepart berkualitas Whatsapp 085934378954… Lihat selengkapnya,jual sparepart berkualitas whatsapp 085934378954… lihat selengkapnya,Toyota Zenix,medium,community_context,False,,,,False,not_relevant,no_adas_keyword,,UNKNOWN,,,,,,,
rec_d7df8a2d9768311d,Toyota Zenix,Toyota Zenix owners Indonesia,https://www.facebook.com/groups/921208719233043,post_2,post_2_comment_51,post_2,comment,,,,Jual sparepart berkualitas,https://www.facebook.com/groups/921208719233043,2026-09-18T03:19:18Z,raw_data_run_20260918_101715_601a04.csv,rec_d7df8a2d9768311d,False,Jual sparepart berkualitas,jual sparepart berkualitas,Toyota Zenix,medium,community_context,False,,,,False,not_relevant,no_adas_keyword,,UNKNOWN,,,,,,,
rec_be33a62464777600,Toyota Zenix,Toyota Zenix owners Indonesia,https://www.facebook.com/groups/921208719233043,post_2,post_2_comment_52,post_2,comment,,,,"Whatsapp 
 085934378954… Lihat selengkapnya",https://www.facebook.com/groups/921208719233043,2026-09-18T03:19:18Z,raw_data_run_20260918_101715_601a04.csv,rec_be33a62464777600,False,Whatsapp 085934378954… Lihat selengkapnya,whatsapp 085934378954… lihat selengkapnya,Toyota Zenix,medium,community_context,False,,,,False,not_relevant,no_adas_keyword,,UNKNOWN,,,,,,,
rec_a8185a6106fe28fb,Toyota Zenix,Toyota Zenix owners Indonesia,https://www.facebook.com/groups/921208719233043,post_2,post_2_comment_53,post_2,comment,,,,Interior Zenix Type V kurangnya apa? … Lihat selengkapnya,https://www.facebook.com/groups/921208719233043,2026-09-18T03:19:20Z,raw_data_run_20260918_101715_601a04.csv,rec_a8185a6106fe28fb,False,Interior Zenix Type V kurangnya apa? … Lihat selengkapnya,interior zenix type v kurangnya apa? … lihat selengkapnya,Toyota Zenix,high,explicit_text_alias_strong,False,,,,False,not_relevant,no_adas_keyword,,UNKNOWN,,,,,,,
rec_79d3eac9b0e2077c,Toyota Zenix,Toyota Zenix owners Indonesia,https://www.facebook.com/groups/921208719233043,post_2,post_2_comment_54,post_2,comment,,,,Dashcamnya belum om,https://www.facebook.com/groups/921208719233043,2026-09-18T03:19:20Z,raw_data_run_20260918_101715_601a04.csv,rec_79d3eac9b0e2077c,False,Dashcamnya belum om,dashcamnya belum om,Toyota Zenix,medium,community_context,False,,,,False,not_relevant,no_adas_keyword,,UNKNOWN,,,,,,,
rec_d424f5605fcaf0d8,Toyota Zenix,Toyota Zenix owners Indonesia,https://www.facebook.com/groups/921208719233043,post_2,post_2_comment_55,post_2,comment,,,,"Tombol power window gak ada lampunya, belum ada cruise control",https://www.facebook.com/groups/921208719233043,2026-09-18T03:19:20Z,raw_data_run_20260918_101715_601a04.csv,rec_d424f5605fcaf0d8,False,"Tombol power window gak ada lampunya, belum ada cruise control","tombol power window gak ada lampunya, belum ada cruise control",Toyota Zenix,medium,community_context,True,Cruise Control;cruise;cruise control,"layer_a_feature_names,layer_b_functional,layer_c_indonesian",ACC,False,relevant,explicit_feature_name,high,ACC,not_stated,not_stated,question,neutral,not_stated,unclear,high
rec_4484382376658c0a,Toyota Zenix,Toyota Zenix owners Indonesia,https://www.facebook.com/groups/921208719233043,post_2,post_2_comment_56,post_2,comment,,,,"TOYOTA ZENIX V HYBRID
Mobil hybrid masa kini yang sangat irit bahan bakar, praktis dibawa kemana saja tanpa harus dicas setrum-setrum... … Lihat selengkapnya",https://www.facebook.com/groups/921208719233043,2026-09-18T03:19:21Z,raw_data_run_20260918_101715_601a04.csv,rec_4484382376658c0a,False,"TOYOTA ZENIX V HYBRID Mobil hybrid masa kini yang sangat irit bahan bakar, praktis dibawa kemana saja tanpa harus dicas setrum-setrum... … Lihat selengkapnya","toyota zenix v hybrid mobil hybrid masa kini yang sangat irit bahan bakar, praktis dibawa kemana saja tanpa harus dicas setrum-setrum... … lihat selengkapnya",Toyota Zenix,high,explicit_text_alias_strong,False,,,,False,not_relevant,no_adas_keyword,,UNKNOWN,,,,,,,
rec_ce98c27b26407475,Toyota Zenix,Toyota Zenix owners Indonesia,https://www.facebook.com/groups/921208719233043,post_2,post_2_comment_57,post_2,comment,,,,TOYOTA ZENIX V HYBRID,https://www.facebook.com/groups/921208719233043,2026-09-18T03:19:21Z,raw_data_run_20260918_101715_601a04.csv,rec_ce98c27b26407475,False,TOYOTA ZENIX V HYBRID,toyota zenix v hybrid,Toyota Zenix,high,explicit_text_alias_strong,False,,,,False,not_relevant,no_adas_keyword,,UNKNOWN,,,,,,,
rec_ca843025a7a5c532,Toyota Zenix,Toyota Zenix owners Indonesia,https://www.facebook.com/groups/921208719233043,post_2,post_2_comment_58,post_2,comment,,,,"Mobil hybrid masa kini yang sangat irit bahan bakar, praktis dibawa kemana saja tanpa harus dicas setrum-setrum... … Lihat selengkapnya",https://www.facebook.com/groups/921208719233043,2026-09-18T03:19:21Z,raw_data_run_20260918_101715_601a04.csv,rec_ca843025a7a5c532,False,"Mobil hybrid masa kini yang sangat irit bahan bakar, praktis dibawa kemana saja tanpa harus dicas setrum-setrum... … Lihat selengkapnya","mobil hybrid masa kini yang sangat irit bahan bakar, praktis dibawa kemana saja tanpa harus dicas setrum-setrum... … lihat selengkapnya",Toyota Zenix,medium,community_context,False,,,,False,not_relevant,no_adas_keyword,,UNKNOWN,,,,,,,
rec_24844119f923c465,Toyota Zenix,Toyota Zenix owners Indonesia,https://www.facebook.com/groups/921208719233043,post_2,post_2_comment_59,post_2,comment,,,,"Barang mulus beat 2023 pajak juni 2026
Lengkap surat surat
Kunci 2
Barang lokasi bandung
Hubungi Aldo - 082112050953",https://www.facebook.com/groups/921208719233043,2026-09-18T03:19:25Z,raw_data_run_20260918_101715_601a04.csv,rec_24844119f923c465,False,Barang mulus beat 2023 pajak juni 2026 Lengkap surat surat Kunci 2 Barang lokasi bandung Hubungi Aldo - 082112050953,barang mulus beat 2023 pajak juni 2026 lengkap surat surat kunci 2 barang lokasi bandung hubungi aldo - 082112050953,Toyota Zenix,medium,community_context,False,,,,False,not_relevant,no_adas_keyword,,UNKNOWN,,,,,,,
rec_0b9ab9aea8f102e8,Toyota Zenix,Toyota Zenix owners Indonesia,https://www.facebook.com/groups/921208719233043,post_2,post_2_comment_60,post_2,comment,,,,Barang mulus beat 2023 pajak juni 2026,https://www.facebook.com/groups/921208719233043,2026-09-18T03:19:25Z,raw_data_run_20260918_101715_601a04.csv,rec_0b9ab9aea8f102e8,False,Barang mulus beat 2023 pajak juni 2026,barang mulus beat 2023 pajak juni 2026,Toyota Zenix,medium,community_context,False,,,,False,not_relevant,no_adas_keyword,,UNKNOWN,,,,,,,
rec_b05b12ea99d57200,Toyota Zenix,Toyota Zenix owners Indonesia,https://www.facebook.com/groups/921208719233043,post_2,post_2_comment_61,post_2,comment,,,,Lengkap surat surat,https://www.facebook.com/groups/921208719233043,2026-09-18T03:19:25Z,raw_data_run_20260918_101715_601a04.csv,rec_b05b12ea99d57200,False,Lengkap surat surat,lengkap surat surat,Toyota Zenix,medium,community_context,False,,,,False,not_relevant,no_adas_keyword,,UNKNOWN,,,,,,,
rec_3aec374cf76ae5c0,Toyota Zenix,Toyota Zenix owners Indonesia,https://www.facebook.com/groups/921208719233043,post_2,post_2_comment_62,post_2,comment,,,,Kunci 2,https://www.facebook.com/groups/921208719233043,2026-09-18T03:19:25Z,raw_data_run_20260918_101715_601a04.csv,rec_3aec374cf76ae5c0,False,Kunci 2,kunci 2,Toyota Zenix,medium,community_context,False,,,,False,not_relevant,no_adas_keyword,,UNKNOWN,,,,,,,
rec_ffa4f268c8181c8b,Toyota Zenix,Toyota Zenix owners Indonesia,https://www.facebook.com/groups/921208719233043,post_2,post_2_comment_63,post_2,comment,,,,Barang lokasi bandung,https://www.facebook.com/groups/921208719233043,2026-09-18T03:19:25Z,raw_data_run_20260918_101715_601a04.csv,rec_ffa4f268c8181c8b,False,Barang lokasi bandung,barang lokasi bandung,Toyota Zenix,medium,community_context,False,,,,False,not_relevant,no_adas_keyword,,UNKNOWN,,,,,,,
rec_9315b806911a58e9,Toyota Zenix,Toyota Zenix owners Indonesia,https://www.facebook.com/groups/921208719233043,post_2,post_2_comment_64,post_2,comment,,,,Hubungi Aldo - 082112050953,https://www.facebook.com/groups/921208719233043,2026-09-18T03:19:25Z,raw_data_run_20260918_101715_601a04.csv,rec_9315b806911a58e9,False,Hubungi Aldo - 082112050953,hubungi aldo - 082112050953,Toyota Zenix,medium,community_context,False,,,,False,not_relevant,no_adas_keyword,,UNKNOWN,,,,,,,
rec_053912d3edc0e1c1,Toyota Zenix,Toyota Zenix owners Indonesia,https://www.facebook.com/groups/921208719233043,post_3,,,post,,,,"TOYOTA ZENIX V HYBRID
Mobil hybrid masa kini yang sangat irit bahan bakar, praktis dibawa kemana saja tanpa harus dicas setrum-setrum... … Lihat selengkapnya",https://www.facebook.com/groups/921208719233043,2026-09-18T03:19:34Z,raw_data_run_20260918_101715_601a04.csv,rec_053912d3edc0e1c1,False,"TOYOTA ZENIX V HYBRID Mobil hybrid masa kini yang sangat irit bahan bakar, praktis dibawa kemana saja tanpa harus dicas setrum-setrum... … Lihat selengkapnya","toyota zenix v hybrid mobil hybrid masa kini yang sangat irit bahan bakar, praktis dibawa kemana saja tanpa harus dicas setrum-setrum... … lihat selengkapnya",Toyota Zenix,high,explicit_text_alias_strong,False,,,,False,not_relevant,no_adas_keyword,,UNKNOWN,,,,,,,
rec_2d4dc73347247be4,Toyota Zenix,Toyota Zenix owners Indonesia,https://www.facebook.com/groups/921208719233043,post_3,post_3_comment_1,post_3,comment,,,,"Unit baru ready stock J6 & J6T
Info
Ryan
081318900444
Chery Jaksel",https://www.facebook.com/groups/921208719233043,2026-09-18T03:19:39Z,raw_data_run_20260918_101715_601a04.csv,rec_2d4dc73347247be4,False,Unit baru ready stock J6 & J6T Info Ryan 081318900444 Chery Jaksel,unit baru ready stock j6 & j6t info ryan 081318900444 chery jaksel,Toyota Zenix,medium,community_context,False,,,,False,not_relevant,no_adas_keyword,,UNKNOWN,,,,,,,
rec_0dd72aa1ddefa614,Toyota Zenix,Toyota Zenix owners Indonesia,https://www.facebook.com/groups/921208719233043,post_3,post_3_comment_2,post_3,comment,,,,Unit baru ready stock J6 & J6T,https://www.facebook.com/groups/921208719233043,2026-09-18T03:19:39Z,raw_data_run_20260918_101715_601a04.csv,rec_0dd72aa1ddefa614,False,Unit baru ready stock J6 & J6T,unit baru ready stock j6 & j6t,Toyota Zenix,medium,community_context,False,,,,False,not_relevant,no_adas_keyword,,UNKNOWN,,,,,,,
rec_bf652f76ce3b3486,Toyota Zenix,Toyota Zenix owners Indonesia,https://www.facebook.com/groups/921208719233043,post_3,post_3_comment_3,post_3,comment,,,,081318900444,https://www.facebook.com/groups/921208719233043,2026-09-18T03:19:39Z,raw_data_run_20260918_101715_601a04.csv,rec_bf652f76ce3b3486,False,081318900444,081318900444,Toyota Zenix,medium,community_context,False,,,,False,not_relevant,no_adas_keyword,,UNKNOWN,,,,,,,
rec_d230041394c704dd,Toyota Zenix,Toyota Zenix owners Indonesia,https://www.facebook.com/groups/921208719233043,post_3,post_3_comment_4,post_3,comment,,,,Chery Jaksel,https://www.facebook.com/groups/921208719233043,2026-09-18T03:19:39Z,raw_data_run_20260918_101715_601a04.csv,rec_d230041394c704dd,False,Chery Jaksel,chery jaksel,Toyota Zenix,medium,community_context,False,,,,False,not_relevant,no_adas_keyword,,UNKNOWN,,,,,,,
rec_85781bfc523a16cc,Toyota Zenix,Toyota Zenix owners Indonesia,https://www.facebook.com/groups/921208719233043,post_3,post_3_comment_5,post_3,comment,,,,Selamat datang Zenixer... Silahkan berbagi pengalaman dan pengetahuan anda tentang Toyota Zenix di Grup ini,https://www.facebook.com/groups/921208719233043,2026-09-18T03:19:39Z,raw_data_run_20260918_101715_601a04.csv,rec_85781bfc523a16cc,False,Selamat datang Zenixer... Silahkan berbagi pengalaman dan pengetahuan anda tentang Toyota Zenix di Grup ini,selamat datang zenixer... silahkan berbagi pengalaman dan pengetahuan anda tentang toyota zenix di grup ini,Toyota Zenix,high,explicit_text_alias_strong,False,,,,False,not_relevant,no_adas_keyword,,UNKNOWN,,,,,,,
rec_592650aabefe9ef6,Toyota Zenix,Toyota Zenix owners Indonesia,https://www.facebook.com/groups/921208719233043,post_3,post_3_comment_6,post_3,comment,,,,"Asik Berfaedah edisi Bohlam Sein
""Kualitas di atas ekspetasi harga
""… Lihat selengkapnya",https://www.facebook.com/groups/921208719233043,2026-09-18T03:19:43Z,raw_data_run_20260918_101715_601a04.csv,rec_592650aabefe9ef6,False,"Asik Berfaedah edisi Bohlam Sein ""Kualitas di atas ekspetasi harga ""… Lihat selengkapnya","asik berfaedah edisi bohlam sein ""kualitas di atas ekspetasi harga ""… lihat selengkapnya",Toyota Zenix,medium,community_context,False,,,,False,not_relevant,no_adas_keyword,,UNKNOWN,,,,,,,
rec_8ccc91cdb3d95a6b,Toyota Zenix,Toyota Zenix owners Indonesia,https://www.facebook.com/groups/921208719233043,post_3,post_3_comment_7,post_3,comment,,,,Asik Berfaedah edisi Bohlam Sein,https://www.facebook.com/groups/921208719233043,2026-09-18T03:19:43Z,raw_data_run_20260918_101715_601a04.csv,rec_8ccc91cdb3d95a6b,False,Asik Berfaedah edisi Bohlam Sein,asik berfaedah edisi bohlam sein,Toyota Zenix,medium,community_context,False,,,,False,not_relevant,no_adas_keyword,,UNKNOWN,,,,,,,
rec_b84ab31f0b820ab6,Toyota Zenix,Toyota Zenix owners Indonesia,https://www.facebook.com/groups/921208719233043,post_3,post_3_comment_8,post_3,comment,,,,"""Kualitas di atas ekspetasi harga
""… Lihat selengkapnya",https://www.facebook.com/groups/921208719233043,2026-09-18T03:19:43Z,raw_data_run_20260918_101715_601a04.csv,rec_b84ab31f0b820ab6,False,"""Kualitas di atas ekspetasi harga ""… Lihat selengkapnya","""kualitas di atas ekspetasi harga ""… lihat selengkapnya",Toyota Zenix,medium,community_context,False,,,,False,not_relevant,no_adas_keyword,,UNKNOWN,,,,,,,
rec_6a55bb81f961561b,Toyota Zenix,Toyota Zenix owners Indonesia,https://www.facebook.com/groups/921208719233043,post_3,post_3_comment_9,post_3,comment,,,,TOYOTA ZENIX Q HYBRID… Lihat selengkapnya,https://www.facebook.com/groups/921208719233043,2026-09-18T03:19:44Z,raw_data_run_20260918_101715_601a04.csv,rec_6a55bb81f961561b,False,TOYOTA ZENIX Q HYBRID… Lihat selengkapnya,toyota zenix q hybrid… lihat selengkapnya,Toyota Zenix,high,explicit_text_alias_strong,False,,,,False,not_relevant,no_adas_keyword,,UNKNOWN,,,,,,,
rec_8d1e702cc36a2286,Toyota Zenix,Toyota Zenix owners Indonesia,https://www.facebook.com/groups/921208719233043,post_3,post_3_comment_10,post_3,comment,,,,"Ready Sewa Mobil
Toyota Zenix Hybrid… Lihat selengkapnya",https://www.facebook.com/groups/921208719233043,2026-09-18T03:19:44Z,raw_data_run_20260918_101715_601a04.csv,rec_8d1e702cc36a2286,False,Ready Sewa Mobil Toyota Zenix Hybrid… Lihat selengkapnya,ready sewa mobil toyota zenix hybrid… lihat selengkapnya,Toyota Zenix,high,explicit_text_alias_strong,False,,,,False,not_relevant,no_adas_keyword,,UNKNOWN,,,,,,,
rec_df017595f0ac8c0a,Toyota Zenix,Toyota Zenix owners Indonesia,https://www.facebook.com/groups/921208719233043,post_3,post_3_comment_11,post_3,comment,,,,Ready Sewa Mobil,https://www.facebook.com/groups/921208719233043,2026-09-18T03:19:44Z,raw_data_run_20260918_101715_601a04.csv,rec_df017595f0ac8c0a,False,Ready Sewa Mobil,ready sewa mobil,Toyota Zenix,medium,community_context,False,,,,False,not_relevant,no_adas_keyword,,UNKNOWN,,,,,,,
rec_b4375fcd6dd50fd0,Toyota Zenix,Toyota Zenix owners Indonesia,https://www.facebook.com/groups/921208719233043,post_3,post_3_comment_12,post_3,comment,,,,Toyota Zenix Hybrid… Lihat selengkapnya,https://www.facebook.com/groups/921208719233043,2026-09-18T03:19:44Z,raw_data_run_20260918_101715_601a04.csv,rec_b4375fcd6dd50fd0,False,Toyota Zenix Hybrid… Lihat selengkapnya,toyota zenix hybrid… lihat selengkapnya,Toyota Zenix,high,explicit_text_alias_strong,False,,,,False,not_relevant,no_adas_keyword,,UNKNOWN,,,,,,,
rec_86783b504e2d584d,Toyota Zenix,Toyota Zenix owners Indonesia,https://www.facebook.com/groups/921208719233043,post_3,post_3_comment_13,post_3,comment,,,,"Bismillah..
Izin berniaga ya om admin..… Lihat selengkapnya",https://www.facebook.com/groups/921208719233043,2026-09-18T03:19:46Z,raw_data_run_20260918_101715_601a04.csv,rec_86783b504e2d584d,False,Bismillah.. Izin berniaga ya om admin..… Lihat selengkapnya,bismillah.. izin berniaga ya om admin..… lihat selengkapnya,Toyota Zenix,medium,community_context,False,,,,False,not_relevant,no_adas_keyword,,UNKNOWN,,,,,,,
rec_159f4814eb971407,Toyota Zenix,Toyota Zenix owners Indonesia,https://www.facebook.com/groups/921208719233043,post_3,post_3_comment_14,post_3,comment,,,,Bismillah..,https://www.facebook.com/groups/921208719233043,2026-09-18T03:19:46Z,raw_data_run_20260918_101715_601a04.csv,rec_159f4814eb971407,False,Bismillah..,bismillah..,Toyota Zenix,medium,community_context,False,,,,False,not_relevant,no_adas_keyword,,UNKNOWN,,,,,,,
rec_60dd4f88a9ab7883,Toyota Zenix,Toyota Zenix owners Indonesia,https://www.facebook.com/groups/921208719233043,post_3,post_3_comment_15,post_3,comment,,,,Izin berniaga ya om admin..… Lihat selengkapnya,https://www.facebook.com/groups/921208719233043,2026-09-18T03:19:46Z,raw_data_run_20260918_101715_601a04.csv,rec_60dd4f88a9ab7883,False,Izin berniaga ya om admin..… Lihat selengkapnya,izin berniaga ya om admin..… lihat selengkapnya,Toyota Zenix,medium,community_context,False,,,,False,not_relevant,no_adas_keyword,,UNKNOWN,,,,,,,
rec_dc6d4224c4bf7be3,Toyota Zenix,Toyota Zenix owners Indonesia,https://www.facebook.com/groups/921208719233043,post_3,post_3_comment_16,post_3,comment,,,,"Barang ex copotan asuransi barang ORI tinggal cat ulang lagi bossku 
Silahkan diorder bossku 
untuk tanya2 silahkan hubungi wa 0895373086267
Terima kasih",https://www.facebook.com/groups/921208719233043,2026-09-18T03:19:48Z,raw_data_run_20260918_101715_601a04.csv,rec_dc6d4224c4bf7be3,False,Barang ex copotan asuransi barang ORI tinggal cat ulang lagi bossku Silahkan diorder bossku untuk tanya2 silahkan hubungi wa 0895373086267 Terima kasih,barang ex copotan asuransi barang ori tinggal cat ulang lagi bossku silahkan diorder bossku untuk tanya2 silahkan hubungi wa 0895373086267 terima kasih,Toyota Zenix,medium,community_context,False,,,,False,not_relevant,no_adas_keyword,,UNKNOWN,,,,,,,
rec_ea451c11d68dbbb2,Toyota Zenix,Toyota Zenix owners Indonesia,https://www.facebook.com/groups/921208719233043,post_3,post_3_comment_17,post_3,comment,,,,Barang ex copotan asuransi barang ORI tinggal cat ulang lagi bossku,https://www.facebook.com/groups/921208719233043,2026-09-18T03:19:48Z,raw_data_run_20260918_101715_601a04.csv,rec_ea451c11d68dbbb2,False,Barang ex copotan asuransi barang ORI tinggal cat ulang lagi bossku,barang ex copotan asuransi barang ori tinggal cat ulang lagi bossku,Toyota Zenix,medium,community_context,False,,,,False,not_relevant,no_adas_keyword,,UNKNOWN,,,,,,,
rec_9002e7995d37db14,Toyota Zenix,Toyota Zenix owners Indonesia,https://www.facebook.com/groups/921208719233043,post_3,post_3_comment_18,post_3,comment,,,,Silahkan diorder bossku,https://www.facebook.com/groups/921208719233043,2026-09-18T03:19:48Z,raw_data_run_20260918_101715_601a04.csv,rec_9002e7995d37db14,False,Silahkan diorder bossku,silahkan diorder bossku,Toyota Zenix,medium,community_context,False,,,,False,not_relevant,no_adas_keyword,,UNKNOWN,,,,,,,
rec_d6941ca2afd5468d,Toyota Zenix,Toyota Zenix owners Indonesia,https://www.facebook.com/groups/921208719233043,post_3,post_3_comment_19,post_3,comment,,,,untuk tanya2 silahkan hubungi wa 0895373086267,https://www.facebook.com/groups/921208719233043,2026-09-18T03:19:48Z,raw_data_run_20260918_101715_601a04.csv,rec_d6941ca2afd5468d,False,untuk tanya2 silahkan hubungi wa 0895373086267,untuk tanya2 silahkan hubungi wa 0895373086267,Toyota Zenix,medium,community_context,False,,,,False,not_relevant,no_adas_keyword,,UNKNOWN,,,,,,,
rec_896c34a4c9e6d789,Toyota Zenix,Toyota Zenix owners Indonesia,https://www.facebook.com/groups/921208719233043,post_3,post_3_comment_20,post_3,comment,,,,Terima kasih,https://www.facebook.com/groups/921208719233043,2026-09-18T03:19:48Z,raw_data_run_20260918_101715_601a04.csv,rec_896c34a4c9e6d789,False,Terima kasih,terima kasih,Toyota Zenix,medium,community_context,False,,,,False,not_relevant,no_adas_keyword,,UNKNOWN,,,,,,,
rec_0380388dfb2dade3,Toyota Zenix,Toyota Zenix owners Indonesia,https://www.facebook.com/groups/921208719233043,post_3,post_3_comment_21,post_3,comment,,,,"Inova Q CVT hibryd modelista 2025 pemakaian 2026
Km20
pajak 3/27
An PT pribadi
Plat BK
Lihat selengkapnya",https://www.facebook.com/groups/921208719233043,2026-09-18T03:19:48Z,raw_data_run_20260918_101715_601a04.csv,rec_0380388dfb2dade3,False,Inova Q CVT hibryd modelista 2025 pemakaian 2026 Km20 pajak 3/27 An PT pribadi Plat BK Lihat selengkapnya,inova q cvt hibryd modelista 2025 pemakaian 2026 km20 pajak 3/27 an pt pribadi plat bk lihat selengkapnya,Toyota Zenix,medium,community_context,False,,,,False,not_relevant,no_adas_keyword,,UNKNOWN,,,,,,,
rec_222575a183b7f1b6,Toyota Zenix,Toyota Zenix owners Indonesia,https://www.facebook.com/groups/921208719233043,post_3,post_3_comment_22,post_3,comment,,,,@up semua orang,https://www.facebook.com/groups/921208719233043,2026-09-18T03:19:48Z,raw_data_run_20260918_101715_601a04.csv,rec_222575a183b7f1b6,False,[mention] semua orang,[mention] semua orang,Toyota Zenix,medium,community_context,False,,,,False,not_relevant,no_adas_keyword,,UNKNOWN,,,,,,,
rec_2871f26ba68d23f3,Toyota Zenix,Toyota Zenix owners Indonesia,https://www.facebook.com/groups/921208719233043,post_3,post_3_comment_23,post_3,comment,,,,"Dijual....!!!
Ban TOYO open county RT. 
Ukuran 265x50 R20. 
Tahun 2023.
Velg ORI NEXX FTA. … Lihat selengkapnya",https://www.facebook.com/groups/921208719233043,2026-09-18T03:19:49Z,raw_data_run_20260918_101715_601a04.csv,rec_2871f26ba68d23f3,False,Dijual....!!! Ban TOYO open county RT. Ukuran 265x50 R20. Tahun 2023. Velg ORI NEXX FTA. … Lihat selengkapnya,dijual....!!! ban toyo open county rt. ukuran 265x50 r20. tahun 2023. velg ori nexx fta. … lihat selengkapnya,Toyota Zenix,medium,community_context,False,,,,False,not_relevant,no_adas_keyword,,UNKNOWN,,,,,,,
rec_07ed26604d17a46a,Toyota Zenix,Toyota Zenix owners Indonesia,https://www.facebook.com/groups/921208719233043,post_3,post_3_comment_24,post_3,comment,,,,Dijual....!!!,https://www.facebook.com/groups/921208719233043,2026-09-18T03:19:49Z,raw_data_run_20260918_101715_601a04.csv,rec_07ed26604d17a46a,False,Dijual....!!!,dijual....!!!,Toyota Zenix,medium,community_context,False,,,,False,not_relevant,no_adas_keyword,,UNKNOWN,,,,,,,
rec_f32f93c40d8768d8,Toyota Zenix,Toyota Zenix owners Indonesia,https://www.facebook.com/groups/921208719233043,post_3,post_3_comment_25,post_3,comment,,,,Ban TOYO open county RT.,https://www.facebook.com/groups/921208719233043,2026-09-18T03:19:49Z,raw_data_run_20260918_101715_601a04.csv,rec_f32f93c40d8768d8,False,Ban TOYO open county RT.,ban toyo open county rt.,Toyota Zenix,medium,community_context,False,,,,False,not_relevant,no_adas_keyword,,UNKNOWN,,,,,,,
rec_6fb8ddac0959ecb2,Toyota Zenix,Toyota Zenix owners Indonesia,https://www.facebook.com/groups/921208719233043,post_3,post_3_comment_26,post_3,comment,,,,Ukuran 265x50 R20.,https://www.facebook.com/groups/921208719233043,2026-09-18T03:19:49Z,raw_data_run_20260918_101715_601a04.csv,rec_6fb8ddac0959ecb2,False,Ukuran 265x50 R20.,ukuran 265x50 r20.,Toyota Zenix,medium,community_context,False,,,,False,not_relevant,no_adas_keyword,,UNKNOWN,,,,,,,
rec_e630bf0470649b9d,Toyota Zenix,Toyota Zenix owners Indonesia,https://www.facebook.com/groups/921208719233043,post_3,post_3_comment_27,post_3,comment,,,,Tahun 2023.,https://www.facebook.com/groups/921208719233043,2026-09-18T03:19:49Z,raw_data_run_20260918_101715_601a04.csv,rec_e630bf0470649b9d,False,Tahun 2023.,tahun 2023.,Toyota Zenix,medium,community_context,False,,,,False,not_relevant,no_adas_keyword,,UNKNOWN,,,,,,,
rec_08974e4571b3f208,Toyota Zenix,Toyota Zenix owners Indonesia,https://www.facebook.com/groups/921208719233043,post_3,post_3_comment_28,post_3,comment,,,,Velg ORI NEXX FTA. … Lihat selengkapnya,https://www.facebook.com/groups/921208719233043,2026-09-18T03:19:49Z,raw_data_run_20260918_101715_601a04.csv,rec_08974e4571b3f208,False,Velg ORI NEXX FTA. … Lihat selengkapnya,velg ori nexx fta. … lihat selengkapnya,Toyota Zenix,medium,community_context,False,,,,False,not_relevant,no_adas_keyword,,UNKNOWN,,,,,,,
rec_878703af5f841ec0,Toyota Zenix,Toyota Zenix owners Indonesia,https://www.facebook.com/groups/921208719233043,post_3,post_3_comment_29,post_3,comment,,,,"FOR SALE BARANG ANTIK JARANG ADA !
TOYOTA INNOVA REBORN 2026 ! ISI SOLAR DIESEL BARCODE SOLAR ADA ! 9RB KM SUPER ANTIK !
Year NIK 2025
Color Black On Brown … Lihat selengkapnya",https://www.facebook.com/groups/921208719233043,2026-09-18T03:19:51Z,raw_data_run_20260918_101715_601a04.csv,rec_878703af5f841ec0,False,FOR SALE BARANG ANTIK JARANG ADA ! TOYOTA INNOVA REBORN 2026 ! ISI SOLAR DIESEL BARCODE SOLAR ADA ! 9RB KM SUPER ANTIK ! Year NIK 2025 Color Black On Brown … Lihat selengkapnya,for sale barang antik jarang ada ! toyota innova reborn 2026 ! isi solar diesel barcode solar ada ! 9rb km super antik ! year nik 2025 color black on brown … lihat selengkapnya,Toyota Zenix,medium,community_context,False,,,,False,not_relevant,no_adas_keyword,,UNKNOWN,,,,,,,
rec_e397e97a4b652f91,Toyota Zenix,Toyota Zenix owners Indonesia,https://www.facebook.com/groups/921208719233043,post_3,post_3_comment_30,post_3,comment,,,,FOR SALE BARANG ANTIK JARANG ADA !,https://www.facebook.com/groups/921208719233043,2026-09-18T03:19:51Z,raw_data_run_20260918_101715_601a04.csv,rec_e397e97a4b652f91,False,FOR SALE BARANG ANTIK JARANG ADA !,for sale barang antik jarang ada !,Toyota Zenix,medium,community_context,False,,,,False,not_relevant,no_adas_keyword,,UNKNOWN,,,,,,,
rec_8661eb9b6de80f8d,Toyota Zenix,Toyota Zenix owners Indonesia,https://www.facebook.com/groups/921208719233043,post_3,post_3_comment_31,post_3,comment,,,,TOYOTA INNOVA REBORN 2026 ! ISI SOLAR DIESEL BARCODE SOLAR ADA ! 9RB KM SUPER ANTIK !,https://www.facebook.com/groups/921208719233043,2026-09-18T03:19:51Z,raw_data_run_20260918_101715_601a04.csv,rec_8661eb9b6de80f8d,False,TOYOTA INNOVA REBORN 2026 ! ISI SOLAR DIESEL BARCODE SOLAR ADA ! 9RB KM SUPER ANTIK !,toyota innova reborn 2026 ! isi solar diesel barcode solar ada ! 9rb km super antik !,Toyota Zenix,medium,community_context,False,,,,False,not_relevant,no_adas_keyword,,UNKNOWN,,,,,,,
rec_69bbbc4da389a818,Toyota Zenix,Toyota Zenix owners Indonesia,https://www.facebook.com/groups/921208719233043,post_3,post_3_comment_32,post_3,comment,,,,Year NIK 2025,https://www.facebook.com/groups/921208719233043,2026-09-18T03:19:51Z,raw_data_run_20260918_101715_601a04.csv,rec_69bbbc4da389a818,False,Year NIK 2025,year nik 2025,Toyota Zenix,medium,community_context,False,,,,False,not_relevant,no_adas_keyword,,UNKNOWN,,,,,,,
rec_31c80ea39c721a67,Toyota Zenix,Toyota Zenix owners Indonesia,https://www.facebook.com/groups/921208719233043,post_3,post_3_comment_33,post_3,comment,,,,Color Black On Brown … Lihat selengkapnya,https://www.facebook.com/groups/921208719233043,2026-09-18T03:19:51Z,raw_data_run_20260918_101715_601a04.csv,rec_31c80ea39c721a67,False,Color Black On Brown … Lihat selengkapnya,color black on brown … lihat selengkapnya,Toyota Zenix,medium,community_context,False,,,,False,not_relevant,no_adas_keyword,,UNKNOWN,,,,,,,
rec_e8685fca112b0c2b,Toyota Zenix,Toyota Zenix owners Indonesia,https://www.facebook.com/groups/921208719233043,post_3,post_3_comment_34,post_3,comment,,,,"Barang ex copotan asuransi barang ORI tinggal cat ulang lagi bossku 
silahkan diorder bossku 
untuk tanya2 silahkan hubungi wa 0895373086267
terima kasih",https://www.facebook.com/groups/921208719233043,2026-09-18T03:19:54Z,raw_data_run_20260918_101715_601a04.csv,rec_e8685fca112b0c2b,False,Barang ex copotan asuransi barang ORI tinggal cat ulang lagi bossku silahkan diorder bossku untuk tanya2 silahkan hubungi wa 0895373086267 terima kasih,barang ex copotan asuransi barang ori tinggal cat ulang lagi bossku silahkan diorder bossku untuk tanya2 silahkan hubungi wa 0895373086267 terima kasih,Toyota Zenix,medium,community_context,False,,,,False,not_relevant,no_adas_keyword,,UNKNOWN,,,,,,,
rec_0ddb8650e60b3f90,Toyota Zenix,Toyota Zenix owners Indonesia,https://www.facebook.com/groups/921208719233043,post_3,post_3_comment_35,post_3,comment,,,,silahkan diorder bossku,https://www.facebook.com/groups/921208719233043,2026-09-18T03:19:54Z,raw_data_run_20260918_101715_601a04.csv,rec_0ddb8650e60b3f90,False,silahkan diorder bossku,silahkan diorder bossku,Toyota Zenix,medium,community_context,False,,,,False,not_relevant,no_adas_keyword,,UNKNOWN,,,,,,,
rec_19ad53889c6326f8,Toyota Zenix,Toyota Zenix owners Indonesia,https://www.facebook.com/groups/921208719233043,post_3,post_3_comment_36,post_3,comment,,,,terima kasih,https://www.facebook.com/groups/921208719233043,2026-09-18T03:19:54Z,raw_data_run_20260918_101715_601a04.csv,rec_19ad53889c6326f8,False,terima kasih,terima kasih,Toyota Zenix,medium,community_context,False,,,,False,not_relevant,no_adas_keyword,,UNKNOWN,,,,,,,
rec_1726414f91fb42d5,Toyota Zenix,Toyota Zenix owners Indonesia,https://www.facebook.com/groups/921208719233043,post_3,post_3_comment_37,post_3,comment,,,,TOYOTA ZENIX V HYBRID… Lihat selengkapnya,https://www.facebook.com/groups/921208719233043,2026-09-18T03:19:54Z,raw_data_run_20260918_101715_601a04.csv,rec_1726414f91fb42d5,False,TOYOTA ZENIX V HYBRID… Lihat selengkapnya,toyota zenix v hybrid… lihat selengkapnya,Toyota Zenix,high,explicit_text_alias_strong,False,,,,False,not_relevant,no_adas_keyword,,UNKNOWN,,,,,,,
rec_95f4a19b3932eec1,Toyota Zenix,Toyota Zenix owners Indonesia,https://www.facebook.com/groups/921208719233043,post_3,post_3_comment_38,post_3,comment,,,,"Ready Foot step rush Terios 
Bisa barang aja atau berikut pasang",https://www.facebook.com/groups/921208719233043,2026-09-18T03:19:56Z,raw_data_run_20260918_101715_601a04.csv,rec_95f4a19b3932eec1,False,Ready Foot step rush Terios Bisa barang aja atau berikut pasang,ready foot step rush terios bisa barang aja atau berikut pasang,Toyota Zenix,medium,community_context,False,,,,False,not_relevant,no_adas_keyword,,UNKNOWN,,,,,,,
rec_02c97ac666b6bb45,Toyota Zenix,Toyota Zenix owners Indonesia,https://www.facebook.com/groups/921208719233043,post_3,post_3_comment_39,post_3,comment,,,,Ready Foot step rush Terios,https://www.facebook.com/groups/921208719233043,2026-09-18T03:19:56Z,raw_data_run_20260918_101715_601a04.csv,rec_02c97ac666b6bb45,False,Ready Foot step rush Terios,ready foot step rush terios,Toyota Zenix,medium,community_context,False,,,,False,not_relevant,no_adas_keyword,,UNKNOWN,,,,,,,
rec_d98b52b63466996f,Toyota Zenix,Toyota Zenix owners Indonesia,https://www.facebook.com/groups/921208719233043,post_3,post_3_comment_40,post_3,comment,,,,Bisa barang aja atau berikut pasang,https://www.facebook.com/groups/921208719233043,2026-09-18T03:19:56Z,raw_data_run_20260918_101715_601a04.csv,rec_d98b52b63466996f,False,Bisa barang aja atau berikut pasang,bisa barang aja atau berikut pasang,Toyota Zenix,medium,community_context,False,,,,False,not_relevant,no_adas_keyword,,UNKNOWN,,,,,,,
rec_0aca16c3c1592309,Toyota Zenix,Toyota Zenix owners Indonesia,https://www.facebook.com/groups/921208719233043,post_3,post_3_comment_41,post_3,comment,,,,2023 Toyota Zenix G Non Hybrid 2023 · Minivan · Jarak yang sudah ditempuh 120.000 kilometer… Lihat selengkapnya,https://www.facebook.com/groups/921208719233043,2026-09-18T03:19:58Z,raw_data_run_20260918_101715_601a04.csv,rec_0aca16c3c1592309,False,2023 Toyota Zenix G Non Hybrid 2023 · Minivan · Jarak yang sudah ditempuh 120.000 kilometer… Lihat selengkapnya,2023 toyota zenix g non hybrid 2023 · minivan · jarak yang sudah ditempuh 120.000 kilometer… lihat selengkapnya,Toyota Zenix,high,explicit_text_alias_strong,False,,,,False,not_relevant,no_adas_keyword,,UNKNOWN,,,,,,,
rec_274e08ba4b22aad8,Toyota Zenix,Toyota Zenix owners Indonesia,https://www.facebook.com/groups/921208719233043,post_3,post_3_comment_43,post_3,comment,,,,"Asik Berfaedah edisi Wiper Depan
""Kualitas di atas ekspetasi harga
""… Lihat selengkapnya",https://www.facebook.com/groups/921208719233043,2026-09-18T03:20:01Z,raw_data_run_20260918_101715_601a04.csv,rec_274e08ba4b22aad8,False,"Asik Berfaedah edisi Wiper Depan ""Kualitas di atas ekspetasi harga ""… Lihat selengkapnya","asik berfaedah edisi wiper depan ""kualitas di atas ekspetasi harga ""… lihat selengkapnya",Toyota Zenix,medium,community_context,False,,,,False,not_relevant,no_adas_keyword,,UNKNOWN,,,,,,,
rec_03632b7a6d1948b2,Toyota Zenix,Toyota Zenix owners Indonesia,https://www.facebook.com/groups/921208719233043,post_3,post_3_comment_44,post_3,comment,,,,Asik Berfaedah edisi Wiper Depan,https://www.facebook.com/groups/921208719233043,2026-09-18T03:20:01Z,raw_data_run_20260918_101715_601a04.csv,rec_03632b7a6d1948b2,False,Asik Berfaedah edisi Wiper Depan,asik berfaedah edisi wiper depan,Toyota Zenix,medium,community_context,False,,,,False,not_relevant,no_adas_keyword,,UNKNOWN,,,,,,,
rec_c20158c1ae92daeb,Toyota Zenix,Toyota Zenix owners Indonesia,https://www.facebook.com/groups/921208719233043,post_3,post_3_comment_45,post_3,comment,,,,"Ready lampu LED mobil 
Cocok untuk berbagai jenis mobil
Jenis bohlamp mengikuti mobil nya",https://www.facebook.com/groups/921208719233043,2026-09-18T03:20:04Z,raw_data_run_20260918_101715_601a04.csv,rec_c20158c1ae92daeb,False,Ready lampu LED mobil Cocok untuk berbagai jenis mobil Jenis bohlamp mengikuti mobil nya,ready lampu led mobil cocok untuk berbagai jenis mobil jenis bohlamp mengikuti mobil nya,Toyota Zenix,medium,community_context,False,,,,False,not_relevant,no_adas_keyword,,UNKNOWN,,,,,,,
rec_b91ec1527935d8eb,Toyota Zenix,Toyota Zenix owners Indonesia,https://www.facebook.com/groups/921208719233043,post_3,post_3_comment_46,post_3,comment,,,,Ready lampu LED mobil,https://www.facebook.com/groups/921208719233043,2026-09-18T03:20:04Z,raw_data_run_20260918_101715_601a04.csv,rec_b91ec1527935d8eb,False,Ready lampu LED mobil,ready lampu led mobil,Toyota Zenix,medium,community_context,False,,,,False,not_relevant,no_adas_keyword,,UNKNOWN,,,,,,,
rec_1e2e9f7ae9e8d142,Toyota Zenix,Toyota Zenix owners Indonesia,https://www.facebook.com/groups/921208719233043,post_3,post_3_comment_47,post_3,comment,,,,Cocok untuk berbagai jenis mobil,https://www.facebook.com/groups/921208719233043,2026-09-18T03:20:04Z,raw_data_run_20260918_101715_601a04.csv,rec_1e2e9f7ae9e8d142,False,Cocok untuk berbagai jenis mobil,cocok untuk berbagai jenis mobil,Toyota Zenix,medium,community_context,False,,,,False,not_relevant,no_adas_keyword,,UNKNOWN,,,,,,,
rec_99e6d8c6cbd93edf,Toyota Zenix,Toyota Zenix owners Indonesia,https://www.facebook.com/groups/921208719233043,post_3,post_3_comment_48,post_3,comment,,,,Jenis bohlamp mengikuti mobil nya,https://www.facebook.com/groups/921208719233043,2026-09-18T03:20:04Z,raw_data_run_20260918_101715_601a04.csv,rec_99e6d8c6cbd93edf,False,Jenis bohlamp mengikuti mobil nya,jenis bohlamp mengikuti mobil nya,Toyota Zenix,medium,community_context,False,,,,False,not_relevant,no_adas_keyword,,UNKNOWN,,,,,,,
rec_fbe39f8d80d12aa7,Toyota Zenix,Toyota Zenix owners Indonesia,https://www.facebook.com/groups/921208719233043,post_3,post_3_comment_49,post_3,comment,,,,ready zenix q hybrid tersedia cash/credit dan tersedia pembelian an pt/perorangan. hub 087881555358 hilfi toyota… Lihat selengkapnya,https://www.facebook.com/groups/921208719233043,2026-09-18T03:20:06Z,raw_data_run_20260918_101715_601a04.csv,rec_fbe39f8d80d12aa7,False,ready zenix q hybrid tersedia cash/credit dan tersedia pembelian an pt/perorangan. hub 087881555358 hilfi toyota… Lihat selengkapnya,ready zenix q hybrid tersedia cash/credit dan tersedia pembelian an pt/perorangan. hub 087881555358 hilfi toyota… lihat selengkapnya,Toyota Zenix,high,explicit_text_alias_strong,False,,,,False,not_relevant,no_adas_keyword,,UNKNOWN,,,,,,,
rec_4a05cbd2accae86f,Toyota Zenix,Toyota Zenix owners Indonesia,https://www.facebook.com/groups/921208719233043,post_3,post_3_comment_50,post_3,comment,,,,"Jual sparepart berkualitas 
Whatsapp 
 085934378954… Lihat selengkapnya",https://www.facebook.com/groups/921208719233043,2026-09-18T03:20:08Z,raw_data_run_20260918_101715_601a04.csv,rec_4a05cbd2accae86f,False,Jual sparepart berkualitas Whatsapp 085934378954… Lihat selengkapnya,jual sparepart berkualitas whatsapp 085934378954… lihat selengkapnya,Toyota Zenix,medium,community_context,False,,,,False,not_relevant,no_adas_keyword,,UNKNOWN,,,,,,,
rec_1206c54e9a830a96,Toyota Zenix,Toyota Zenix owners Indonesia,https://www.facebook.com/groups/921208719233043,post_3,post_3_comment_51,post_3,comment,,,,Jual sparepart berkualitas,https://www.facebook.com/groups/921208719233043,2026-09-18T03:20:08Z,raw_data_run_20260918_101715_601a04.csv,rec_1206c54e9a830a96,False,Jual sparepart berkualitas,jual sparepart berkualitas,Toyota Zenix,medium,community_context,False,,,,False,not_relevant,no_adas_keyword,,UNKNOWN,,,,,,,
rec_99c1a20a28f54e24,Toyota Zenix,Toyota Zenix owners Indonesia,https://www.facebook.com/groups/921208719233043,post_3,post_3_comment_52,post_3,comment,,,,"Whatsapp 
 085934378954… Lihat selengkapnya",https://www.facebook.com/groups/921208719233043,2026-09-18T03:20:08Z,raw_data_run_20260918_101715_601a04.csv,rec_99c1a20a28f54e24,False,Whatsapp 085934378954… Lihat selengkapnya,whatsapp 085934378954… lihat selengkapnya,Toyota Zenix,medium,community_context,False,,,,False,not_relevant,no_adas_keyword,,UNKNOWN,,,,,,,
rec_064fe54be7a526f4,Toyota Zenix,Toyota Zenix owners Indonesia,https://www.facebook.com/groups/921208719233043,post_3,post_3_comment_53,post_3,comment,,,,Interior Zenix Type V kurangnya apa? … Lihat selengkapnya,https://www.facebook.com/groups/921208719233043,2026-09-18T03:20:09Z,raw_data_run_20260918_101715_601a04.csv,rec_064fe54be7a526f4,False,Interior Zenix Type V kurangnya apa? … Lihat selengkapnya,interior zenix type v kurangnya apa? … lihat selengkapnya,Toyota Zenix,high,explicit_text_alias_strong,False,,,,False,not_relevant,no_adas_keyword,,UNKNOWN,,,,,,,
rec_002cfb4a165476c6,Toyota Zenix,Toyota Zenix owners Indonesia,https://www.facebook.com/groups/921208719233043,post_3,post_3_comment_54,post_3,comment,,,,Dashcamnya belum om,https://www.facebook.com/groups/921208719233043,2026-09-18T03:20:09Z,raw_data_run_20260918_101715_601a04.csv,rec_002cfb4a165476c6,False,Dashcamnya belum om,dashcamnya belum om,Toyota Zenix,medium,community_context,False,,,,False,not_relevant,no_adas_keyword,,UNKNOWN,,,,,,,
rec_129361c34e460f80,Toyota Zenix,Toyota Zenix owners Indonesia,https://www.facebook.com/groups/921208719233043,post_3,post_3_comment_55,post_3,comment,,,,"Tombol power window gak ada lampunya, belum ada cruise control",https://www.facebook.com/groups/921208719233043,2026-09-18T03:20:09Z,raw_data_run_20260918_101715_601a04.csv,rec_129361c34e460f80,False,"Tombol power window gak ada lampunya, belum ada cruise control","tombol power window gak ada lampunya, belum ada cruise control",Toyota Zenix,medium,community_context,True,Cruise Control;cruise;cruise control,"layer_a_feature_names,layer_b_functional,layer_c_indonesian",ACC,False,relevant,explicit_feature_name,high,ACC,not_stated,not_stated,question,neutral,not_stated,unclear,high
rec_9eacc088529026b2,Toyota Zenix,Toyota Zenix owners Indonesia,https://www.facebook.com/groups/921208719233043,post_3,post_3_comment_56,post_3,comment,,,,"TOYOTA ZENIX V HYBRID
Mobil hybrid masa kini yang sangat irit bahan bakar, praktis dibawa kemana saja tanpa harus dicas setrum-setrum... … Lihat selengkapnya",https://www.facebook.com/groups/921208719233043,2026-09-18T03:20:11Z,raw_data_run_20260918_101715_601a04.csv,rec_9eacc088529026b2,False,"TOYOTA ZENIX V HYBRID Mobil hybrid masa kini yang sangat irit bahan bakar, praktis dibawa kemana saja tanpa harus dicas setrum-setrum... … Lihat selengkapnya","toyota zenix v hybrid mobil hybrid masa kini yang sangat irit bahan bakar, praktis dibawa kemana saja tanpa harus dicas setrum-setrum... … lihat selengkapnya",Toyota Zenix,high,explicit_text_alias_strong,False,,,,False,not_relevant,no_adas_keyword,,UNKNOWN,,,,,,,
rec_1f16d6791620fd32,Toyota Zenix,Toyota Zenix owners Indonesia,https://www.facebook.com/groups/921208719233043,post_3,post_3_comment_57,post_3,comment,,,,TOYOTA ZENIX V HYBRID,https://www.facebook.com/groups/921208719233043,2026-09-18T03:20:11Z,raw_data_run_20260918_101715_601a04.csv,rec_1f16d6791620fd32,False,TOYOTA ZENIX V HYBRID,toyota zenix v hybrid,Toyota Zenix,high,explicit_text_alias_strong,False,,,,False,not_relevant,no_adas_keyword,,UNKNOWN,,,,,,,
rec_5aa90ec5113b3a3a,Toyota Zenix,Toyota Zenix owners Indonesia,https://www.facebook.com/groups/921208719233043,post_3,post_3_comment_58,post_3,comment,,,,"Mobil hybrid masa kini yang sangat irit bahan bakar, praktis dibawa kemana saja tanpa harus dicas setrum-setrum... … Lihat selengkapnya",https://www.facebook.com/groups/921208719233043,2026-09-18T03:20:11Z,raw_data_run_20260918_101715_601a04.csv,rec_5aa90ec5113b3a3a,False,"Mobil hybrid masa kini yang sangat irit bahan bakar, praktis dibawa kemana saja tanpa harus dicas setrum-setrum... … Lihat selengkapnya","mobil hybrid masa kini yang sangat irit bahan bakar, praktis dibawa kemana saja tanpa harus dicas setrum-setrum... … lihat selengkapnya",Toyota Zenix,medium,community_context,False,,,,False,not_relevant,no_adas_keyword,,UNKNOWN,,,,,,,
rec_4a9fd7ebe5250533,Toyota Zenix,Toyota Zenix owners Indonesia,https://www.facebook.com/groups/921208719233043,post_3,post_3_comment_59,post_3,comment,,,,"Barang mulus beat 2023 pajak juni 2026
Lengkap surat surat
Kunci 2
Barang lokasi bandung
Hubungi Aldo - 082112050953",https://www.facebook.com/groups/921208719233043,2026-09-18T03:20:14Z,raw_data_run_20260918_101715_601a04.csv,rec_4a9fd7ebe5250533,False,Barang mulus beat 2023 pajak juni 2026 Lengkap surat surat Kunci 2 Barang lokasi bandung Hubungi Aldo - 082112050953,barang mulus beat 2023 pajak juni 2026 lengkap surat surat kunci 2 barang lokasi bandung hubungi aldo - 082112050953,Toyota Zenix,medium,community_context,False,,,,False,not_relevant,no_adas_keyword,,UNKNOWN,,,,,,,
rec_877da60f871d1abd,Toyota Zenix,Toyota Zenix owners Indonesia,https://www.facebook.com/groups/921208719233043,post_3,post_3_comment_60,post_3,comment,,,,Barang mulus beat 2023 pajak juni 2026,https://www.facebook.com/groups/921208719233043,2026-09-18T03:20:14Z,raw_data_run_20260918_101715_601a04.csv,rec_877da60f871d1abd,False,Barang mulus beat 2023 pajak juni 2026,barang mulus beat 2023 pajak juni 2026,Toyota Zenix,medium,community_context,False,,,,False,not_relevant,no_adas_keyword,,UNKNOWN,,,,,,,
rec_efc421b2f46e6be4,Toyota Zenix,Toyota Zenix owners Indonesia,https://www.facebook.com/groups/921208719233043,post_3,post_3_comment_61,post_3,comment,,,,Lengkap surat surat,https://www.facebook.com/groups/921208719233043,2026-09-18T03:20:14Z,raw_data_run_20260918_101715_601a04.csv,rec_efc421b2f46e6be4,False,Lengkap surat surat,lengkap surat surat,Toyota Zenix,medium,community_context,False,,,,False,not_relevant,no_adas_keyword,,UNKNOWN,,,,,,,
rec_9edfdb901004c2e1,Toyota Zenix,Toyota Zenix owners Indonesia,https://www.facebook.com/groups/921208719233043,post_3,post_3_comment_62,post_3,comment,,,,Kunci 2,https://www.facebook.com/groups/921208719233043,2026-09-18T03:20:14Z,raw_data_run_20260918_101715_601a04.csv,rec_9edfdb901004c2e1,False,Kunci 2,kunci 2,Toyota Zenix,medium,community_context,False,,,,False,not_relevant,no_adas_keyword,,UNKNOWN,,,,,,,
rec_a738defbb15989f1,Toyota Zenix,Toyota Zenix owners Indonesia,https://www.facebook.com/groups/921208719233043,post_3,post_3_comment_63,post_3,comment,,,,Barang lokasi bandung,https://www.facebook.com/groups/921208719233043,2026-09-18T03:20:14Z,raw_data_run_20260918_101715_601a04.csv,rec_a738defbb15989f1,False,Barang lokasi bandung,barang lokasi bandung,Toyota Zenix,medium,community_context,False,,,,False,not_relevant,no_adas_keyword,,UNKNOWN,,,,,,,
rec_351fe9411566dc06,Toyota Zenix,Toyota Zenix owners Indonesia,https://www.facebook.com/groups/921208719233043,post_3,post_3_comment_64,post_3,comment,,,,Hubungi Aldo - 082112050953,https://www.facebook.com/groups/921208719233043,2026-09-18T03:20:14Z,raw_data_run_20260918_101715_601a04.csv,rec_351fe9411566dc06,False,Hubungi Aldo - 082112050953,hubungi aldo - 082112050953,Toyota Zenix,medium,community_context,False,,,,False,not_relevant,no_adas_keyword,,UNKNOWN,,,,,,,
rec_9fe47b32a74b5df8,Toyota Zenix,Toyota Zenix owners Indonesia,https://www.facebook.com/groups/921208719233043,post_4,,,post,,,,"Mobil hybrid masa kini yang sangat irit bahan bakar, praktis dibawa kemana saja tanpa harus dicas setrum-setrum... … Lihat selengkapnya",https://www.facebook.com/groups/921208719233043,2026-09-18T03:20:14Z,raw_data_run_20260918_101715_601a04.csv,rec_9fe47b32a74b5df8,False,"Mobil hybrid masa kini yang sangat irit bahan bakar, praktis dibawa kemana saja tanpa harus dicas setrum-setrum... … Lihat selengkapnya","mobil hybrid masa kini yang sangat irit bahan bakar, praktis dibawa kemana saja tanpa harus dicas setrum-setrum... … lihat selengkapnya",Toyota Zenix,medium,community_context,False,,,,False,not_relevant,no_adas_keyword,,UNKNOWN,,,,,,,
rec_2223b7b4c3663c98,Toyota Zenix,Toyota Zenix owners Indonesia,https://www.facebook.com/groups/921208719233043,post_4,post_4_comment_1,post_4,comment,,,,"Unit baru ready stock J6 & J6T
Info
Ryan
081318900444
Chery Jaksel",https://www.facebook.com/groups/921208719233043,2026-09-18T03:20:18Z,raw_data_run_20260918_101715_601a04.csv,rec_2223b7b4c3663c98,False,Unit baru ready stock J6 & J6T Info Ryan 081318900444 Chery Jaksel,unit baru ready stock j6 & j6t info ryan 081318900444 chery jaksel,Toyota Zenix,medium,community_context,False,,,,False,not_relevant,no_adas_keyword,,UNKNOWN,,,,,,,
rec_40ba919586e28e56,Toyota Zenix,Toyota Zenix owners Indonesia,https://www.facebook.com/groups/921208719233043,post_4,post_4_comment_2,post_4,comment,,,,Unit baru ready stock J6 & J6T,https://www.facebook.com/groups/921208719233043,2026-09-18T03:20:18Z,raw_data_run_20260918_101715_601a04.csv,rec_40ba919586e28e56,False,Unit baru ready stock J6 & J6T,unit baru ready stock j6 & j6t,Toyota Zenix,medium,community_context,False,,,,False,not_relevant,no_adas_keyword,,UNKNOWN,,,,,,,
rec_21aac3bfb683d884,Toyota Zenix,Toyota Zenix owners Indonesia,https://www.facebook.com/groups/921208719233043,post_4,post_4_comment_3,post_4,comment,,,,081318900444,https://www.facebook.com/groups/921208719233043,2026-09-18T03:20:19Z,raw_data_run_20260918_101715_601a04.csv,rec_21aac3bfb683d884,False,081318900444,081318900444,Toyota Zenix,medium,community_context,False,,,,False,not_relevant,no_adas_keyword,,UNKNOWN,,,,,,,
rec_870ce2e6e8353821,Toyota Zenix,Toyota Zenix owners Indonesia,https://www.facebook.com/groups/921208719233043,post_4,post_4_comment_4,post_4,comment,,,,Chery Jaksel,https://www.facebook.com/groups/921208719233043,2026-09-18T03:20:19Z,raw_data_run_20260918_101715_601a04.csv,rec_870ce2e6e8353821,False,Chery Jaksel,chery jaksel,Toyota Zenix,medium,community_context,False,,,,False,not_relevant,no_adas_keyword,,UNKNOWN,,,,,,,
rec_fd3d813fe095fd65,Toyota Zenix,Toyota Zenix owners Indonesia,https://www.facebook.com/groups/921208719233043,post_4,post_4_comment_5,post_4,comment,,,,"Asik Berfaedah edisi Bohlam Sein
""Kualitas di atas ekspetasi harga
""… Lihat selengkapnya",https://www.facebook.com/groups/921208719233043,2026-09-18T03:20:19Z,raw_data_run_20260918_101715_601a04.csv,rec_fd3d813fe095fd65,False,"Asik Berfaedah edisi Bohlam Sein ""Kualitas di atas ekspetasi harga ""… Lihat selengkapnya","asik berfaedah edisi bohlam sein ""kualitas di atas ekspetasi harga ""… lihat selengkapnya",Toyota Zenix,medium,community_context,False,,,,False,not_relevant,no_adas_keyword,,UNKNOWN,,,,,,,
rec_e8a088647742eea7,Toyota Zenix,Toyota Zenix owners Indonesia,https://www.facebook.com/groups/921208719233043,post_4,post_4_comment_6,post_4,comment,,,,Asik Berfaedah edisi Bohlam Sein,https://www.facebook.com/groups/921208719233043,2026-09-18T03:20:19Z,raw_data_run_20260918_101715_601a04.csv,rec_e8a088647742eea7,False,Asik Berfaedah edisi Bohlam Sein,asik berfaedah edisi bohlam sein,Toyota Zenix,medium,community_context,False,,,,False,not_relevant,no_adas_keyword,,UNKNOWN,,,,,,,
rec_6a7caec09d03b174,Toyota Zenix,Toyota Zenix owners Indonesia,https://www.facebook.com/groups/921208719233043,post_4,post_4_comment_7,post_4,comment,,,,"""Kualitas di atas ekspetasi harga
""… Lihat selengkapnya",https://www.facebook.com/groups/921208719233043,2026-09-18T03:20:19Z,raw_data_run_20260918_101715_601a04.csv,rec_6a7caec09d03b174,False,"""Kualitas di atas ekspetasi harga ""… Lihat selengkapnya","""kualitas di atas ekspetasi harga ""… lihat selengkapnya",Toyota Zenix,medium,community_context,False,,,,False,not_relevant,no_adas_keyword,,UNKNOWN,,,,,,,
rec_f7a9521f71ca8b7d,Toyota Zenix,Toyota Zenix owners Indonesia,https://www.facebook.com/groups/921208719233043,post_4,post_4_comment_8,post_4,comment,,,,Selamat datang Zenixer... Silahkan berbagi pengalaman dan pengetahuan anda tentang Toyota Zenix di Grup ini,https://www.facebook.com/groups/921208719233043,2026-09-18T03:20:19Z,raw_data_run_20260918_101715_601a04.csv,rec_f7a9521f71ca8b7d,False,Selamat datang Zenixer... Silahkan berbagi pengalaman dan pengetahuan anda tentang Toyota Zenix di Grup ini,selamat datang zenixer... silahkan berbagi pengalaman dan pengetahuan anda tentang toyota zenix di grup ini,Toyota Zenix,high,explicit_text_alias_strong,False,,,,False,not_relevant,no_adas_keyword,,UNKNOWN,,,,,,,
rec_af2bc75075bcddbb,Toyota Zenix,Toyota Zenix owners Indonesia,https://www.facebook.com/groups/921208719233043,post_4,post_4_comment_9,post_4,comment,,,,TOYOTA ZENIX Q HYBRID… Lihat selengkapnya,https://www.facebook.com/groups/921208719233043,2026-09-18T03:20:21Z,raw_data_run_20260918_101715_601a04.csv,rec_af2bc75075bcddbb,False,TOYOTA ZENIX Q HYBRID… Lihat selengkapnya,toyota zenix q hybrid… lihat selengkapnya,Toyota Zenix,high,explicit_text_alias_strong,False,,,,False,not_relevant,no_adas_keyword,,UNKNOWN,,,,,,,
rec_749950d2de327496,Toyota Zenix,Toyota Zenix owners Indonesia,https://www.facebook.com/groups/921208719233043,post_4,post_4_comment_10,post_4,comment,,,,"Ready Sewa Mobil
Toyota Zenix Hybrid… Lihat selengkapnya",https://www.facebook.com/groups/921208719233043,2026-09-18T03:20:22Z,raw_data_run_20260918_101715_601a04.csv,rec_749950d2de327496,False,Ready Sewa Mobil Toyota Zenix Hybrid… Lihat selengkapnya,ready sewa mobil toyota zenix hybrid… lihat selengkapnya,Toyota Zenix,high,explicit_text_alias_strong,False,,,,False,not_relevant,no_adas_keyword,,UNKNOWN,,,,,,,
rec_f505accc17f17f56,Toyota Zenix,Toyota Zenix owners Indonesia,https://www.facebook.com/groups/921208719233043,post_4,post_4_comment_11,post_4,comment,,,,Ready Sewa Mobil,https://www.facebook.com/groups/921208719233043,2026-09-18T03:20:22Z,raw_data_run_20260918_101715_601a04.csv,rec_f505accc17f17f56,False,Ready Sewa Mobil,ready sewa mobil,Toyota Zenix,medium,community_context,False,,,,False,not_relevant,no_adas_keyword,,UNKNOWN,,,,,,,
rec_dd5784e2ee8c6014,Toyota Zenix,Toyota Zenix owners Indonesia,https://www.facebook.com/groups/921208719233043,post_4,post_4_comment_12,post_4,comment,,,,Toyota Zenix Hybrid… Lihat selengkapnya,https://www.facebook.com/groups/921208719233043,2026-09-18T03:20:22Z,raw_data_run_20260918_101715_601a04.csv,rec_dd5784e2ee8c6014,False,Toyota Zenix Hybrid… Lihat selengkapnya,toyota zenix hybrid… lihat selengkapnya,Toyota Zenix,high,explicit_text_alias_strong,False,,,,False,not_relevant,no_adas_keyword,,UNKNOWN,,,,,,,
rec_886bee0ca09533a1,Toyota Zenix,Toyota Zenix owners Indonesia,https://www.facebook.com/groups/921208719233043,post_4,post_4_comment_13,post_4,comment,,,,"Bismillah..
Izin berniaga ya om admin..… Lihat selengkapnya",https://www.facebook.com/groups/921208719233043,2026-09-18T03:20:24Z,raw_data_run_20260918_101715_601a04.csv,rec_886bee0ca09533a1,False,Bismillah.. Izin berniaga ya om admin..… Lihat selengkapnya,bismillah.. izin berniaga ya om admin..… lihat selengkapnya,Toyota Zenix,medium,community_context,False,,,,False,not_relevant,no_adas_keyword,,UNKNOWN,,,,,,,
rec_55b5cbcd28c57633,Toyota Zenix,Toyota Zenix owners Indonesia,https://www.facebook.com/groups/921208719233043,post_4,post_4_comment_14,post_4,comment,,,,Bismillah..,https://www.facebook.com/groups/921208719233043,2026-09-18T03:20:24Z,raw_data_run_20260918_101715_601a04.csv,rec_55b5cbcd28c57633,False,Bismillah..,bismillah..,Toyota Zenix,medium,community_context,False,,,,False,not_relevant,no_adas_keyword,,UNKNOWN,,,,,,,
rec_76cbd441835f9303,Toyota Zenix,Toyota Zenix owners Indonesia,https://www.facebook.com/groups/921208719233043,post_4,post_4_comment_15,post_4,comment,,,,Izin berniaga ya om admin..… Lihat selengkapnya,https://www.facebook.com/groups/921208719233043,2026-09-18T03:20:24Z,raw_data_run_20260918_101715_601a04.csv,rec_76cbd441835f9303,False,Izin berniaga ya om admin..… Lihat selengkapnya,izin berniaga ya om admin..… lihat selengkapnya,Toyota Zenix,medium,community_context,False,,,,False,not_relevant,no_adas_keyword,,UNKNOWN,,,,,,,
rec_589acfc43d3efa4b,Toyota Zenix,Toyota Zenix owners Indonesia,https://www.facebook.com/groups/921208719233043,post_4,post_4_comment_16,post_4,comment,,,,"Barang ex copotan asuransi barang ORI tinggal cat ulang lagi bossku 
Silahkan diorder bossku 
untuk tanya2 silahkan hubungi wa 0895373086267
Terima kasih",https://www.facebook.com/groups/921208719233043,2026-09-18T03:20:26Z,raw_data_run_20260918_101715_601a04.csv,rec_589acfc43d3efa4b,False,Barang ex copotan asuransi barang ORI tinggal cat ulang lagi bossku Silahkan diorder bossku untuk tanya2 silahkan hubungi wa 0895373086267 Terima kasih,barang ex copotan asuransi barang ori tinggal cat ulang lagi bossku silahkan diorder bossku untuk tanya2 silahkan hubungi wa 0895373086267 terima kasih,Toyota Zenix,medium,community_context,False,,,,False,not_relevant,no_adas_keyword,,UNKNOWN,,,,,,,
rec_7ed63f6ed4d34f65,Toyota Zenix,Toyota Zenix owners Indonesia,https://www.facebook.com/groups/921208719233043,post_4,post_4_comment_17,post_4,comment,,,,Barang ex copotan asuransi barang ORI tinggal cat ulang lagi bossku,https://www.facebook.com/groups/921208719233043,2026-09-18T03:20:26Z,raw_data_run_20260918_101715_601a04.csv,rec_7ed63f6ed4d34f65,False,Barang ex copotan asuransi barang ORI tinggal cat ulang lagi bossku,barang ex copotan asuransi barang ori tinggal cat ulang lagi bossku,Toyota Zenix,medium,community_context,False,,,,False,not_relevant,no_adas_keyword,,UNKNOWN,,,,,,,
rec_a5ce48be1b6f7fad,Toyota Zenix,Toyota Zenix owners Indonesia,https://www.facebook.com/groups/921208719233043,post_4,post_4_comment_18,post_4,comment,,,,Silahkan diorder bossku,https://www.facebook.com/groups/921208719233043,2026-09-18T03:20:26Z,raw_data_run_20260918_101715_601a04.csv,rec_a5ce48be1b6f7fad,False,Silahkan diorder bossku,silahkan diorder bossku,Toyota Zenix,medium,community_context,False,,,,False,not_relevant,no_adas_keyword,,UNKNOWN,,,,,,,
rec_8b8d2dcb5ced99df,Toyota Zenix,Toyota Zenix owners Indonesia,https://www.facebook.com/groups/921208719233043,post_4,post_4_comment_19,post_4,comment,,,,untuk tanya2 silahkan hubungi wa 0895373086267,https://www.facebook.com/groups/921208719233043,2026-09-18T03:20:26Z,raw_data_run_20260918_101715_601a04.csv,rec_8b8d2dcb5ced99df,False,untuk tanya2 silahkan hubungi wa 0895373086267,untuk tanya2 silahkan hubungi wa 0895373086267,Toyota Zenix,medium,community_context,False,,,,False,not_relevant,no_adas_keyword,,UNKNOWN,,,,,,,
rec_3cbc28e9849e2489,Toyota Zenix,Toyota Zenix owners Indonesia,https://www.facebook.com/groups/921208719233043,post_4,post_4_comment_20,post_4,comment,,,,Terima kasih,https://www.facebook.com/groups/921208719233043,2026-09-18T03:20:26Z,raw_data_run_20260918_101715_601a04.csv,rec_3cbc28e9849e2489,False,Terima kasih,terima kasih,Toyota Zenix,medium,community_context,False,,,,False,not_relevant,no_adas_keyword,,UNKNOWN,,,,,,,
rec_7cb3aea7d07bf6ee,Toyota Zenix,Toyota Zenix owners Indonesia,https://www.facebook.com/groups/921208719233043,post_4,post_4_comment_21,post_4,comment,,,,"Inova Q CVT hibryd modelista 2025 pemakaian 2026
Km20
pajak 3/27
An PT pribadi
Plat BK
Lihat selengkapnya",https://www.facebook.com/groups/921208719233043,2026-09-18T03:20:26Z,raw_data_run_20260918_101715_601a04.csv,rec_7cb3aea7d07bf6ee,False,Inova Q CVT hibryd modelista 2025 pemakaian 2026 Km20 pajak 3/27 An PT pribadi Plat BK Lihat selengkapnya,inova q cvt hibryd modelista 2025 pemakaian 2026 km20 pajak 3/27 an pt pribadi plat bk lihat selengkapnya,Toyota Zenix,medium,community_context,False,,,,False,not_relevant,no_adas_keyword,,UNKNOWN,,,,,,,
rec_129ca0d87bc54735,Toyota Zenix,Toyota Zenix owners Indonesia,https://www.facebook.com/groups/921208719233043,post_4,post_4_comment_22,post_4,comment,,,,@up semua orang,https://www.facebook.com/groups/921208719233043,2026-09-18T03:20:26Z,raw_data_run_20260918_101715_601a04.csv,rec_129ca0d87bc54735,False,[mention] semua orang,[mention] semua orang,Toyota Zenix,medium,community_context,False,,,,False,not_relevant,no_adas_keyword,,UNKNOWN,,,,,,,
rec_06373dd47ecf95d7,Toyota Zenix,Toyota Zenix owners Indonesia,https://www.facebook.com/groups/921208719233043,post_4,post_4_comment_23,post_4,comment,,,,"Dijual....!!!
Ban TOYO open county RT. 
Ukuran 265x50 R20. 
Tahun 2023.
Velg ORI NEXX FTA. … Lihat selengkapnya",https://www.facebook.com/groups/921208719233043,2026-09-18T03:20:27Z,raw_data_run_20260918_101715_601a04.csv,rec_06373dd47ecf95d7,False,Dijual....!!! Ban TOYO open county RT. Ukuran 265x50 R20. Tahun 2023. Velg ORI NEXX FTA. … Lihat selengkapnya,dijual....!!! ban toyo open county rt. ukuran 265x50 r20. tahun 2023. velg ori nexx fta. … lihat selengkapnya,Toyota Zenix,medium,community_context,False,,,,False,not_relevant,no_adas_keyword,,UNKNOWN,,,,,,,
rec_f916442ed6c66b34,Toyota Zenix,Toyota Zenix owners Indonesia,https://www.facebook.com/groups/921208719233043,post_4,post_4_comment_24,post_4,comment,,,,Dijual....!!!,https://www.facebook.com/groups/921208719233043,2026-09-18T03:20:27Z,raw_data_run_20260918_101715_601a04.csv,rec_f916442ed6c66b34,False,Dijual....!!!,dijual....!!!,Toyota Zenix,medium,community_context,False,,,,False,not_relevant,no_adas_keyword,,UNKNOWN,,,,,,,
rec_b411b7191f607f53,Toyota Zenix,Toyota Zenix owners Indonesia,https://www.facebook.com/groups/921208719233043,post_4,post_4_comment_25,post_4,comment,,,,Ban TOYO open county RT.,https://www.facebook.com/groups/921208719233043,2026-09-18T03:20:27Z,raw_data_run_20260918_101715_601a04.csv,rec_b411b7191f607f53,False,Ban TOYO open county RT.,ban toyo open county rt.,Toyota Zenix,medium,community_context,False,,,,False,not_relevant,no_adas_keyword,,UNKNOWN,,,,,,,
rec_af5f299f9be1bcdc,Toyota Zenix,Toyota Zenix owners Indonesia,https://www.facebook.com/groups/921208719233043,post_4,post_4_comment_26,post_4,comment,,,,Ukuran 265x50 R20.,https://www.facebook.com/groups/921208719233043,2026-09-18T03:20:27Z,raw_data_run_20260918_101715_601a04.csv,rec_af5f299f9be1bcdc,False,Ukuran 265x50 R20.,ukuran 265x50 r20.,Toyota Zenix,medium,community_context,False,,,,False,not_relevant,no_adas_keyword,,UNKNOWN,,,,,,,
rec_d8f9f25034ddf49a,Toyota Zenix,Toyota Zenix owners Indonesia,https://www.facebook.com/groups/921208719233043,post_4,post_4_comment_27,post_4,comment,,,,Tahun 2023.,https://www.facebook.com/groups/921208719233043,2026-09-18T03:20:27Z,raw_data_run_20260918_101715_601a04.csv,rec_d8f9f25034ddf49a,False,Tahun 2023.,tahun 2023.,Toyota Zenix,medium,community_context,False,,,,False,not_relevant,no_adas_keyword,,UNKNOWN,,,,,,,
rec_d32ced271ccc8dd4,Toyota Zenix,Toyota Zenix owners Indonesia,https://www.facebook.com/groups/921208719233043,post_4,post_4_comment_28,post_4,comment,,,,Velg ORI NEXX FTA. … Lihat selengkapnya,https://www.facebook.com/groups/921208719233043,2026-09-18T03:20:27Z,raw_data_run_20260918_101715_601a04.csv,rec_d32ced271ccc8dd4,False,Velg ORI NEXX FTA. … Lihat selengkapnya,velg ori nexx fta. … lihat selengkapnya,Toyota Zenix,medium,community_context,False,,,,False,not_relevant,no_adas_keyword,,UNKNOWN,,,,,,,
rec_f85d1d1afcbf3517,Toyota Zenix,Toyota Zenix owners Indonesia,https://www.facebook.com/groups/921208719233043,post_4,post_4_comment_29,post_4,comment,,,,"FOR SALE BARANG ANTIK JARANG ADA !
TOYOTA INNOVA REBORN 2026 ! ISI SOLAR DIESEL BARCODE SOLAR ADA ! 9RB KM SUPER ANTIK !
Year NIK 2025
Color Black On Brown … Lihat selengkapnya",https://www.facebook.com/groups/921208719233043,2026-09-18T03:20:29Z,raw_data_run_20260918_101715_601a04.csv,rec_f85d1d1afcbf3517,False,FOR SALE BARANG ANTIK JARANG ADA ! TOYOTA INNOVA REBORN 2026 ! ISI SOLAR DIESEL BARCODE SOLAR ADA ! 9RB KM SUPER ANTIK ! Year NIK 2025 Color Black On Brown … Lihat selengkapnya,for sale barang antik jarang ada ! toyota innova reborn 2026 ! isi solar diesel barcode solar ada ! 9rb km super antik ! year nik 2025 color black on brown … lihat selengkapnya,Toyota Zenix,medium,community_context,False,,,,False,not_relevant,no_adas_keyword,,UNKNOWN,,,,,,,
rec_0052e1b8b43537a3,Toyota Zenix,Toyota Zenix owners Indonesia,https://www.facebook.com/groups/921208719233043,post_4,post_4_comment_30,post_4,comment,,,,FOR SALE BARANG ANTIK JARANG ADA !,https://www.facebook.com/groups/921208719233043,2026-09-18T03:20:29Z,raw_data_run_20260918_101715_601a04.csv,rec_0052e1b8b43537a3,False,FOR SALE BARANG ANTIK JARANG ADA !,for sale barang antik jarang ada !,Toyota Zenix,medium,community_context,False,,,,False,not_relevant,no_adas_keyword,,UNKNOWN,,,,,,,
rec_efd73b0a8f4434aa,Toyota Zenix,Toyota Zenix owners Indonesia,https://www.facebook.com/groups/921208719233043,post_4,post_4_comment_31,post_4,comment,,,,TOYOTA INNOVA REBORN 2026 ! ISI SOLAR DIESEL BARCODE SOLAR ADA ! 9RB KM SUPER ANTIK !,https://www.facebook.com/groups/921208719233043,2026-09-18T03:20:29Z,raw_data_run_20260918_101715_601a04.csv,rec_efd73b0a8f4434aa,False,TOYOTA INNOVA REBORN 2026 ! ISI SOLAR DIESEL BARCODE SOLAR ADA ! 9RB KM SUPER ANTIK !,toyota innova reborn 2026 ! isi solar diesel barcode solar ada ! 9rb km super antik !,Toyota Zenix,medium,community_context,False,,,,False,not_relevant,no_adas_keyword,,UNKNOWN,,,,,,,
rec_395bc6869f9b34d8,Toyota Zenix,Toyota Zenix owners Indonesia,https://www.facebook.com/groups/921208719233043,post_4,post_4_comment_32,post_4,comment,,,,Year NIK 2025,https://www.facebook.com/groups/921208719233043,2026-09-18T03:20:29Z,raw_data_run_20260918_101715_601a04.csv,rec_395bc6869f9b34d8,False,Year NIK 2025,year nik 2025,Toyota Zenix,medium,community_context,False,,,,False,not_relevant,no_adas_keyword,,UNKNOWN,,,,,,,
rec_048492f9b681ed98,Toyota Zenix,Toyota Zenix owners Indonesia,https://www.facebook.com/groups/921208719233043,post_4,post_4_comment_33,post_4,comment,,,,Color Black On Brown … Lihat selengkapnya,https://www.facebook.com/groups/921208719233043,2026-09-18T03:20:29Z,raw_data_run_20260918_101715_601a04.csv,rec_048492f9b681ed98,False,Color Black On Brown … Lihat selengkapnya,color black on brown … lihat selengkapnya,Toyota Zenix,medium,community_context,False,,,,False,not_relevant,no_adas_keyword,,UNKNOWN,,,,,,,
rec_9f955a971fe18057,Toyota Zenix,Toyota Zenix owners Indonesia,https://www.facebook.com/groups/921208719233043,post_4,post_4_comment_34,post_4,comment,,,,"Barang ex copotan asuransi barang ORI tinggal cat ulang lagi bossku 
silahkan diorder bossku 
untuk tanya2 silahkan hubungi wa 0895373086267
terima kasih",https://www.facebook.com/groups/921208719233043,2026-09-18T03:20:32Z,raw_data_run_20260918_101715_601a04.csv,rec_9f955a971fe18057,False,Barang ex copotan asuransi barang ORI tinggal cat ulang lagi bossku silahkan diorder bossku untuk tanya2 silahkan hubungi wa 0895373086267 terima kasih,barang ex copotan asuransi barang ori tinggal cat ulang lagi bossku silahkan diorder bossku untuk tanya2 silahkan hubungi wa 0895373086267 terima kasih,Toyota Zenix,medium,community_context,False,,,,False,not_relevant,no_adas_keyword,,UNKNOWN,,,,,,,
rec_8a83750322fbc6b7,Toyota Zenix,Toyota Zenix owners Indonesia,https://www.facebook.com/groups/921208719233043,post_4,post_4_comment_35,post_4,comment,,,,silahkan diorder bossku,https://www.facebook.com/groups/921208719233043,2026-09-18T03:20:32Z,raw_data_run_20260918_101715_601a04.csv,rec_8a83750322fbc6b7,False,silahkan diorder bossku,silahkan diorder bossku,Toyota Zenix,medium,community_context,False,,,,False,not_relevant,no_adas_keyword,,UNKNOWN,,,,,,,
rec_e4296adb645099dc,Toyota Zenix,Toyota Zenix owners Indonesia,https://www.facebook.com/groups/921208719233043,post_4,post_4_comment_36,post_4,comment,,,,terima kasih,https://www.facebook.com/groups/921208719233043,2026-09-18T03:20:32Z,raw_data_run_20260918_101715_601a04.csv,rec_e4296adb645099dc,False,terima kasih,terima kasih,Toyota Zenix,medium,community_context,False,,,,False,not_relevant,no_adas_keyword,,UNKNOWN,,,,,,,
rec_52431a883e4f6606,Toyota Zenix,Toyota Zenix owners Indonesia,https://www.facebook.com/groups/921208719233043,post_4,post_4_comment_37,post_4,comment,,,,TOYOTA ZENIX V HYBRID… Lihat selengkapnya,https://www.facebook.com/groups/921208719233043,2026-09-18T03:20:32Z,raw_data_run_20260918_101715_601a04.csv,rec_52431a883e4f6606,False,TOYOTA ZENIX V HYBRID… Lihat selengkapnya,toyota zenix v hybrid… lihat selengkapnya,Toyota Zenix,high,explicit_text_alias_strong,False,,,,False,not_relevant,no_adas_keyword,,UNKNOWN,,,,,,,
rec_0eda578730459b36,Toyota Zenix,Toyota Zenix owners Indonesia,https://www.facebook.com/groups/921208719233043,post_4,post_4_comment_38,post_4,comment,,,,"Ready Foot step rush Terios 
Bisa barang aja atau berikut pasang",https://www.facebook.com/groups/921208719233043,2026-09-18T03:20:34Z,raw_data_run_20260918_101715_601a04.csv,rec_0eda578730459b36,False,Ready Foot step rush Terios Bisa barang aja atau berikut pasang,ready foot step rush terios bisa barang aja atau berikut pasang,Toyota Zenix,medium,community_context,False,,,,False,not_relevant,no_adas_keyword,,UNKNOWN,,,,,,,
rec_7edb235fdd186e4d,Toyota Zenix,Toyota Zenix owners Indonesia,https://www.facebook.com/groups/921208719233043,post_4,post_4_comment_39,post_4,comment,,,,Ready Foot step rush Terios,https://www.facebook.com/groups/921208719233043,2026-09-18T03:20:34Z,raw_data_run_20260918_101715_601a04.csv,rec_7edb235fdd186e4d,False,Ready Foot step rush Terios,ready foot step rush terios,Toyota Zenix,medium,community_context,False,,,,False,not_relevant,no_adas_keyword,,UNKNOWN,,,,,,,
rec_1b4fb2bde208d0ec,Toyota Zenix,Toyota Zenix owners Indonesia,https://www.facebook.com/groups/921208719233043,post_4,post_4_comment_40,post_4,comment,,,,Bisa barang aja atau berikut pasang,https://www.facebook.com/groups/921208719233043,2026-09-18T03:20:34Z,raw_data_run_20260918_101715_601a04.csv,rec_1b4fb2bde208d0ec,False,Bisa barang aja atau berikut pasang,bisa barang aja atau berikut pasang,Toyota Zenix,medium,community_context,False,,,,False,not_relevant,no_adas_keyword,,UNKNOWN,,,,,,,
rec_c1b49c0dab70e5a8,Toyota Zenix,Toyota Zenix owners Indonesia,https://www.facebook.com/groups/921208719233043,post_4,post_4_comment_41,post_4,comment,,,,2023 Toyota Zenix G Non Hybrid 2023 · Minivan · Jarak yang sudah ditempuh 120.000 kilometer… Lihat selengkapnya,https://www.facebook.com/groups/921208719233043,2026-09-18T03:20:36Z,raw_data_run_20260918_101715_601a04.csv,rec_c1b49c0dab70e5a8,False,2023 Toyota Zenix G Non Hybrid 2023 · Minivan · Jarak yang sudah ditempuh 120.000 kilometer… Lihat selengkapnya,2023 toyota zenix g non hybrid 2023 · minivan · jarak yang sudah ditempuh 120.000 kilometer… lihat selengkapnya,Toyota Zenix,high,explicit_text_alias_strong,False,,,,False,not_relevant,no_adas_keyword,,UNKNOWN,,,,,,,
rec_5755473dab7bf453,Toyota Zenix,Toyota Zenix owners Indonesia,https://www.facebook.com/groups/921208719233043,post_4,post_4_comment_43,post_4,comment,,,,"Asik Berfaedah edisi Wiper Depan
""Kualitas di atas ekspetasi harga
""… Lihat selengkapnya",https://www.facebook.com/groups/921208719233043,2026-09-18T03:20:39Z,raw_data_run_20260918_101715_601a04.csv,rec_5755473dab7bf453,False,"Asik Berfaedah edisi Wiper Depan ""Kualitas di atas ekspetasi harga ""… Lihat selengkapnya","asik berfaedah edisi wiper depan ""kualitas di atas ekspetasi harga ""… lihat selengkapnya",Toyota Zenix,medium,community_context,False,,,,False,not_relevant,no_adas_keyword,,UNKNOWN,,,,,,,
rec_23dc41fc5f0bc695,Toyota Zenix,Toyota Zenix owners Indonesia,https://www.facebook.com/groups/921208719233043,post_4,post_4_comment_44,post_4,comment,,,,Asik Berfaedah edisi Wiper Depan,https://www.facebook.com/groups/921208719233043,2026-09-18T03:20:39Z,raw_data_run_20260918_101715_601a04.csv,rec_23dc41fc5f0bc695,False,Asik Berfaedah edisi Wiper Depan,asik berfaedah edisi wiper depan,Toyota Zenix,medium,community_context,False,,,,False,not_relevant,no_adas_keyword,,UNKNOWN,,,,,,,
rec_019de59e41d6182b,Toyota Zenix,Toyota Zenix owners Indonesia,https://www.facebook.com/groups/921208719233043,post_4,post_4_comment_45,post_4,comment,,,,"Ready lampu LED mobil 
Cocok untuk berbagai jenis mobil
Jenis bohlamp mengikuti mobil nya",https://www.facebook.com/groups/921208719233043,2026-09-18T03:20:44Z,raw_data_run_20260918_101715_601a04.csv,rec_019de59e41d6182b,False,Ready lampu LED mobil Cocok untuk berbagai jenis mobil Jenis bohlamp mengikuti mobil nya,ready lampu led mobil cocok untuk berbagai jenis mobil jenis bohlamp mengikuti mobil nya,Toyota Zenix,medium,community_context,False,,,,False,not_relevant,no_adas_keyword,,UNKNOWN,,,,,,,
rec_312dca2827e3c799,Toyota Zenix,Toyota Zenix owners Indonesia,https://www.facebook.com/groups/921208719233043,post_4,post_4_comment_46,post_4,comment,,,,Ready lampu LED mobil,https://www.facebook.com/groups/921208719233043,2026-09-18T03:20:44Z,raw_data_run_20260918_101715_601a04.csv,rec_312dca2827e3c799,False,Ready lampu LED mobil,ready lampu led mobil,Toyota Zenix,medium,community_context,False,,,,False,not_relevant,no_adas_keyword,,UNKNOWN,,,,,,,
rec_374419567bd71412,Toyota Zenix,Toyota Zenix owners Indonesia,https://www.facebook.com/groups/921208719233043,post_4,post_4_comment_47,post_4,comment,,,,Cocok untuk berbagai jenis mobil,https://www.facebook.com/groups/921208719233043,2026-09-18T03:20:44Z,raw_data_run_20260918_101715_601a04.csv,rec_374419567bd71412,False,Cocok untuk berbagai jenis mobil,cocok untuk berbagai jenis mobil,Toyota Zenix,medium,community_context,False,,,,False,not_relevant,no_adas_keyword,,UNKNOWN,,,,,,,
rec_0db5d7a7991d18af,Toyota Zenix,Toyota Zenix owners Indonesia,https://www.facebook.com/groups/921208719233043,post_4,post_4_comment_48,post_4,comment,,,,Jenis bohlamp mengikuti mobil nya,https://www.facebook.com/groups/921208719233043,2026-09-18T03:20:44Z,raw_data_run_20260918_101715_601a04.csv,rec_0db5d7a7991d18af,False,Jenis bohlamp mengikuti mobil nya,jenis bohlamp mengikuti mobil nya,Toyota Zenix,medium,community_context,False,,,,False,not_relevant,no_adas_keyword,,UNKNOWN,,,,,,,
rec_461e9ab4670b4a56,Toyota Zenix,Toyota Zenix owners Indonesia,https://www.facebook.com/groups/921208719233043,post_4,post_4_comment_49,post_4,comment,,,,ready zenix q hybrid tersedia cash/credit dan tersedia pembelian an pt/perorangan. hub 087881555358 hilfi toyota… Lihat selengkapnya,https://www.facebook.com/groups/921208719233043,2026-09-18T03:20:44Z,raw_data_run_20260918_101715_601a04.csv,rec_461e9ab4670b4a56,False,ready zenix q hybrid tersedia cash/credit dan tersedia pembelian an pt/perorangan. hub 087881555358 hilfi toyota… Lihat selengkapnya,ready zenix q hybrid tersedia cash/credit dan tersedia pembelian an pt/perorangan. hub 087881555358 hilfi toyota… lihat selengkapnya,Toyota Zenix,high,explicit_text_alias_strong,False,,,,False,not_relevant,no_adas_keyword,,UNKNOWN,,,,,,,
rec_69b557440b60244e,Toyota Zenix,Toyota Zenix owners Indonesia,https://www.facebook.com/groups/921208719233043,post_4,post_4_comment_50,post_4,comment,,,,"Jual sparepart berkualitas 
Whatsapp 
 085934378954… Lihat selengkapnya",https://www.facebook.com/groups/921208719233043,2026-09-18T03:20:46Z,raw_data_run_20260918_101715_601a04.csv,rec_69b557440b60244e,False,Jual sparepart berkualitas Whatsapp 085934378954… Lihat selengkapnya,jual sparepart berkualitas whatsapp 085934378954… lihat selengkapnya,Toyota Zenix,medium,community_context,False,,,,False,not_relevant,no_adas_keyword,,UNKNOWN,,,,,,,
rec_937e82a7e4013271,Toyota Zenix,Toyota Zenix owners Indonesia,https://www.facebook.com/groups/921208719233043,post_4,post_4_comment_51,post_4,comment,,,,Jual sparepart berkualitas,https://www.facebook.com/groups/921208719233043,2026-09-18T03:20:46Z,raw_data_run_20260918_101715_601a04.csv,rec_937e82a7e4013271,False,Jual sparepart berkualitas,jual sparepart berkualitas,Toyota Zenix,medium,community_context,False,,,,False,not_relevant,no_adas_keyword,,UNKNOWN,,,,,,,
rec_2520768eb13e9cfb,Toyota Zenix,Toyota Zenix owners Indonesia,https://www.facebook.com/groups/921208719233043,post_4,post_4_comment_52,post_4,comment,,,,"Whatsapp 
 085934378954… Lihat selengkapnya",https://www.facebook.com/groups/921208719233043,2026-09-18T03:20:46Z,raw_data_run_20260918_101715_601a04.csv,rec_2520768eb13e9cfb,False,Whatsapp 085934378954… Lihat selengkapnya,whatsapp 085934378954… lihat selengkapnya,Toyota Zenix,medium,community_context,False,,,,False,not_relevant,no_adas_keyword,,UNKNOWN,,,,,,,
rec_328553515ee94c29,Toyota Zenix,Toyota Zenix owners Indonesia,https://www.facebook.com/groups/921208719233043,post_4,post_4_comment_53,post_4,comment,,,,Interior Zenix Type V kurangnya apa? … Lihat selengkapnya,https://www.facebook.com/groups/921208719233043,2026-09-18T03:20:47Z,raw_data_run_20260918_101715_601a04.csv,rec_328553515ee94c29,False,Interior Zenix Type V kurangnya apa? … Lihat selengkapnya,interior zenix type v kurangnya apa? … lihat selengkapnya,Toyota Zenix,high,explicit_text_alias_strong,False,,,,False,not_relevant,no_adas_keyword,,UNKNOWN,,,,,,,
rec_ffbc3acded3396d8,Toyota Zenix,Toyota Zenix owners Indonesia,https://www.facebook.com/groups/921208719233043,post_4,post_4_comment_54,post_4,comment,,,,Dashcamnya belum om,https://www.facebook.com/groups/921208719233043,2026-09-18T03:20:47Z,raw_data_run_20260918_101715_601a04.csv,rec_ffbc3acded3396d8,False,Dashcamnya belum om,dashcamnya belum om,Toyota Zenix,medium,community_context,False,,,,False,not_relevant,no_adas_keyword,,UNKNOWN,,,,,,,
rec_ec229cc3c4910a41,Toyota Zenix,Toyota Zenix owners Indonesia,https://www.facebook.com/groups/921208719233043,post_4,post_4_comment_55,post_4,comment,,,,"Tombol power window gak ada lampunya, belum ada cruise control",https://www.facebook.com/groups/921208719233043,2026-09-18T03:20:47Z,raw_data_run_20260918_101715_601a04.csv,rec_ec229cc3c4910a41,False,"Tombol power window gak ada lampunya, belum ada cruise control","tombol power window gak ada lampunya, belum ada cruise control",Toyota Zenix,medium,community_context,True,Cruise Control;cruise;cruise control,"layer_a_feature_names,layer_b_functional,layer_c_indonesian",ACC,False,relevant,explicit_feature_name,high,ACC,not_stated,not_stated,question,neutral,not_stated,unclear,high
rec_d3672953d21b7d7f,Toyota Zenix,Toyota Zenix owners Indonesia,https://www.facebook.com/groups/921208719233043,post_4,post_4_comment_56,post_4,comment,,,,"TOYOTA ZENIX V HYBRID
Mobil hybrid masa kini yang sangat irit bahan bakar, praktis dibawa kemana saja tanpa harus dicas setrum-setrum... … Lihat selengkapnya",https://www.facebook.com/groups/921208719233043,2026-09-18T03:20:49Z,raw_data_run_20260918_101715_601a04.csv,rec_d3672953d21b7d7f,False,"TOYOTA ZENIX V HYBRID Mobil hybrid masa kini yang sangat irit bahan bakar, praktis dibawa kemana saja tanpa harus dicas setrum-setrum... … Lihat selengkapnya","toyota zenix v hybrid mobil hybrid masa kini yang sangat irit bahan bakar, praktis dibawa kemana saja tanpa harus dicas setrum-setrum... … lihat selengkapnya",Toyota Zenix,high,explicit_text_alias_strong,False,,,,False,not_relevant,no_adas_keyword,,UNKNOWN,,,,,,,
rec_d92a3af2d5f03e4d,Toyota Zenix,Toyota Zenix owners Indonesia,https://www.facebook.com/groups/921208719233043,post_4,post_4_comment_57,post_4,comment,,,,TOYOTA ZENIX V HYBRID,https://www.facebook.com/groups/921208719233043,2026-09-18T03:20:49Z,raw_data_run_20260918_101715_601a04.csv,rec_d92a3af2d5f03e4d,False,TOYOTA ZENIX V HYBRID,toyota zenix v hybrid,Toyota Zenix,high,explicit_text_alias_strong,False,,,,False,not_relevant,no_adas_keyword,,UNKNOWN,,,,,,,
rec_3d88d7f935868389,Toyota Zenix,Toyota Zenix owners Indonesia,https://www.facebook.com/groups/921208719233043,post_4,post_4_comment_58,post_4,comment,,,,"Mobil hybrid masa kini yang sangat irit bahan bakar, praktis dibawa kemana saja tanpa harus dicas setrum-setrum... … Lihat selengkapnya",https://www.facebook.com/groups/921208719233043,2026-09-18T03:20:49Z,raw_data_run_20260918_101715_601a04.csv,rec_3d88d7f935868389,False,"Mobil hybrid masa kini yang sangat irit bahan bakar, praktis dibawa kemana saja tanpa harus dicas setrum-setrum... … Lihat selengkapnya","mobil hybrid masa kini yang sangat irit bahan bakar, praktis dibawa kemana saja tanpa harus dicas setrum-setrum... … lihat selengkapnya",Toyota Zenix,medium,community_context,False,,,,False,not_relevant,no_adas_keyword,,UNKNOWN,,,,,,,
rec_6062022e0fde315e,Toyota Zenix,Toyota Zenix owners Indonesia,https://www.facebook.com/groups/921208719233043,post_4,post_4_comment_59,post_4,comment,,,,"Barang mulus beat 2023 pajak juni 2026
Lengkap surat surat
Kunci 2
Barang lokasi bandung
Hubungi Aldo - 082112050953",https://www.facebook.com/groups/921208719233043,2026-09-18T03:20:54Z,raw_data_run_20260918_101715_601a04.csv,rec_6062022e0fde315e,False,Barang mulus beat 2023 pajak juni 2026 Lengkap surat surat Kunci 2 Barang lokasi bandung Hubungi Aldo - 082112050953,barang mulus beat 2023 pajak juni 2026 lengkap surat surat kunci 2 barang lokasi bandung hubungi aldo - 082112050953,Toyota Zenix,medium,community_context,False,,,,False,not_relevant,no_adas_keyword,,UNKNOWN,,,,,,,
rec_93b4d530c8ade820,Toyota Zenix,Toyota Zenix owners Indonesia,https://www.facebook.com/groups/921208719233043,post_4,post_4_comment_60,post_4,comment,,,,Barang mulus beat 2023 pajak juni 2026,https://www.facebook.com/groups/921208719233043,2026-09-18T03:20:54Z,raw_data_run_20260918_101715_601a04.csv,rec_93b4d530c8ade820,False,Barang mulus beat 2023 pajak juni 2026,barang mulus beat 2023 pajak juni 2026,Toyota Zenix,medium,community_context,False,,,,False,not_relevant,no_adas_keyword,,UNKNOWN,,,,,,,
rec_66ef72442fd19f0f,Toyota Zenix,Toyota Zenix owners Indonesia,https://www.facebook.com/groups/921208719233043,post_4,post_4_comment_61,post_4,comment,,,,Lengkap surat surat,https://www.facebook.com/groups/921208719233043,2026-09-18T03:20:54Z,raw_data_run_20260918_101715_601a04.csv,rec_66ef72442fd19f0f,False,Lengkap surat surat,lengkap surat surat,Toyota Zenix,medium,community_context,False,,,,False,not_relevant,no_adas_keyword,,UNKNOWN,,,,,,,
rec_2fc2535ca9c57172,Toyota Zenix,Toyota Zenix owners Indonesia,https://www.facebook.com/groups/921208719233043,post_4,post_4_comment_62,post_4,comment,,,,Kunci 2,https://www.facebook.com/groups/921208719233043,2026-09-18T03:20:54Z,raw_data_run_20260918_101715_601a04.csv,rec_2fc2535ca9c57172,False,Kunci 2,kunci 2,Toyota Zenix,medium,community_context,False,,,,False,not_relevant,no_adas_keyword,,UNKNOWN,,,,,,,
rec_421f3ffce27e2caf,Toyota Zenix,Toyota Zenix owners Indonesia,https://www.facebook.com/groups/921208719233043,post_4,post_4_comment_63,post_4,comment,,,,Barang lokasi bandung,https://www.facebook.com/groups/921208719233043,2026-09-18T03:20:54Z,raw_data_run_20260918_101715_601a04.csv,rec_421f3ffce27e2caf,False,Barang lokasi bandung,barang lokasi bandung,Toyota Zenix,medium,community_context,False,,,,False,not_relevant,no_adas_keyword,,UNKNOWN,,,,,,,
rec_ee326d9cddfb92af,Toyota Zenix,Toyota Zenix owners Indonesia,https://www.facebook.com/groups/921208719233043,post_4,post_4_comment_64,post_4,comment,,,,Hubungi Aldo - 082112050953,https://www.facebook.com/groups/921208719233043,2026-09-18T03:20:54Z,raw_data_run_20260918_101715_601a04.csv,rec_ee326d9cddfb92af,False,Hubungi Aldo - 082112050953,hubungi aldo - 082112050953,Toyota Zenix,medium,community_context,False,,,,False,not_relevant,no_adas_keyword,,UNKNOWN,,,,,,,
rec_8f268fc8f2ed1344,Toyota Zenix,Toyota Zenix owners Indonesia,https://www.facebook.com/groups/921208719233043,post_5,,,post,,,,"Barang mulus beat 2023 pajak juni 2026
Lengkap surat surat
Kunci 2
Barang lokasi bandung
Hubungi Aldo - 082112050953",https://www.facebook.com/groups/921208719233043,2026-09-18T03:20:54Z,raw_data_run_20260918_101715_601a04.csv,rec_8f268fc8f2ed1344,False,Barang mulus beat 2023 pajak juni 2026 Lengkap surat surat Kunci 2 Barang lokasi bandung Hubungi Aldo - 082112050953,barang mulus beat 2023 pajak juni 2026 lengkap surat surat kunci 2 barang lokasi bandung hubungi aldo - 082112050953,Toyota Zenix,medium,community_context,False,,,,False,not_relevant,no_adas_keyword,,UNKNOWN,,,,,,,
rec_42ffa75d721a8252,Toyota Zenix,Toyota Zenix owners Indonesia,https://www.facebook.com/groups/921208719233043,post_5,post_5_comment_1,post_5,comment,,,,"Unit baru ready stock J6 & J6T
Info
Ryan
081318900444
Chery Jaksel",https://www.facebook.com/groups/921208719233043,2026-09-18T03:20:58Z,raw_data_run_20260918_101715_601a04.csv,rec_42ffa75d721a8252,False,Unit baru ready stock J6 & J6T Info Ryan 081318900444 Chery Jaksel,unit baru ready stock j6 & j6t info ryan 081318900444 chery jaksel,Toyota Zenix,medium,community_context,False,,,,False,not_relevant,no_adas_keyword,,UNKNOWN,,,,,,,
rec_b50870ee2c1272d4,Toyota Zenix,Toyota Zenix owners Indonesia,https://www.facebook.com/groups/921208719233043,post_5,post_5_comment_2,post_5,comment,,,,Unit baru ready stock J6 & J6T,https://www.facebook.com/groups/921208719233043,2026-09-18T03:20:58Z,raw_data_run_20260918_101715_601a04.csv,rec_b50870ee2c1272d4,False,Unit baru ready stock J6 & J6T,unit baru ready stock j6 & j6t,Toyota Zenix,medium,community_context,False,,,,False,not_relevant,no_adas_keyword,,UNKNOWN,,,,,,,
rec_a108cde09326122e,Toyota Zenix,Toyota Zenix owners Indonesia,https://www.facebook.com/groups/921208719233043,post_5,post_5_comment_3,post_5,comment,,,,081318900444,https://www.facebook.com/groups/921208719233043,2026-09-18T03:20:58Z,raw_data_run_20260918_101715_601a04.csv,rec_a108cde09326122e,False,081318900444,081318900444,Toyota Zenix,medium,community_context,False,,,,False,not_relevant,no_adas_keyword,,UNKNOWN,,,,,,,
rec_6a9d2c82c106fb7c,Toyota Zenix,Toyota Zenix owners Indonesia,https://www.facebook.com/groups/921208719233043,post_5,post_5_comment_4,post_5,comment,,,,Chery Jaksel,https://www.facebook.com/groups/921208719233043,2026-09-18T03:20:59Z,raw_data_run_20260918_101715_601a04.csv,rec_6a9d2c82c106fb7c,False,Chery Jaksel,chery jaksel,Toyota Zenix,medium,community_context,False,,,,False,not_relevant,no_adas_keyword,,UNKNOWN,,,,,,,
rec_e1215b11b36fbbaf,Toyota Zenix,Toyota Zenix owners Indonesia,https://www.facebook.com/groups/921208719233043,post_5,post_5_comment_5,post_5,comment,,,,"Asik Berfaedah edisi Bohlam Sein
""Kualitas di atas ekspetasi harga
""… Lihat selengkapnya",https://www.facebook.com/groups/921208719233043,2026-09-18T03:20:59Z,raw_data_run_20260918_101715_601a04.csv,rec_e1215b11b36fbbaf,False,"Asik Berfaedah edisi Bohlam Sein ""Kualitas di atas ekspetasi harga ""… Lihat selengkapnya","asik berfaedah edisi bohlam sein ""kualitas di atas ekspetasi harga ""… lihat selengkapnya",Toyota Zenix,medium,community_context,False,,,,False,not_relevant,no_adas_keyword,,UNKNOWN,,,,,,,
rec_abe091e1816ed17d,Toyota Zenix,Toyota Zenix owners Indonesia,https://www.facebook.com/groups/921208719233043,post_5,post_5_comment_6,post_5,comment,,,,Asik Berfaedah edisi Bohlam Sein,https://www.facebook.com/groups/921208719233043,2026-09-18T03:20:59Z,raw_data_run_20260918_101715_601a04.csv,rec_abe091e1816ed17d,False,Asik Berfaedah edisi Bohlam Sein,asik berfaedah edisi bohlam sein,Toyota Zenix,medium,community_context,False,,,,False,not_relevant,no_adas_keyword,,UNKNOWN,,,,,,,
rec_bf954fc03dde903e,Toyota Zenix,Toyota Zenix owners Indonesia,https://www.facebook.com/groups/921208719233043,post_5,post_5_comment_7,post_5,comment,,,,"""Kualitas di atas ekspetasi harga
""… Lihat selengkapnya",https://www.facebook.com/groups/921208719233043,2026-09-18T03:20:59Z,raw_data_run_20260918_101715_601a04.csv,rec_bf954fc03dde903e,False,"""Kualitas di atas ekspetasi harga ""… Lihat selengkapnya","""kualitas di atas ekspetasi harga ""… lihat selengkapnya",Toyota Zenix,medium,community_context,False,,,,False,not_relevant,no_adas_keyword,,UNKNOWN,,,,,,,
rec_5f3ef1177aa95e17,Toyota Zenix,Toyota Zenix owners Indonesia,https://www.facebook.com/groups/921208719233043,post_5,post_5_comment_8,post_5,comment,,,,Selamat datang Zenixer... Silahkan berbagi pengalaman dan pengetahuan anda tentang Toyota Zenix di Grup ini,https://www.facebook.com/groups/921208719233043,2026-09-18T03:20:59Z,raw_data_run_20260918_101715_601a04.csv,rec_5f3ef1177aa95e17,False,Selamat datang Zenixer... Silahkan berbagi pengalaman dan pengetahuan anda tentang Toyota Zenix di Grup ini,selamat datang zenixer... silahkan berbagi pengalaman dan pengetahuan anda tentang toyota zenix di grup ini,Toyota Zenix,high,explicit_text_alias_strong,False,,,,False,not_relevant,no_adas_keyword,,UNKNOWN,,,,,,,
rec_0c921caa1a27ff1f,Toyota Zenix,Toyota Zenix owners Indonesia,https://www.facebook.com/groups/921208719233043,post_5,post_5_comment_9,post_5,comment,,,,TOYOTA ZENIX Q HYBRID… Lihat selengkapnya,https://www.facebook.com/groups/921208719233043,2026-09-18T03:21:01Z,raw_data_run_20260918_101715_601a04.csv,rec_0c921caa1a27ff1f,False,TOYOTA ZENIX Q HYBRID… Lihat selengkapnya,toyota zenix q hybrid… lihat selengkapnya,Toyota Zenix,high,explicit_text_alias_strong,False,,,,False,not_relevant,no_adas_keyword,,UNKNOWN,,,,,,,
rec_c3af8d4712693e64,Toyota Zenix,Toyota Zenix owners Indonesia,https://www.facebook.com/groups/921208719233043,post_5,post_5_comment_10,post_5,comment,,,,"Ready Sewa Mobil
Toyota Zenix Hybrid… Lihat selengkapnya",https://www.facebook.com/groups/921208719233043,2026-09-18T03:21:02Z,raw_data_run_20260918_101715_601a04.csv,rec_c3af8d4712693e64,False,Ready Sewa Mobil Toyota Zenix Hybrid… Lihat selengkapnya,ready sewa mobil toyota zenix hybrid… lihat selengkapnya,Toyota Zenix,high,explicit_text_alias_strong,False,,,,False,not_relevant,no_adas_keyword,,UNKNOWN,,,,,,,
rec_222256256abf24a0,Toyota Zenix,Toyota Zenix owners Indonesia,https://www.facebook.com/groups/921208719233043,post_5,post_5_comment_11,post_5,comment,,,,Ready Sewa Mobil,https://www.facebook.com/groups/921208719233043,2026-09-18T03:21:02Z,raw_data_run_20260918_101715_601a04.csv,rec_222256256abf24a0,False,Ready Sewa Mobil,ready sewa mobil,Toyota Zenix,medium,community_context,False,,,,False,not_relevant,no_adas_keyword,,UNKNOWN,,,,,,,
rec_0ccda9bf90c52287,Toyota Zenix,Toyota Zenix owners Indonesia,https://www.facebook.com/groups/921208719233043,post_5,post_5_comment_12,post_5,comment,,,,Toyota Zenix Hybrid… Lihat selengkapnya,https://www.facebook.com/groups/921208719233043,2026-09-18T03:21:02Z,raw_data_run_20260918_101715_601a04.csv,rec_0ccda9bf90c52287,False,Toyota Zenix Hybrid… Lihat selengkapnya,toyota zenix hybrid… lihat selengkapnya,Toyota Zenix,high,explicit_text_alias_strong,False,,,,False,not_relevant,no_adas_keyword,,UNKNOWN,,,,,,,
rec_eccdce8f9f955b27,Toyota Zenix,Toyota Zenix owners Indonesia,https://www.facebook.com/groups/921208719233043,post_5,post_5_comment_13,post_5,comment,,,,"Bismillah..
Izin berniaga ya om admin..… Lihat selengkapnya",https://www.facebook.com/groups/921208719233043,2026-09-18T03:21:04Z,raw_data_run_20260918_101715_601a04.csv,rec_eccdce8f9f955b27,False,Bismillah.. Izin berniaga ya om admin..… Lihat selengkapnya,bismillah.. izin berniaga ya om admin..… lihat selengkapnya,Toyota Zenix,medium,community_context,False,,,,False,not_relevant,no_adas_keyword,,UNKNOWN,,,,,,,
rec_7b00f274b9a4c6ba,Toyota Zenix,Toyota Zenix owners Indonesia,https://www.facebook.com/groups/921208719233043,post_5,post_5_comment_14,post_5,comment,,,,Bismillah..,https://www.facebook.com/groups/921208719233043,2026-09-18T03:21:04Z,raw_data_run_20260918_101715_601a04.csv,rec_7b00f274b9a4c6ba,False,Bismillah..,bismillah..,Toyota Zenix,medium,community_context,False,,,,False,not_relevant,no_adas_keyword,,UNKNOWN,,,,,,,
rec_676beac660c38556,Toyota Zenix,Toyota Zenix owners Indonesia,https://www.facebook.com/groups/921208719233043,post_5,post_5_comment_15,post_5,comment,,,,Izin berniaga ya om admin..… Lihat selengkapnya,https://www.facebook.com/groups/921208719233043,2026-09-18T03:21:04Z,raw_data_run_20260918_101715_601a04.csv,rec_676beac660c38556,False,Izin berniaga ya om admin..… Lihat selengkapnya,izin berniaga ya om admin..… lihat selengkapnya,Toyota Zenix,medium,community_context,False,,,,False,not_relevant,no_adas_keyword,,UNKNOWN,,,,,,,
rec_943b9f0d8e28c4d1,Toyota Zenix,Toyota Zenix owners Indonesia,https://www.facebook.com/groups/921208719233043,post_5,post_5_comment_16,post_5,comment,,,,"Barang ex copotan asuransi barang ORI tinggal cat ulang lagi bossku 
Silahkan diorder bossku 
untuk tanya2 silahkan hubungi wa 0895373086267
Terima kasih",https://www.facebook.com/groups/921208719233043,2026-09-18T03:21:05Z,raw_data_run_20260918_101715_601a04.csv,rec_943b9f0d8e28c4d1,False,Barang ex copotan asuransi barang ORI tinggal cat ulang lagi bossku Silahkan diorder bossku untuk tanya2 silahkan hubungi wa 0895373086267 Terima kasih,barang ex copotan asuransi barang ori tinggal cat ulang lagi bossku silahkan diorder bossku untuk tanya2 silahkan hubungi wa 0895373086267 terima kasih,Toyota Zenix,medium,community_context,False,,,,False,not_relevant,no_adas_keyword,,UNKNOWN,,,,,,,
rec_479cdce9a607e67f,Toyota Zenix,Toyota Zenix owners Indonesia,https://www.facebook.com/groups/921208719233043,post_5,post_5_comment_17,post_5,comment,,,,Barang ex copotan asuransi barang ORI tinggal cat ulang lagi bossku,https://www.facebook.com/groups/921208719233043,2026-09-18T03:21:05Z,raw_data_run_20260918_101715_601a04.csv,rec_479cdce9a607e67f,False,Barang ex copotan asuransi barang ORI tinggal cat ulang lagi bossku,barang ex copotan asuransi barang ori tinggal cat ulang lagi bossku,Toyota Zenix,medium,community_context,False,,,,False,not_relevant,no_adas_keyword,,UNKNOWN,,,,,,,
rec_9b87991ce3dc94c3,Toyota Zenix,Toyota Zenix owners Indonesia,https://www.facebook.com/groups/921208719233043,post_5,post_5_comment_18,post_5,comment,,,,Silahkan diorder bossku,https://www.facebook.com/groups/921208719233043,2026-09-18T03:21:05Z,raw_data_run_20260918_101715_601a04.csv,rec_9b87991ce3dc94c3,False,Silahkan diorder bossku,silahkan diorder bossku,Toyota Zenix,medium,community_context,False,,,,False,not_relevant,no_adas_keyword,,UNKNOWN,,,,,,,
rec_44a78ba1879e1570,Toyota Zenix,Toyota Zenix owners Indonesia,https://www.facebook.com/groups/921208719233043,post_5,post_5_comment_19,post_5,comment,,,,untuk tanya2 silahkan hubungi wa 0895373086267,https://www.facebook.com/groups/921208719233043,2026-09-18T03:21:05Z,raw_data_run_20260918_101715_601a04.csv,rec_44a78ba1879e1570,False,untuk tanya2 silahkan hubungi wa 0895373086267,untuk tanya2 silahkan hubungi wa 0895373086267,Toyota Zenix,medium,community_context,False,,,,False,not_relevant,no_adas_keyword,,UNKNOWN,,,,,,,
rec_93d07574d2f9c3d6,Toyota Zenix,Toyota Zenix owners Indonesia,https://www.facebook.com/groups/921208719233043,post_5,post_5_comment_20,post_5,comment,,,,Terima kasih,https://www.facebook.com/groups/921208719233043,2026-09-18T03:21:05Z,raw_data_run_20260918_101715_601a04.csv,rec_93d07574d2f9c3d6,False,Terima kasih,terima kasih,Toyota Zenix,medium,community_context,False,,,,False,not_relevant,no_adas_keyword,,UNKNOWN,,,,,,,
rec_01d773d6fc1afeb1,Toyota Zenix,Toyota Zenix owners Indonesia,https://www.facebook.com/groups/921208719233043,post_5,post_5_comment_21,post_5,comment,,,,"Inova Q CVT hibryd modelista 2025 pemakaian 2026
Km20
pajak 3/27
An PT pribadi
Plat BK
Lihat selengkapnya",https://www.facebook.com/groups/921208719233043,2026-09-18T03:21:05Z,raw_data_run_20260918_101715_601a04.csv,rec_01d773d6fc1afeb1,False,Inova Q CVT hibryd modelista 2025 pemakaian 2026 Km20 pajak 3/27 An PT pribadi Plat BK Lihat selengkapnya,inova q cvt hibryd modelista 2025 pemakaian 2026 km20 pajak 3/27 an pt pribadi plat bk lihat selengkapnya,Toyota Zenix,medium,community_context,False,,,,False,not_relevant,no_adas_keyword,,UNKNOWN,,,,,,,
rec_52dc2acde4e99596,Toyota Zenix,Toyota Zenix owners Indonesia,https://www.facebook.com/groups/921208719233043,post_5,post_5_comment_22,post_5,comment,,,,@up semua orang,https://www.facebook.com/groups/921208719233043,2026-09-18T03:21:05Z,raw_data_run_20260918_101715_601a04.csv,rec_52dc2acde4e99596,False,[mention] semua orang,[mention] semua orang,Toyota Zenix,medium,community_context,False,,,,False,not_relevant,no_adas_keyword,,UNKNOWN,,,,,,,
rec_ea38181350aa8411,Toyota Zenix,Toyota Zenix owners Indonesia,https://www.facebook.com/groups/921208719233043,post_5,post_5_comment_23,post_5,comment,,,,"Dijual....!!!
Ban TOYO open county RT. 
Ukuran 265x50 R20. 
Tahun 2023.
Velg ORI NEXX FTA. … Lihat selengkapnya",https://www.facebook.com/groups/921208719233043,2026-09-18T03:21:07Z,raw_data_run_20260918_101715_601a04.csv,rec_ea38181350aa8411,False,Dijual....!!! Ban TOYO open county RT. Ukuran 265x50 R20. Tahun 2023. Velg ORI NEXX FTA. … Lihat selengkapnya,dijual....!!! ban toyo open county rt. ukuran 265x50 r20. tahun 2023. velg ori nexx fta. … lihat selengkapnya,Toyota Zenix,medium,community_context,False,,,,False,not_relevant,no_adas_keyword,,UNKNOWN,,,,,,,
rec_db6308d133e6d163,Toyota Zenix,Toyota Zenix owners Indonesia,https://www.facebook.com/groups/921208719233043,post_5,post_5_comment_24,post_5,comment,,,,Dijual....!!!,https://www.facebook.com/groups/921208719233043,2026-09-18T03:21:07Z,raw_data_run_20260918_101715_601a04.csv,rec_db6308d133e6d163,False,Dijual....!!!,dijual....!!!,Toyota Zenix,medium,community_context,False,,,,False,not_relevant,no_adas_keyword,,UNKNOWN,,,,,,,
rec_ad5774de2e647691,Toyota Zenix,Toyota Zenix owners Indonesia,https://www.facebook.com/groups/921208719233043,post_5,post_5_comment_25,post_5,comment,,,,Ban TOYO open county RT.,https://www.facebook.com/groups/921208719233043,2026-09-18T03:21:07Z,raw_data_run_20260918_101715_601a04.csv,rec_ad5774de2e647691,False,Ban TOYO open county RT.,ban toyo open county rt.,Toyota Zenix,medium,community_context,False,,,,False,not_relevant,no_adas_keyword,,UNKNOWN,,,,,,,
rec_77be8001b355839a,Toyota Zenix,Toyota Zenix owners Indonesia,https://www.facebook.com/groups/921208719233043,post_5,post_5_comment_26,post_5,comment,,,,Ukuran 265x50 R20.,https://www.facebook.com/groups/921208719233043,2026-09-18T03:21:07Z,raw_data_run_20260918_101715_601a04.csv,rec_77be8001b355839a,False,Ukuran 265x50 R20.,ukuran 265x50 r20.,Toyota Zenix,medium,community_context,False,,,,False,not_relevant,no_adas_keyword,,UNKNOWN,,,,,,,
rec_b3868a11e9999af7,Toyota Zenix,Toyota Zenix owners Indonesia,https://www.facebook.com/groups/921208719233043,post_5,post_5_comment_27,post_5,comment,,,,Tahun 2023.,https://www.facebook.com/groups/921208719233043,2026-09-18T03:21:07Z,raw_data_run_20260918_101715_601a04.csv,rec_b3868a11e9999af7,False,Tahun 2023.,tahun 2023.,Toyota Zenix,medium,community_context,False,,,,False,not_relevant,no_adas_keyword,,UNKNOWN,,,,,,,
rec_737b6dbadff55f96,Toyota Zenix,Toyota Zenix owners Indonesia,https://www.facebook.com/groups/921208719233043,post_5,post_5_comment_28,post_5,comment,,,,Velg ORI NEXX FTA. … Lihat selengkapnya,https://www.facebook.com/groups/921208719233043,2026-09-18T03:21:07Z,raw_data_run_20260918_101715_601a04.csv,rec_737b6dbadff55f96,False,Velg ORI NEXX FTA. … Lihat selengkapnya,velg ori nexx fta. … lihat selengkapnya,Toyota Zenix,medium,community_context,False,,,,False,not_relevant,no_adas_keyword,,UNKNOWN,,,,,,,
rec_50586fe3cdde0acc,Toyota Zenix,Toyota Zenix owners Indonesia,https://www.facebook.com/groups/921208719233043,post_5,post_5_comment_29,post_5,comment,,,,"FOR SALE BARANG ANTIK JARANG ADA !
TOYOTA INNOVA REBORN 2026 ! ISI SOLAR DIESEL BARCODE SOLAR ADA ! 9RB KM SUPER ANTIK !
Year NIK 2025
Color Black On Brown … Lihat selengkapnya",https://www.facebook.com/groups/921208719233043,2026-09-18T03:21:09Z,raw_data_run_20260918_101715_601a04.csv,rec_50586fe3cdde0acc,False,FOR SALE BARANG ANTIK JARANG ADA ! TOYOTA INNOVA REBORN 2026 ! ISI SOLAR DIESEL BARCODE SOLAR ADA ! 9RB KM SUPER ANTIK ! Year NIK 2025 Color Black On Brown … Lihat selengkapnya,for sale barang antik jarang ada ! toyota innova reborn 2026 ! isi solar diesel barcode solar ada ! 9rb km super antik ! year nik 2025 color black on brown … lihat selengkapnya,Toyota Zenix,medium,community_context,False,,,,False,not_relevant,no_adas_keyword,,UNKNOWN,,,,,,,
rec_47fea96c517167dc,Toyota Zenix,Toyota Zenix owners Indonesia,https://www.facebook.com/groups/921208719233043,post_5,post_5_comment_30,post_5,comment,,,,FOR SALE BARANG ANTIK JARANG ADA !,https://www.facebook.com/groups/921208719233043,2026-09-18T03:21:09Z,raw_data_run_20260918_101715_601a04.csv,rec_47fea96c517167dc,False,FOR SALE BARANG ANTIK JARANG ADA !,for sale barang antik jarang ada !,Toyota Zenix,medium,community_context,False,,,,False,not_relevant,no_adas_keyword,,UNKNOWN,,,,,,,
rec_c228a192241662d4,Toyota Zenix,Toyota Zenix owners Indonesia,https://www.facebook.com/groups/921208719233043,post_5,post_5_comment_31,post_5,comment,,,,TOYOTA INNOVA REBORN 2026 ! ISI SOLAR DIESEL BARCODE SOLAR ADA ! 9RB KM SUPER ANTIK !,https://www.facebook.com/groups/921208719233043,2026-09-18T03:21:09Z,raw_data_run_20260918_101715_601a04.csv,rec_c228a192241662d4,False,TOYOTA INNOVA REBORN 2026 ! ISI SOLAR DIESEL BARCODE SOLAR ADA ! 9RB KM SUPER ANTIK !,toyota innova reborn 2026 ! isi solar diesel barcode solar ada ! 9rb km super antik !,Toyota Zenix,medium,community_context,False,,,,False,not_relevant,no_adas_keyword,,UNKNOWN,,,,,,,
rec_9f9b4019a02d546d,Toyota Zenix,Toyota Zenix owners Indonesia,https://www.facebook.com/groups/921208719233043,post_5,post_5_comment_32,post_5,comment,,,,Year NIK 2025,https://www.facebook.com/groups/921208719233043,2026-09-18T03:21:09Z,raw_data_run_20260918_101715_601a04.csv,rec_9f9b4019a02d546d,False,Year NIK 2025,year nik 2025,Toyota Zenix,medium,community_context,False,,,,False,not_relevant,no_adas_keyword,,UNKNOWN,,,,,,,
rec_2033d0b45125ff34,Toyota Zenix,Toyota Zenix owners Indonesia,https://www.facebook.com/groups/921208719233043,post_5,post_5_comment_33,post_5,comment,,,,Color Black On Brown … Lihat selengkapnya,https://www.facebook.com/groups/921208719233043,2026-09-18T03:21:09Z,raw_data_run_20260918_101715_601a04.csv,rec_2033d0b45125ff34,False,Color Black On Brown … Lihat selengkapnya,color black on brown … lihat selengkapnya,Toyota Zenix,medium,community_context,False,,,,False,not_relevant,no_adas_keyword,,UNKNOWN,,,,,,,
rec_f761803ff28ad029,Toyota Zenix,Toyota Zenix owners Indonesia,https://www.facebook.com/groups/921208719233043,post_5,post_5_comment_34,post_5,comment,,,,"Barang ex copotan asuransi barang ORI tinggal cat ulang lagi bossku 
silahkan diorder bossku 
untuk tanya2 silahkan hubungi wa 0895373086267
terima kasih",https://www.facebook.com/groups/921208719233043,2026-09-18T03:21:12Z,raw_data_run_20260918_101715_601a04.csv,rec_f761803ff28ad029,False,Barang ex copotan asuransi barang ORI tinggal cat ulang lagi bossku silahkan diorder bossku untuk tanya2 silahkan hubungi wa 0895373086267 terima kasih,barang ex copotan asuransi barang ori tinggal cat ulang lagi bossku silahkan diorder bossku untuk tanya2 silahkan hubungi wa 0895373086267 terima kasih,Toyota Zenix,medium,community_context,False,,,,False,not_relevant,no_adas_keyword,,UNKNOWN,,,,,,,
rec_4118ee4d63fd414f,Toyota Zenix,Toyota Zenix owners Indonesia,https://www.facebook.com/groups/921208719233043,post_5,post_5_comment_35,post_5,comment,,,,silahkan diorder bossku,https://www.facebook.com/groups/921208719233043,2026-09-18T03:21:12Z,raw_data_run_20260918_101715_601a04.csv,rec_4118ee4d63fd414f,False,silahkan diorder bossku,silahkan diorder bossku,Toyota Zenix,medium,community_context,False,,,,False,not_relevant,no_adas_keyword,,UNKNOWN,,,,,,,
rec_498afae0f370e8cc,Toyota Zenix,Toyota Zenix owners Indonesia,https://www.facebook.com/groups/921208719233043,post_5,post_5_comment_36,post_5,comment,,,,terima kasih,https://www.facebook.com/groups/921208719233043,2026-09-18T03:21:12Z,raw_data_run_20260918_101715_601a04.csv,rec_498afae0f370e8cc,False,terima kasih,terima kasih,Toyota Zenix,medium,community_context,False,,,,False,not_relevant,no_adas_keyword,,UNKNOWN,,,,,,,
rec_12ac3cdfcdcb3b01,Toyota Zenix,Toyota Zenix owners Indonesia,https://www.facebook.com/groups/921208719233043,post_5,post_5_comment_37,post_5,comment,,,,TOYOTA ZENIX V HYBRID… Lihat selengkapnya,https://www.facebook.com/groups/921208719233043,2026-09-18T03:21:12Z,raw_data_run_20260918_101715_601a04.csv,rec_12ac3cdfcdcb3b01,False,TOYOTA ZENIX V HYBRID… Lihat selengkapnya,toyota zenix v hybrid… lihat selengkapnya,Toyota Zenix,high,explicit_text_alias_strong,False,,,,False,not_relevant,no_adas_keyword,,UNKNOWN,,,,,,,
rec_0ea9d255542769fb,Toyota Zenix,Toyota Zenix owners Indonesia,https://www.facebook.com/groups/921208719233043,post_5,post_5_comment_38,post_5,comment,,,,"Ready Foot step rush Terios 
Bisa barang aja atau berikut pasang",https://www.facebook.com/groups/921208719233043,2026-09-18T03:21:14Z,raw_data_run_20260918_101715_601a04.csv,rec_0ea9d255542769fb,False,Ready Foot step rush Terios Bisa barang aja atau berikut pasang,ready foot step rush terios bisa barang aja atau berikut pasang,Toyota Zenix,medium,community_context,False,,,,False,not_relevant,no_adas_keyword,,UNKNOWN,,,,,,,
rec_bb3c9cc271ade0da,Toyota Zenix,Toyota Zenix owners Indonesia,https://www.facebook.com/groups/921208719233043,post_5,post_5_comment_39,post_5,comment,,,,Ready Foot step rush Terios,https://www.facebook.com/groups/921208719233043,2026-09-18T03:21:14Z,raw_data_run_20260918_101715_601a04.csv,rec_bb3c9cc271ade0da,False,Ready Foot step rush Terios,ready foot step rush terios,Toyota Zenix,medium,community_context,False,,,,False,not_relevant,no_adas_keyword,,UNKNOWN,,,,,,,
rec_9a36b6350549c0de,Toyota Zenix,Toyota Zenix owners Indonesia,https://www.facebook.com/groups/921208719233043,post_5,post_5_comment_40,post_5,comment,,,,Bisa barang aja atau berikut pasang,https://www.facebook.com/groups/921208719233043,2026-09-18T03:21:14Z,raw_data_run_20260918_101715_601a04.csv,rec_9a36b6350549c0de,False,Bisa barang aja atau berikut pasang,bisa barang aja atau berikut pasang,Toyota Zenix,medium,community_context,False,,,,False,not_relevant,no_adas_keyword,,UNKNOWN,,,,,,,
rec_ba505080abf34adf,Toyota Zenix,Toyota Zenix owners Indonesia,https://www.facebook.com/groups/921208719233043,post_5,post_5_comment_41,post_5,comment,,,,2023 Toyota Zenix G Non Hybrid 2023 · Minivan · Jarak yang sudah ditempuh 120.000 kilometer… Lihat selengkapnya,https://www.facebook.com/groups/921208719233043,2026-09-18T03:21:15Z,raw_data_run_20260918_101715_601a04.csv,rec_ba505080abf34adf,False,2023 Toyota Zenix G Non Hybrid 2023 · Minivan · Jarak yang sudah ditempuh 120.000 kilometer… Lihat selengkapnya,2023 toyota zenix g non hybrid 2023 · minivan · jarak yang sudah ditempuh 120.000 kilometer… lihat selengkapnya,Toyota Zenix,high,explicit_text_alias_strong,False,,,,False,not_relevant,no_adas_keyword,,UNKNOWN,,,,,,,
rec_9173270dfcd2074d,Toyota Zenix,Toyota Zenix owners Indonesia,https://www.facebook.com/groups/921208719233043,post_5,post_5_comment_43,post_5,comment,,,,"Asik Berfaedah edisi Wiper Depan
""Kualitas di atas ekspetasi harga
""… Lihat selengkapnya",https://www.facebook.com/groups/921208719233043,2026-09-18T03:21:19Z,raw_data_run_20260918_101715_601a04.csv,rec_9173270dfcd2074d,False,"Asik Berfaedah edisi Wiper Depan ""Kualitas di atas ekspetasi harga ""… Lihat selengkapnya","asik berfaedah edisi wiper depan ""kualitas di atas ekspetasi harga ""… lihat selengkapnya",Toyota Zenix,medium,community_context,False,,,,False,not_relevant,no_adas_keyword,,UNKNOWN,,,,,,,
rec_105c40ee7b7eb36e,Toyota Zenix,Toyota Zenix owners Indonesia,https://www.facebook.com/groups/921208719233043,post_5,post_5_comment_44,post_5,comment,,,,Asik Berfaedah edisi Wiper Depan,https://www.facebook.com/groups/921208719233043,2026-09-18T03:21:19Z,raw_data_run_20260918_101715_601a04.csv,rec_105c40ee7b7eb36e,False,Asik Berfaedah edisi Wiper Depan,asik berfaedah edisi wiper depan,Toyota Zenix,medium,community_context,False,,,,False,not_relevant,no_adas_keyword,,UNKNOWN,,,,,,,
rec_e33054f029038a90,Toyota Zenix,Toyota Zenix owners Indonesia,https://www.facebook.com/groups/921208719233043,post_5,post_5_comment_45,post_5,comment,,,,"Ready lampu LED mobil 
Cocok untuk berbagai jenis mobil
Jenis bohlamp mengikuti mobil nya",https://www.facebook.com/groups/921208719233043,2026-09-18T03:21:23Z,raw_data_run_20260918_101715_601a04.csv,rec_e33054f029038a90,False,Ready lampu LED mobil Cocok untuk berbagai jenis mobil Jenis bohlamp mengikuti mobil nya,ready lampu led mobil cocok untuk berbagai jenis mobil jenis bohlamp mengikuti mobil nya,Toyota Zenix,medium,community_context,False,,,,False,not_relevant,no_adas_keyword,,UNKNOWN,,,,,,,
rec_c0cd818df56810f4,Toyota Zenix,Toyota Zenix owners Indonesia,https://www.facebook.com/groups/921208719233043,post_5,post_5_comment_46,post_5,comment,,,,Ready lampu LED mobil,https://www.facebook.com/groups/921208719233043,2026-09-18T03:21:23Z,raw_data_run_20260918_101715_601a04.csv,rec_c0cd818df56810f4,False,Ready lampu LED mobil,ready lampu led mobil,Toyota Zenix,medium,community_context,False,,,,False,not_relevant,no_adas_keyword,,UNKNOWN,,,,,,,
rec_3a8279388c5a6432,Toyota Zenix,Toyota Zenix owners Indonesia,https://www.facebook.com/groups/921208719233043,post_5,post_5_comment_47,post_5,comment,,,,Cocok untuk berbagai jenis mobil,https://www.facebook.com/groups/921208719233043,2026-09-18T03:21:23Z,raw_data_run_20260918_101715_601a04.csv,rec_3a8279388c5a6432,False,Cocok untuk berbagai jenis mobil,cocok untuk berbagai jenis mobil,Toyota Zenix,medium,community_context,False,,,,False,not_relevant,no_adas_keyword,,UNKNOWN,,,,,,,
rec_b826a0926e371d29,Toyota Zenix,Toyota Zenix owners Indonesia,https://www.facebook.com/groups/921208719233043,post_5,post_5_comment_48,post_5,comment,,,,Jenis bohlamp mengikuti mobil nya,https://www.facebook.com/groups/921208719233043,2026-09-18T03:21:23Z,raw_data_run_20260918_101715_601a04.csv,rec_b826a0926e371d29,False,Jenis bohlamp mengikuti mobil nya,jenis bohlamp mengikuti mobil nya,Toyota Zenix,medium,community_context,False,,,,False,not_relevant,no_adas_keyword,,UNKNOWN,,,,,,,
rec_2dc07ec3ee5d2e1b,Toyota Zenix,Toyota Zenix owners Indonesia,https://www.facebook.com/groups/921208719233043,post_5,post_5_comment_49,post_5,comment,,,,ready zenix q hybrid tersedia cash/credit dan tersedia pembelian an pt/perorangan. hub 087881555358 hilfi toyota… Lihat selengkapnya,https://www.facebook.com/groups/921208719233043,2026-09-18T03:21:23Z,raw_data_run_20260918_101715_601a04.csv,rec_2dc07ec3ee5d2e1b,False,ready zenix q hybrid tersedia cash/credit dan tersedia pembelian an pt/perorangan. hub 087881555358 hilfi toyota… Lihat selengkapnya,ready zenix q hybrid tersedia cash/credit dan tersedia pembelian an pt/perorangan. hub 087881555358 hilfi toyota… lihat selengkapnya,Toyota Zenix,high,explicit_text_alias_strong,False,,,,False,not_relevant,no_adas_keyword,,UNKNOWN,,,,,,,
rec_87c7d1666aa43bc0,Toyota Zenix,Toyota Zenix owners Indonesia,https://www.facebook.com/groups/921208719233043,post_5,post_5_comment_50,post_5,comment,,,,"Jual sparepart berkualitas 
Whatsapp 
 085934378954… Lihat selengkapnya",https://www.facebook.com/groups/921208719233043,2026-09-18T03:21:25Z,raw_data_run_20260918_101715_601a04.csv,rec_87c7d1666aa43bc0,False,Jual sparepart berkualitas Whatsapp 085934378954… Lihat selengkapnya,jual sparepart berkualitas whatsapp 085934378954… lihat selengkapnya,Toyota Zenix,medium,community_context,False,,,,False,not_relevant,no_adas_keyword,,UNKNOWN,,,,,,,
rec_ae9e35b11e483bf9,Toyota Zenix,Toyota Zenix owners Indonesia,https://www.facebook.com/groups/921208719233043,post_5,post_5_comment_51,post_5,comment,,,,Jual sparepart berkualitas,https://www.facebook.com/groups/921208719233043,2026-09-18T03:21:25Z,raw_data_run_20260918_101715_601a04.csv,rec_ae9e35b11e483bf9,False,Jual sparepart berkualitas,jual sparepart berkualitas,Toyota Zenix,medium,community_context,False,,,,False,not_relevant,no_adas_keyword,,UNKNOWN,,,,,,,
rec_df78ea6b495b193a,Toyota Zenix,Toyota Zenix owners Indonesia,https://www.facebook.com/groups/921208719233043,post_5,post_5_comment_52,post_5,comment,,,,"Whatsapp 
 085934378954… Lihat selengkapnya",https://www.facebook.com/groups/921208719233043,2026-09-18T03:21:25Z,raw_data_run_20260918_101715_601a04.csv,rec_df78ea6b495b193a,False,Whatsapp 085934378954… Lihat selengkapnya,whatsapp 085934378954… lihat selengkapnya,Toyota Zenix,medium,community_context,False,,,,False,not_relevant,no_adas_keyword,,UNKNOWN,,,,,,,
rec_2354f0ec310071ae,Toyota Zenix,Toyota Zenix owners Indonesia,https://www.facebook.com/groups/921208719233043,post_5,post_5_comment_53,post_5,comment,,,,Interior Zenix Type V kurangnya apa? … Lihat selengkapnya,https://www.facebook.com/groups/921208719233043,2026-09-18T03:21:27Z,raw_data_run_20260918_101715_601a04.csv,rec_2354f0ec310071ae,False,Interior Zenix Type V kurangnya apa? … Lihat selengkapnya,interior zenix type v kurangnya apa? … lihat selengkapnya,Toyota Zenix,high,explicit_text_alias_strong,False,,,,False,not_relevant,no_adas_keyword,,UNKNOWN,,,,,,,
rec_8cb8797383a3dd67,Toyota Zenix,Toyota Zenix owners Indonesia,https://www.facebook.com/groups/921208719233043,post_5,post_5_comment_54,post_5,comment,,,,Dashcamnya belum om,https://www.facebook.com/groups/921208719233043,2026-09-18T03:21:27Z,raw_data_run_20260918_101715_601a04.csv,rec_8cb8797383a3dd67,False,Dashcamnya belum om,dashcamnya belum om,Toyota Zenix,medium,community_context,False,,,,False,not_relevant,no_adas_keyword,,UNKNOWN,,,,,,,
rec_11e6acf46a787f63,Toyota Zenix,Toyota Zenix owners Indonesia,https://www.facebook.com/groups/921208719233043,post_5,post_5_comment_55,post_5,comment,,,,"Tombol power window gak ada lampunya, belum ada cruise control",https://www.facebook.com/groups/921208719233043,2026-09-18T03:21:27Z,raw_data_run_20260918_101715_601a04.csv,rec_11e6acf46a787f63,False,"Tombol power window gak ada lampunya, belum ada cruise control","tombol power window gak ada lampunya, belum ada cruise control",Toyota Zenix,medium,community_context,True,Cruise Control;cruise;cruise control,"layer_a_feature_names,layer_b_functional,layer_c_indonesian",ACC,False,relevant,explicit_feature_name,high,ACC,not_stated,not_stated,question,neutral,not_stated,unclear,high
rec_0b090c21d699323b,Toyota Zenix,Toyota Zenix owners Indonesia,https://www.facebook.com/groups/921208719233043,post_5,post_5_comment_56,post_5,comment,,,,"TOYOTA ZENIX V HYBRID
Mobil hybrid masa kini yang sangat irit bahan bakar, praktis dibawa kemana saja tanpa harus dicas setrum-setrum... … Lihat selengkapnya",https://www.facebook.com/groups/921208719233043,2026-09-18T03:21:28Z,raw_data_run_20260918_101715_601a04.csv,rec_0b090c21d699323b,False,"TOYOTA ZENIX V HYBRID Mobil hybrid masa kini yang sangat irit bahan bakar, praktis dibawa kemana saja tanpa harus dicas setrum-setrum... … Lihat selengkapnya","toyota zenix v hybrid mobil hybrid masa kini yang sangat irit bahan bakar, praktis dibawa kemana saja tanpa harus dicas setrum-setrum... … lihat selengkapnya",Toyota Zenix,high,explicit_text_alias_strong,False,,,,False,not_relevant,no_adas_keyword,,UNKNOWN,,,,,,,
rec_490e55b58c858c77,Toyota Zenix,Toyota Zenix owners Indonesia,https://www.facebook.com/groups/921208719233043,post_5,post_5_comment_57,post_5,comment,,,,TOYOTA ZENIX V HYBRID,https://www.facebook.com/groups/921208719233043,2026-09-18T03:21:28Z,raw_data_run_20260918_101715_601a04.csv,rec_490e55b58c858c77,False,TOYOTA ZENIX V HYBRID,toyota zenix v hybrid,Toyota Zenix,high,explicit_text_alias_strong,False,,,,False,not_relevant,no_adas_keyword,,UNKNOWN,,,,,,,
rec_987dfa3a1d4a34e6,Toyota Zenix,Toyota Zenix owners Indonesia,https://www.facebook.com/groups/921208719233043,post_5,post_5_comment_58,post_5,comment,,,,"Mobil hybrid masa kini yang sangat irit bahan bakar, praktis dibawa kemana saja tanpa harus dicas setrum-setrum... … Lihat selengkapnya",https://www.facebook.com/groups/921208719233043,2026-09-18T03:21:28Z,raw_data_run_20260918_101715_601a04.csv,rec_987dfa3a1d4a34e6,False,"Mobil hybrid masa kini yang sangat irit bahan bakar, praktis dibawa kemana saja tanpa harus dicas setrum-setrum... … Lihat selengkapnya","mobil hybrid masa kini yang sangat irit bahan bakar, praktis dibawa kemana saja tanpa harus dicas setrum-setrum... … lihat selengkapnya",Toyota Zenix,medium,community_context,False,,,,False,not_relevant,no_adas_keyword,,UNKNOWN,,,,,,,
rec_9cdc424882f11ee4,Toyota Zenix,Toyota Zenix owners Indonesia,https://www.facebook.com/groups/921208719233043,post_5,post_5_comment_59,post_5,comment,,,,"Barang mulus beat 2023 pajak juni 2026
Lengkap surat surat
Kunci 2
Barang lokasi bandung
Hubungi Aldo - 082112050953",https://www.facebook.com/groups/921208719233043,2026-09-18T03:21:33Z,raw_data_run_20260918_101715_601a04.csv,rec_9cdc424882f11ee4,False,Barang mulus beat 2023 pajak juni 2026 Lengkap surat surat Kunci 2 Barang lokasi bandung Hubungi Aldo - 082112050953,barang mulus beat 2023 pajak juni 2026 lengkap surat surat kunci 2 barang lokasi bandung hubungi aldo - 082112050953,Toyota Zenix,medium,community_context,False,,,,False,not_relevant,no_adas_keyword,,UNKNOWN,,,,,,,
rec_8eb2581bfc3d6915,Toyota Zenix,Toyota Zenix owners Indonesia,https://www.facebook.com/groups/921208719233043,post_5,post_5_comment_60,post_5,comment,,,,Barang mulus beat 2023 pajak juni 2026,https://www.facebook.com/groups/921208719233043,2026-09-18T03:21:33Z,raw_data_run_20260918_101715_601a04.csv,rec_8eb2581bfc3d6915,False,Barang mulus beat 2023 pajak juni 2026,barang mulus beat 2023 pajak juni 2026,Toyota Zenix,medium,community_context,False,,,,False,not_relevant,no_adas_keyword,,UNKNOWN,,,,,,,
rec_1048e9072a48fb95,Toyota Zenix,Toyota Zenix owners Indonesia,https://www.facebook.com/groups/921208719233043,post_5,post_5_comment_61,post_5,comment,,,,Lengkap surat surat,https://www.facebook.com/groups/921208719233043,2026-09-18T03:21:33Z,raw_data_run_20260918_101715_601a04.csv,rec_1048e9072a48fb95,False,Lengkap surat surat,lengkap surat surat,Toyota Zenix,medium,community_context,False,,,,False,not_relevant,no_adas_keyword,,UNKNOWN,,,,,,,
rec_1e604f481e52dd7b,Toyota Zenix,Toyota Zenix owners Indonesia,https://www.facebook.com/groups/921208719233043,post_5,post_5_comment_62,post_5,comment,,,,Kunci 2,https://www.facebook.com/groups/921208719233043,2026-09-18T03:21:33Z,raw_data_run_20260918_101715_601a04.csv,rec_1e604f481e52dd7b,False,Kunci 2,kunci 2,Toyota Zenix,medium,community_context,False,,,,False,not_relevant,no_adas_keyword,,UNKNOWN,,,,,,,
rec_0274a6c68a709ae1,Toyota Zenix,Toyota Zenix owners Indonesia,https://www.facebook.com/groups/921208719233043,post_5,post_5_comment_63,post_5,comment,,,,Barang lokasi bandung,https://www.facebook.com/groups/921208719233043,2026-09-18T03:21:33Z,raw_data_run_20260918_101715_601a04.csv,rec_0274a6c68a709ae1,False,Barang lokasi bandung,barang lokasi bandung,Toyota Zenix,medium,community_context,False,,,,False,not_relevant,no_adas_keyword,,UNKNOWN,,,,,,,
rec_e17c10007427efda,Toyota Zenix,Toyota Zenix owners Indonesia,https://www.facebook.com/groups/921208719233043,post_5,post_5_comment_64,post_5,comment,,,,Hubungi Aldo - 082112050953,https://www.facebook.com/groups/921208719233043,2026-09-18T03:21:33Z,raw_data_run_20260918_101715_601a04.csv,rec_e17c10007427efda,False,Hubungi Aldo - 082112050953,hubungi aldo - 082112050953,Toyota Zenix,medium,community_context,False,,,,False,not_relevant,no_adas_keyword,,UNKNOWN,,,,,,,
rec_413d1c239fc941ce,Toyota Zenix,Toyota Zenix owners Indonesia,https://www.facebook.com/groups/921208719233043,post_6,,,post,,,,"Toyota Fortuner TRD 2021
Harga Cash 415 jt Nego
An Pribadi
Pajak Panjang 1-2027… Lihat selengkapnya",https://www.facebook.com/groups/921208719233043,2026-09-18T03:21:33Z,raw_data_run_20260918_101715_601a04.csv,rec_413d1c239fc941ce,False,Toyota Fortuner TRD 2021 Harga Cash 415 jt Nego An Pribadi Pajak Panjang 1-2027… Lihat selengkapnya,toyota fortuner trd 2021 harga cash 415 jt nego an pribadi pajak panjang 1-2027… lihat selengkapnya,Toyota Zenix,medium,community_context,False,,,,False,not_relevant,no_adas_keyword,,UNKNOWN,,,,,,,
rec_6d6dae11552daa22,Toyota Zenix,Toyota Zenix owners Indonesia,https://www.facebook.com/groups/921208719233043,post_6,post_6_comment_1,post_6,comment,,,,"Unit baru ready stock J6 & J6T
Info
Ryan
081318900444
Chery Jaksel",https://www.facebook.com/groups/921208719233043,2026-09-18T03:21:38Z,raw_data_run_20260918_101715_601a04.csv,rec_6d6dae11552daa22,False,Unit baru ready stock J6 & J6T Info Ryan 081318900444 Chery Jaksel,unit baru ready stock j6 & j6t info ryan 081318900444 chery jaksel,Toyota Zenix,medium,community_context,False,,,,False,not_relevant,no_adas_keyword,,UNKNOWN,,,,,,,
rec_a0aa95671a101b54,Toyota Zenix,Toyota Zenix owners Indonesia,https://www.facebook.com/groups/921208719233043,post_6,post_6_comment_2,post_6,comment,,,,Unit baru ready stock J6 & J6T,https://www.facebook.com/groups/921208719233043,2026-09-18T03:21:38Z,raw_data_run_20260918_101715_601a04.csv,rec_a0aa95671a101b54,False,Unit baru ready stock J6 & J6T,unit baru ready stock j6 & j6t,Toyota Zenix,medium,community_context,False,,,,False,not_relevant,no_adas_keyword,,UNKNOWN,,,,,,,
rec_8899a5275909fcc2,Toyota Zenix,Toyota Zenix owners Indonesia,https://www.facebook.com/groups/921208719233043,post_6,post_6_comment_3,post_6,comment,,,,081318900444,https://www.facebook.com/groups/921208719233043,2026-09-18T03:21:38Z,raw_data_run_20260918_101715_601a04.csv,rec_8899a5275909fcc2,False,081318900444,081318900444,Toyota Zenix,medium,community_context,False,,,,False,not_relevant,no_adas_keyword,,UNKNOWN,,,,,,,
rec_aafe5295304e9c1e,Toyota Zenix,Toyota Zenix owners Indonesia,https://www.facebook.com/groups/921208719233043,post_6,post_6_comment_4,post_6,comment,,,,Chery Jaksel,https://www.facebook.com/groups/921208719233043,2026-09-18T03:21:38Z,raw_data_run_20260918_101715_601a04.csv,rec_aafe5295304e9c1e,False,Chery Jaksel,chery jaksel,Toyota Zenix,medium,community_context,False,,,,False,not_relevant,no_adas_keyword,,UNKNOWN,,,,,,,
rec_fc0271d5c403bc66,Toyota Zenix,Toyota Zenix owners Indonesia,https://www.facebook.com/groups/921208719233043,post_6,post_6_comment_5,post_6,comment,,,,"Asik Berfaedah edisi Bohlam Sein
""Kualitas di atas ekspetasi harga
""… Lihat selengkapnya",https://www.facebook.com/groups/921208719233043,2026-09-18T03:21:38Z,raw_data_run_20260918_101715_601a04.csv,rec_fc0271d5c403bc66,False,"Asik Berfaedah edisi Bohlam Sein ""Kualitas di atas ekspetasi harga ""… Lihat selengkapnya","asik berfaedah edisi bohlam sein ""kualitas di atas ekspetasi harga ""… lihat selengkapnya",Toyota Zenix,medium,community_context,False,,,,False,not_relevant,no_adas_keyword,,UNKNOWN,,,,,,,
rec_d727167ef02e956e,Toyota Zenix,Toyota Zenix owners Indonesia,https://www.facebook.com/groups/921208719233043,post_6,post_6_comment_6,post_6,comment,,,,Asik Berfaedah edisi Bohlam Sein,https://www.facebook.com/groups/921208719233043,2026-09-18T03:21:38Z,raw_data_run_20260918_101715_601a04.csv,rec_d727167ef02e956e,False,Asik Berfaedah edisi Bohlam Sein,asik berfaedah edisi bohlam sein,Toyota Zenix,medium,community_context,False,,,,False,not_relevant,no_adas_keyword,,UNKNOWN,,,,,,,
rec_87854b6e15bcafdf,Toyota Zenix,Toyota Zenix owners Indonesia,https://www.facebook.com/groups/921208719233043,post_6,post_6_comment_7,post_6,comment,,,,"""Kualitas di atas ekspetasi harga
""… Lihat selengkapnya",https://www.facebook.com/groups/921208719233043,2026-09-18T03:21:38Z,raw_data_run_20260918_101715_601a04.csv,rec_87854b6e15bcafdf,False,"""Kualitas di atas ekspetasi harga ""… Lihat selengkapnya","""kualitas di atas ekspetasi harga ""… lihat selengkapnya",Toyota Zenix,medium,community_context,False,,,,False,not_relevant,no_adas_keyword,,UNKNOWN,,,,,,,
rec_4012fb60b00bd51f,Toyota Zenix,Toyota Zenix owners Indonesia,https://www.facebook.com/groups/921208719233043,post_6,post_6_comment_8,post_6,comment,,,,Selamat datang Zenixer... Silahkan berbagi pengalaman dan pengetahuan anda tentang Toyota Zenix di Grup ini,https://www.facebook.com/groups/921208719233043,2026-09-18T03:21:38Z,raw_data_run_20260918_101715_601a04.csv,rec_4012fb60b00bd51f,False,Selamat datang Zenixer... Silahkan berbagi pengalaman dan pengetahuan anda tentang Toyota Zenix di Grup ini,selamat datang zenixer... silahkan berbagi pengalaman dan pengetahuan anda tentang toyota zenix di grup ini,Toyota Zenix,high,explicit_text_alias_strong,False,,,,False,not_relevant,no_adas_keyword,,UNKNOWN,,,,,,,
rec_306d2a09bc6410fa,Toyota Zenix,Toyota Zenix owners Indonesia,https://www.facebook.com/groups/921208719233043,post_6,post_6_comment_9,post_6,comment,,,,TOYOTA ZENIX Q HYBRID… Lihat selengkapnya,https://www.facebook.com/groups/921208719233043,2026-09-18T03:21:40Z,raw_data_run_20260918_101715_601a04.csv,rec_306d2a09bc6410fa,False,TOYOTA ZENIX Q HYBRID… Lihat selengkapnya,toyota zenix q hybrid… lihat selengkapnya,Toyota Zenix,high,explicit_text_alias_strong,False,,,,False,not_relevant,no_adas_keyword,,UNKNOWN,,,,,,,
rec_add3d43b19590a3c,Toyota Zenix,Toyota Zenix owners Indonesia,https://www.facebook.com/groups/921208719233043,post_6,post_6_comment_10,post_6,comment,,,,"Ready Sewa Mobil
Toyota Zenix Hybrid… Lihat selengkapnya",https://www.facebook.com/groups/921208719233043,2026-09-18T03:21:41Z,raw_data_run_20260918_101715_601a04.csv,rec_add3d43b19590a3c,False,Ready Sewa Mobil Toyota Zenix Hybrid… Lihat selengkapnya,ready sewa mobil toyota zenix hybrid… lihat selengkapnya,Toyota Zenix,high,explicit_text_alias_strong,False,,,,False,not_relevant,no_adas_keyword,,UNKNOWN,,,,,,,
rec_cce829dacb6e6419,Toyota Zenix,Toyota Zenix owners Indonesia,https://www.facebook.com/groups/921208719233043,post_6,post_6_comment_11,post_6,comment,,,,Ready Sewa Mobil,https://www.facebook.com/groups/921208719233043,2026-09-18T03:21:41Z,raw_data_run_20260918_101715_601a04.csv,rec_cce829dacb6e6419,False,Ready Sewa Mobil,ready sewa mobil,Toyota Zenix,medium,community_context,False,,,,False,not_relevant,no_adas_keyword,,UNKNOWN,,,,,,,
rec_8eb715987ac69b64,Toyota Zenix,Toyota Zenix owners Indonesia,https://www.facebook.com/groups/921208719233043,post_6,post_6_comment_12,post_6,comment,,,,Toyota Zenix Hybrid… Lihat selengkapnya,https://www.facebook.com/groups/921208719233043,2026-09-18T03:21:42Z,raw_data_run_20260918_101715_601a04.csv,rec_8eb715987ac69b64,False,Toyota Zenix Hybrid… Lihat selengkapnya,toyota zenix hybrid… lihat selengkapnya,Toyota Zenix,high,explicit_text_alias_strong,False,,,,False,not_relevant,no_adas_keyword,,UNKNOWN,,,,,,,
rec_73b68a483274cc83,Toyota Zenix,Toyota Zenix owners Indonesia,https://www.facebook.com/groups/921208719233043,post_6,post_6_comment_13,post_6,comment,,,,"Bismillah..
Izin berniaga ya om admin..… Lihat selengkapnya",https://www.facebook.com/groups/921208719233043,2026-09-18T03:21:43Z,raw_data_run_20260918_101715_601a04.csv,rec_73b68a483274cc83,False,Bismillah.. Izin berniaga ya om admin..… Lihat selengkapnya,bismillah.. izin berniaga ya om admin..… lihat selengkapnya,Toyota Zenix,medium,community_context,False,,,,False,not_relevant,no_adas_keyword,,UNKNOWN,,,,,,,
rec_90d6f727cdd87659,Toyota Zenix,Toyota Zenix owners Indonesia,https://www.facebook.com/groups/921208719233043,post_6,post_6_comment_14,post_6,comment,,,,Bismillah..,https://www.facebook.com/groups/921208719233043,2026-09-18T03:21:43Z,raw_data_run_20260918_101715_601a04.csv,rec_90d6f727cdd87659,False,Bismillah..,bismillah..,Toyota Zenix,medium,community_context,False,,,,False,not_relevant,no_adas_keyword,,UNKNOWN,,,,,,,
rec_e092185c7755017d,Toyota Zenix,Toyota Zenix owners Indonesia,https://www.facebook.com/groups/921208719233043,post_6,post_6_comment_15,post_6,comment,,,,Izin berniaga ya om admin..… Lihat selengkapnya,https://www.facebook.com/groups/921208719233043,2026-09-18T03:21:43Z,raw_data_run_20260918_101715_601a04.csv,rec_e092185c7755017d,False,Izin berniaga ya om admin..… Lihat selengkapnya,izin berniaga ya om admin..… lihat selengkapnya,Toyota Zenix,medium,community_context,False,,,,False,not_relevant,no_adas_keyword,,UNKNOWN,,,,,,,
rec_9585d291b1cedce8,Toyota Zenix,Toyota Zenix owners Indonesia,https://www.facebook.com/groups/921208719233043,post_6,post_6_comment_16,post_6,comment,,,,"Barang ex copotan asuransi barang ORI tinggal cat ulang lagi bossku 
Silahkan diorder bossku 
untuk tanya2 silahkan hubungi wa 0895373086267
Terima kasih",https://www.facebook.com/groups/921208719233043,2026-09-18T03:21:45Z,raw_data_run_20260918_101715_601a04.csv,rec_9585d291b1cedce8,False,Barang ex copotan asuransi barang ORI tinggal cat ulang lagi bossku Silahkan diorder bossku untuk tanya2 silahkan hubungi wa 0895373086267 Terima kasih,barang ex copotan asuransi barang ori tinggal cat ulang lagi bossku silahkan diorder bossku untuk tanya2 silahkan hubungi wa 0895373086267 terima kasih,Toyota Zenix,medium,community_context,False,,,,False,not_relevant,no_adas_keyword,,UNKNOWN,,,,,,,
rec_fe807240d71252bd,Toyota Zenix,Toyota Zenix owners Indonesia,https://www.facebook.com/groups/921208719233043,post_6,post_6_comment_17,post_6,comment,,,,Barang ex copotan asuransi barang ORI tinggal cat ulang lagi bossku,https://www.facebook.com/groups/921208719233043,2026-09-18T03:21:45Z,raw_data_run_20260918_101715_601a04.csv,rec_fe807240d71252bd,False,Barang ex copotan asuransi barang ORI tinggal cat ulang lagi bossku,barang ex copotan asuransi barang ori tinggal cat ulang lagi bossku,Toyota Zenix,medium,community_context,False,,,,False,not_relevant,no_adas_keyword,,UNKNOWN,,,,,,,
rec_daebdf57e3609a67,Toyota Zenix,Toyota Zenix owners Indonesia,https://www.facebook.com/groups/921208719233043,post_6,post_6_comment_18,post_6,comment,,,,Silahkan diorder bossku,https://www.facebook.com/groups/921208719233043,2026-09-18T03:21:45Z,raw_data_run_20260918_101715_601a04.csv,rec_daebdf57e3609a67,False,Silahkan diorder bossku,silahkan diorder bossku,Toyota Zenix,medium,community_context,False,,,,False,not_relevant,no_adas_keyword,,UNKNOWN,,,,,,,
rec_1170dedadddff87b,Toyota Zenix,Toyota Zenix owners Indonesia,https://www.facebook.com/groups/921208719233043,post_6,post_6_comment_19,post_6,comment,,,,untuk tanya2 silahkan hubungi wa 0895373086267,https://www.facebook.com/groups/921208719233043,2026-09-18T03:21:45Z,raw_data_run_20260918_101715_601a04.csv,rec_1170dedadddff87b,False,untuk tanya2 silahkan hubungi wa 0895373086267,untuk tanya2 silahkan hubungi wa 0895373086267,Toyota Zenix,medium,community_context,False,,,,False,not_relevant,no_adas_keyword,,UNKNOWN,,,,,,,
rec_adb0b0865b9cd9f2,Toyota Zenix,Toyota Zenix owners Indonesia,https://www.facebook.com/groups/921208719233043,post_6,post_6_comment_20,post_6,comment,,,,Terima kasih,https://www.facebook.com/groups/921208719233043,2026-09-18T03:21:45Z,raw_data_run_20260918_101715_601a04.csv,rec_adb0b0865b9cd9f2,False,Terima kasih,terima kasih,Toyota Zenix,medium,community_context,False,,,,False,not_relevant,no_adas_keyword,,UNKNOWN,,,,,,,
rec_c372d96f59d161f8,Toyota Zenix,Toyota Zenix owners Indonesia,https://www.facebook.com/groups/921208719233043,post_6,post_6_comment_21,post_6,comment,,,,"Inova Q CVT hibryd modelista 2025 pemakaian 2026
Km20
pajak 3/27
An PT pribadi
Plat BK
Lihat selengkapnya",https://www.facebook.com/groups/921208719233043,2026-09-18T03:21:45Z,raw_data_run_20260918_101715_601a04.csv,rec_c372d96f59d161f8,False,Inova Q CVT hibryd modelista 2025 pemakaian 2026 Km20 pajak 3/27 An PT pribadi Plat BK Lihat selengkapnya,inova q cvt hibryd modelista 2025 pemakaian 2026 km20 pajak 3/27 an pt pribadi plat bk lihat selengkapnya,Toyota Zenix,medium,community_context,False,,,,False,not_relevant,no_adas_keyword,,UNKNOWN,,,,,,,
rec_e274733cb440be20,Toyota Zenix,Toyota Zenix owners Indonesia,https://www.facebook.com/groups/921208719233043,post_6,post_6_comment_22,post_6,comment,,,,@up semua orang,https://www.facebook.com/groups/921208719233043,2026-09-18T03:21:45Z,raw_data_run_20260918_101715_601a04.csv,rec_e274733cb440be20,False,[mention] semua orang,[mention] semua orang,Toyota Zenix,medium,community_context,False,,,,False,not_relevant,no_adas_keyword,,UNKNOWN,,,,,,,
rec_f082158276102a25,Toyota Zenix,Toyota Zenix owners Indonesia,https://www.facebook.com/groups/921208719233043,post_6,post_6_comment_23,post_6,comment,,,,"Dijual....!!!
Ban TOYO open county RT. 
Ukuran 265x50 R20. 
Tahun 2023.
Velg ORI NEXX FTA. … Lihat selengkapnya",https://www.facebook.com/groups/921208719233043,2026-09-18T03:21:46Z,raw_data_run_20260918_101715_601a04.csv,rec_f082158276102a25,False,Dijual....!!! Ban TOYO open county RT. Ukuran 265x50 R20. Tahun 2023. Velg ORI NEXX FTA. … Lihat selengkapnya,dijual....!!! ban toyo open county rt. ukuran 265x50 r20. tahun 2023. velg ori nexx fta. … lihat selengkapnya,Toyota Zenix,medium,community_context,False,,,,False,not_relevant,no_adas_keyword,,UNKNOWN,,,,,,,
rec_6baf3afeaf54e935,Toyota Zenix,Toyota Zenix owners Indonesia,https://www.facebook.com/groups/921208719233043,post_6,post_6_comment_24,post_6,comment,,,,Dijual....!!!,https://www.facebook.com/groups/921208719233043,2026-09-18T03:21:46Z,raw_data_run_20260918_101715_601a04.csv,rec_6baf3afeaf54e935,False,Dijual....!!!,dijual....!!!,Toyota Zenix,medium,community_context,False,,,,False,not_relevant,no_adas_keyword,,UNKNOWN,,,,,,,
rec_fa83b52b68aa4696,Toyota Zenix,Toyota Zenix owners Indonesia,https://www.facebook.com/groups/921208719233043,post_6,post_6_comment_25,post_6,comment,,,,Ban TOYO open county RT.,https://www.facebook.com/groups/921208719233043,2026-09-18T03:21:46Z,raw_data_run_20260918_101715_601a04.csv,rec_fa83b52b68aa4696,False,Ban TOYO open county RT.,ban toyo open county rt.,Toyota Zenix,medium,community_context,False,,,,False,not_relevant,no_adas_keyword,,UNKNOWN,,,,,,,
rec_30de11dc441038c2,Toyota Zenix,Toyota Zenix owners Indonesia,https://www.facebook.com/groups/921208719233043,post_6,post_6_comment_26,post_6,comment,,,,Ukuran 265x50 R20.,https://www.facebook.com/groups/921208719233043,2026-09-18T03:21:46Z,raw_data_run_20260918_101715_601a04.csv,rec_30de11dc441038c2,False,Ukuran 265x50 R20.,ukuran 265x50 r20.,Toyota Zenix,medium,community_context,False,,,,False,not_relevant,no_adas_keyword,,UNKNOWN,,,,,,,
rec_bd71c806327b32dc,Toyota Zenix,Toyota Zenix owners Indonesia,https://www.facebook.com/groups/921208719233043,post_6,post_6_comment_27,post_6,comment,,,,Tahun 2023.,https://www.facebook.com/groups/921208719233043,2026-09-18T03:21:46Z,raw_data_run_20260918_101715_601a04.csv,rec_bd71c806327b32dc,False,Tahun 2023.,tahun 2023.,Toyota Zenix,medium,community_context,False,,,,False,not_relevant,no_adas_keyword,,UNKNOWN,,,,,,,
rec_d445010b4301d45a,Toyota Zenix,Toyota Zenix owners Indonesia,https://www.facebook.com/groups/921208719233043,post_6,post_6_comment_28,post_6,comment,,,,Velg ORI NEXX FTA. … Lihat selengkapnya,https://www.facebook.com/groups/921208719233043,2026-09-18T03:21:46Z,raw_data_run_20260918_101715_601a04.csv,rec_d445010b4301d45a,False,Velg ORI NEXX FTA. … Lihat selengkapnya,velg ori nexx fta. … lihat selengkapnya,Toyota Zenix,medium,community_context,False,,,,False,not_relevant,no_adas_keyword,,UNKNOWN,,,,,,,
rec_e83243f35a038940,Toyota Zenix,Toyota Zenix owners Indonesia,https://www.facebook.com/groups/921208719233043,post_6,post_6_comment_29,post_6,comment,,,,"FOR SALE BARANG ANTIK JARANG ADA !
TOYOTA INNOVA REBORN 2026 ! ISI SOLAR DIESEL BARCODE SOLAR ADA ! 9RB KM SUPER ANTIK !
Year NIK 2025
Color Black On Brown … Lihat selengkapnya",https://www.facebook.com/groups/921208719233043,2026-09-18T03:21:48Z,raw_data_run_20260918_101715_601a04.csv,rec_e83243f35a038940,False,FOR SALE BARANG ANTIK JARANG ADA ! TOYOTA INNOVA REBORN 2026 ! ISI SOLAR DIESEL BARCODE SOLAR ADA ! 9RB KM SUPER ANTIK ! Year NIK 2025 Color Black On Brown … Lihat selengkapnya,for sale barang antik jarang ada ! toyota innova reborn 2026 ! isi solar diesel barcode solar ada ! 9rb km super antik ! year nik 2025 color black on brown … lihat selengkapnya,Toyota Zenix,medium,community_context,False,,,,False,not_relevant,no_adas_keyword,,UNKNOWN,,,,,,,
rec_13616ddb0d3a7217,Toyota Zenix,Toyota Zenix owners Indonesia,https://www.facebook.com/groups/921208719233043,post_6,post_6_comment_30,post_6,comment,,,,FOR SALE BARANG ANTIK JARANG ADA !,https://www.facebook.com/groups/921208719233043,2026-09-18T03:21:48Z,raw_data_run_20260918_101715_601a04.csv,rec_13616ddb0d3a7217,False,FOR SALE BARANG ANTIK JARANG ADA !,for sale barang antik jarang ada !,Toyota Zenix,medium,community_context,False,,,,False,not_relevant,no_adas_keyword,,UNKNOWN,,,,,,,
rec_8b6149de2b8f9bc2,Toyota Zenix,Toyota Zenix owners Indonesia,https://www.facebook.com/groups/921208719233043,post_6,post_6_comment_31,post_6,comment,,,,TOYOTA INNOVA REBORN 2026 ! ISI SOLAR DIESEL BARCODE SOLAR ADA ! 9RB KM SUPER ANTIK !,https://www.facebook.com/groups/921208719233043,2026-09-18T03:21:48Z,raw_data_run_20260918_101715_601a04.csv,rec_8b6149de2b8f9bc2,False,TOYOTA INNOVA REBORN 2026 ! ISI SOLAR DIESEL BARCODE SOLAR ADA ! 9RB KM SUPER ANTIK !,toyota innova reborn 2026 ! isi solar diesel barcode solar ada ! 9rb km super antik !,Toyota Zenix,medium,community_context,False,,,,False,not_relevant,no_adas_keyword,,UNKNOWN,,,,,,,
rec_a1793b2606da03f6,Toyota Zenix,Toyota Zenix owners Indonesia,https://www.facebook.com/groups/921208719233043,post_6,post_6_comment_32,post_6,comment,,,,Year NIK 2025,https://www.facebook.com/groups/921208719233043,2026-09-18T03:21:48Z,raw_data_run_20260918_101715_601a04.csv,rec_a1793b2606da03f6,False,Year NIK 2025,year nik 2025,Toyota Zenix,medium,community_context,False,,,,False,not_relevant,no_adas_keyword,,UNKNOWN,,,,,,,
rec_a4c29e78bfc1c492,Toyota Zenix,Toyota Zenix owners Indonesia,https://www.facebook.com/groups/921208719233043,post_6,post_6_comment_33,post_6,comment,,,,Color Black On Brown … Lihat selengkapnya,https://www.facebook.com/groups/921208719233043,2026-09-18T03:21:48Z,raw_data_run_20260918_101715_601a04.csv,rec_a4c29e78bfc1c492,False,Color Black On Brown … Lihat selengkapnya,color black on brown … lihat selengkapnya,Toyota Zenix,medium,community_context,False,,,,False,not_relevant,no_adas_keyword,,UNKNOWN,,,,,,,
rec_178252b7eb40b511,Toyota Zenix,Toyota Zenix owners Indonesia,https://www.facebook.com/groups/921208719233043,post_6,post_6_comment_34,post_6,comment,,,,"Barang ex copotan asuransi barang ORI tinggal cat ulang lagi bossku 
silahkan diorder bossku 
untuk tanya2 silahkan hubungi wa 0895373086267
terima kasih",https://www.facebook.com/groups/921208719233043,2026-09-18T03:21:52Z,raw_data_run_20260918_101715_601a04.csv,rec_178252b7eb40b511,False,Barang ex copotan asuransi barang ORI tinggal cat ulang lagi bossku silahkan diorder bossku untuk tanya2 silahkan hubungi wa 0895373086267 terima kasih,barang ex copotan asuransi barang ori tinggal cat ulang lagi bossku silahkan diorder bossku untuk tanya2 silahkan hubungi wa 0895373086267 terima kasih,Toyota Zenix,medium,community_context,False,,,,False,not_relevant,no_adas_keyword,,UNKNOWN,,,,,,,
rec_de9e909748841ce4,Toyota Zenix,Toyota Zenix owners Indonesia,https://www.facebook.com/groups/921208719233043,post_6,post_6_comment_35,post_6,comment,,,,silahkan diorder bossku,https://www.facebook.com/groups/921208719233043,2026-09-18T03:21:52Z,raw_data_run_20260918_101715_601a04.csv,rec_de9e909748841ce4,False,silahkan diorder bossku,silahkan diorder bossku,Toyota Zenix,medium,community_context,False,,,,False,not_relevant,no_adas_keyword,,UNKNOWN,,,,,,,
rec_99e4c9050d280669,Toyota Zenix,Toyota Zenix owners Indonesia,https://www.facebook.com/groups/921208719233043,post_6,post_6_comment_36,post_6,comment,,,,terima kasih,https://www.facebook.com/groups/921208719233043,2026-09-18T03:21:52Z,raw_data_run_20260918_101715_601a04.csv,rec_99e4c9050d280669,False,terima kasih,terima kasih,Toyota Zenix,medium,community_context,False,,,,False,not_relevant,no_adas_keyword,,UNKNOWN,,,,,,,
rec_26974eaaa34a9261,Toyota Zenix,Toyota Zenix owners Indonesia,https://www.facebook.com/groups/921208719233043,post_6,post_6_comment_37,post_6,comment,,,,TOYOTA ZENIX V HYBRID… Lihat selengkapnya,https://www.facebook.com/groups/921208719233043,2026-09-18T03:21:52Z,raw_data_run_20260918_101715_601a04.csv,rec_26974eaaa34a9261,False,TOYOTA ZENIX V HYBRID… Lihat selengkapnya,toyota zenix v hybrid… lihat selengkapnya,Toyota Zenix,high,explicit_text_alias_strong,False,,,,False,not_relevant,no_adas_keyword,,UNKNOWN,,,,,,,
rec_4f250ede9e6654b4,Toyota Zenix,Toyota Zenix owners Indonesia,https://www.facebook.com/groups/921208719233043,post_6,post_6_comment_38,post_6,comment,,,,"Ready Foot step rush Terios 
Bisa barang aja atau berikut pasang",https://www.facebook.com/groups/921208719233043,2026-09-18T03:21:53Z,raw_data_run_20260918_101715_601a04.csv,rec_4f250ede9e6654b4,False,Ready Foot step rush Terios Bisa barang aja atau berikut pasang,ready foot step rush terios bisa barang aja atau berikut pasang,Toyota Zenix,medium,community_context,False,,,,False,not_relevant,no_adas_keyword,,UNKNOWN,,,,,,,
rec_c6a80976269a5ed6,Toyota Zenix,Toyota Zenix owners Indonesia,https://www.facebook.com/groups/921208719233043,post_6,post_6_comment_39,post_6,comment,,,,Ready Foot step rush Terios,https://www.facebook.com/groups/921208719233043,2026-09-18T03:21:53Z,raw_data_run_20260918_101715_601a04.csv,rec_c6a80976269a5ed6,False,Ready Foot step rush Terios,ready foot step rush terios,Toyota Zenix,medium,community_context,False,,,,False,not_relevant,no_adas_keyword,,UNKNOWN,,,,,,,
rec_d1af13fafab15ef1,Toyota Zenix,Toyota Zenix owners Indonesia,https://www.facebook.com/groups/921208719233043,post_6,post_6_comment_40,post_6,comment,,,,Bisa barang aja atau berikut pasang,https://www.facebook.com/groups/921208719233043,2026-09-18T03:21:53Z,raw_data_run_20260918_101715_601a04.csv,rec_d1af13fafab15ef1,False,Bisa barang aja atau berikut pasang,bisa barang aja atau berikut pasang,Toyota Zenix,medium,community_context,False,,,,False,not_relevant,no_adas_keyword,,UNKNOWN,,,,,,,
rec_eac1b0e2a1155522,Toyota Zenix,Toyota Zenix owners Indonesia,https://www.facebook.com/groups/921208719233043,post_6,post_6_comment_41,post_6,comment,,,,2023 Toyota Zenix G Non Hybrid 2023 · Minivan · Jarak yang sudah ditempuh 120.000 kilometer… Lihat selengkapnya,https://www.facebook.com/groups/921208719233043,2026-09-18T03:21:55Z,raw_data_run_20260918_101715_601a04.csv,rec_eac1b0e2a1155522,False,2023 Toyota Zenix G Non Hybrid 2023 · Minivan · Jarak yang sudah ditempuh 120.000 kilometer… Lihat selengkapnya,2023 toyota zenix g non hybrid 2023 · minivan · jarak yang sudah ditempuh 120.000 kilometer… lihat selengkapnya,Toyota Zenix,high,explicit_text_alias_strong,False,,,,False,not_relevant,no_adas_keyword,,UNKNOWN,,,,,,,
rec_7a1c4b61b65f276e,Toyota Zenix,Toyota Zenix owners Indonesia,https://www.facebook.com/groups/921208719233043,post_6,post_6_comment_43,post_6,comment,,,,"Asik Berfaedah edisi Wiper Depan
""Kualitas di atas ekspetasi harga
""… Lihat selengkapnya",https://www.facebook.com/groups/921208719233043,2026-09-18T03:21:58Z,raw_data_run_20260918_101715_601a04.csv,rec_7a1c4b61b65f276e,False,"Asik Berfaedah edisi Wiper Depan ""Kualitas di atas ekspetasi harga ""… Lihat selengkapnya","asik berfaedah edisi wiper depan ""kualitas di atas ekspetasi harga ""… lihat selengkapnya",Toyota Zenix,medium,community_context,False,,,,False,not_relevant,no_adas_keyword,,UNKNOWN,,,,,,,
rec_7659c5296892fe18,Toyota Zenix,Toyota Zenix owners Indonesia,https://www.facebook.com/groups/921208719233043,post_6,post_6_comment_44,post_6,comment,,,,Asik Berfaedah edisi Wiper Depan,https://www.facebook.com/groups/921208719233043,2026-09-18T03:21:58Z,raw_data_run_20260918_101715_601a04.csv,rec_7659c5296892fe18,False,Asik Berfaedah edisi Wiper Depan,asik berfaedah edisi wiper depan,Toyota Zenix,medium,community_context,False,,,,False,not_relevant,no_adas_keyword,,UNKNOWN,,,,,,,
rec_219b30ff9d7e3593,Toyota Zenix,Toyota Zenix owners Indonesia,https://www.facebook.com/groups/921208719233043,post_6,post_6_comment_45,post_6,comment,,,,"Ready lampu LED mobil 
Cocok untuk berbagai jenis mobil
Jenis bohlamp mengikuti mobil nya",https://www.facebook.com/groups/921208719233043,2026-09-18T03:22:03Z,raw_data_run_20260918_101715_601a04.csv,rec_219b30ff9d7e3593,False,Ready lampu LED mobil Cocok untuk berbagai jenis mobil Jenis bohlamp mengikuti mobil nya,ready lampu led mobil cocok untuk berbagai jenis mobil jenis bohlamp mengikuti mobil nya,Toyota Zenix,medium,community_context,False,,,,False,not_relevant,no_adas_keyword,,UNKNOWN,,,,,,,
rec_92e307869cd9712b,Toyota Zenix,Toyota Zenix owners Indonesia,https://www.facebook.com/groups/921208719233043,post_6,post_6_comment_46,post_6,comment,,,,Ready lampu LED mobil,https://www.facebook.com/groups/921208719233043,2026-09-18T03:22:03Z,raw_data_run_20260918_101715_601a04.csv,rec_92e307869cd9712b,False,Ready lampu LED mobil,ready lampu led mobil,Toyota Zenix,medium,community_context,False,,,,False,not_relevant,no_adas_keyword,,UNKNOWN,,,,,,,
rec_fee10bfe68fd5dc2,Toyota Zenix,Toyota Zenix owners Indonesia,https://www.facebook.com/groups/921208719233043,post_6,post_6_comment_47,post_6,comment,,,,Cocok untuk berbagai jenis mobil,https://www.facebook.com/groups/921208719233043,2026-09-18T03:22:03Z,raw_data_run_20260918_101715_601a04.csv,rec_fee10bfe68fd5dc2,False,Cocok untuk berbagai jenis mobil,cocok untuk berbagai jenis mobil,Toyota Zenix,medium,community_context,False,,,,False,not_relevant,no_adas_keyword,,UNKNOWN,,,,,,,
rec_780412e5c31a8cd5,Toyota Zenix,Toyota Zenix owners Indonesia,https://www.facebook.com/groups/921208719233043,post_6,post_6_comment_48,post_6,comment,,,,Jenis bohlamp mengikuti mobil nya,https://www.facebook.com/groups/921208719233043,2026-09-18T03:22:03Z,raw_data_run_20260918_101715_601a04.csv,rec_780412e5c31a8cd5,False,Jenis bohlamp mengikuti mobil nya,jenis bohlamp mengikuti mobil nya,Toyota Zenix,medium,community_context,False,,,,False,not_relevant,no_adas_keyword,,UNKNOWN,,,,,,,
rec_f5b68c67fbb97ec8,Toyota Zenix,Toyota Zenix owners Indonesia,https://www.facebook.com/groups/921208719233043,post_6,post_6_comment_49,post_6,comment,,,,ready zenix q hybrid tersedia cash/credit dan tersedia pembelian an pt/perorangan. hub 087881555358 hilfi toyota… Lihat selengkapnya,https://www.facebook.com/groups/921208719233043,2026-09-18T03:22:03Z,raw_data_run_20260918_101715_601a04.csv,rec_f5b68c67fbb97ec8,False,ready zenix q hybrid tersedia cash/credit dan tersedia pembelian an pt/perorangan. hub 087881555358 hilfi toyota… Lihat selengkapnya,ready zenix q hybrid tersedia cash/credit dan tersedia pembelian an pt/perorangan. hub 087881555358 hilfi toyota… lihat selengkapnya,Toyota Zenix,high,explicit_text_alias_strong,False,,,,False,not_relevant,no_adas_keyword,,UNKNOWN,,,,,,,
rec_41517eb60b0b47ac,Toyota Zenix,Toyota Zenix owners Indonesia,https://www.facebook.com/groups/921208719233043,post_6,post_6_comment_50,post_6,comment,,,,"Jual sparepart berkualitas 
Whatsapp 
 085934378954… Lihat selengkapnya",https://www.facebook.com/groups/921208719233043,2026-09-18T03:22:05Z,raw_data_run_20260918_101715_601a04.csv,rec_41517eb60b0b47ac,False,Jual sparepart berkualitas Whatsapp 085934378954… Lihat selengkapnya,jual sparepart berkualitas whatsapp 085934378954… lihat selengkapnya,Toyota Zenix,medium,community_context,False,,,,False,not_relevant,no_adas_keyword,,UNKNOWN,,,,,,,
rec_10288a3e2b596eb2,Toyota Zenix,Toyota Zenix owners Indonesia,https://www.facebook.com/groups/921208719233043,post_6,post_6_comment_51,post_6,comment,,,,Jual sparepart berkualitas,https://www.facebook.com/groups/921208719233043,2026-09-18T03:22:05Z,raw_data_run_20260918_101715_601a04.csv,rec_10288a3e2b596eb2,False,Jual sparepart berkualitas,jual sparepart berkualitas,Toyota Zenix,medium,community_context,False,,,,False,not_relevant,no_adas_keyword,,UNKNOWN,,,,,,,
rec_a6d1ce6648ddbfce,Toyota Zenix,Toyota Zenix owners Indonesia,https://www.facebook.com/groups/921208719233043,post_6,post_6_comment_52,post_6,comment,,,,"Whatsapp 
 085934378954… Lihat selengkapnya",https://www.facebook.com/groups/921208719233043,2026-09-18T03:22:05Z,raw_data_run_20260918_101715_601a04.csv,rec_a6d1ce6648ddbfce,False,Whatsapp 085934378954… Lihat selengkapnya,whatsapp 085934378954… lihat selengkapnya,Toyota Zenix,medium,community_context,False,,,,False,not_relevant,no_adas_keyword,,UNKNOWN,,,,,,,
rec_89a8936d514a9fd2,Toyota Zenix,Toyota Zenix owners Indonesia,https://www.facebook.com/groups/921208719233043,post_6,post_6_comment_53,post_6,comment,,,,Interior Zenix Type V kurangnya apa? … Lihat selengkapnya,https://www.facebook.com/groups/921208719233043,2026-09-18T03:22:06Z,raw_data_run_20260918_101715_601a04.csv,rec_89a8936d514a9fd2,False,Interior Zenix Type V kurangnya apa? … Lihat selengkapnya,interior zenix type v kurangnya apa? … lihat selengkapnya,Toyota Zenix,high,explicit_text_alias_strong,False,,,,False,not_relevant,no_adas_keyword,,UNKNOWN,,,,,,,
rec_724498e56decc1ba,Toyota Zenix,Toyota Zenix owners Indonesia,https://www.facebook.com/groups/921208719233043,post_6,post_6_comment_54,post_6,comment,,,,Dashcamnya belum om,https://www.facebook.com/groups/921208719233043,2026-09-18T03:22:06Z,raw_data_run_20260918_101715_601a04.csv,rec_724498e56decc1ba,False,Dashcamnya belum om,dashcamnya belum om,Toyota Zenix,medium,community_context,False,,,,False,not_relevant,no_adas_keyword,,UNKNOWN,,,,,,,
rec_16897f146da2d2ca,Toyota Zenix,Toyota Zenix owners Indonesia,https://www.facebook.com/groups/921208719233043,post_6,post_6_comment_55,post_6,comment,,,,"Tombol power window gak ada lampunya, belum ada cruise control",https://www.facebook.com/groups/921208719233043,2026-09-18T03:22:06Z,raw_data_run_20260918_101715_601a04.csv,rec_16897f146da2d2ca,False,"Tombol power window gak ada lampunya, belum ada cruise control","tombol power window gak ada lampunya, belum ada cruise control",Toyota Zenix,medium,community_context,True,Cruise Control;cruise;cruise control,"layer_a_feature_names,layer_b_functional,layer_c_indonesian",ACC,False,relevant,explicit_feature_name,high,ACC,not_stated,not_stated,question,neutral,not_stated,unclear,high
rec_950d4b1a8409ffba,Toyota Zenix,Toyota Zenix owners Indonesia,https://www.facebook.com/groups/921208719233043,post_6,post_6_comment_56,post_6,comment,,,,"TOYOTA ZENIX V HYBRID
Mobil hybrid masa kini yang sangat irit bahan bakar, praktis dibawa kemana saja tanpa harus dicas setrum-setrum... … Lihat selengkapnya",https://www.facebook.com/groups/921208719233043,2026-09-18T03:22:08Z,raw_data_run_20260918_101715_601a04.csv,rec_950d4b1a8409ffba,False,"TOYOTA ZENIX V HYBRID Mobil hybrid masa kini yang sangat irit bahan bakar, praktis dibawa kemana saja tanpa harus dicas setrum-setrum... … Lihat selengkapnya","toyota zenix v hybrid mobil hybrid masa kini yang sangat irit bahan bakar, praktis dibawa kemana saja tanpa harus dicas setrum-setrum... … lihat selengkapnya",Toyota Zenix,high,explicit_text_alias_strong,False,,,,False,not_relevant,no_adas_keyword,,UNKNOWN,,,,,,,
rec_3b1b0fdf73ecc8d1,Toyota Zenix,Toyota Zenix owners Indonesia,https://www.facebook.com/groups/921208719233043,post_6,post_6_comment_57,post_6,comment,,,,TOYOTA ZENIX V HYBRID,https://www.facebook.com/groups/921208719233043,2026-09-18T03:22:08Z,raw_data_run_20260918_101715_601a04.csv,rec_3b1b0fdf73ecc8d1,False,TOYOTA ZENIX V HYBRID,toyota zenix v hybrid,Toyota Zenix,high,explicit_text_alias_strong,False,,,,False,not_relevant,no_adas_keyword,,UNKNOWN,,,,,,,
rec_41cc532bca7c099f,Toyota Zenix,Toyota Zenix owners Indonesia,https://www.facebook.com/groups/921208719233043,post_6,post_6_comment_58,post_6,comment,,,,"Mobil hybrid masa kini yang sangat irit bahan bakar, praktis dibawa kemana saja tanpa harus dicas setrum-setrum... … Lihat selengkapnya",https://www.facebook.com/groups/921208719233043,2026-09-18T03:22:08Z,raw_data_run_20260918_101715_601a04.csv,rec_41cc532bca7c099f,False,"Mobil hybrid masa kini yang sangat irit bahan bakar, praktis dibawa kemana saja tanpa harus dicas setrum-setrum... … Lihat selengkapnya","mobil hybrid masa kini yang sangat irit bahan bakar, praktis dibawa kemana saja tanpa harus dicas setrum-setrum... … lihat selengkapnya",Toyota Zenix,medium,community_context,False,,,,False,not_relevant,no_adas_keyword,,UNKNOWN,,,,,,,
rec_69e4377d0e5307d8,Toyota Zenix,Toyota Zenix owners Indonesia,https://www.facebook.com/groups/921208719233043,post_6,post_6_comment_59,post_6,comment,,,,"Barang mulus beat 2023 pajak juni 2026
Lengkap surat surat
Kunci 2
Barang lokasi bandung
Hubungi Aldo - 082112050953",https://www.facebook.com/groups/921208719233043,2026-09-18T03:22:13Z,raw_data_run_20260918_101715_601a04.csv,rec_69e4377d0e5307d8,False,Barang mulus beat 2023 pajak juni 2026 Lengkap surat surat Kunci 2 Barang lokasi bandung Hubungi Aldo - 082112050953,barang mulus beat 2023 pajak juni 2026 lengkap surat surat kunci 2 barang lokasi bandung hubungi aldo - 082112050953,Toyota Zenix,medium,community_context,False,,,,False,not_relevant,no_adas_keyword,,UNKNOWN,,,,,,,
rec_7f50635e35c0b9a9,Toyota Zenix,Toyota Zenix owners Indonesia,https://www.facebook.com/groups/921208719233043,post_6,post_6_comment_60,post_6,comment,,,,Barang mulus beat 2023 pajak juni 2026,https://www.facebook.com/groups/921208719233043,2026-09-18T03:22:13Z,raw_data_run_20260918_101715_601a04.csv,rec_7f50635e35c0b9a9,False,Barang mulus beat 2023 pajak juni 2026,barang mulus beat 2023 pajak juni 2026,Toyota Zenix,medium,community_context,False,,,,False,not_relevant,no_adas_keyword,,UNKNOWN,,,,,,,
rec_868f3bf47c7953d4,Toyota Zenix,Toyota Zenix owners Indonesia,https://www.facebook.com/groups/921208719233043,post_6,post_6_comment_61,post_6,comment,,,,Lengkap surat surat,https://www.facebook.com/groups/921208719233043,2026-09-18T03:22:13Z,raw_data_run_20260918_101715_601a04.csv,rec_868f3bf47c7953d4,False,Lengkap surat surat,lengkap surat surat,Toyota Zenix,medium,community_context,False,,,,False,not_relevant,no_adas_keyword,,UNKNOWN,,,,,,,
rec_50f72fb68449cad8,Toyota Zenix,Toyota Zenix owners Indonesia,https://www.facebook.com/groups/921208719233043,post_6,post_6_comment_62,post_6,comment,,,,Kunci 2,https://www.facebook.com/groups/921208719233043,2026-09-18T03:22:13Z,raw_data_run_20260918_101715_601a04.csv,rec_50f72fb68449cad8,False,Kunci 2,kunci 2,Toyota Zenix,medium,community_context,False,,,,False,not_relevant,no_adas_keyword,,UNKNOWN,,,,,,,
rec_2f4024338b7d19f2,Toyota Zenix,Toyota Zenix owners Indonesia,https://www.facebook.com/groups/921208719233043,post_6,post_6_comment_63,post_6,comment,,,,Barang lokasi bandung,https://www.facebook.com/groups/921208719233043,2026-09-18T03:22:13Z,raw_data_run_20260918_101715_601a04.csv,rec_2f4024338b7d19f2,False,Barang lokasi bandung,barang lokasi bandung,Toyota Zenix,medium,community_context,False,,,,False,not_relevant,no_adas_keyword,,UNKNOWN,,,,,,,
rec_bd1a8fdc26a79ea5,Toyota Zenix,Toyota Zenix owners Indonesia,https://www.facebook.com/groups/921208719233043,post_6,post_6_comment_64,post_6,comment,,,,Hubungi Aldo - 082112050953,https://www.facebook.com/groups/921208719233043,2026-09-18T03:22:13Z,raw_data_run_20260918_101715_601a04.csv,rec_bd1a8fdc26a79ea5,False,Hubungi Aldo - 082112050953,hubungi aldo - 082112050953,Toyota Zenix,medium,community_context,False,,,,False,not_relevant,no_adas_keyword,,UNKNOWN,,,,,,,
rec_c2d5412b83f5d8bc,Toyota Zenix,Toyota Zenix owners Indonesia,https://www.facebook.com/groups/921208719233043,post_7,,,post,,,,Pajak Panjang 1-2027… Lihat selengkapnya,https://www.facebook.com/groups/921208719233043,2026-09-18T03:22:13Z,raw_data_run_20260918_101715_601a04.csv,rec_c2d5412b83f5d8bc,False,Pajak Panjang 1-2027… Lihat selengkapnya,pajak panjang 1-2027… lihat selengkapnya,Toyota Zenix,medium,community_context,False,,,,False,not_relevant,no_adas_keyword,,UNKNOWN,,,,,,,
rec_dcf1593238e83c4d,Toyota Zenix,Toyota Zenix owners Indonesia,https://www.facebook.com/groups/921208719233043,post_7,post_7_comment_1,post_7,comment,,,,"Unit baru ready stock J6 & J6T
Info
Ryan
081318900444
Chery Jaksel",https://www.facebook.com/groups/921208719233043,2026-09-18T03:22:16Z,raw_data_run_20260918_101715_601a04.csv,rec_dcf1593238e83c4d,False,Unit baru ready stock J6 & J6T Info Ryan 081318900444 Chery Jaksel,unit baru ready stock j6 & j6t info ryan 081318900444 chery jaksel,Toyota Zenix,medium,community_context,False,,,,False,not_relevant,no_adas_keyword,,UNKNOWN,,,,,,,
rec_df5a81d9ae8f9d88,Toyota Zenix,Toyota Zenix owners Indonesia,https://www.facebook.com/groups/921208719233043,post_7,post_7_comment_2,post_7,comment,,,,Unit baru ready stock J6 & J6T,https://www.facebook.com/groups/921208719233043,2026-09-18T03:22:16Z,raw_data_run_20260918_101715_601a04.csv,rec_df5a81d9ae8f9d88,False,Unit baru ready stock J6 & J6T,unit baru ready stock j6 & j6t,Toyota Zenix,medium,community_context,False,,,,False,not_relevant,no_adas_keyword,,UNKNOWN,,,,,,,
rec_7e106315e6795385,Toyota Zenix,Toyota Zenix owners Indonesia,https://www.facebook.com/groups/921208719233043,post_7,post_7_comment_3,post_7,comment,,,,081318900444,https://www.facebook.com/groups/921208719233043,2026-09-18T03:22:16Z,raw_data_run_20260918_101715_601a04.csv,rec_7e106315e6795385,False,081318900444,081318900444,Toyota Zenix,medium,community_context,False,,,,False,not_relevant,no_adas_keyword,,UNKNOWN,,,,,,,
rec_6b476275f078a1db,Toyota Zenix,Toyota Zenix owners Indonesia,https://www.facebook.com/groups/921208719233043,post_7,post_7_comment_4,post_7,comment,,,,Chery Jaksel,https://www.facebook.com/groups/921208719233043,2026-09-18T03:22:16Z,raw_data_run_20260918_101715_601a04.csv,rec_6b476275f078a1db,False,Chery Jaksel,chery jaksel,Toyota Zenix,medium,community_context,False,,,,False,not_relevant,no_adas_keyword,,UNKNOWN,,,,,,,
rec_efcd174c8ba9f05a,Toyota Zenix,Toyota Zenix owners Indonesia,https://www.facebook.com/groups/921208719233043,post_7,post_7_comment_5,post_7,comment,,,,Selamat datang Zenixer... Silahkan berbagi pengalaman dan pengetahuan anda tentang Toyota Zenix di Grup ini,https://www.facebook.com/groups/921208719233043,2026-09-18T03:22:16Z,raw_data_run_20260918_101715_601a04.csv,rec_efcd174c8ba9f05a,False,Selamat datang Zenixer... Silahkan berbagi pengalaman dan pengetahuan anda tentang Toyota Zenix di Grup ini,selamat datang zenixer... silahkan berbagi pengalaman dan pengetahuan anda tentang toyota zenix di grup ini,Toyota Zenix,high,explicit_text_alias_strong,False,,,,False,not_relevant,no_adas_keyword,,UNKNOWN,,,,,,,
rec_e8c5b50ebe150446,Toyota Zenix,Toyota Zenix owners Indonesia,https://www.facebook.com/groups/921208719233043,post_7,post_7_comment_6,post_7,comment,,,,"Asik Berfaedah edisi Bohlam Sein
""Kualitas di atas ekspetasi harga
""… Lihat selengkapnya",https://www.facebook.com/groups/921208719233043,2026-09-18T03:22:18Z,raw_data_run_20260918_101715_601a04.csv,rec_e8c5b50ebe150446,False,"Asik Berfaedah edisi Bohlam Sein ""Kualitas di atas ekspetasi harga ""… Lihat selengkapnya","asik berfaedah edisi bohlam sein ""kualitas di atas ekspetasi harga ""… lihat selengkapnya",Toyota Zenix,medium,community_context,False,,,,False,not_relevant,no_adas_keyword,,UNKNOWN,,,,,,,
rec_03cce993ea758e10,Toyota Zenix,Toyota Zenix owners Indonesia,https://www.facebook.com/groups/921208719233043,post_7,post_7_comment_7,post_7,comment,,,,Asik Berfaedah edisi Bohlam Sein,https://www.facebook.com/groups/921208719233043,2026-09-18T03:22:18Z,raw_data_run_20260918_101715_601a04.csv,rec_03cce993ea758e10,False,Asik Berfaedah edisi Bohlam Sein,asik berfaedah edisi bohlam sein,Toyota Zenix,medium,community_context,False,,,,False,not_relevant,no_adas_keyword,,UNKNOWN,,,,,,,
rec_c13e7a63cd0626a1,Toyota Zenix,Toyota Zenix owners Indonesia,https://www.facebook.com/groups/921208719233043,post_7,post_7_comment_8,post_7,comment,,,,"""Kualitas di atas ekspetasi harga
""… Lihat selengkapnya",https://www.facebook.com/groups/921208719233043,2026-09-18T03:22:18Z,raw_data_run_20260918_101715_601a04.csv,rec_c13e7a63cd0626a1,False,"""Kualitas di atas ekspetasi harga ""… Lihat selengkapnya","""kualitas di atas ekspetasi harga ""… lihat selengkapnya",Toyota Zenix,medium,community_context,False,,,,False,not_relevant,no_adas_keyword,,UNKNOWN,,,,,,,
rec_3dbdf457a1e56801,Toyota Zenix,Toyota Zenix owners Indonesia,https://www.facebook.com/groups/921208719233043,post_7,post_7_comment_9,post_7,comment,,,,TOYOTA ZENIX Q HYBRID… Lihat selengkapnya,https://www.facebook.com/groups/921208719233043,2026-09-18T03:22:18Z,raw_data_run_20260918_101715_601a04.csv,rec_3dbdf457a1e56801,False,TOYOTA ZENIX Q HYBRID… Lihat selengkapnya,toyota zenix q hybrid… lihat selengkapnya,Toyota Zenix,high,explicit_text_alias_strong,False,,,,False,not_relevant,no_adas_keyword,,UNKNOWN,,,,,,,
rec_b3db047453f4cd36,Toyota Zenix,Toyota Zenix owners Indonesia,https://www.facebook.com/groups/921208719233043,post_7,post_7_comment_10,post_7,comment,,,,"Ready Sewa Mobil
Toyota Zenix Hybrid… Lihat selengkapnya",https://www.facebook.com/groups/921208719233043,2026-09-18T03:22:19Z,raw_data_run_20260918_101715_601a04.csv,rec_b3db047453f4cd36,False,Ready Sewa Mobil Toyota Zenix Hybrid… Lihat selengkapnya,ready sewa mobil toyota zenix hybrid… lihat selengkapnya,Toyota Zenix,high,explicit_text_alias_strong,False,,,,False,not_relevant,no_adas_keyword,,UNKNOWN,,,,,,,
rec_5990a4744dda6d0e,Toyota Zenix,Toyota Zenix owners Indonesia,https://www.facebook.com/groups/921208719233043,post_7,post_7_comment_11,post_7,comment,,,,Ready Sewa Mobil,https://www.facebook.com/groups/921208719233043,2026-09-18T03:22:19Z,raw_data_run_20260918_101715_601a04.csv,rec_5990a4744dda6d0e,False,Ready Sewa Mobil,ready sewa mobil,Toyota Zenix,medium,community_context,False,,,,False,not_relevant,no_adas_keyword,,UNKNOWN,,,,,,,
rec_d7ee12524a63a015,Toyota Zenix,Toyota Zenix owners Indonesia,https://www.facebook.com/groups/921208719233043,post_7,post_7_comment_12,post_7,comment,,,,Toyota Zenix Hybrid… Lihat selengkapnya,https://www.facebook.com/groups/921208719233043,2026-09-18T03:22:19Z,raw_data_run_20260918_101715_601a04.csv,rec_d7ee12524a63a015,False,Toyota Zenix Hybrid… Lihat selengkapnya,toyota zenix hybrid… lihat selengkapnya,Toyota Zenix,high,explicit_text_alias_strong,False,,,,False,not_relevant,no_adas_keyword,,UNKNOWN,,,,,,,
rec_2384dd5f48f4dd5e,Toyota Zenix,Toyota Zenix owners Indonesia,https://www.facebook.com/groups/921208719233043,post_7,post_7_comment_13,post_7,comment,,,,"Bismillah..
Izin berniaga ya om admin..… Lihat selengkapnya",https://www.facebook.com/groups/921208719233043,2026-09-18T03:22:21Z,raw_data_run_20260918_101715_601a04.csv,rec_2384dd5f48f4dd5e,False,Bismillah.. Izin berniaga ya om admin..… Lihat selengkapnya,bismillah.. izin berniaga ya om admin..… lihat selengkapnya,Toyota Zenix,medium,community_context,False,,,,False,not_relevant,no_adas_keyword,,UNKNOWN,,,,,,,
rec_c68acb04f52f1bce,Toyota Zenix,Toyota Zenix owners Indonesia,https://www.facebook.com/groups/921208719233043,post_7,post_7_comment_14,post_7,comment,,,,Bismillah..,https://www.facebook.com/groups/921208719233043,2026-09-18T03:22:21Z,raw_data_run_20260918_101715_601a04.csv,rec_c68acb04f52f1bce,False,Bismillah..,bismillah..,Toyota Zenix,medium,community_context,False,,,,False,not_relevant,no_adas_keyword,,UNKNOWN,,,,,,,
rec_774b20afa66275f0,Toyota Zenix,Toyota Zenix owners Indonesia,https://www.facebook.com/groups/921208719233043,post_7,post_7_comment_15,post_7,comment,,,,Izin berniaga ya om admin..… Lihat selengkapnya,https://www.facebook.com/groups/921208719233043,2026-09-18T03:22:21Z,raw_data_run_20260918_101715_601a04.csv,rec_774b20afa66275f0,False,Izin berniaga ya om admin..… Lihat selengkapnya,izin berniaga ya om admin..… lihat selengkapnya,Toyota Zenix,medium,community_context,False,,,,False,not_relevant,no_adas_keyword,,UNKNOWN,,,,,,,
rec_1cef24910aa58c3c,Toyota Zenix,Toyota Zenix owners Indonesia,https://www.facebook.com/groups/921208719233043,post_7,post_7_comment_16,post_7,comment,,,,"Barang ex copotan asuransi barang ORI tinggal cat ulang lagi bossku 
Silahkan diorder bossku 
untuk tanya2 silahkan hubungi wa 0895373086267
Terima kasih",https://www.facebook.com/groups/921208719233043,2026-09-18T03:22:22Z,raw_data_run_20260918_101715_601a04.csv,rec_1cef24910aa58c3c,False,Barang ex copotan asuransi barang ORI tinggal cat ulang lagi bossku Silahkan diorder bossku untuk tanya2 silahkan hubungi wa 0895373086267 Terima kasih,barang ex copotan asuransi barang ori tinggal cat ulang lagi bossku silahkan diorder bossku untuk tanya2 silahkan hubungi wa 0895373086267 terima kasih,Toyota Zenix,medium,community_context,False,,,,False,not_relevant,no_adas_keyword,,UNKNOWN,,,,,,,
rec_fc2ac7acf13d5d35,Toyota Zenix,Toyota Zenix owners Indonesia,https://www.facebook.com/groups/921208719233043,post_7,post_7_comment_17,post_7,comment,,,,Barang ex copotan asuransi barang ORI tinggal cat ulang lagi bossku,https://www.facebook.com/groups/921208719233043,2026-09-18T03:22:23Z,raw_data_run_20260918_101715_601a04.csv,rec_fc2ac7acf13d5d35,False,Barang ex copotan asuransi barang ORI tinggal cat ulang lagi bossku,barang ex copotan asuransi barang ori tinggal cat ulang lagi bossku,Toyota Zenix,medium,community_context,False,,,,False,not_relevant,no_adas_keyword,,UNKNOWN,,,,,,,
rec_e42ccd0a95330446,Toyota Zenix,Toyota Zenix owners Indonesia,https://www.facebook.com/groups/921208719233043,post_7,post_7_comment_18,post_7,comment,,,,Silahkan diorder bossku,https://www.facebook.com/groups/921208719233043,2026-09-18T03:22:23Z,raw_data_run_20260918_101715_601a04.csv,rec_e42ccd0a95330446,False,Silahkan diorder bossku,silahkan diorder bossku,Toyota Zenix,medium,community_context,False,,,,False,not_relevant,no_adas_keyword,,UNKNOWN,,,,,,,
rec_7fe72c7ce315fe8c,Toyota Zenix,Toyota Zenix owners Indonesia,https://www.facebook.com/groups/921208719233043,post_7,post_7_comment_19,post_7,comment,,,,untuk tanya2 silahkan hubungi wa 0895373086267,https://www.facebook.com/groups/921208719233043,2026-09-18T03:22:23Z,raw_data_run_20260918_101715_601a04.csv,rec_7fe72c7ce315fe8c,False,untuk tanya2 silahkan hubungi wa 0895373086267,untuk tanya2 silahkan hubungi wa 0895373086267,Toyota Zenix,medium,community_context,False,,,,False,not_relevant,no_adas_keyword,,UNKNOWN,,,,,,,
rec_fa005fb474220aa0,Toyota Zenix,Toyota Zenix owners Indonesia,https://www.facebook.com/groups/921208719233043,post_7,post_7_comment_20,post_7,comment,,,,Terima kasih,https://www.facebook.com/groups/921208719233043,2026-09-18T03:22:23Z,raw_data_run_20260918_101715_601a04.csv,rec_fa005fb474220aa0,False,Terima kasih,terima kasih,Toyota Zenix,medium,community_context,False,,,,False,not_relevant,no_adas_keyword,,UNKNOWN,,,,,,,
rec_1a815b03024fa629,Toyota Zenix,Toyota Zenix owners Indonesia,https://www.facebook.com/groups/921208719233043,post_7,post_7_comment_21,post_7,comment,,,,"Inova Q CVT hibryd modelista 2025 pemakaian 2026
Km20
pajak 3/27
An PT pribadi
Plat BK
Lihat selengkapnya",https://www.facebook.com/groups/921208719233043,2026-09-18T03:22:23Z,raw_data_run_20260918_101715_601a04.csv,rec_1a815b03024fa629,False,Inova Q CVT hibryd modelista 2025 pemakaian 2026 Km20 pajak 3/27 An PT pribadi Plat BK Lihat selengkapnya,inova q cvt hibryd modelista 2025 pemakaian 2026 km20 pajak 3/27 an pt pribadi plat bk lihat selengkapnya,Toyota Zenix,medium,community_context,False,,,,False,not_relevant,no_adas_keyword,,UNKNOWN,,,,,,,
rec_f7da5e3c96b67eb1,Toyota Zenix,Toyota Zenix owners Indonesia,https://www.facebook.com/groups/921208719233043,post_7,post_7_comment_22,post_7,comment,,,,@up semua orang,https://www.facebook.com/groups/921208719233043,2026-09-18T03:22:23Z,raw_data_run_20260918_101715_601a04.csv,rec_f7da5e3c96b67eb1,False,[mention] semua orang,[mention] semua orang,Toyota Zenix,medium,community_context,False,,,,False,not_relevant,no_adas_keyword,,UNKNOWN,,,,,,,
rec_2517cf8ecc548b4b,Toyota Zenix,Toyota Zenix owners Indonesia,https://www.facebook.com/groups/921208719233043,post_7,post_7_comment_23,post_7,comment,,,,"Dijual....!!!
Ban TOYO open county RT. 
Ukuran 265x50 R20. 
Tahun 2023.
Velg ORI NEXX FTA. … Lihat selengkapnya",https://www.facebook.com/groups/921208719233043,2026-09-18T03:22:24Z,raw_data_run_20260918_101715_601a04.csv,rec_2517cf8ecc548b4b,False,Dijual....!!! Ban TOYO open county RT. Ukuran 265x50 R20. Tahun 2023. Velg ORI NEXX FTA. … Lihat selengkapnya,dijual....!!! ban toyo open county rt. ukuran 265x50 r20. tahun 2023. velg ori nexx fta. … lihat selengkapnya,Toyota Zenix,medium,community_context,False,,,,False,not_relevant,no_adas_keyword,,UNKNOWN,,,,,,,
rec_4ad6d75086fb7916,Toyota Zenix,Toyota Zenix owners Indonesia,https://www.facebook.com/groups/921208719233043,post_7,post_7_comment_24,post_7,comment,,,,Dijual....!!!,https://www.facebook.com/groups/921208719233043,2026-09-18T03:22:24Z,raw_data_run_20260918_101715_601a04.csv,rec_4ad6d75086fb7916,False,Dijual....!!!,dijual....!!!,Toyota Zenix,medium,community_context,False,,,,False,not_relevant,no_adas_keyword,,UNKNOWN,,,,,,,
rec_8063a1ee0e5f6012,Toyota Zenix,Toyota Zenix owners Indonesia,https://www.facebook.com/groups/921208719233043,post_7,post_7_comment_25,post_7,comment,,,,Ban TOYO open county RT.,https://www.facebook.com/groups/921208719233043,2026-09-18T03:22:24Z,raw_data_run_20260918_101715_601a04.csv,rec_8063a1ee0e5f6012,False,Ban TOYO open county RT.,ban toyo open county rt.,Toyota Zenix,medium,community_context,False,,,,False,not_relevant,no_adas_keyword,,UNKNOWN,,,,,,,
rec_719a90878c62d872,Toyota Zenix,Toyota Zenix owners Indonesia,https://www.facebook.com/groups/921208719233043,post_7,post_7_comment_26,post_7,comment,,,,Ukuran 265x50 R20.,https://www.facebook.com/groups/921208719233043,2026-09-18T03:22:24Z,raw_data_run_20260918_101715_601a04.csv,rec_719a90878c62d872,False,Ukuran 265x50 R20.,ukuran 265x50 r20.,Toyota Zenix,medium,community_context,False,,,,False,not_relevant,no_adas_keyword,,UNKNOWN,,,,,,,
rec_1f459455488c3343,Toyota Zenix,Toyota Zenix owners Indonesia,https://www.facebook.com/groups/921208719233043,post_7,post_7_comment_27,post_7,comment,,,,Tahun 2023.,https://www.facebook.com/groups/921208719233043,2026-09-18T03:22:24Z,raw_data_run_20260918_101715_601a04.csv,rec_1f459455488c3343,False,Tahun 2023.,tahun 2023.,Toyota Zenix,medium,community_context,False,,,,False,not_relevant,no_adas_keyword,,UNKNOWN,,,,,,,
rec_dd33224b0338ef45,Toyota Zenix,Toyota Zenix owners Indonesia,https://www.facebook.com/groups/921208719233043,post_7,post_7_comment_28,post_7,comment,,,,Velg ORI NEXX FTA. … Lihat selengkapnya,https://www.facebook.com/groups/921208719233043,2026-09-18T03:22:24Z,raw_data_run_20260918_101715_601a04.csv,rec_dd33224b0338ef45,False,Velg ORI NEXX FTA. … Lihat selengkapnya,velg ori nexx fta. … lihat selengkapnya,Toyota Zenix,medium,community_context,False,,,,False,not_relevant,no_adas_keyword,,UNKNOWN,,,,,,,
rec_d3b1a05afb52f93a,Toyota Zenix,Toyota Zenix owners Indonesia,https://www.facebook.com/groups/921208719233043,post_7,post_7_comment_29,post_7,comment,,,,"FOR SALE BARANG ANTIK JARANG ADA !
TOYOTA INNOVA REBORN 2026 ! ISI SOLAR DIESEL BARCODE SOLAR ADA ! 9RB KM SUPER ANTIK !
Year NIK 2025
Color Black On Brown … Lihat selengkapnya",https://www.facebook.com/groups/921208719233043,2026-09-18T03:22:26Z,raw_data_run_20260918_101715_601a04.csv,rec_d3b1a05afb52f93a,False,FOR SALE BARANG ANTIK JARANG ADA ! TOYOTA INNOVA REBORN 2026 ! ISI SOLAR DIESEL BARCODE SOLAR ADA ! 9RB KM SUPER ANTIK ! Year NIK 2025 Color Black On Brown … Lihat selengkapnya,for sale barang antik jarang ada ! toyota innova reborn 2026 ! isi solar diesel barcode solar ada ! 9rb km super antik ! year nik 2025 color black on brown … lihat selengkapnya,Toyota Zenix,medium,community_context,False,,,,False,not_relevant,no_adas_keyword,,UNKNOWN,,,,,,,
rec_e0ad945f01867c97,Toyota Zenix,Toyota Zenix owners Indonesia,https://www.facebook.com/groups/921208719233043,post_7,post_7_comment_30,post_7,comment,,,,FOR SALE BARANG ANTIK JARANG ADA !,https://www.facebook.com/groups/921208719233043,2026-09-18T03:22:26Z,raw_data_run_20260918_101715_601a04.csv,rec_e0ad945f01867c97,False,FOR SALE BARANG ANTIK JARANG ADA !,for sale barang antik jarang ada !,Toyota Zenix,medium,community_context,False,,,,False,not_relevant,no_adas_keyword,,UNKNOWN,,,,,,,
rec_8394272189d37acf,Toyota Zenix,Toyota Zenix owners Indonesia,https://www.facebook.com/groups/921208719233043,post_7,post_7_comment_31,post_7,comment,,,,TOYOTA INNOVA REBORN 2026 ! ISI SOLAR DIESEL BARCODE SOLAR ADA ! 9RB KM SUPER ANTIK !,https://www.facebook.com/groups/921208719233043,2026-09-18T03:22:26Z,raw_data_run_20260918_101715_601a04.csv,rec_8394272189d37acf,False,TOYOTA INNOVA REBORN 2026 ! ISI SOLAR DIESEL BARCODE SOLAR ADA ! 9RB KM SUPER ANTIK !,toyota innova reborn 2026 ! isi solar diesel barcode solar ada ! 9rb km super antik !,Toyota Zenix,medium,community_context,False,,,,False,not_relevant,no_adas_keyword,,UNKNOWN,,,,,,,
rec_2d75d7c89caa9b3a,Toyota Zenix,Toyota Zenix owners Indonesia,https://www.facebook.com/groups/921208719233043,post_7,post_7_comment_32,post_7,comment,,,,Year NIK 2025,https://www.facebook.com/groups/921208719233043,2026-09-18T03:22:26Z,raw_data_run_20260918_101715_601a04.csv,rec_2d75d7c89caa9b3a,False,Year NIK 2025,year nik 2025,Toyota Zenix,medium,community_context,False,,,,False,not_relevant,no_adas_keyword,,UNKNOWN,,,,,,,
rec_f6b6c499929bf963,Toyota Zenix,Toyota Zenix owners Indonesia,https://www.facebook.com/groups/921208719233043,post_7,post_7_comment_33,post_7,comment,,,,Color Black On Brown … Lihat selengkapnya,https://www.facebook.com/groups/921208719233043,2026-09-18T03:22:26Z,raw_data_run_20260918_101715_601a04.csv,rec_f6b6c499929bf963,False,Color Black On Brown … Lihat selengkapnya,color black on brown … lihat selengkapnya,Toyota Zenix,medium,community_context,False,,,,False,not_relevant,no_adas_keyword,,UNKNOWN,,,,,,,
rec_de709fecd7e2beb7,Toyota Zenix,Toyota Zenix owners Indonesia,https://www.facebook.com/groups/921208719233043,post_7,post_7_comment_34,post_7,comment,,,,"Barang ex copotan asuransi barang ORI tinggal cat ulang lagi bossku 
silahkan diorder bossku 
untuk tanya2 silahkan hubungi wa 0895373086267
terima kasih",https://www.facebook.com/groups/921208719233043,2026-09-18T03:22:29Z,raw_data_run_20260918_101715_601a04.csv,rec_de709fecd7e2beb7,False,Barang ex copotan asuransi barang ORI tinggal cat ulang lagi bossku silahkan diorder bossku untuk tanya2 silahkan hubungi wa 0895373086267 terima kasih,barang ex copotan asuransi barang ori tinggal cat ulang lagi bossku silahkan diorder bossku untuk tanya2 silahkan hubungi wa 0895373086267 terima kasih,Toyota Zenix,medium,community_context,False,,,,False,not_relevant,no_adas_keyword,,UNKNOWN,,,,,,,
rec_6ceb8b0cf0281a86,Toyota Zenix,Toyota Zenix owners Indonesia,https://www.facebook.com/groups/921208719233043,post_7,post_7_comment_35,post_7,comment,,,,silahkan diorder bossku,https://www.facebook.com/groups/921208719233043,2026-09-18T03:22:29Z,raw_data_run_20260918_101715_601a04.csv,rec_6ceb8b0cf0281a86,False,silahkan diorder bossku,silahkan diorder bossku,Toyota Zenix,medium,community_context,False,,,,False,not_relevant,no_adas_keyword,,UNKNOWN,,,,,,,
rec_ab9691cfed9b333a,Toyota Zenix,Toyota Zenix owners Indonesia,https://www.facebook.com/groups/921208719233043,post_7,post_7_comment_36,post_7,comment,,,,terima kasih,https://www.facebook.com/groups/921208719233043,2026-09-18T03:22:29Z,raw_data_run_20260918_101715_601a04.csv,rec_ab9691cfed9b333a,False,terima kasih,terima kasih,Toyota Zenix,medium,community_context,False,,,,False,not_relevant,no_adas_keyword,,UNKNOWN,,,,,,,
rec_702a7aacf0eafe6e,Toyota Zenix,Toyota Zenix owners Indonesia,https://www.facebook.com/groups/921208719233043,post_7,post_7_comment_37,post_7,comment,,,,TOYOTA ZENIX V HYBRID… Lihat selengkapnya,https://www.facebook.com/groups/921208719233043,2026-09-18T03:22:29Z,raw_data_run_20260918_101715_601a04.csv,rec_702a7aacf0eafe6e,False,TOYOTA ZENIX V HYBRID… Lihat selengkapnya,toyota zenix v hybrid… lihat selengkapnya,Toyota Zenix,high,explicit_text_alias_strong,False,,,,False,not_relevant,no_adas_keyword,,UNKNOWN,,,,,,,
rec_e886d489631ec424,Toyota Zenix,Toyota Zenix owners Indonesia,https://www.facebook.com/groups/921208719233043,post_7,post_7_comment_38,post_7,comment,,,,"Ready Foot step rush Terios 
Bisa barang aja atau berikut pasang",https://www.facebook.com/groups/921208719233043,2026-09-18T03:22:31Z,raw_data_run_20260918_101715_601a04.csv,rec_e886d489631ec424,False,Ready Foot step rush Terios Bisa barang aja atau berikut pasang,ready foot step rush terios bisa barang aja atau berikut pasang,Toyota Zenix,medium,community_context,False,,,,False,not_relevant,no_adas_keyword,,UNKNOWN,,,,,,,
rec_50ea208f8e10bbb3,Toyota Zenix,Toyota Zenix owners Indonesia,https://www.facebook.com/groups/921208719233043,post_7,post_7_comment_39,post_7,comment,,,,Ready Foot step rush Terios,https://www.facebook.com/groups/921208719233043,2026-09-18T03:22:31Z,raw_data_run_20260918_101715_601a04.csv,rec_50ea208f8e10bbb3,False,Ready Foot step rush Terios,ready foot step rush terios,Toyota Zenix,medium,community_context,False,,,,False,not_relevant,no_adas_keyword,,UNKNOWN,,,,,,,
rec_f6355eb44d6baa49,Toyota Zenix,Toyota Zenix owners Indonesia,https://www.facebook.com/groups/921208719233043,post_7,post_7_comment_40,post_7,comment,,,,Bisa barang aja atau berikut pasang,https://www.facebook.com/groups/921208719233043,2026-09-18T03:22:31Z,raw_data_run_20260918_101715_601a04.csv,rec_f6355eb44d6baa49,False,Bisa barang aja atau berikut pasang,bisa barang aja atau berikut pasang,Toyota Zenix,medium,community_context,False,,,,False,not_relevant,no_adas_keyword,,UNKNOWN,,,,,,,
rec_65a1e58eec800166,Toyota Zenix,Toyota Zenix owners Indonesia,https://www.facebook.com/groups/921208719233043,post_7,post_7_comment_41,post_7,comment,,,,2023 Toyota Zenix G Non Hybrid 2023 · Minivan · Jarak yang sudah ditempuh 120.000 kilometer… Lihat selengkapnya,https://www.facebook.com/groups/921208719233043,2026-09-18T03:22:32Z,raw_data_run_20260918_101715_601a04.csv,rec_65a1e58eec800166,False,2023 Toyota Zenix G Non Hybrid 2023 · Minivan · Jarak yang sudah ditempuh 120.000 kilometer… Lihat selengkapnya,2023 toyota zenix g non hybrid 2023 · minivan · jarak yang sudah ditempuh 120.000 kilometer… lihat selengkapnya,Toyota Zenix,high,explicit_text_alias_strong,False,,,,False,not_relevant,no_adas_keyword,,UNKNOWN,,,,,,,
rec_167aab08f30073c6,Toyota Zenix,Toyota Zenix owners Indonesia,https://www.facebook.com/groups/921208719233043,post_7,post_7_comment_43,post_7,comment,,,,"Asik Berfaedah edisi Wiper Depan
""Kualitas di atas ekspetasi harga
""… Lihat selengkapnya",https://www.facebook.com/groups/921208719233043,2026-09-18T03:22:36Z,raw_data_run_20260918_101715_601a04.csv,rec_167aab08f30073c6,False,"Asik Berfaedah edisi Wiper Depan ""Kualitas di atas ekspetasi harga ""… Lihat selengkapnya","asik berfaedah edisi wiper depan ""kualitas di atas ekspetasi harga ""… lihat selengkapnya",Toyota Zenix,medium,community_context,False,,,,False,not_relevant,no_adas_keyword,,UNKNOWN,,,,,,,
rec_435c5bca6f85b510,Toyota Zenix,Toyota Zenix owners Indonesia,https://www.facebook.com/groups/921208719233043,post_7,post_7_comment_44,post_7,comment,,,,Asik Berfaedah edisi Wiper Depan,https://www.facebook.com/groups/921208719233043,2026-09-18T03:22:36Z,raw_data_run_20260918_101715_601a04.csv,rec_435c5bca6f85b510,False,Asik Berfaedah edisi Wiper Depan,asik berfaedah edisi wiper depan,Toyota Zenix,medium,community_context,False,,,,False,not_relevant,no_adas_keyword,,UNKNOWN,,,,,,,
rec_6cb14f6cc1bb3ea5,Toyota Zenix,Toyota Zenix owners Indonesia,https://www.facebook.com/groups/921208719233043,post_7,post_7_comment_45,post_7,comment,,,,"Ready lampu LED mobil 
Cocok untuk berbagai jenis mobil
Jenis bohlamp mengikuti mobil nya",https://www.facebook.com/groups/921208719233043,2026-09-18T03:22:40Z,raw_data_run_20260918_101715_601a04.csv,rec_6cb14f6cc1bb3ea5,False,Ready lampu LED mobil Cocok untuk berbagai jenis mobil Jenis bohlamp mengikuti mobil nya,ready lampu led mobil cocok untuk berbagai jenis mobil jenis bohlamp mengikuti mobil nya,Toyota Zenix,medium,community_context,False,,,,False,not_relevant,no_adas_keyword,,UNKNOWN,,,,,,,
rec_542e354f9730b502,Toyota Zenix,Toyota Zenix owners Indonesia,https://www.facebook.com/groups/921208719233043,post_7,post_7_comment_46,post_7,comment,,,,Ready lampu LED mobil,https://www.facebook.com/groups/921208719233043,2026-09-18T03:22:40Z,raw_data_run_20260918_101715_601a04.csv,rec_542e354f9730b502,False,Ready lampu LED mobil,ready lampu led mobil,Toyota Zenix,medium,community_context,False,,,,False,not_relevant,no_adas_keyword,,UNKNOWN,,,,,,,
rec_a3b446762a3351a4,Toyota Zenix,Toyota Zenix owners Indonesia,https://www.facebook.com/groups/921208719233043,post_7,post_7_comment_47,post_7,comment,,,,Cocok untuk berbagai jenis mobil,https://www.facebook.com/groups/921208719233043,2026-09-18T03:22:40Z,raw_data_run_20260918_101715_601a04.csv,rec_a3b446762a3351a4,False,Cocok untuk berbagai jenis mobil,cocok untuk berbagai jenis mobil,Toyota Zenix,medium,community_context,False,,,,False,not_relevant,no_adas_keyword,,UNKNOWN,,,,,,,
rec_7daef927bfecc2e6,Toyota Zenix,Toyota Zenix owners Indonesia,https://www.facebook.com/groups/921208719233043,post_7,post_7_comment_48,post_7,comment,,,,Jenis bohlamp mengikuti mobil nya,https://www.facebook.com/groups/921208719233043,2026-09-18T03:22:41Z,raw_data_run_20260918_101715_601a04.csv,rec_7daef927bfecc2e6,False,Jenis bohlamp mengikuti mobil nya,jenis bohlamp mengikuti mobil nya,Toyota Zenix,medium,community_context,False,,,,False,not_relevant,no_adas_keyword,,UNKNOWN,,,,,,,
rec_6e88e4a42c9adcde,Toyota Zenix,Toyota Zenix owners Indonesia,https://www.facebook.com/groups/921208719233043,post_7,post_7_comment_49,post_7,comment,,,,ready zenix q hybrid tersedia cash/credit dan tersedia pembelian an pt/perorangan. hub 087881555358 hilfi toyota… Lihat selengkapnya,https://www.facebook.com/groups/921208719233043,2026-09-18T03:22:41Z,raw_data_run_20260918_101715_601a04.csv,rec_6e88e4a42c9adcde,False,ready zenix q hybrid tersedia cash/credit dan tersedia pembelian an pt/perorangan. hub 087881555358 hilfi toyota… Lihat selengkapnya,ready zenix q hybrid tersedia cash/credit dan tersedia pembelian an pt/perorangan. hub 087881555358 hilfi toyota… lihat selengkapnya,Toyota Zenix,high,explicit_text_alias_strong,False,,,,False,not_relevant,no_adas_keyword,,UNKNOWN,,,,,,,
rec_52184ed82cb73636,Toyota Zenix,Toyota Zenix owners Indonesia,https://www.facebook.com/groups/921208719233043,post_7,post_7_comment_50,post_7,comment,,,,"Jual sparepart berkualitas 
Whatsapp 
 085934378954… Lihat selengkapnya",https://www.facebook.com/groups/921208719233043,2026-09-18T03:22:42Z,raw_data_run_20260918_101715_601a04.csv,rec_52184ed82cb73636,False,Jual sparepart berkualitas Whatsapp 085934378954… Lihat selengkapnya,jual sparepart berkualitas whatsapp 085934378954… lihat selengkapnya,Toyota Zenix,medium,community_context,False,,,,False,not_relevant,no_adas_keyword,,UNKNOWN,,,,,,,
rec_fa10330fae08e8c6,Toyota Zenix,Toyota Zenix owners Indonesia,https://www.facebook.com/groups/921208719233043,post_7,post_7_comment_51,post_7,comment,,,,Jual sparepart berkualitas,https://www.facebook.com/groups/921208719233043,2026-09-18T03:22:42Z,raw_data_run_20260918_101715_601a04.csv,rec_fa10330fae08e8c6,False,Jual sparepart berkualitas,jual sparepart berkualitas,Toyota Zenix,medium,community_context,False,,,,False,not_relevant,no_adas_keyword,,UNKNOWN,,,,,,,
rec_5619f6155833f22d,Toyota Zenix,Toyota Zenix owners Indonesia,https://www.facebook.com/groups/921208719233043,post_7,post_7_comment_52,post_7,comment,,,,"Whatsapp 
 085934378954… Lihat selengkapnya",https://www.facebook.com/groups/921208719233043,2026-09-18T03:22:42Z,raw_data_run_20260918_101715_601a04.csv,rec_5619f6155833f22d,False,Whatsapp 085934378954… Lihat selengkapnya,whatsapp 085934378954… lihat selengkapnya,Toyota Zenix,medium,community_context,False,,,,False,not_relevant,no_adas_keyword,,UNKNOWN,,,,,,,
rec_aad2bd4c54d41015,Toyota Zenix,Toyota Zenix owners Indonesia,https://www.facebook.com/groups/921208719233043,post_7,post_7_comment_53,post_7,comment,,,,Interior Zenix Type V kurangnya apa? … Lihat selengkapnya,https://www.facebook.com/groups/921208719233043,2026-09-18T03:22:44Z,raw_data_run_20260918_101715_601a04.csv,rec_aad2bd4c54d41015,False,Interior Zenix Type V kurangnya apa? … Lihat selengkapnya,interior zenix type v kurangnya apa? … lihat selengkapnya,Toyota Zenix,high,explicit_text_alias_strong,False,,,,False,not_relevant,no_adas_keyword,,UNKNOWN,,,,,,,
rec_9980423486122853,Toyota Zenix,Toyota Zenix owners Indonesia,https://www.facebook.com/groups/921208719233043,post_7,post_7_comment_54,post_7,comment,,,,Dashcamnya belum om,https://www.facebook.com/groups/921208719233043,2026-09-18T03:22:44Z,raw_data_run_20260918_101715_601a04.csv,rec_9980423486122853,False,Dashcamnya belum om,dashcamnya belum om,Toyota Zenix,medium,community_context,False,,,,False,not_relevant,no_adas_keyword,,UNKNOWN,,,,,,,
rec_f8a58be753774bd4,Toyota Zenix,Toyota Zenix owners Indonesia,https://www.facebook.com/groups/921208719233043,post_7,post_7_comment_55,post_7,comment,,,,"Tombol power window gak ada lampunya, belum ada cruise control",https://www.facebook.com/groups/921208719233043,2026-09-18T03:22:44Z,raw_data_run_20260918_101715_601a04.csv,rec_f8a58be753774bd4,False,"Tombol power window gak ada lampunya, belum ada cruise control","tombol power window gak ada lampunya, belum ada cruise control",Toyota Zenix,medium,community_context,True,Cruise Control;cruise;cruise control,"layer_a_feature_names,layer_b_functional,layer_c_indonesian",ACC,False,relevant,explicit_feature_name,high,ACC,not_stated,not_stated,question,neutral,not_stated,unclear,high
rec_7c76c937e1056412,Toyota Zenix,Toyota Zenix owners Indonesia,https://www.facebook.com/groups/921208719233043,post_7,post_7_comment_56,post_7,comment,,,,"TOYOTA ZENIX V HYBRID
Mobil hybrid masa kini yang sangat irit bahan bakar, praktis dibawa kemana saja tanpa harus dicas setrum-setrum... … Lihat selengkapnya",https://www.facebook.com/groups/921208719233043,2026-09-18T03:22:45Z,raw_data_run_20260918_101715_601a04.csv,rec_7c76c937e1056412,False,"TOYOTA ZENIX V HYBRID Mobil hybrid masa kini yang sangat irit bahan bakar, praktis dibawa kemana saja tanpa harus dicas setrum-setrum... … Lihat selengkapnya","toyota zenix v hybrid mobil hybrid masa kini yang sangat irit bahan bakar, praktis dibawa kemana saja tanpa harus dicas setrum-setrum... … lihat selengkapnya",Toyota Zenix,high,explicit_text_alias_strong,False,,,,False,not_relevant,no_adas_keyword,,UNKNOWN,,,,,,,
rec_58a15c960c0cff53,Toyota Zenix,Toyota Zenix owners Indonesia,https://www.facebook.com/groups/921208719233043,post_7,post_7_comment_57,post_7,comment,,,,TOYOTA ZENIX V HYBRID,https://www.facebook.com/groups/921208719233043,2026-09-18T03:22:45Z,raw_data_run_20260918_101715_601a04.csv,rec_58a15c960c0cff53,False,TOYOTA ZENIX V HYBRID,toyota zenix v hybrid,Toyota Zenix,high,explicit_text_alias_strong,False,,,,False,not_relevant,no_adas_keyword,,UNKNOWN,,,,,,,
rec_51645ecb8432e358,Toyota Zenix,Toyota Zenix owners Indonesia,https://www.facebook.com/groups/921208719233043,post_7,post_7_comment_58,post_7,comment,,,,"Mobil hybrid masa kini yang sangat irit bahan bakar, praktis dibawa kemana saja tanpa harus dicas setrum-setrum... … Lihat selengkapnya",https://www.facebook.com/groups/921208719233043,2026-09-18T03:22:45Z,raw_data_run_20260918_101715_601a04.csv,rec_51645ecb8432e358,False,"Mobil hybrid masa kini yang sangat irit bahan bakar, praktis dibawa kemana saja tanpa harus dicas setrum-setrum... … Lihat selengkapnya","mobil hybrid masa kini yang sangat irit bahan bakar, praktis dibawa kemana saja tanpa harus dicas setrum-setrum... … lihat selengkapnya",Toyota Zenix,medium,community_context,False,,,,False,not_relevant,no_adas_keyword,,UNKNOWN,,,,,,,
rec_83d602b496c5cc34,Toyota Zenix,Toyota Zenix owners Indonesia,https://www.facebook.com/groups/921208719233043,post_7,post_7_comment_59,post_7,comment,,,,"Barang mulus beat 2023 pajak juni 2026
Lengkap surat surat
Kunci 2
Barang lokasi bandung
Hubungi Aldo - 082112050953",https://www.facebook.com/groups/921208719233043,2026-09-18T03:22:50Z,raw_data_run_20260918_101715_601a04.csv,rec_83d602b496c5cc34,False,Barang mulus beat 2023 pajak juni 2026 Lengkap surat surat Kunci 2 Barang lokasi bandung Hubungi Aldo - 082112050953,barang mulus beat 2023 pajak juni 2026 lengkap surat surat kunci 2 barang lokasi bandung hubungi aldo - 082112050953,Toyota Zenix,medium,community_context,False,,,,False,not_relevant,no_adas_keyword,,UNKNOWN,,,,,,,
rec_29bf74cf58dbb01f,Toyota Zenix,Toyota Zenix owners Indonesia,https://www.facebook.com/groups/921208719233043,post_7,post_7_comment_60,post_7,comment,,,,Barang mulus beat 2023 pajak juni 2026,https://www.facebook.com/groups/921208719233043,2026-09-18T03:22:50Z,raw_data_run_20260918_101715_601a04.csv,rec_29bf74cf58dbb01f,False,Barang mulus beat 2023 pajak juni 2026,barang mulus beat 2023 pajak juni 2026,Toyota Zenix,medium,community_context,False,,,,False,not_relevant,no_adas_keyword,,UNKNOWN,,,,,,,
rec_77bffb394cb68346,Toyota Zenix,Toyota Zenix owners Indonesia,https://www.facebook.com/groups/921208719233043,post_7,post_7_comment_61,post_7,comment,,,,Lengkap surat surat,https://www.facebook.com/groups/921208719233043,2026-09-18T03:22:50Z,raw_data_run_20260918_101715_601a04.csv,rec_77bffb394cb68346,False,Lengkap surat surat,lengkap surat surat,Toyota Zenix,medium,community_context,False,,,,False,not_relevant,no_adas_keyword,,UNKNOWN,,,,,,,
rec_8d3eedf910ed1240,Toyota Zenix,Toyota Zenix owners Indonesia,https://www.facebook.com/groups/921208719233043,post_7,post_7_comment_62,post_7,comment,,,,Kunci 2,https://www.facebook.com/groups/921208719233043,2026-09-18T03:22:50Z,raw_data_run_20260918_101715_601a04.csv,rec_8d3eedf910ed1240,False,Kunci 2,kunci 2,Toyota Zenix,medium,community_context,False,,,,False,not_relevant,no_adas_keyword,,UNKNOWN,,,,,,,
rec_37cd4c267120d5f1,Toyota Zenix,Toyota Zenix owners Indonesia,https://www.facebook.com/groups/921208719233043,post_7,post_7_comment_63,post_7,comment,,,,Barang lokasi bandung,https://www.facebook.com/groups/921208719233043,2026-09-18T03:22:50Z,raw_data_run_20260918_101715_601a04.csv,rec_37cd4c267120d5f1,False,Barang lokasi bandung,barang lokasi bandung,Toyota Zenix,medium,community_context,False,,,,False,not_relevant,no_adas_keyword,,UNKNOWN,,,,,,,
rec_5e75f680804c7be8,Toyota Zenix,Toyota Zenix owners Indonesia,https://www.facebook.com/groups/921208719233043,post_7,post_7_comment_64,post_7,comment,,,,Hubungi Aldo - 082112050953,https://www.facebook.com/groups/921208719233043,2026-09-18T03:22:50Z,raw_data_run_20260918_101715_601a04.csv,rec_5e75f680804c7be8,False,Hubungi Aldo - 082112050953,hubungi aldo - 082112050953,Toyota Zenix,medium,community_context,False,,,,False,not_relevant,no_adas_keyword,,UNKNOWN,,,,,,,
rec_b20e1f92cadc93f5,Toyota Zenix,Toyota Zenix owners Indonesia,https://www.facebook.com/groups/921208719233043,post_8,,,post,,,,Selamat datang Zenixer... Silahkan berbagi pengalaman dan pengetahuan anda tentang Toyota Zenix di Grup ini,https://www.facebook.com/groups/921208719233043,2026-09-18T03:22:50Z,raw_data_run_20260918_101715_601a04.csv,rec_b20e1f92cadc93f5,False,Selamat datang Zenixer... Silahkan berbagi pengalaman dan pengetahuan anda tentang Toyota Zenix di Grup ini,selamat datang zenixer... silahkan berbagi pengalaman dan pengetahuan anda tentang toyota zenix di grup ini,Toyota Zenix,high,explicit_text_alias_strong,False,,,,False,not_relevant,no_adas_keyword,,UNKNOWN,,,,,,,
rec_b023cc8ae7414f20,Toyota Zenix,Toyota Zenix owners Indonesia,https://www.facebook.com/groups/921208719233043,post_8,post_8_comment_1,post_8,comment,,,,"Unit baru ready stock J6 & J6T
Info
Ryan
081318900444
Chery Jaksel",https://www.facebook.com/groups/921208719233043,2026-09-18T03:22:54Z,raw_data_run_20260918_101715_601a04.csv,rec_b023cc8ae7414f20,False,Unit baru ready stock J6 & J6T Info Ryan 081318900444 Chery Jaksel,unit baru ready stock j6 & j6t info ryan 081318900444 chery jaksel,Toyota Zenix,medium,community_context,False,,,,False,not_relevant,no_adas_keyword,,UNKNOWN,,,,,,,
rec_ded463cf4980f6ad,Toyota Zenix,Toyota Zenix owners Indonesia,https://www.facebook.com/groups/921208719233043,post_8,post_8_comment_2,post_8,comment,,,,Unit baru ready stock J6 & J6T,https://www.facebook.com/groups/921208719233043,2026-09-18T03:22:54Z,raw_data_run_20260918_101715_601a04.csv,rec_ded463cf4980f6ad,False,Unit baru ready stock J6 & J6T,unit baru ready stock j6 & j6t,Toyota Zenix,medium,community_context,False,,,,False,not_relevant,no_adas_keyword,,UNKNOWN,,,,,,,
rec_9255c04637fc589b,Toyota Zenix,Toyota Zenix owners Indonesia,https://www.facebook.com/groups/921208719233043,post_8,post_8_comment_3,post_8,comment,,,,081318900444,https://www.facebook.com/groups/921208719233043,2026-09-18T03:22:55Z,raw_data_run_20260918_101715_601a04.csv,rec_9255c04637fc589b,False,081318900444,081318900444,Toyota Zenix,medium,community_context,False,,,,False,not_relevant,no_adas_keyword,,UNKNOWN,,,,,,,
rec_8ec07cbd9fa95db7,Toyota Zenix,Toyota Zenix owners Indonesia,https://www.facebook.com/groups/921208719233043,post_8,post_8_comment_4,post_8,comment,,,,Chery Jaksel,https://www.facebook.com/groups/921208719233043,2026-09-18T03:22:55Z,raw_data_run_20260918_101715_601a04.csv,rec_8ec07cbd9fa95db7,False,Chery Jaksel,chery jaksel,Toyota Zenix,medium,community_context,False,,,,False,not_relevant,no_adas_keyword,,UNKNOWN,,,,,,,
rec_cabd5d3733e0a100,Toyota Zenix,Toyota Zenix owners Indonesia,https://www.facebook.com/groups/921208719233043,post_8,post_8_comment_5,post_8,comment,,,,"Asik Berfaedah edisi Bohlam Sein
""Kualitas di atas ekspetasi harga
""… Lihat selengkapnya",https://www.facebook.com/groups/921208719233043,2026-09-18T03:22:55Z,raw_data_run_20260918_101715_601a04.csv,rec_cabd5d3733e0a100,False,"Asik Berfaedah edisi Bohlam Sein ""Kualitas di atas ekspetasi harga ""… Lihat selengkapnya","asik berfaedah edisi bohlam sein ""kualitas di atas ekspetasi harga ""… lihat selengkapnya",Toyota Zenix,medium,community_context,False,,,,False,not_relevant,no_adas_keyword,,UNKNOWN,,,,,,,
rec_8a99ff227d0357bd,Toyota Zenix,Toyota Zenix owners Indonesia,https://www.facebook.com/groups/921208719233043,post_8,post_8_comment_6,post_8,comment,,,,Asik Berfaedah edisi Bohlam Sein,https://www.facebook.com/groups/921208719233043,2026-09-18T03:22:55Z,raw_data_run_20260918_101715_601a04.csv,rec_8a99ff227d0357bd,False,Asik Berfaedah edisi Bohlam Sein,asik berfaedah edisi bohlam sein,Toyota Zenix,medium,community_context,False,,,,False,not_relevant,no_adas_keyword,,UNKNOWN,,,,,,,
rec_b2c48355f68018fc,Toyota Zenix,Toyota Zenix owners Indonesia,https://www.facebook.com/groups/921208719233043,post_8,post_8_comment_7,post_8,comment,,,,"""Kualitas di atas ekspetasi harga
""… Lihat selengkapnya",https://www.facebook.com/groups/921208719233043,2026-09-18T03:22:55Z,raw_data_run_20260918_101715_601a04.csv,rec_b2c48355f68018fc,False,"""Kualitas di atas ekspetasi harga ""… Lihat selengkapnya","""kualitas di atas ekspetasi harga ""… lihat selengkapnya",Toyota Zenix,medium,community_context,False,,,,False,not_relevant,no_adas_keyword,,UNKNOWN,,,,,,,
rec_bb5e5de7d0e5e47f,Toyota Zenix,Toyota Zenix owners Indonesia,https://www.facebook.com/groups/921208719233043,post_8,post_8_comment_8,post_8,comment,,,,Selamat datang Zenixer... Silahkan berbagi pengalaman dan pengetahuan anda tentang Toyota Zenix di Grup ini,https://www.facebook.com/groups/921208719233043,2026-09-18T03:22:55Z,raw_data_run_20260918_101715_601a04.csv,rec_bb5e5de7d0e5e47f,False,Selamat datang Zenixer... Silahkan berbagi pengalaman dan pengetahuan anda tentang Toyota Zenix di Grup ini,selamat datang zenixer... silahkan berbagi pengalaman dan pengetahuan anda tentang toyota zenix di grup ini,Toyota Zenix,high,explicit_text_alias_strong,False,,,,False,not_relevant,no_adas_keyword,,UNKNOWN,,,,,,,
rec_00e094f359f79822,Toyota Zenix,Toyota Zenix owners Indonesia,https://www.facebook.com/groups/921208719233043,post_8,post_8_comment_9,post_8,comment,,,,TOYOTA ZENIX Q HYBRID… Lihat selengkapnya,https://www.facebook.com/groups/921208719233043,2026-09-18T03:22:57Z,raw_data_run_20260918_101715_601a04.csv,rec_00e094f359f79822,False,TOYOTA ZENIX Q HYBRID… Lihat selengkapnya,toyota zenix q hybrid… lihat selengkapnya,Toyota Zenix,high,explicit_text_alias_strong,False,,,,False,not_relevant,no_adas_keyword,,UNKNOWN,,,,,,,
rec_12ad20eb793ffdb4,Toyota Zenix,Toyota Zenix owners Indonesia,https://www.facebook.com/groups/921208719233043,post_8,post_8_comment_10,post_8,comment,,,,"Ready Sewa Mobil
Toyota Zenix Hybrid… Lihat selengkapnya",https://www.facebook.com/groups/921208719233043,2026-09-18T03:22:58Z,raw_data_run_20260918_101715_601a04.csv,rec_12ad20eb793ffdb4,False,Ready Sewa Mobil Toyota Zenix Hybrid… Lihat selengkapnya,ready sewa mobil toyota zenix hybrid… lihat selengkapnya,Toyota Zenix,high,explicit_text_alias_strong,False,,,,False,not_relevant,no_adas_keyword,,UNKNOWN,,,,,,,
rec_e78d3dc15d7e7791,Toyota Zenix,Toyota Zenix owners Indonesia,https://www.facebook.com/groups/921208719233043,post_8,post_8_comment_11,post_8,comment,,,,Ready Sewa Mobil,https://www.facebook.com/groups/921208719233043,2026-09-18T03:22:58Z,raw_data_run_20260918_101715_601a04.csv,rec_e78d3dc15d7e7791,False,Ready Sewa Mobil,ready sewa mobil,Toyota Zenix,medium,community_context,False,,,,False,not_relevant,no_adas_keyword,,UNKNOWN,,,,,,,
rec_079c0b0b518b58c0,Toyota Zenix,Toyota Zenix owners Indonesia,https://www.facebook.com/groups/921208719233043,post_8,post_8_comment_12,post_8,comment,,,,Toyota Zenix Hybrid… Lihat selengkapnya,https://www.facebook.com/groups/921208719233043,2026-09-18T03:22:58Z,raw_data_run_20260918_101715_601a04.csv,rec_079c0b0b518b58c0,False,Toyota Zenix Hybrid… Lihat selengkapnya,toyota zenix hybrid… lihat selengkapnya,Toyota Zenix,high,explicit_text_alias_strong,False,,,,False,not_relevant,no_adas_keyword,,UNKNOWN,,,,,,,
rec_27c8f030cb6689ae,Toyota Zenix,Toyota Zenix owners Indonesia,https://www.facebook.com/groups/921208719233043,post_8,post_8_comment_13,post_8,comment,,,,"Bismillah..
Izin berniaga ya om admin..… Lihat selengkapnya",https://www.facebook.com/groups/921208719233043,2026-09-18T03:23:00Z,raw_data_run_20260918_101715_601a04.csv,rec_27c8f030cb6689ae,False,Bismillah.. Izin berniaga ya om admin..… Lihat selengkapnya,bismillah.. izin berniaga ya om admin..… lihat selengkapnya,Toyota Zenix,medium,community_context,False,,,,False,not_relevant,no_adas_keyword,,UNKNOWN,,,,,,,
rec_b494616dd5741191,Toyota Zenix,Toyota Zenix owners Indonesia,https://www.facebook.com/groups/921208719233043,post_8,post_8_comment_14,post_8,comment,,,,Bismillah..,https://www.facebook.com/groups/921208719233043,2026-09-18T03:23:00Z,raw_data_run_20260918_101715_601a04.csv,rec_b494616dd5741191,False,Bismillah..,bismillah..,Toyota Zenix,medium,community_context,False,,,,False,not_relevant,no_adas_keyword,,UNKNOWN,,,,,,,
rec_010d78bd13b1ac66,Toyota Zenix,Toyota Zenix owners Indonesia,https://www.facebook.com/groups/921208719233043,post_8,post_8_comment_15,post_8,comment,,,,Izin berniaga ya om admin..… Lihat selengkapnya,https://www.facebook.com/groups/921208719233043,2026-09-18T03:23:00Z,raw_data_run_20260918_101715_601a04.csv,rec_010d78bd13b1ac66,False,Izin berniaga ya om admin..… Lihat selengkapnya,izin berniaga ya om admin..… lihat selengkapnya,Toyota Zenix,medium,community_context,False,,,,False,not_relevant,no_adas_keyword,,UNKNOWN,,,,,,,
rec_7c90252bbcba2ed5,Toyota Zenix,Toyota Zenix owners Indonesia,https://www.facebook.com/groups/921208719233043,post_8,post_8_comment_16,post_8,comment,,,,"Barang ex copotan asuransi barang ORI tinggal cat ulang lagi bossku 
Silahkan diorder bossku 
untuk tanya2 silahkan hubungi wa 0895373086267
Terima kasih",https://www.facebook.com/groups/921208719233043,2026-09-18T03:23:02Z,raw_data_run_20260918_101715_601a04.csv,rec_7c90252bbcba2ed5,False,Barang ex copotan asuransi barang ORI tinggal cat ulang lagi bossku Silahkan diorder bossku untuk tanya2 silahkan hubungi wa 0895373086267 Terima kasih,barang ex copotan asuransi barang ori tinggal cat ulang lagi bossku silahkan diorder bossku untuk tanya2 silahkan hubungi wa 0895373086267 terima kasih,Toyota Zenix,medium,community_context,False,,,,False,not_relevant,no_adas_keyword,,UNKNOWN,,,,,,,
rec_339a8d7ebb83f439,Toyota Zenix,Toyota Zenix owners Indonesia,https://www.facebook.com/groups/921208719233043,post_8,post_8_comment_17,post_8,comment,,,,Barang ex copotan asuransi barang ORI tinggal cat ulang lagi bossku,https://www.facebook.com/groups/921208719233043,2026-09-18T03:23:02Z,raw_data_run_20260918_101715_601a04.csv,rec_339a8d7ebb83f439,False,Barang ex copotan asuransi barang ORI tinggal cat ulang lagi bossku,barang ex copotan asuransi barang ori tinggal cat ulang lagi bossku,Toyota Zenix,medium,community_context,False,,,,False,not_relevant,no_adas_keyword,,UNKNOWN,,,,,,,
rec_2461a6d4983904a7,Toyota Zenix,Toyota Zenix owners Indonesia,https://www.facebook.com/groups/921208719233043,post_8,post_8_comment_18,post_8,comment,,,,Silahkan diorder bossku,https://www.facebook.com/groups/921208719233043,2026-09-18T03:23:02Z,raw_data_run_20260918_101715_601a04.csv,rec_2461a6d4983904a7,False,Silahkan diorder bossku,silahkan diorder bossku,Toyota Zenix,medium,community_context,False,,,,False,not_relevant,no_adas_keyword,,UNKNOWN,,,,,,,
rec_761dbe74343d38cd,Toyota Zenix,Toyota Zenix owners Indonesia,https://www.facebook.com/groups/921208719233043,post_8,post_8_comment_19,post_8,comment,,,,untuk tanya2 silahkan hubungi wa 0895373086267,https://www.facebook.com/groups/921208719233043,2026-09-18T03:23:02Z,raw_data_run_20260918_101715_601a04.csv,rec_761dbe74343d38cd,False,untuk tanya2 silahkan hubungi wa 0895373086267,untuk tanya2 silahkan hubungi wa 0895373086267,Toyota Zenix,medium,community_context,False,,,,False,not_relevant,no_adas_keyword,,UNKNOWN,,,,,,,
rec_fabcc58f03c72fa6,Toyota Zenix,Toyota Zenix owners Indonesia,https://www.facebook.com/groups/921208719233043,post_8,post_8_comment_20,post_8,comment,,,,Terima kasih,https://www.facebook.com/groups/921208719233043,2026-09-18T03:23:02Z,raw_data_run_20260918_101715_601a04.csv,rec_fabcc58f03c72fa6,False,Terima kasih,terima kasih,Toyota Zenix,medium,community_context,False,,,,False,not_relevant,no_adas_keyword,,UNKNOWN,,,,,,,
rec_5768bde26d2b1724,Toyota Zenix,Toyota Zenix owners Indonesia,https://www.facebook.com/groups/921208719233043,post_8,post_8_comment_21,post_8,comment,,,,"Inova Q CVT hibryd modelista 2025 pemakaian 2026
Km20
pajak 3/27
An PT pribadi
Plat BK
Lihat selengkapnya",https://www.facebook.com/groups/921208719233043,2026-09-18T03:23:02Z,raw_data_run_20260918_101715_601a04.csv,rec_5768bde26d2b1724,False,Inova Q CVT hibryd modelista 2025 pemakaian 2026 Km20 pajak 3/27 An PT pribadi Plat BK Lihat selengkapnya,inova q cvt hibryd modelista 2025 pemakaian 2026 km20 pajak 3/27 an pt pribadi plat bk lihat selengkapnya,Toyota Zenix,medium,community_context,False,,,,False,not_relevant,no_adas_keyword,,UNKNOWN,,,,,,,
rec_8bf5087c5451d591,Toyota Zenix,Toyota Zenix owners Indonesia,https://www.facebook.com/groups/921208719233043,post_8,post_8_comment_22,post_8,comment,,,,@up semua orang,https://www.facebook.com/groups/921208719233043,2026-09-18T03:23:02Z,raw_data_run_20260918_101715_601a04.csv,rec_8bf5087c5451d591,False,[mention] semua orang,[mention] semua orang,Toyota Zenix,medium,community_context,False,,,,False,not_relevant,no_adas_keyword,,UNKNOWN,,,,,,,
rec_e72b6840de72e27f,Toyota Zenix,Toyota Zenix owners Indonesia,https://www.facebook.com/groups/921208719233043,post_8,post_8_comment_23,post_8,comment,,,,"Dijual....!!!
Ban TOYO open county RT. 
Ukuran 265x50 R20. 
Tahun 2023.
Velg ORI NEXX FTA. … Lihat selengkapnya",https://www.facebook.com/groups/921208719233043,2026-09-18T03:23:03Z,raw_data_run_20260918_101715_601a04.csv,rec_e72b6840de72e27f,False,Dijual....!!! Ban TOYO open county RT. Ukuran 265x50 R20. Tahun 2023. Velg ORI NEXX FTA. … Lihat selengkapnya,dijual....!!! ban toyo open county rt. ukuran 265x50 r20. tahun 2023. velg ori nexx fta. … lihat selengkapnya,Toyota Zenix,medium,community_context,False,,,,False,not_relevant,no_adas_keyword,,UNKNOWN,,,,,,,
rec_4dd27d6a46205914,Toyota Zenix,Toyota Zenix owners Indonesia,https://www.facebook.com/groups/921208719233043,post_8,post_8_comment_24,post_8,comment,,,,Dijual....!!!,https://www.facebook.com/groups/921208719233043,2026-09-18T03:23:03Z,raw_data_run_20260918_101715_601a04.csv,rec_4dd27d6a46205914,False,Dijual....!!!,dijual....!!!,Toyota Zenix,medium,community_context,False,,,,False,not_relevant,no_adas_keyword,,UNKNOWN,,,,,,,
rec_b75426102f098a7c,Toyota Zenix,Toyota Zenix owners Indonesia,https://www.facebook.com/groups/921208719233043,post_8,post_8_comment_25,post_8,comment,,,,Ban TOYO open county RT.,https://www.facebook.com/groups/921208719233043,2026-09-18T03:23:03Z,raw_data_run_20260918_101715_601a04.csv,rec_b75426102f098a7c,False,Ban TOYO open county RT.,ban toyo open county rt.,Toyota Zenix,medium,community_context,False,,,,False,not_relevant,no_adas_keyword,,UNKNOWN,,,,,,,
rec_10d8ec6ad838ad2c,Toyota Zenix,Toyota Zenix owners Indonesia,https://www.facebook.com/groups/921208719233043,post_8,post_8_comment_26,post_8,comment,,,,Ukuran 265x50 R20.,https://www.facebook.com/groups/921208719233043,2026-09-18T03:23:03Z,raw_data_run_20260918_101715_601a04.csv,rec_10d8ec6ad838ad2c,False,Ukuran 265x50 R20.,ukuran 265x50 r20.,Toyota Zenix,medium,community_context,False,,,,False,not_relevant,no_adas_keyword,,UNKNOWN,,,,,,,
rec_2fcd9931dcd57621,Toyota Zenix,Toyota Zenix owners Indonesia,https://www.facebook.com/groups/921208719233043,post_8,post_8_comment_27,post_8,comment,,,,Tahun 2023.,https://www.facebook.com/groups/921208719233043,2026-09-18T03:23:03Z,raw_data_run_20260918_101715_601a04.csv,rec_2fcd9931dcd57621,False,Tahun 2023.,tahun 2023.,Toyota Zenix,medium,community_context,False,,,,False,not_relevant,no_adas_keyword,,UNKNOWN,,,,,,,
rec_27d433086809ae17,Toyota Zenix,Toyota Zenix owners Indonesia,https://www.facebook.com/groups/921208719233043,post_8,post_8_comment_28,post_8,comment,,,,Velg ORI NEXX FTA. … Lihat selengkapnya,https://www.facebook.com/groups/921208719233043,2026-09-18T03:23:03Z,raw_data_run_20260918_101715_601a04.csv,rec_27d433086809ae17,False,Velg ORI NEXX FTA. … Lihat selengkapnya,velg ori nexx fta. … lihat selengkapnya,Toyota Zenix,medium,community_context,False,,,,False,not_relevant,no_adas_keyword,,UNKNOWN,,,,,,,
rec_40882df7242de3b9,Toyota Zenix,Toyota Zenix owners Indonesia,https://www.facebook.com/groups/921208719233043,post_8,post_8_comment_29,post_8,comment,,,,"FOR SALE BARANG ANTIK JARANG ADA !
TOYOTA INNOVA REBORN 2026 ! ISI SOLAR DIESEL BARCODE SOLAR ADA ! 9RB KM SUPER ANTIK !
Year NIK 2025
Color Black On Brown … Lihat selengkapnya",https://www.facebook.com/groups/921208719233043,2026-09-18T03:23:05Z,raw_data_run_20260918_101715_601a04.csv,rec_40882df7242de3b9,False,FOR SALE BARANG ANTIK JARANG ADA ! TOYOTA INNOVA REBORN 2026 ! ISI SOLAR DIESEL BARCODE SOLAR ADA ! 9RB KM SUPER ANTIK ! Year NIK 2025 Color Black On Brown … Lihat selengkapnya,for sale barang antik jarang ada ! toyota innova reborn 2026 ! isi solar diesel barcode solar ada ! 9rb km super antik ! year nik 2025 color black on brown … lihat selengkapnya,Toyota Zenix,medium,community_context,False,,,,False,not_relevant,no_adas_keyword,,UNKNOWN,,,,,,,
rec_99440b0807b1f410,Toyota Zenix,Toyota Zenix owners Indonesia,https://www.facebook.com/groups/921208719233043,post_8,post_8_comment_30,post_8,comment,,,,FOR SALE BARANG ANTIK JARANG ADA !,https://www.facebook.com/groups/921208719233043,2026-09-18T03:23:05Z,raw_data_run_20260918_101715_601a04.csv,rec_99440b0807b1f410,False,FOR SALE BARANG ANTIK JARANG ADA !,for sale barang antik jarang ada !,Toyota Zenix,medium,community_context,False,,,,False,not_relevant,no_adas_keyword,,UNKNOWN,,,,,,,
rec_3f4a59386167b98b,Toyota Zenix,Toyota Zenix owners Indonesia,https://www.facebook.com/groups/921208719233043,post_8,post_8_comment_31,post_8,comment,,,,TOYOTA INNOVA REBORN 2026 ! ISI SOLAR DIESEL BARCODE SOLAR ADA ! 9RB KM SUPER ANTIK !,https://www.facebook.com/groups/921208719233043,2026-09-18T03:23:05Z,raw_data_run_20260918_101715_601a04.csv,rec_3f4a59386167b98b,False,TOYOTA INNOVA REBORN 2026 ! ISI SOLAR DIESEL BARCODE SOLAR ADA ! 9RB KM SUPER ANTIK !,toyota innova reborn 2026 ! isi solar diesel barcode solar ada ! 9rb km super antik !,Toyota Zenix,medium,community_context,False,,,,False,not_relevant,no_adas_keyword,,UNKNOWN,,,,,,,
rec_a4dfb58e96c8e2dc,Toyota Zenix,Toyota Zenix owners Indonesia,https://www.facebook.com/groups/921208719233043,post_8,post_8_comment_32,post_8,comment,,,,Year NIK 2025,https://www.facebook.com/groups/921208719233043,2026-09-18T03:23:05Z,raw_data_run_20260918_101715_601a04.csv,rec_a4dfb58e96c8e2dc,False,Year NIK 2025,year nik 2025,Toyota Zenix,medium,community_context,False,,,,False,not_relevant,no_adas_keyword,,UNKNOWN,,,,,,,
rec_23874674c5a0a877,Toyota Zenix,Toyota Zenix owners Indonesia,https://www.facebook.com/groups/921208719233043,post_8,post_8_comment_33,post_8,comment,,,,Color Black On Brown … Lihat selengkapnya,https://www.facebook.com/groups/921208719233043,2026-09-18T03:23:05Z,raw_data_run_20260918_101715_601a04.csv,rec_23874674c5a0a877,False,Color Black On Brown … Lihat selengkapnya,color black on brown … lihat selengkapnya,Toyota Zenix,medium,community_context,False,,,,False,not_relevant,no_adas_keyword,,UNKNOWN,,,,,,,
rec_f40dddf2c48e8e4c,Toyota Zenix,Toyota Zenix owners Indonesia,https://www.facebook.com/groups/921208719233043,post_8,post_8_comment_34,post_8,comment,,,,"Barang ex copotan asuransi barang ORI tinggal cat ulang lagi bossku 
silahkan diorder bossku 
untuk tanya2 silahkan hubungi wa 0895373086267
terima kasih",https://www.facebook.com/groups/921208719233043,2026-09-18T03:23:08Z,raw_data_run_20260918_101715_601a04.csv,rec_f40dddf2c48e8e4c,False,Barang ex copotan asuransi barang ORI tinggal cat ulang lagi bossku silahkan diorder bossku untuk tanya2 silahkan hubungi wa 0895373086267 terima kasih,barang ex copotan asuransi barang ori tinggal cat ulang lagi bossku silahkan diorder bossku untuk tanya2 silahkan hubungi wa 0895373086267 terima kasih,Toyota Zenix,medium,community_context,False,,,,False,not_relevant,no_adas_keyword,,UNKNOWN,,,,,,,
rec_9d1eed5ec9c4bc95,Toyota Zenix,Toyota Zenix owners Indonesia,https://www.facebook.com/groups/921208719233043,post_8,post_8_comment_35,post_8,comment,,,,silahkan diorder bossku,https://www.facebook.com/groups/921208719233043,2026-09-18T03:23:08Z,raw_data_run_20260918_101715_601a04.csv,rec_9d1eed5ec9c4bc95,False,silahkan diorder bossku,silahkan diorder bossku,Toyota Zenix,medium,community_context,False,,,,False,not_relevant,no_adas_keyword,,UNKNOWN,,,,,,,
rec_56cf8e6817916fa1,Toyota Zenix,Toyota Zenix owners Indonesia,https://www.facebook.com/groups/921208719233043,post_8,post_8_comment_36,post_8,comment,,,,terima kasih,https://www.facebook.com/groups/921208719233043,2026-09-18T03:23:08Z,raw_data_run_20260918_101715_601a04.csv,rec_56cf8e6817916fa1,False,terima kasih,terima kasih,Toyota Zenix,medium,community_context,False,,,,False,not_relevant,no_adas_keyword,,UNKNOWN,,,,,,,
rec_e6a52188903ecf5f,Toyota Zenix,Toyota Zenix owners Indonesia,https://www.facebook.com/groups/921208719233043,post_8,post_8_comment_37,post_8,comment,,,,TOYOTA ZENIX V HYBRID… Lihat selengkapnya,https://www.facebook.com/groups/921208719233043,2026-09-18T03:23:08Z,raw_data_run_20260918_101715_601a04.csv,rec_e6a52188903ecf5f,False,TOYOTA ZENIX V HYBRID… Lihat selengkapnya,toyota zenix v hybrid… lihat selengkapnya,Toyota Zenix,high,explicit_text_alias_strong,False,,,,False,not_relevant,no_adas_keyword,,UNKNOWN,,,,,,,
rec_240dc5c9fffdc06e,Toyota Zenix,Toyota Zenix owners Indonesia,https://www.facebook.com/groups/921208719233043,post_8,post_8_comment_38,post_8,comment,,,,"Ready Foot step rush Terios 
Bisa barang aja atau berikut pasang",https://www.facebook.com/groups/921208719233043,2026-09-18T03:23:10Z,raw_data_run_20260918_101715_601a04.csv,rec_240dc5c9fffdc06e,False,Ready Foot step rush Terios Bisa barang aja atau berikut pasang,ready foot step rush terios bisa barang aja atau berikut pasang,Toyota Zenix,medium,community_context,False,,,,False,not_relevant,no_adas_keyword,,UNKNOWN,,,,,,,
rec_152312dd4d478e22,Toyota Zenix,Toyota Zenix owners Indonesia,https://www.facebook.com/groups/921208719233043,post_8,post_8_comment_39,post_8,comment,,,,Ready Foot step rush Terios,https://www.facebook.com/groups/921208719233043,2026-09-18T03:23:10Z,raw_data_run_20260918_101715_601a04.csv,rec_152312dd4d478e22,False,Ready Foot step rush Terios,ready foot step rush terios,Toyota Zenix,medium,community_context,False,,,,False,not_relevant,no_adas_keyword,,UNKNOWN,,,,,,,
rec_6a4ac91d5b40e08b,Toyota Zenix,Toyota Zenix owners Indonesia,https://www.facebook.com/groups/921208719233043,post_8,post_8_comment_40,post_8,comment,,,,Bisa barang aja atau berikut pasang,https://www.facebook.com/groups/921208719233043,2026-09-18T03:23:10Z,raw_data_run_20260918_101715_601a04.csv,rec_6a4ac91d5b40e08b,False,Bisa barang aja atau berikut pasang,bisa barang aja atau berikut pasang,Toyota Zenix,medium,community_context,False,,,,False,not_relevant,no_adas_keyword,,UNKNOWN,,,,,,,
rec_3313ae85362a2ce7,Toyota Zenix,Toyota Zenix owners Indonesia,https://www.facebook.com/groups/921208719233043,post_8,post_8_comment_41,post_8,comment,,,,2023 Toyota Zenix G Non Hybrid 2023 · Minivan · Jarak yang sudah ditempuh 120.000 kilometer… Lihat selengkapnya,https://www.facebook.com/groups/921208719233043,2026-09-18T03:23:12Z,raw_data_run_20260918_101715_601a04.csv,rec_3313ae85362a2ce7,False,2023 Toyota Zenix G Non Hybrid 2023 · Minivan · Jarak yang sudah ditempuh 120.000 kilometer… Lihat selengkapnya,2023 toyota zenix g non hybrid 2023 · minivan · jarak yang sudah ditempuh 120.000 kilometer… lihat selengkapnya,Toyota Zenix,high,explicit_text_alias_strong,False,,,,False,not_relevant,no_adas_keyword,,UNKNOWN,,,,,,,
rec_cd7c77d079e0a549,Toyota Zenix,Toyota Zenix owners Indonesia,https://www.facebook.com/groups/921208719233043,post_8,post_8_comment_43,post_8,comment,,,,"Asik Berfaedah edisi Wiper Depan
""Kualitas di atas ekspetasi harga
""… Lihat selengkapnya",https://www.facebook.com/groups/921208719233043,2026-09-18T03:23:15Z,raw_data_run_20260918_101715_601a04.csv,rec_cd7c77d079e0a549,False,"Asik Berfaedah edisi Wiper Depan ""Kualitas di atas ekspetasi harga ""… Lihat selengkapnya","asik berfaedah edisi wiper depan ""kualitas di atas ekspetasi harga ""… lihat selengkapnya",Toyota Zenix,medium,community_context,False,,,,False,not_relevant,no_adas_keyword,,UNKNOWN,,,,,,,
rec_a8f235568f457d7c,Toyota Zenix,Toyota Zenix owners Indonesia,https://www.facebook.com/groups/921208719233043,post_8,post_8_comment_44,post_8,comment,,,,Asik Berfaedah edisi Wiper Depan,https://www.facebook.com/groups/921208719233043,2026-09-18T03:23:15Z,raw_data_run_20260918_101715_601a04.csv,rec_a8f235568f457d7c,False,Asik Berfaedah edisi Wiper Depan,asik berfaedah edisi wiper depan,Toyota Zenix,medium,community_context,False,,,,False,not_relevant,no_adas_keyword,,UNKNOWN,,,,,,,
rec_8680867c6d37f544,Toyota Zenix,Toyota Zenix owners Indonesia,https://www.facebook.com/groups/921208719233043,post_8,post_8_comment_45,post_8,comment,,,,"Ready lampu LED mobil 
Cocok untuk berbagai jenis mobil
Jenis bohlamp mengikuti mobil nya",https://www.facebook.com/groups/921208719233043,2026-09-18T03:23:20Z,raw_data_run_20260918_101715_601a04.csv,rec_8680867c6d37f544,False,Ready lampu LED mobil Cocok untuk berbagai jenis mobil Jenis bohlamp mengikuti mobil nya,ready lampu led mobil cocok untuk berbagai jenis mobil jenis bohlamp mengikuti mobil nya,Toyota Zenix,medium,community_context,False,,,,False,not_relevant,no_adas_keyword,,UNKNOWN,,,,,,,
rec_08a1420b98917fee,Toyota Zenix,Toyota Zenix owners Indonesia,https://www.facebook.com/groups/921208719233043,post_8,post_8_comment_46,post_8,comment,,,,Ready lampu LED mobil,https://www.facebook.com/groups/921208719233043,2026-09-18T03:23:20Z,raw_data_run_20260918_101715_601a04.csv,rec_08a1420b98917fee,False,Ready lampu LED mobil,ready lampu led mobil,Toyota Zenix,medium,community_context,False,,,,False,not_relevant,no_adas_keyword,,UNKNOWN,,,,,,,
rec_eb699052be11f8a7,Toyota Zenix,Toyota Zenix owners Indonesia,https://www.facebook.com/groups/921208719233043,post_8,post_8_comment_47,post_8,comment,,,,Cocok untuk berbagai jenis mobil,https://www.facebook.com/groups/921208719233043,2026-09-18T03:23:20Z,raw_data_run_20260918_101715_601a04.csv,rec_eb699052be11f8a7,False,Cocok untuk berbagai jenis mobil,cocok untuk berbagai jenis mobil,Toyota Zenix,medium,community_context,False,,,,False,not_relevant,no_adas_keyword,,UNKNOWN,,,,,,,
rec_0b5c338987f67823,Toyota Zenix,Toyota Zenix owners Indonesia,https://www.facebook.com/groups/921208719233043,post_8,post_8_comment_48,post_8,comment,,,,Jenis bohlamp mengikuti mobil nya,https://www.facebook.com/groups/921208719233043,2026-09-18T03:23:20Z,raw_data_run_20260918_101715_601a04.csv,rec_0b5c338987f67823,False,Jenis bohlamp mengikuti mobil nya,jenis bohlamp mengikuti mobil nya,Toyota Zenix,medium,community_context,False,,,,False,not_relevant,no_adas_keyword,,UNKNOWN,,,,,,,
rec_a2a6c1d959e6b429,Toyota Zenix,Toyota Zenix owners Indonesia,https://www.facebook.com/groups/921208719233043,post_8,post_8_comment_49,post_8,comment,,,,ready zenix q hybrid tersedia cash/credit dan tersedia pembelian an pt/perorangan. hub 087881555358 hilfi toyota… Lihat selengkapnya,https://www.facebook.com/groups/921208719233043,2026-09-18T03:23:20Z,raw_data_run_20260918_101715_601a04.csv,rec_a2a6c1d959e6b429,False,ready zenix q hybrid tersedia cash/credit dan tersedia pembelian an pt/perorangan. hub 087881555358 hilfi toyota… Lihat selengkapnya,ready zenix q hybrid tersedia cash/credit dan tersedia pembelian an pt/perorangan. hub 087881555358 hilfi toyota… lihat selengkapnya,Toyota Zenix,high,explicit_text_alias_strong,False,,,,False,not_relevant,no_adas_keyword,,UNKNOWN,,,,,,,
rec_67581dee3c358acd,Toyota Zenix,Toyota Zenix owners Indonesia,https://www.facebook.com/groups/921208719233043,post_8,post_8_comment_50,post_8,comment,,,,"Jual sparepart berkualitas 
Whatsapp 
 085934378954… Lihat selengkapnya",https://www.facebook.com/groups/921208719233043,2026-09-18T03:23:21Z,raw_data_run_20260918_101715_601a04.csv,rec_67581dee3c358acd,False,Jual sparepart berkualitas Whatsapp 085934378954… Lihat selengkapnya,jual sparepart berkualitas whatsapp 085934378954… lihat selengkapnya,Toyota Zenix,medium,community_context,False,,,,False,not_relevant,no_adas_keyword,,UNKNOWN,,,,,,,
rec_512f1b6399c937c0,Toyota Zenix,Toyota Zenix owners Indonesia,https://www.facebook.com/groups/921208719233043,post_8,post_8_comment_51,post_8,comment,,,,Jual sparepart berkualitas,https://www.facebook.com/groups/921208719233043,2026-09-18T03:23:21Z,raw_data_run_20260918_101715_601a04.csv,rec_512f1b6399c937c0,False,Jual sparepart berkualitas,jual sparepart berkualitas,Toyota Zenix,medium,community_context,False,,,,False,not_relevant,no_adas_keyword,,UNKNOWN,,,,,,,
rec_991f073d91ca75ef,Toyota Zenix,Toyota Zenix owners Indonesia,https://www.facebook.com/groups/921208719233043,post_8,post_8_comment_52,post_8,comment,,,,"Whatsapp 
 085934378954… Lihat selengkapnya",https://www.facebook.com/groups/921208719233043,2026-09-18T03:23:21Z,raw_data_run_20260918_101715_601a04.csv,rec_991f073d91ca75ef,False,Whatsapp 085934378954… Lihat selengkapnya,whatsapp 085934378954… lihat selengkapnya,Toyota Zenix,medium,community_context,False,,,,False,not_relevant,no_adas_keyword,,UNKNOWN,,,,,,,
rec_fc7f3f6bb490099d,Toyota Zenix,Toyota Zenix owners Indonesia,https://www.facebook.com/groups/921208719233043,post_8,post_8_comment_53,post_8,comment,,,,Interior Zenix Type V kurangnya apa? … Lihat selengkapnya,https://www.facebook.com/groups/921208719233043,2026-09-18T03:23:23Z,raw_data_run_20260918_101715_601a04.csv,rec_fc7f3f6bb490099d,False,Interior Zenix Type V kurangnya apa? … Lihat selengkapnya,interior zenix type v kurangnya apa? … lihat selengkapnya,Toyota Zenix,high,explicit_text_alias_strong,False,,,,False,not_relevant,no_adas_keyword,,UNKNOWN,,,,,,,
rec_d67e95bf79c42f3f,Toyota Zenix,Toyota Zenix owners Indonesia,https://www.facebook.com/groups/921208719233043,post_8,post_8_comment_54,post_8,comment,,,,Dashcamnya belum om,https://www.facebook.com/groups/921208719233043,2026-09-18T03:23:23Z,raw_data_run_20260918_101715_601a04.csv,rec_d67e95bf79c42f3f,False,Dashcamnya belum om,dashcamnya belum om,Toyota Zenix,medium,community_context,False,,,,False,not_relevant,no_adas_keyword,,UNKNOWN,,,,,,,
rec_371c5d27af2547f7,Toyota Zenix,Toyota Zenix owners Indonesia,https://www.facebook.com/groups/921208719233043,post_8,post_8_comment_55,post_8,comment,,,,"Tombol power window gak ada lampunya, belum ada cruise control",https://www.facebook.com/groups/921208719233043,2026-09-18T03:23:23Z,raw_data_run_20260918_101715_601a04.csv,rec_371c5d27af2547f7,False,"Tombol power window gak ada lampunya, belum ada cruise control","tombol power window gak ada lampunya, belum ada cruise control",Toyota Zenix,medium,community_context,True,Cruise Control;cruise;cruise control,"layer_a_feature_names,layer_b_functional,layer_c_indonesian",ACC,False,relevant,explicit_feature_name,high,ACC,not_stated,not_stated,question,neutral,not_stated,unclear,high
rec_111b1a4d27c83be4,Toyota Zenix,Toyota Zenix owners Indonesia,https://www.facebook.com/groups/921208719233043,post_8,post_8_comment_56,post_8,comment,,,,"TOYOTA ZENIX V HYBRID
Mobil hybrid masa kini yang sangat irit bahan bakar, praktis dibawa kemana saja tanpa harus dicas setrum-setrum... … Lihat selengkapnya",https://www.facebook.com/groups/921208719233043,2026-09-18T03:23:25Z,raw_data_run_20260918_101715_601a04.csv,rec_111b1a4d27c83be4,False,"TOYOTA ZENIX V HYBRID Mobil hybrid masa kini yang sangat irit bahan bakar, praktis dibawa kemana saja tanpa harus dicas setrum-setrum... … Lihat selengkapnya","toyota zenix v hybrid mobil hybrid masa kini yang sangat irit bahan bakar, praktis dibawa kemana saja tanpa harus dicas setrum-setrum... … lihat selengkapnya",Toyota Zenix,high,explicit_text_alias_strong,False,,,,False,not_relevant,no_adas_keyword,,UNKNOWN,,,,,,,
rec_d8fc91b07b7f0ed1,Toyota Zenix,Toyota Zenix owners Indonesia,https://www.facebook.com/groups/921208719233043,post_8,post_8_comment_57,post_8,comment,,,,TOYOTA ZENIX V HYBRID,https://www.facebook.com/groups/921208719233043,2026-09-18T03:23:25Z,raw_data_run_20260918_101715_601a04.csv,rec_d8fc91b07b7f0ed1,False,TOYOTA ZENIX V HYBRID,toyota zenix v hybrid,Toyota Zenix,high,explicit_text_alias_strong,False,,,,False,not_relevant,no_adas_keyword,,UNKNOWN,,,,,,,
rec_ae7ff9540d158168,Toyota Zenix,Toyota Zenix owners Indonesia,https://www.facebook.com/groups/921208719233043,post_8,post_8_comment_58,post_8,comment,,,,"Mobil hybrid masa kini yang sangat irit bahan bakar, praktis dibawa kemana saja tanpa harus dicas setrum-setrum... … Lihat selengkapnya",https://www.facebook.com/groups/921208719233043,2026-09-18T03:23:25Z,raw_data_run_20260918_101715_601a04.csv,rec_ae7ff9540d158168,False,"Mobil hybrid masa kini yang sangat irit bahan bakar, praktis dibawa kemana saja tanpa harus dicas setrum-setrum... … Lihat selengkapnya","mobil hybrid masa kini yang sangat irit bahan bakar, praktis dibawa kemana saja tanpa harus dicas setrum-setrum... … lihat selengkapnya",Toyota Zenix,medium,community_context,False,,,,False,not_relevant,no_adas_keyword,,UNKNOWN,,,,,,,
rec_c021555f9f9b7e41,Toyota Zenix,Toyota Zenix owners Indonesia,https://www.facebook.com/groups/921208719233043,post_8,post_8_comment_59,post_8,comment,,,,"Barang mulus beat 2023 pajak juni 2026
Lengkap surat surat
Kunci 2
Barang lokasi bandung
Hubungi Aldo - 082112050953",https://www.facebook.com/groups/921208719233043,2026-09-18T03:23:29Z,raw_data_run_20260918_101715_601a04.csv,rec_c021555f9f9b7e41,False,Barang mulus beat 2023 pajak juni 2026 Lengkap surat surat Kunci 2 Barang lokasi bandung Hubungi Aldo - 082112050953,barang mulus beat 2023 pajak juni 2026 lengkap surat surat kunci 2 barang lokasi bandung hubungi aldo - 082112050953,Toyota Zenix,medium,community_context,False,,,,False,not_relevant,no_adas_keyword,,UNKNOWN,,,,,,,
rec_efe3d467e7f07f24,Toyota Zenix,Toyota Zenix owners Indonesia,https://www.facebook.com/groups/921208719233043,post_8,post_8_comment_60,post_8,comment,,,,Barang mulus beat 2023 pajak juni 2026,https://www.facebook.com/groups/921208719233043,2026-09-18T03:23:29Z,raw_data_run_20260918_101715_601a04.csv,rec_efe3d467e7f07f24,False,Barang mulus beat 2023 pajak juni 2026,barang mulus beat 2023 pajak juni 2026,Toyota Zenix,medium,community_context,False,,,,False,not_relevant,no_adas_keyword,,UNKNOWN,,,,,,,
rec_ffeb5696f1988022,Toyota Zenix,Toyota Zenix owners Indonesia,https://www.facebook.com/groups/921208719233043,post_8,post_8_comment_61,post_8,comment,,,,Lengkap surat surat,https://www.facebook.com/groups/921208719233043,2026-09-18T03:23:29Z,raw_data_run_20260918_101715_601a04.csv,rec_ffeb5696f1988022,False,Lengkap surat surat,lengkap surat surat,Toyota Zenix,medium,community_context,False,,,,False,not_relevant,no_adas_keyword,,UNKNOWN,,,,,,,
rec_ce66e798a1ec8f84,Toyota Zenix,Toyota Zenix owners Indonesia,https://www.facebook.com/groups/921208719233043,post_8,post_8_comment_62,post_8,comment,,,,Kunci 2,https://www.facebook.com/groups/921208719233043,2026-09-18T03:23:29Z,raw_data_run_20260918_101715_601a04.csv,rec_ce66e798a1ec8f84,False,Kunci 2,kunci 2,Toyota Zenix,medium,community_context,False,,,,False,not_relevant,no_adas_keyword,,UNKNOWN,,,,,,,
rec_50c2ea66c5c79eb4,Toyota Zenix,Toyota Zenix owners Indonesia,https://www.facebook.com/groups/921208719233043,post_8,post_8_comment_63,post_8,comment,,,,Barang lokasi bandung,https://www.facebook.com/groups/921208719233043,2026-09-18T03:23:29Z,raw_data_run_20260918_101715_601a04.csv,rec_50c2ea66c5c79eb4,False,Barang lokasi bandung,barang lokasi bandung,Toyota Zenix,medium,community_context,False,,,,False,not_relevant,no_adas_keyword,,UNKNOWN,,,,,,,
rec_5029813a0306e129,Toyota Zenix,Toyota Zenix owners Indonesia,https://www.facebook.com/groups/921208719233043,post_8,post_8_comment_64,post_8,comment,,,,Hubungi Aldo - 082112050953,https://www.facebook.com/groups/921208719233043,2026-09-18T03:23:29Z,raw_data_run_20260918_101715_601a04.csv,rec_5029813a0306e129,False,Hubungi Aldo - 082112050953,hubungi aldo - 082112050953,Toyota Zenix,medium,community_context,False,,,,False,not_relevant,no_adas_keyword,,UNKNOWN,,,,,,,
rec_cdb6308ddabf109f,Toyota Zenix,Toyota Zenix owners Indonesia,https://www.facebook.com/groups/921208719233043,post_9,,,post,,,,TOYOTA ZENIX Q HYBRID… Lihat selengkapnya,https://www.facebook.com/groups/921208719233043,2026-09-18T03:23:43Z,raw_data_run_20260918_101715_601a04.csv,rec_cdb6308ddabf109f,False,TOYOTA ZENIX Q HYBRID… Lihat selengkapnya,toyota zenix q hybrid… lihat selengkapnya,Toyota Zenix,high,explicit_text_alias_strong,False,,,,False,not_relevant,no_adas_keyword,,UNKNOWN,,,,,,,
rec_b98b05b26e46aaaa,Toyota Zenix,Toyota Zenix owners Indonesia,https://www.facebook.com/groups/921208719233043,post_9,post_9_comment_1,post_9,comment,,,,"Unit baru ready stock J6 & J6T
Info
Ryan
081318900444
Chery Jaksel",https://www.facebook.com/groups/921208719233043,2026-09-18T03:23:48Z,raw_data_run_20260918_101715_601a04.csv,rec_b98b05b26e46aaaa,False,Unit baru ready stock J6 & J6T Info Ryan 081318900444 Chery Jaksel,unit baru ready stock j6 & j6t info ryan 081318900444 chery jaksel,Toyota Zenix,medium,community_context,False,,,,False,not_relevant,no_adas_keyword,,UNKNOWN,,,,,,,
rec_1dffff06cc2c0ffb,Toyota Zenix,Toyota Zenix owners Indonesia,https://www.facebook.com/groups/921208719233043,post_9,post_9_comment_2,post_9,comment,,,,Unit baru ready stock J6 & J6T,https://www.facebook.com/groups/921208719233043,2026-09-18T03:23:48Z,raw_data_run_20260918_101715_601a04.csv,rec_1dffff06cc2c0ffb,False,Unit baru ready stock J6 & J6T,unit baru ready stock j6 & j6t,Toyota Zenix,medium,community_context,False,,,,False,not_relevant,no_adas_keyword,,UNKNOWN,,,,,,,
rec_8303a9517d0a73d2,Toyota Zenix,Toyota Zenix owners Indonesia,https://www.facebook.com/groups/921208719233043,post_9,post_9_comment_3,post_9,comment,,,,081318900444,https://www.facebook.com/groups/921208719233043,2026-09-18T03:23:48Z,raw_data_run_20260918_101715_601a04.csv,rec_8303a9517d0a73d2,False,081318900444,081318900444,Toyota Zenix,medium,community_context,False,,,,False,not_relevant,no_adas_keyword,,UNKNOWN,,,,,,,
rec_37b7464d3c94a050,Toyota Zenix,Toyota Zenix owners Indonesia,https://www.facebook.com/groups/921208719233043,post_9,post_9_comment_4,post_9,comment,,,,Chery Jaksel,https://www.facebook.com/groups/921208719233043,2026-09-18T03:23:48Z,raw_data_run_20260918_101715_601a04.csv,rec_37b7464d3c94a050,False,Chery Jaksel,chery jaksel,Toyota Zenix,medium,community_context,False,,,,False,not_relevant,no_adas_keyword,,UNKNOWN,,,,,,,
rec_12c1ecd8c68b8731,Toyota Zenix,Toyota Zenix owners Indonesia,https://www.facebook.com/groups/921208719233043,post_9,post_9_comment_5,post_9,comment,,,,"Asik Berfaedah edisi Bohlam Sein
""Kualitas di atas ekspetasi harga
""… Lihat selengkapnya",https://www.facebook.com/groups/921208719233043,2026-09-18T03:23:48Z,raw_data_run_20260918_101715_601a04.csv,rec_12c1ecd8c68b8731,False,"Asik Berfaedah edisi Bohlam Sein ""Kualitas di atas ekspetasi harga ""… Lihat selengkapnya","asik berfaedah edisi bohlam sein ""kualitas di atas ekspetasi harga ""… lihat selengkapnya",Toyota Zenix,medium,community_context,False,,,,False,not_relevant,no_adas_keyword,,UNKNOWN,,,,,,,
rec_b074fb4d6c0ff746,Toyota Zenix,Toyota Zenix owners Indonesia,https://www.facebook.com/groups/921208719233043,post_9,post_9_comment_6,post_9,comment,,,,Asik Berfaedah edisi Bohlam Sein,https://www.facebook.com/groups/921208719233043,2026-09-18T03:23:48Z,raw_data_run_20260918_101715_601a04.csv,rec_b074fb4d6c0ff746,False,Asik Berfaedah edisi Bohlam Sein,asik berfaedah edisi bohlam sein,Toyota Zenix,medium,community_context,False,,,,False,not_relevant,no_adas_keyword,,UNKNOWN,,,,,,,
rec_aac3cdab690d55ae,Toyota Zenix,Toyota Zenix owners Indonesia,https://www.facebook.com/groups/921208719233043,post_9,post_9_comment_7,post_9,comment,,,,"""Kualitas di atas ekspetasi harga
""… Lihat selengkapnya",https://www.facebook.com/groups/921208719233043,2026-09-18T03:23:48Z,raw_data_run_20260918_101715_601a04.csv,rec_aac3cdab690d55ae,False,"""Kualitas di atas ekspetasi harga ""… Lihat selengkapnya","""kualitas di atas ekspetasi harga ""… lihat selengkapnya",Toyota Zenix,medium,community_context,False,,,,False,not_relevant,no_adas_keyword,,UNKNOWN,,,,,,,
rec_3db437ce707f320b,Toyota Zenix,Toyota Zenix owners Indonesia,https://www.facebook.com/groups/921208719233043,post_9,post_9_comment_8,post_9,comment,,,,Selamat datang Zenixer... Silahkan berbagi pengalaman dan pengetahuan anda tentang Toyota Zenix di Grup ini,https://www.facebook.com/groups/921208719233043,2026-09-18T03:23:48Z,raw_data_run_20260918_101715_601a04.csv,rec_3db437ce707f320b,False,Selamat datang Zenixer... Silahkan berbagi pengalaman dan pengetahuan anda tentang Toyota Zenix di Grup ini,selamat datang zenixer... silahkan berbagi pengalaman dan pengetahuan anda tentang toyota zenix di grup ini,Toyota Zenix,high,explicit_text_alias_strong,False,,,,False,not_relevant,no_adas_keyword,,UNKNOWN,,,,,,,
rec_6bf887f2f9adba6c,Toyota Zenix,Toyota Zenix owners Indonesia,https://www.facebook.com/groups/921208719233043,post_9,post_9_comment_9,post_9,comment,,,,TOYOTA ZENIX Q HYBRID… Lihat selengkapnya,https://www.facebook.com/groups/921208719233043,2026-09-18T03:23:50Z,raw_data_run_20260918_101715_601a04.csv,rec_6bf887f2f9adba6c,False,TOYOTA ZENIX Q HYBRID… Lihat selengkapnya,toyota zenix q hybrid… lihat selengkapnya,Toyota Zenix,high,explicit_text_alias_strong,False,,,,False,not_relevant,no_adas_keyword,,UNKNOWN,,,,,,,
rec_84fa8567e49ee341,Toyota Zenix,Toyota Zenix owners Indonesia,https://www.facebook.com/groups/921208719233043,post_9,post_9_comment_10,post_9,comment,,,,"Ready Sewa Mobil
Toyota Zenix Hybrid… Lihat selengkapnya",https://www.facebook.com/groups/921208719233043,2026-09-18T03:23:52Z,raw_data_run_20260918_101715_601a04.csv,rec_84fa8567e49ee341,False,Ready Sewa Mobil Toyota Zenix Hybrid… Lihat selengkapnya,ready sewa mobil toyota zenix hybrid… lihat selengkapnya,Toyota Zenix,high,explicit_text_alias_strong,False,,,,False,not_relevant,no_adas_keyword,,UNKNOWN,,,,,,,
rec_48982b31361f3d23,Toyota Zenix,Toyota Zenix owners Indonesia,https://www.facebook.com/groups/921208719233043,post_9,post_9_comment_11,post_9,comment,,,,Ready Sewa Mobil,https://www.facebook.com/groups/921208719233043,2026-09-18T03:23:52Z,raw_data_run_20260918_101715_601a04.csv,rec_48982b31361f3d23,False,Ready Sewa Mobil,ready sewa mobil,Toyota Zenix,medium,community_context,False,,,,False,not_relevant,no_adas_keyword,,UNKNOWN,,,,,,,
rec_f16d6a500d421cd8,Toyota Zenix,Toyota Zenix owners Indonesia,https://www.facebook.com/groups/921208719233043,post_9,post_9_comment_12,post_9,comment,,,,Toyota Zenix Hybrid… Lihat selengkapnya,https://www.facebook.com/groups/921208719233043,2026-09-18T03:23:52Z,raw_data_run_20260918_101715_601a04.csv,rec_f16d6a500d421cd8,False,Toyota Zenix Hybrid… Lihat selengkapnya,toyota zenix hybrid… lihat selengkapnya,Toyota Zenix,high,explicit_text_alias_strong,False,,,,False,not_relevant,no_adas_keyword,,UNKNOWN,,,,,,,
rec_1745f0b39de6beff,Toyota Zenix,Toyota Zenix owners Indonesia,https://www.facebook.com/groups/921208719233043,post_9,post_9_comment_13,post_9,comment,,,,"Bismillah..
Izin berniaga ya om admin..… Lihat selengkapnya",https://www.facebook.com/groups/921208719233043,2026-09-18T03:23:53Z,raw_data_run_20260918_101715_601a04.csv,rec_1745f0b39de6beff,False,Bismillah.. Izin berniaga ya om admin..… Lihat selengkapnya,bismillah.. izin berniaga ya om admin..… lihat selengkapnya,Toyota Zenix,medium,community_context,False,,,,False,not_relevant,no_adas_keyword,,UNKNOWN,,,,,,,
rec_1f4c98364a0e7f4a,Toyota Zenix,Toyota Zenix owners Indonesia,https://www.facebook.com/groups/921208719233043,post_9,post_9_comment_14,post_9,comment,,,,Bismillah..,https://www.facebook.com/groups/921208719233043,2026-09-18T03:23:53Z,raw_data_run_20260918_101715_601a04.csv,rec_1f4c98364a0e7f4a,False,Bismillah..,bismillah..,Toyota Zenix,medium,community_context,False,,,,False,not_relevant,no_adas_keyword,,UNKNOWN,,,,,,,
rec_6c807a95cd15df32,Toyota Zenix,Toyota Zenix owners Indonesia,https://www.facebook.com/groups/921208719233043,post_9,post_9_comment_15,post_9,comment,,,,Izin berniaga ya om admin..… Lihat selengkapnya,https://www.facebook.com/groups/921208719233043,2026-09-18T03:23:53Z,raw_data_run_20260918_101715_601a04.csv,rec_6c807a95cd15df32,False,Izin berniaga ya om admin..… Lihat selengkapnya,izin berniaga ya om admin..… lihat selengkapnya,Toyota Zenix,medium,community_context,False,,,,False,not_relevant,no_adas_keyword,,UNKNOWN,,,,,,,
rec_3d9335896f55b3d0,Toyota Zenix,Toyota Zenix owners Indonesia,https://www.facebook.com/groups/921208719233043,post_9,post_9_comment_16,post_9,comment,,,,"Barang ex copotan asuransi barang ORI tinggal cat ulang lagi bossku 
Silahkan diorder bossku 
untuk tanya2 silahkan hubungi wa 0895373086267
Terima kasih",https://www.facebook.com/groups/921208719233043,2026-09-18T03:23:55Z,raw_data_run_20260918_101715_601a04.csv,rec_3d9335896f55b3d0,False,Barang ex copotan asuransi barang ORI tinggal cat ulang lagi bossku Silahkan diorder bossku untuk tanya2 silahkan hubungi wa 0895373086267 Terima kasih,barang ex copotan asuransi barang ori tinggal cat ulang lagi bossku silahkan diorder bossku untuk tanya2 silahkan hubungi wa 0895373086267 terima kasih,Toyota Zenix,medium,community_context,False,,,,False,not_relevant,no_adas_keyword,,UNKNOWN,,,,,,,
rec_3a12db30839abd32,Toyota Zenix,Toyota Zenix owners Indonesia,https://www.facebook.com/groups/921208719233043,post_9,post_9_comment_17,post_9,comment,,,,Barang ex copotan asuransi barang ORI tinggal cat ulang lagi bossku,https://www.facebook.com/groups/921208719233043,2026-09-18T03:23:55Z,raw_data_run_20260918_101715_601a04.csv,rec_3a12db30839abd32,False,Barang ex copotan asuransi barang ORI tinggal cat ulang lagi bossku,barang ex copotan asuransi barang ori tinggal cat ulang lagi bossku,Toyota Zenix,medium,community_context,False,,,,False,not_relevant,no_adas_keyword,,UNKNOWN,,,,,,,
rec_8feef6687f6cc932,Toyota Zenix,Toyota Zenix owners Indonesia,https://www.facebook.com/groups/921208719233043,post_9,post_9_comment_18,post_9,comment,,,,Silahkan diorder bossku,https://www.facebook.com/groups/921208719233043,2026-09-18T03:23:55Z,raw_data_run_20260918_101715_601a04.csv,rec_8feef6687f6cc932,False,Silahkan diorder bossku,silahkan diorder bossku,Toyota Zenix,medium,community_context,False,,,,False,not_relevant,no_adas_keyword,,UNKNOWN,,,,,,,
rec_22265f08e017ddd1,Toyota Zenix,Toyota Zenix owners Indonesia,https://www.facebook.com/groups/921208719233043,post_9,post_9_comment_19,post_9,comment,,,,untuk tanya2 silahkan hubungi wa 0895373086267,https://www.facebook.com/groups/921208719233043,2026-09-18T03:23:55Z,raw_data_run_20260918_101715_601a04.csv,rec_22265f08e017ddd1,False,untuk tanya2 silahkan hubungi wa 0895373086267,untuk tanya2 silahkan hubungi wa 0895373086267,Toyota Zenix,medium,community_context,False,,,,False,not_relevant,no_adas_keyword,,UNKNOWN,,,,,,,
rec_b995b462eb817b65,Toyota Zenix,Toyota Zenix owners Indonesia,https://www.facebook.com/groups/921208719233043,post_9,post_9_comment_20,post_9,comment,,,,Terima kasih,https://www.facebook.com/groups/921208719233043,2026-09-18T03:23:55Z,raw_data_run_20260918_101715_601a04.csv,rec_b995b462eb817b65,False,Terima kasih,terima kasih,Toyota Zenix,medium,community_context,False,,,,False,not_relevant,no_adas_keyword,,UNKNOWN,,,,,,,
rec_df1b95898e6451f9,Toyota Zenix,Toyota Zenix owners Indonesia,https://www.facebook.com/groups/921208719233043,post_9,post_9_comment_21,post_9,comment,,,,"Inova Q CVT hibryd modelista 2025 pemakaian 2026
Km20
pajak 3/27
An PT pribadi
Plat BK
Lihat selengkapnya",https://www.facebook.com/groups/921208719233043,2026-09-18T03:23:55Z,raw_data_run_20260918_101715_601a04.csv,rec_df1b95898e6451f9,False,Inova Q CVT hibryd modelista 2025 pemakaian 2026 Km20 pajak 3/27 An PT pribadi Plat BK Lihat selengkapnya,inova q cvt hibryd modelista 2025 pemakaian 2026 km20 pajak 3/27 an pt pribadi plat bk lihat selengkapnya,Toyota Zenix,medium,community_context,False,,,,False,not_relevant,no_adas_keyword,,UNKNOWN,,,,,,,
rec_5a051937d3f7a160,Toyota Zenix,Toyota Zenix owners Indonesia,https://www.facebook.com/groups/921208719233043,post_9,post_9_comment_22,post_9,comment,,,,@up semua orang,https://www.facebook.com/groups/921208719233043,2026-09-18T03:23:55Z,raw_data_run_20260918_101715_601a04.csv,rec_5a051937d3f7a160,False,[mention] semua orang,[mention] semua orang,Toyota Zenix,medium,community_context,False,,,,False,not_relevant,no_adas_keyword,,UNKNOWN,,,,,,,
rec_a50d0054de5d861a,Toyota Zenix,Toyota Zenix owners Indonesia,https://www.facebook.com/groups/921208719233043,post_9,post_9_comment_23,post_9,comment,,,,"Dijual....!!!
Ban TOYO open county RT. 
Ukuran 265x50 R20. 
Tahun 2023.
Velg ORI NEXX FTA. … Lihat selengkapnya",https://www.facebook.com/groups/921208719233043,2026-09-18T03:23:57Z,raw_data_run_20260918_101715_601a04.csv,rec_a50d0054de5d861a,False,Dijual....!!! Ban TOYO open county RT. Ukuran 265x50 R20. Tahun 2023. Velg ORI NEXX FTA. … Lihat selengkapnya,dijual....!!! ban toyo open county rt. ukuran 265x50 r20. tahun 2023. velg ori nexx fta. … lihat selengkapnya,Toyota Zenix,medium,community_context,False,,,,False,not_relevant,no_adas_keyword,,UNKNOWN,,,,,,,
rec_bfbe0dbabde3ce31,Toyota Zenix,Toyota Zenix owners Indonesia,https://www.facebook.com/groups/921208719233043,post_9,post_9_comment_24,post_9,comment,,,,Dijual....!!!,https://www.facebook.com/groups/921208719233043,2026-09-18T03:23:57Z,raw_data_run_20260918_101715_601a04.csv,rec_bfbe0dbabde3ce31,False,Dijual....!!!,dijual....!!!,Toyota Zenix,medium,community_context,False,,,,False,not_relevant,no_adas_keyword,,UNKNOWN,,,,,,,
rec_71dc40fa9048cbf2,Toyota Zenix,Toyota Zenix owners Indonesia,https://www.facebook.com/groups/921208719233043,post_9,post_9_comment_25,post_9,comment,,,,Ban TOYO open county RT.,https://www.facebook.com/groups/921208719233043,2026-09-18T03:23:57Z,raw_data_run_20260918_101715_601a04.csv,rec_71dc40fa9048cbf2,False,Ban TOYO open county RT.,ban toyo open county rt.,Toyota Zenix,medium,community_context,False,,,,False,not_relevant,no_adas_keyword,,UNKNOWN,,,,,,,
rec_4c3ec64aa9b96e4c,Toyota Zenix,Toyota Zenix owners Indonesia,https://www.facebook.com/groups/921208719233043,post_9,post_9_comment_26,post_9,comment,,,,Ukuran 265x50 R20.,https://www.facebook.com/groups/921208719233043,2026-09-18T03:23:57Z,raw_data_run_20260918_101715_601a04.csv,rec_4c3ec64aa9b96e4c,False,Ukuran 265x50 R20.,ukuran 265x50 r20.,Toyota Zenix,medium,community_context,False,,,,False,not_relevant,no_adas_keyword,,UNKNOWN,,,,,,,
rec_7bb418b160920d2c,Toyota Zenix,Toyota Zenix owners Indonesia,https://www.facebook.com/groups/921208719233043,post_9,post_9_comment_27,post_9,comment,,,,Tahun 2023.,https://www.facebook.com/groups/921208719233043,2026-09-18T03:23:57Z,raw_data_run_20260918_101715_601a04.csv,rec_7bb418b160920d2c,False,Tahun 2023.,tahun 2023.,Toyota Zenix,medium,community_context,False,,,,False,not_relevant,no_adas_keyword,,UNKNOWN,,,,,,,
rec_1a0cbad5e0506db6,Toyota Zenix,Toyota Zenix owners Indonesia,https://www.facebook.com/groups/921208719233043,post_9,post_9_comment_28,post_9,comment,,,,Velg ORI NEXX FTA. … Lihat selengkapnya,https://www.facebook.com/groups/921208719233043,2026-09-18T03:23:57Z,raw_data_run_20260918_101715_601a04.csv,rec_1a0cbad5e0506db6,False,Velg ORI NEXX FTA. … Lihat selengkapnya,velg ori nexx fta. … lihat selengkapnya,Toyota Zenix,medium,community_context,False,,,,False,not_relevant,no_adas_keyword,,UNKNOWN,,,,,,,
rec_8b9f120d6eef430d,Toyota Zenix,Toyota Zenix owners Indonesia,https://www.facebook.com/groups/921208719233043,post_9,post_9_comment_29,post_9,comment,,,,"FOR SALE BARANG ANTIK JARANG ADA !
TOYOTA INNOVA REBORN 2026 ! ISI SOLAR DIESEL BARCODE SOLAR ADA ! 9RB KM SUPER ANTIK !
Year NIK 2025
Color Black On Brown … Lihat selengkapnya",https://www.facebook.com/groups/921208719233043,2026-09-18T03:23:59Z,raw_data_run_20260918_101715_601a04.csv,rec_8b9f120d6eef430d,False,FOR SALE BARANG ANTIK JARANG ADA ! TOYOTA INNOVA REBORN 2026 ! ISI SOLAR DIESEL BARCODE SOLAR ADA ! 9RB KM SUPER ANTIK ! Year NIK 2025 Color Black On Brown … Lihat selengkapnya,for sale barang antik jarang ada ! toyota innova reborn 2026 ! isi solar diesel barcode solar ada ! 9rb km super antik ! year nik 2025 color black on brown … lihat selengkapnya,Toyota Zenix,medium,community_context,False,,,,False,not_relevant,no_adas_keyword,,UNKNOWN,,,,,,,
rec_6e47720b87558417,Toyota Zenix,Toyota Zenix owners Indonesia,https://www.facebook.com/groups/921208719233043,post_9,post_9_comment_30,post_9,comment,,,,FOR SALE BARANG ANTIK JARANG ADA !,https://www.facebook.com/groups/921208719233043,2026-09-18T03:23:59Z,raw_data_run_20260918_101715_601a04.csv,rec_6e47720b87558417,False,FOR SALE BARANG ANTIK JARANG ADA !,for sale barang antik jarang ada !,Toyota Zenix,medium,community_context,False,,,,False,not_relevant,no_adas_keyword,,UNKNOWN,,,,,,,
rec_b405c88e488aa807,Toyota Zenix,Toyota Zenix owners Indonesia,https://www.facebook.com/groups/921208719233043,post_9,post_9_comment_31,post_9,comment,,,,TOYOTA INNOVA REBORN 2026 ! ISI SOLAR DIESEL BARCODE SOLAR ADA ! 9RB KM SUPER ANTIK !,https://www.facebook.com/groups/921208719233043,2026-09-18T03:23:59Z,raw_data_run_20260918_101715_601a04.csv,rec_b405c88e488aa807,False,TOYOTA INNOVA REBORN 2026 ! ISI SOLAR DIESEL BARCODE SOLAR ADA ! 9RB KM SUPER ANTIK !,toyota innova reborn 2026 ! isi solar diesel barcode solar ada ! 9rb km super antik !,Toyota Zenix,medium,community_context,False,,,,False,not_relevant,no_adas_keyword,,UNKNOWN,,,,,,,
rec_434d81fbdbdd9540,Toyota Zenix,Toyota Zenix owners Indonesia,https://www.facebook.com/groups/921208719233043,post_9,post_9_comment_32,post_9,comment,,,,Year NIK 2025,https://www.facebook.com/groups/921208719233043,2026-09-18T03:23:59Z,raw_data_run_20260918_101715_601a04.csv,rec_434d81fbdbdd9540,False,Year NIK 2025,year nik 2025,Toyota Zenix,medium,community_context,False,,,,False,not_relevant,no_adas_keyword,,UNKNOWN,,,,,,,
rec_e90aef4bee42de8f,Toyota Zenix,Toyota Zenix owners Indonesia,https://www.facebook.com/groups/921208719233043,post_9,post_9_comment_33,post_9,comment,,,,Color Black On Brown … Lihat selengkapnya,https://www.facebook.com/groups/921208719233043,2026-09-18T03:23:59Z,raw_data_run_20260918_101715_601a04.csv,rec_e90aef4bee42de8f,False,Color Black On Brown … Lihat selengkapnya,color black on brown … lihat selengkapnya,Toyota Zenix,medium,community_context,False,,,,False,not_relevant,no_adas_keyword,,UNKNOWN,,,,,,,
rec_8e83488557f0887c,Toyota Zenix,Toyota Zenix owners Indonesia,https://www.facebook.com/groups/921208719233043,post_9,post_9_comment_34,post_9,comment,,,,"Barang ex copotan asuransi barang ORI tinggal cat ulang lagi bossku 
silahkan diorder bossku 
untuk tanya2 silahkan hubungi wa 0895373086267
terima kasih",https://www.facebook.com/groups/921208719233043,2026-09-18T03:24:02Z,raw_data_run_20260918_101715_601a04.csv,rec_8e83488557f0887c,False,Barang ex copotan asuransi barang ORI tinggal cat ulang lagi bossku silahkan diorder bossku untuk tanya2 silahkan hubungi wa 0895373086267 terima kasih,barang ex copotan asuransi barang ori tinggal cat ulang lagi bossku silahkan diorder bossku untuk tanya2 silahkan hubungi wa 0895373086267 terima kasih,Toyota Zenix,medium,community_context,False,,,,False,not_relevant,no_adas_keyword,,UNKNOWN,,,,,,,
rec_0855f9256bf54cdd,Toyota Zenix,Toyota Zenix owners Indonesia,https://www.facebook.com/groups/921208719233043,post_9,post_9_comment_35,post_9,comment,,,,silahkan diorder bossku,https://www.facebook.com/groups/921208719233043,2026-09-18T03:24:02Z,raw_data_run_20260918_101715_601a04.csv,rec_0855f9256bf54cdd,False,silahkan diorder bossku,silahkan diorder bossku,Toyota Zenix,medium,community_context,False,,,,False,not_relevant,no_adas_keyword,,UNKNOWN,,,,,,,
rec_2a7d03bddfecbbd7,Toyota Zenix,Toyota Zenix owners Indonesia,https://www.facebook.com/groups/921208719233043,post_9,post_9_comment_36,post_9,comment,,,,terima kasih,https://www.facebook.com/groups/921208719233043,2026-09-18T03:24:02Z,raw_data_run_20260918_101715_601a04.csv,rec_2a7d03bddfecbbd7,False,terima kasih,terima kasih,Toyota Zenix,medium,community_context,False,,,,False,not_relevant,no_adas_keyword,,UNKNOWN,,,,,,,
rec_bfe8e29f0a6cfde5,Toyota Zenix,Toyota Zenix owners Indonesia,https://www.facebook.com/groups/921208719233043,post_9,post_9_comment_37,post_9,comment,,,,TOYOTA ZENIX V HYBRID… Lihat selengkapnya,https://www.facebook.com/groups/921208719233043,2026-09-18T03:24:02Z,raw_data_run_20260918_101715_601a04.csv,rec_bfe8e29f0a6cfde5,False,TOYOTA ZENIX V HYBRID… Lihat selengkapnya,toyota zenix v hybrid… lihat selengkapnya,Toyota Zenix,high,explicit_text_alias_strong,False,,,,False,not_relevant,no_adas_keyword,,UNKNOWN,,,,,,,
rec_07e311b98200922d,Toyota Zenix,Toyota Zenix owners Indonesia,https://www.facebook.com/groups/921208719233043,post_9,post_9_comment_38,post_9,comment,,,,"Ready Foot step rush Terios 
Bisa barang aja atau berikut pasang",https://www.facebook.com/groups/921208719233043,2026-09-18T03:24:04Z,raw_data_run_20260918_101715_601a04.csv,rec_07e311b98200922d,False,Ready Foot step rush Terios Bisa barang aja atau berikut pasang,ready foot step rush terios bisa barang aja atau berikut pasang,Toyota Zenix,medium,community_context,False,,,,False,not_relevant,no_adas_keyword,,UNKNOWN,,,,,,,
rec_01b63b829386cd39,Toyota Zenix,Toyota Zenix owners Indonesia,https://www.facebook.com/groups/921208719233043,post_9,post_9_comment_39,post_9,comment,,,,Ready Foot step rush Terios,https://www.facebook.com/groups/921208719233043,2026-09-18T03:24:04Z,raw_data_run_20260918_101715_601a04.csv,rec_01b63b829386cd39,False,Ready Foot step rush Terios,ready foot step rush terios,Toyota Zenix,medium,community_context,False,,,,False,not_relevant,no_adas_keyword,,UNKNOWN,,,,,,,
rec_9d7c128a78604979,Toyota Zenix,Toyota Zenix owners Indonesia,https://www.facebook.com/groups/921208719233043,post_9,post_9_comment_40,post_9,comment,,,,Bisa barang aja atau berikut pasang,https://www.facebook.com/groups/921208719233043,2026-09-18T03:24:04Z,raw_data_run_20260918_101715_601a04.csv,rec_9d7c128a78604979,False,Bisa barang aja atau berikut pasang,bisa barang aja atau berikut pasang,Toyota Zenix,medium,community_context,False,,,,False,not_relevant,no_adas_keyword,,UNKNOWN,,,,,,,
rec_3bf323aa2efd2bd8,Toyota Zenix,Toyota Zenix owners Indonesia,https://www.facebook.com/groups/921208719233043,post_9,post_9_comment_41,post_9,comment,,,,2023 Toyota Zenix G Non Hybrid 2023 · Minivan · Jarak yang sudah ditempuh 120.000 kilometer… Lihat selengkapnya,https://www.facebook.com/groups/921208719233043,2026-09-18T03:24:05Z,raw_data_run_20260918_101715_601a04.csv,rec_3bf323aa2efd2bd8,False,2023 Toyota Zenix G Non Hybrid 2023 · Minivan · Jarak yang sudah ditempuh 120.000 kilometer… Lihat selengkapnya,2023 toyota zenix g non hybrid 2023 · minivan · jarak yang sudah ditempuh 120.000 kilometer… lihat selengkapnya,Toyota Zenix,high,explicit_text_alias_strong,False,,,,False,not_relevant,no_adas_keyword,,UNKNOWN,,,,,,,
rec_55c824b06f1f1c96,Toyota Zenix,Toyota Zenix owners Indonesia,https://www.facebook.com/groups/921208719233043,post_9,post_9_comment_43,post_9,comment,,,,"Asik Berfaedah edisi Wiper Depan
""Kualitas di atas ekspetasi harga
""… Lihat selengkapnya",https://www.facebook.com/groups/921208719233043,2026-09-18T03:24:08Z,raw_data_run_20260918_101715_601a04.csv,rec_55c824b06f1f1c96,False,"Asik Berfaedah edisi Wiper Depan ""Kualitas di atas ekspetasi harga ""… Lihat selengkapnya","asik berfaedah edisi wiper depan ""kualitas di atas ekspetasi harga ""… lihat selengkapnya",Toyota Zenix,medium,community_context,False,,,,False,not_relevant,no_adas_keyword,,UNKNOWN,,,,,,,
rec_10348e227a6b43f2,Toyota Zenix,Toyota Zenix owners Indonesia,https://www.facebook.com/groups/921208719233043,post_9,post_9_comment_44,post_9,comment,,,,Asik Berfaedah edisi Wiper Depan,https://www.facebook.com/groups/921208719233043,2026-09-18T03:24:08Z,raw_data_run_20260918_101715_601a04.csv,rec_10348e227a6b43f2,False,Asik Berfaedah edisi Wiper Depan,asik berfaedah edisi wiper depan,Toyota Zenix,medium,community_context,False,,,,False,not_relevant,no_adas_keyword,,UNKNOWN,,,,,,,
rec_cfc344ef1a55cf61,Toyota Zenix,Toyota Zenix owners Indonesia,https://www.facebook.com/groups/921208719233043,post_9,post_9_comment_45,post_9,comment,,,,"Ready lampu LED mobil 
Cocok untuk berbagai jenis mobil
Jenis bohlamp mengikuti mobil nya",https://www.facebook.com/groups/921208719233043,2026-09-18T03:24:14Z,raw_data_run_20260918_101715_601a04.csv,rec_cfc344ef1a55cf61,False,Ready lampu LED mobil Cocok untuk berbagai jenis mobil Jenis bohlamp mengikuti mobil nya,ready lampu led mobil cocok untuk berbagai jenis mobil jenis bohlamp mengikuti mobil nya,Toyota Zenix,medium,community_context,False,,,,False,not_relevant,no_adas_keyword,,UNKNOWN,,,,,,,
rec_9a842260a6f2c5fe,Toyota Zenix,Toyota Zenix owners Indonesia,https://www.facebook.com/groups/921208719233043,post_9,post_9_comment_46,post_9,comment,,,,Ready lampu LED mobil,https://www.facebook.com/groups/921208719233043,2026-09-18T03:24:14Z,raw_data_run_20260918_101715_601a04.csv,rec_9a842260a6f2c5fe,False,Ready lampu LED mobil,ready lampu led mobil,Toyota Zenix,medium,community_context,False,,,,False,not_relevant,no_adas_keyword,,UNKNOWN,,,,,,,
rec_8c60342b6d32fcb4,Toyota Zenix,Toyota Zenix owners Indonesia,https://www.facebook.com/groups/921208719233043,post_9,post_9_comment_47,post_9,comment,,,,Cocok untuk berbagai jenis mobil,https://www.facebook.com/groups/921208719233043,2026-09-18T03:24:14Z,raw_data_run_20260918_101715_601a04.csv,rec_8c60342b6d32fcb4,False,Cocok untuk berbagai jenis mobil,cocok untuk berbagai jenis mobil,Toyota Zenix,medium,community_context,False,,,,False,not_relevant,no_adas_keyword,,UNKNOWN,,,,,,,
rec_b22b6e4ba9cca5f1,Toyota Zenix,Toyota Zenix owners Indonesia,https://www.facebook.com/groups/921208719233043,post_9,post_9_comment_48,post_9,comment,,,,Jenis bohlamp mengikuti mobil nya,https://www.facebook.com/groups/921208719233043,2026-09-18T03:24:14Z,raw_data_run_20260918_101715_601a04.csv,rec_b22b6e4ba9cca5f1,False,Jenis bohlamp mengikuti mobil nya,jenis bohlamp mengikuti mobil nya,Toyota Zenix,medium,community_context,False,,,,False,not_relevant,no_adas_keyword,,UNKNOWN,,,,,,,
rec_a7fe76f696a3a578,Toyota Zenix,Toyota Zenix owners Indonesia,https://www.facebook.com/groups/921208719233043,post_9,post_9_comment_49,post_9,comment,,,,ready zenix q hybrid tersedia cash/credit dan tersedia pembelian an pt/perorangan. hub 087881555358 hilfi toyota… Lihat selengkapnya,https://www.facebook.com/groups/921208719233043,2026-09-18T03:24:14Z,raw_data_run_20260918_101715_601a04.csv,rec_a7fe76f696a3a578,False,ready zenix q hybrid tersedia cash/credit dan tersedia pembelian an pt/perorangan. hub 087881555358 hilfi toyota… Lihat selengkapnya,ready zenix q hybrid tersedia cash/credit dan tersedia pembelian an pt/perorangan. hub 087881555358 hilfi toyota… lihat selengkapnya,Toyota Zenix,high,explicit_text_alias_strong,False,,,,False,not_relevant,no_adas_keyword,,UNKNOWN,,,,,,,
rec_ed63067bfc9d9562,Toyota Zenix,Toyota Zenix owners Indonesia,https://www.facebook.com/groups/921208719233043,post_9,post_9_comment_50,post_9,comment,,,,"Jual sparepart berkualitas 
Whatsapp 
 085934378954… Lihat selengkapnya",https://www.facebook.com/groups/921208719233043,2026-09-18T03:24:15Z,raw_data_run_20260918_101715_601a04.csv,rec_ed63067bfc9d9562,False,Jual sparepart berkualitas Whatsapp 085934378954… Lihat selengkapnya,jual sparepart berkualitas whatsapp 085934378954… lihat selengkapnya,Toyota Zenix,medium,community_context,False,,,,False,not_relevant,no_adas_keyword,,UNKNOWN,,,,,,,
rec_f178d3428de42596,Toyota Zenix,Toyota Zenix owners Indonesia,https://www.facebook.com/groups/921208719233043,post_9,post_9_comment_51,post_9,comment,,,,Jual sparepart berkualitas,https://www.facebook.com/groups/921208719233043,2026-09-18T03:24:15Z,raw_data_run_20260918_101715_601a04.csv,rec_f178d3428de42596,False,Jual sparepart berkualitas,jual sparepart berkualitas,Toyota Zenix,medium,community_context,False,,,,False,not_relevant,no_adas_keyword,,UNKNOWN,,,,,,,
rec_4fa13f0791ae4036,Toyota Zenix,Toyota Zenix owners Indonesia,https://www.facebook.com/groups/921208719233043,post_9,post_9_comment_52,post_9,comment,,,,"Whatsapp 
 085934378954… Lihat selengkapnya",https://www.facebook.com/groups/921208719233043,2026-09-18T03:24:15Z,raw_data_run_20260918_101715_601a04.csv,rec_4fa13f0791ae4036,False,Whatsapp 085934378954… Lihat selengkapnya,whatsapp 085934378954… lihat selengkapnya,Toyota Zenix,medium,community_context,False,,,,False,not_relevant,no_adas_keyword,,UNKNOWN,,,,,,,
rec_ba01a014b2dede58,Toyota Zenix,Toyota Zenix owners Indonesia,https://www.facebook.com/groups/921208719233043,post_9,post_9_comment_53,post_9,comment,,,,Interior Zenix Type V kurangnya apa? … Lihat selengkapnya,https://www.facebook.com/groups/921208719233043,2026-09-18T03:24:17Z,raw_data_run_20260918_101715_601a04.csv,rec_ba01a014b2dede58,False,Interior Zenix Type V kurangnya apa? … Lihat selengkapnya,interior zenix type v kurangnya apa? … lihat selengkapnya,Toyota Zenix,high,explicit_text_alias_strong,False,,,,False,not_relevant,no_adas_keyword,,UNKNOWN,,,,,,,
rec_047e178d4cad8584,Toyota Zenix,Toyota Zenix owners Indonesia,https://www.facebook.com/groups/921208719233043,post_9,post_9_comment_54,post_9,comment,,,,Dashcamnya belum om,https://www.facebook.com/groups/921208719233043,2026-09-18T03:24:17Z,raw_data_run_20260918_101715_601a04.csv,rec_047e178d4cad8584,False,Dashcamnya belum om,dashcamnya belum om,Toyota Zenix,medium,community_context,False,,,,False,not_relevant,no_adas_keyword,,UNKNOWN,,,,,,,
rec_0e94246a43cfecf7,Toyota Zenix,Toyota Zenix owners Indonesia,https://www.facebook.com/groups/921208719233043,post_9,post_9_comment_55,post_9,comment,,,,"Tombol power window gak ada lampunya, belum ada cruise control",https://www.facebook.com/groups/921208719233043,2026-09-18T03:24:17Z,raw_data_run_20260918_101715_601a04.csv,rec_0e94246a43cfecf7,False,"Tombol power window gak ada lampunya, belum ada cruise control","tombol power window gak ada lampunya, belum ada cruise control",Toyota Zenix,medium,community_context,True,Cruise Control;cruise;cruise control,"layer_a_feature_names,layer_b_functional,layer_c_indonesian",ACC,False,relevant,explicit_feature_name,high,ACC,not_stated,not_stated,question,neutral,not_stated,unclear,high
rec_2ce14f5d9edad04b,Toyota Zenix,Toyota Zenix owners Indonesia,https://www.facebook.com/groups/921208719233043,post_9,post_9_comment_56,post_9,comment,,,,"TOYOTA ZENIX V HYBRID
Mobil hybrid masa kini yang sangat irit bahan bakar, praktis dibawa kemana saja tanpa harus dicas setrum-setrum... … Lihat selengkapnya",https://www.facebook.com/groups/921208719233043,2026-09-18T03:24:19Z,raw_data_run_20260918_101715_601a04.csv,rec_2ce14f5d9edad04b,False,"TOYOTA ZENIX V HYBRID Mobil hybrid masa kini yang sangat irit bahan bakar, praktis dibawa kemana saja tanpa harus dicas setrum-setrum... … Lihat selengkapnya","toyota zenix v hybrid mobil hybrid masa kini yang sangat irit bahan bakar, praktis dibawa kemana saja tanpa harus dicas setrum-setrum... … lihat selengkapnya",Toyota Zenix,high,explicit_text_alias_strong,False,,,,False,not_relevant,no_adas_keyword,,UNKNOWN,,,,,,,
rec_59b26789d9634ff4,Toyota Zenix,Toyota Zenix owners Indonesia,https://www.facebook.com/groups/921208719233043,post_9,post_9_comment_57,post_9,comment,,,,TOYOTA ZENIX V HYBRID,https://www.facebook.com/groups/921208719233043,2026-09-18T03:24:19Z,raw_data_run_20260918_101715_601a04.csv,rec_59b26789d9634ff4,False,TOYOTA ZENIX V HYBRID,toyota zenix v hybrid,Toyota Zenix,high,explicit_text_alias_strong,False,,,,False,not_relevant,no_adas_keyword,,UNKNOWN,,,,,,,
rec_b46708269c826b06,Toyota Zenix,Toyota Zenix owners Indonesia,https://www.facebook.com/groups/921208719233043,post_9,post_9_comment_58,post_9,comment,,,,"Mobil hybrid masa kini yang sangat irit bahan bakar, praktis dibawa kemana saja tanpa harus dicas setrum-setrum... … Lihat selengkapnya",https://www.facebook.com/groups/921208719233043,2026-09-18T03:24:19Z,raw_data_run_20260918_101715_601a04.csv,rec_b46708269c826b06,False,"Mobil hybrid masa kini yang sangat irit bahan bakar, praktis dibawa kemana saja tanpa harus dicas setrum-setrum... … Lihat selengkapnya","mobil hybrid masa kini yang sangat irit bahan bakar, praktis dibawa kemana saja tanpa harus dicas setrum-setrum... … lihat selengkapnya",Toyota Zenix,medium,community_context,False,,,,False,not_relevant,no_adas_keyword,,UNKNOWN,,,,,,,
rec_ca762c863dbd59fc,Toyota Zenix,Toyota Zenix owners Indonesia,https://www.facebook.com/groups/921208719233043,post_9,post_9_comment_59,post_9,comment,,,,"Barang mulus beat 2023 pajak juni 2026
Lengkap surat surat
Kunci 2
Barang lokasi bandung
Hubungi Aldo - 082112050953",https://www.facebook.com/groups/921208719233043,2026-09-18T03:24:24Z,raw_data_run_20260918_101715_601a04.csv,rec_ca762c863dbd59fc,False,Barang mulus beat 2023 pajak juni 2026 Lengkap surat surat Kunci 2 Barang lokasi bandung Hubungi Aldo - 082112050953,barang mulus beat 2023 pajak juni 2026 lengkap surat surat kunci 2 barang lokasi bandung hubungi aldo - 082112050953,Toyota Zenix,medium,community_context,False,,,,False,not_relevant,no_adas_keyword,,UNKNOWN,,,,,,,
rec_8e40da09c0251310,Toyota Zenix,Toyota Zenix owners Indonesia,https://www.facebook.com/groups/921208719233043,post_9,post_9_comment_60,post_9,comment,,,,Barang mulus beat 2023 pajak juni 2026,https://www.facebook.com/groups/921208719233043,2026-09-18T03:24:24Z,raw_data_run_20260918_101715_601a04.csv,rec_8e40da09c0251310,False,Barang mulus beat 2023 pajak juni 2026,barang mulus beat 2023 pajak juni 2026,Toyota Zenix,medium,community_context,False,,,,False,not_relevant,no_adas_keyword,,UNKNOWN,,,,,,,
rec_921e976c0a9b6648,Toyota Zenix,Toyota Zenix owners Indonesia,https://www.facebook.com/groups/921208719233043,post_9,post_9_comment_61,post_9,comment,,,,Lengkap surat surat,https://www.facebook.com/groups/921208719233043,2026-09-18T03:24:24Z,raw_data_run_20260918_101715_601a04.csv,rec_921e976c0a9b6648,False,Lengkap surat surat,lengkap surat surat,Toyota Zenix,medium,community_context,False,,,,False,not_relevant,no_adas_keyword,,UNKNOWN,,,,,,,
rec_991dc08a2a16fe18,Toyota Zenix,Toyota Zenix owners Indonesia,https://www.facebook.com/groups/921208719233043,post_9,post_9_comment_62,post_9,comment,,,,Kunci 2,https://www.facebook.com/groups/921208719233043,2026-09-18T03:24:24Z,raw_data_run_20260918_101715_601a04.csv,rec_991dc08a2a16fe18,False,Kunci 2,kunci 2,Toyota Zenix,medium,community_context,False,,,,False,not_relevant,no_adas_keyword,,UNKNOWN,,,,,,,
rec_96d9ba5a852c2f02,Toyota Zenix,Toyota Zenix owners Indonesia,https://www.facebook.com/groups/921208719233043,post_9,post_9_comment_63,post_9,comment,,,,Barang lokasi bandung,https://www.facebook.com/groups/921208719233043,2026-09-18T03:24:24Z,raw_data_run_20260918_101715_601a04.csv,rec_96d9ba5a852c2f02,False,Barang lokasi bandung,barang lokasi bandung,Toyota Zenix,medium,community_context,False,,,,False,not_relevant,no_adas_keyword,,UNKNOWN,,,,,,,
rec_a886053c5db4ee7f,Toyota Zenix,Toyota Zenix owners Indonesia,https://www.facebook.com/groups/921208719233043,post_9,post_9_comment_64,post_9,comment,,,,Hubungi Aldo - 082112050953,https://www.facebook.com/groups/921208719233043,2026-09-18T03:24:24Z,raw_data_run_20260918_101715_601a04.csv,rec_a886053c5db4ee7f,False,Hubungi Aldo - 082112050953,hubungi aldo - 082112050953,Toyota Zenix,medium,community_context,False,,,,False,not_relevant,no_adas_keyword,,UNKNOWN,,,,,,,
rec_cf6caf80b6e7a669,Toyota Zenix,Toyota Zenix owners Indonesia,https://www.facebook.com/groups/921208719233043,post_10,,,post,,,,"Harga Pas Ya Gan
Kondisi new 100% gan
Frame tape All New Ertiga Suzuki Sport… Lihat selengkapnya",https://www.facebook.com/groups/921208719233043,2026-09-18T03:24:43Z,raw_data_run_20260918_101715_601a04.csv,rec_cf6caf80b6e7a669,False,Harga Pas Ya Gan Kondisi new 100% gan Frame tape All New Ertiga Suzuki Sport… Lihat selengkapnya,harga pas ya gan kondisi new 100% gan frame tape all new ertiga suzuki sport… lihat selengkapnya,Toyota Zenix,medium,community_context,False,,,,False,not_relevant,no_adas_keyword,,UNKNOWN,,,,,,,
rec_206a4d5b84a5e95f,Toyota Zenix,Toyota Zenix owners Indonesia,https://www.facebook.com/groups/921208719233043,post_10,post_10_comment_1,post_10,comment,,,,"Unit baru ready stock J6 & J6T
Info
Ryan
081318900444
Chery Jaksel",https://www.facebook.com/groups/921208719233043,2026-09-18T03:24:46Z,raw_data_run_20260918_101715_601a04.csv,rec_206a4d5b84a5e95f,False,Unit baru ready stock J6 & J6T Info Ryan 081318900444 Chery Jaksel,unit baru ready stock j6 & j6t info ryan 081318900444 chery jaksel,Toyota Zenix,medium,community_context,False,,,,False,not_relevant,no_adas_keyword,,UNKNOWN,,,,,,,
rec_0d0bcc0b11f58d36,Toyota Zenix,Toyota Zenix owners Indonesia,https://www.facebook.com/groups/921208719233043,post_10,post_10_comment_2,post_10,comment,,,,Unit baru ready stock J6 & J6T,https://www.facebook.com/groups/921208719233043,2026-09-18T03:24:46Z,raw_data_run_20260918_101715_601a04.csv,rec_0d0bcc0b11f58d36,False,Unit baru ready stock J6 & J6T,unit baru ready stock j6 & j6t,Toyota Zenix,medium,community_context,False,,,,False,not_relevant,no_adas_keyword,,UNKNOWN,,,,,,,
rec_d431ca1ac7e1929f,Toyota Zenix,Toyota Zenix owners Indonesia,https://www.facebook.com/groups/921208719233043,post_10,post_10_comment_3,post_10,comment,,,,081318900444,https://www.facebook.com/groups/921208719233043,2026-09-18T03:24:46Z,raw_data_run_20260918_101715_601a04.csv,rec_d431ca1ac7e1929f,False,081318900444,081318900444,Toyota Zenix,medium,community_context,False,,,,False,not_relevant,no_adas_keyword,,UNKNOWN,,,,,,,
rec_8202871ca86b27ec,Toyota Zenix,Toyota Zenix owners Indonesia,https://www.facebook.com/groups/921208719233043,post_10,post_10_comment_4,post_10,comment,,,,Chery Jaksel,https://www.facebook.com/groups/921208719233043,2026-09-18T03:24:46Z,raw_data_run_20260918_101715_601a04.csv,rec_8202871ca86b27ec,False,Chery Jaksel,chery jaksel,Toyota Zenix,medium,community_context,False,,,,False,not_relevant,no_adas_keyword,,UNKNOWN,,,,,,,
rec_4e7d69d9e49db112,Toyota Zenix,Toyota Zenix owners Indonesia,https://www.facebook.com/groups/921208719233043,post_10,post_10_comment_5,post_10,comment,,,,Selamat datang Zenixer... Silahkan berbagi pengalaman dan pengetahuan anda tentang Toyota Zenix di Grup ini,https://www.facebook.com/groups/921208719233043,2026-09-18T03:24:47Z,raw_data_run_20260918_101715_601a04.csv,rec_4e7d69d9e49db112,False,Selamat datang Zenixer... Silahkan berbagi pengalaman dan pengetahuan anda tentang Toyota Zenix di Grup ini,selamat datang zenixer... silahkan berbagi pengalaman dan pengetahuan anda tentang toyota zenix di grup ini,Toyota Zenix,high,explicit_text_alias_strong,False,,,,False,not_relevant,no_adas_keyword,,UNKNOWN,,,,,,,
rec_a2d1250a7958bb59,Toyota Zenix,Toyota Zenix owners Indonesia,https://www.facebook.com/groups/921208719233043,post_10,post_10_comment_6,post_10,comment,,,,"Asik Berfaedah edisi Bohlam Sein
""Kualitas di atas ekspetasi harga
""… Lihat selengkapnya",https://www.facebook.com/groups/921208719233043,2026-09-18T03:24:49Z,raw_data_run_20260918_101715_601a04.csv,rec_a2d1250a7958bb59,False,"Asik Berfaedah edisi Bohlam Sein ""Kualitas di atas ekspetasi harga ""… Lihat selengkapnya","asik berfaedah edisi bohlam sein ""kualitas di atas ekspetasi harga ""… lihat selengkapnya",Toyota Zenix,medium,community_context,False,,,,False,not_relevant,no_adas_keyword,,UNKNOWN,,,,,,,
rec_69526ab5ab4466ec,Toyota Zenix,Toyota Zenix owners Indonesia,https://www.facebook.com/groups/921208719233043,post_10,post_10_comment_7,post_10,comment,,,,Asik Berfaedah edisi Bohlam Sein,https://www.facebook.com/groups/921208719233043,2026-09-18T03:24:49Z,raw_data_run_20260918_101715_601a04.csv,rec_69526ab5ab4466ec,False,Asik Berfaedah edisi Bohlam Sein,asik berfaedah edisi bohlam sein,Toyota Zenix,medium,community_context,False,,,,False,not_relevant,no_adas_keyword,,UNKNOWN,,,,,,,
rec_f63b7a1dccbff91b,Toyota Zenix,Toyota Zenix owners Indonesia,https://www.facebook.com/groups/921208719233043,post_10,post_10_comment_8,post_10,comment,,,,"""Kualitas di atas ekspetasi harga
""… Lihat selengkapnya",https://www.facebook.com/groups/921208719233043,2026-09-18T03:24:49Z,raw_data_run_20260918_101715_601a04.csv,rec_f63b7a1dccbff91b,False,"""Kualitas di atas ekspetasi harga ""… Lihat selengkapnya","""kualitas di atas ekspetasi harga ""… lihat selengkapnya",Toyota Zenix,medium,community_context,False,,,,False,not_relevant,no_adas_keyword,,UNKNOWN,,,,,,,
rec_9ab700ae4a929921,Toyota Zenix,Toyota Zenix owners Indonesia,https://www.facebook.com/groups/921208719233043,post_10,post_10_comment_9,post_10,comment,,,,TOYOTA ZENIX Q HYBRID… Lihat selengkapnya,https://www.facebook.com/groups/921208719233043,2026-09-18T03:24:49Z,raw_data_run_20260918_101715_601a04.csv,rec_9ab700ae4a929921,False,TOYOTA ZENIX Q HYBRID… Lihat selengkapnya,toyota zenix q hybrid… lihat selengkapnya,Toyota Zenix,high,explicit_text_alias_strong,False,,,,False,not_relevant,no_adas_keyword,,UNKNOWN,,,,,,,
rec_74fea55c319d4dd0,Toyota Zenix,Toyota Zenix owners Indonesia,https://www.facebook.com/groups/921208719233043,post_10,post_10_comment_10,post_10,comment,,,,"Ready Sewa Mobil
Toyota Zenix Hybrid… Lihat selengkapnya",https://www.facebook.com/groups/921208719233043,2026-09-18T03:24:51Z,raw_data_run_20260918_101715_601a04.csv,rec_74fea55c319d4dd0,False,Ready Sewa Mobil Toyota Zenix Hybrid… Lihat selengkapnya,ready sewa mobil toyota zenix hybrid… lihat selengkapnya,Toyota Zenix,high,explicit_text_alias_strong,False,,,,False,not_relevant,no_adas_keyword,,UNKNOWN,,,,,,,
rec_900958dda406ef70,Toyota Zenix,Toyota Zenix owners Indonesia,https://www.facebook.com/groups/921208719233043,post_10,post_10_comment_11,post_10,comment,,,,Ready Sewa Mobil,https://www.facebook.com/groups/921208719233043,2026-09-18T03:24:51Z,raw_data_run_20260918_101715_601a04.csv,rec_900958dda406ef70,False,Ready Sewa Mobil,ready sewa mobil,Toyota Zenix,medium,community_context,False,,,,False,not_relevant,no_adas_keyword,,UNKNOWN,,,,,,,
rec_e3d8c728fe9f866d,Toyota Zenix,Toyota Zenix owners Indonesia,https://www.facebook.com/groups/921208719233043,post_10,post_10_comment_12,post_10,comment,,,,Toyota Zenix Hybrid… Lihat selengkapnya,https://www.facebook.com/groups/921208719233043,2026-09-18T03:24:51Z,raw_data_run_20260918_101715_601a04.csv,rec_e3d8c728fe9f866d,False,Toyota Zenix Hybrid… Lihat selengkapnya,toyota zenix hybrid… lihat selengkapnya,Toyota Zenix,high,explicit_text_alias_strong,False,,,,False,not_relevant,no_adas_keyword,,UNKNOWN,,,,,,,
rec_9f2466815f37b5b0,Toyota Zenix,Toyota Zenix owners Indonesia,https://www.facebook.com/groups/921208719233043,post_10,post_10_comment_13,post_10,comment,,,,"Bismillah..
Izin berniaga ya om admin..… Lihat selengkapnya",https://www.facebook.com/groups/921208719233043,2026-09-18T03:24:52Z,raw_data_run_20260918_101715_601a04.csv,rec_9f2466815f37b5b0,False,Bismillah.. Izin berniaga ya om admin..… Lihat selengkapnya,bismillah.. izin berniaga ya om admin..… lihat selengkapnya,Toyota Zenix,medium,community_context,False,,,,False,not_relevant,no_adas_keyword,,UNKNOWN,,,,,,,
rec_51d159af01c7ac25,Toyota Zenix,Toyota Zenix owners Indonesia,https://www.facebook.com/groups/921208719233043,post_10,post_10_comment_14,post_10,comment,,,,Bismillah..,https://www.facebook.com/groups/921208719233043,2026-09-18T03:24:52Z,raw_data_run_20260918_101715_601a04.csv,rec_51d159af01c7ac25,False,Bismillah..,bismillah..,Toyota Zenix,medium,community_context,False,,,,False,not_relevant,no_adas_keyword,,UNKNOWN,,,,,,,
rec_4e9e8c62556b57af,Toyota Zenix,Toyota Zenix owners Indonesia,https://www.facebook.com/groups/921208719233043,post_10,post_10_comment_15,post_10,comment,,,,Izin berniaga ya om admin..… Lihat selengkapnya,https://www.facebook.com/groups/921208719233043,2026-09-18T03:24:53Z,raw_data_run_20260918_101715_601a04.csv,rec_4e9e8c62556b57af,False,Izin berniaga ya om admin..… Lihat selengkapnya,izin berniaga ya om admin..… lihat selengkapnya,Toyota Zenix,medium,community_context,False,,,,False,not_relevant,no_adas_keyword,,UNKNOWN,,,,,,,
rec_6f5ec3171c008ba8,Toyota Zenix,Toyota Zenix owners Indonesia,https://www.facebook.com/groups/921208719233043,post_10,post_10_comment_16,post_10,comment,,,,"Barang ex copotan asuransi barang ORI tinggal cat ulang lagi bossku 
Silahkan diorder bossku 
untuk tanya2 silahkan hubungi wa 0895373086267
Terima kasih",https://www.facebook.com/groups/921208719233043,2026-09-18T03:24:54Z,raw_data_run_20260918_101715_601a04.csv,rec_6f5ec3171c008ba8,False,Barang ex copotan asuransi barang ORI tinggal cat ulang lagi bossku Silahkan diorder bossku untuk tanya2 silahkan hubungi wa 0895373086267 Terima kasih,barang ex copotan asuransi barang ori tinggal cat ulang lagi bossku silahkan diorder bossku untuk tanya2 silahkan hubungi wa 0895373086267 terima kasih,Toyota Zenix,medium,community_context,False,,,,False,not_relevant,no_adas_keyword,,UNKNOWN,,,,,,,
rec_afa9eb74649d71f3,Toyota Zenix,Toyota Zenix owners Indonesia,https://www.facebook.com/groups/921208719233043,post_10,post_10_comment_17,post_10,comment,,,,Barang ex copotan asuransi barang ORI tinggal cat ulang lagi bossku,https://www.facebook.com/groups/921208719233043,2026-09-18T03:24:54Z,raw_data_run_20260918_101715_601a04.csv,rec_afa9eb74649d71f3,False,Barang ex copotan asuransi barang ORI tinggal cat ulang lagi bossku,barang ex copotan asuransi barang ori tinggal cat ulang lagi bossku,Toyota Zenix,medium,community_context,False,,,,False,not_relevant,no_adas_keyword,,UNKNOWN,,,,,,,
rec_743e702904a8a3e0,Toyota Zenix,Toyota Zenix owners Indonesia,https://www.facebook.com/groups/921208719233043,post_10,post_10_comment_18,post_10,comment,,,,Silahkan diorder bossku,https://www.facebook.com/groups/921208719233043,2026-09-18T03:24:54Z,raw_data_run_20260918_101715_601a04.csv,rec_743e702904a8a3e0,False,Silahkan diorder bossku,silahkan diorder bossku,Toyota Zenix,medium,community_context,False,,,,False,not_relevant,no_adas_keyword,,UNKNOWN,,,,,,,
rec_217dd9252974bd56,Toyota Zenix,Toyota Zenix owners Indonesia,https://www.facebook.com/groups/921208719233043,post_10,post_10_comment_19,post_10,comment,,,,untuk tanya2 silahkan hubungi wa 0895373086267,https://www.facebook.com/groups/921208719233043,2026-09-18T03:24:54Z,raw_data_run_20260918_101715_601a04.csv,rec_217dd9252974bd56,False,untuk tanya2 silahkan hubungi wa 0895373086267,untuk tanya2 silahkan hubungi wa 0895373086267,Toyota Zenix,medium,community_context,False,,,,False,not_relevant,no_adas_keyword,,UNKNOWN,,,,,,,
rec_11faa2935c3a0644,Toyota Zenix,Toyota Zenix owners Indonesia,https://www.facebook.com/groups/921208719233043,post_10,post_10_comment_20,post_10,comment,,,,Terima kasih,https://www.facebook.com/groups/921208719233043,2026-09-18T03:24:54Z,raw_data_run_20260918_101715_601a04.csv,rec_11faa2935c3a0644,False,Terima kasih,terima kasih,Toyota Zenix,medium,community_context,False,,,,False,not_relevant,no_adas_keyword,,UNKNOWN,,,,,,,
rec_6e5e64dad374e51a,Toyota Zenix,Toyota Zenix owners Indonesia,https://www.facebook.com/groups/921208719233043,post_10,post_10_comment_21,post_10,comment,,,,"Inova Q CVT hibryd modelista 2025 pemakaian 2026
Km20
pajak 3/27
An PT pribadi
Plat BK
Lihat selengkapnya",https://www.facebook.com/groups/921208719233043,2026-09-18T03:24:54Z,raw_data_run_20260918_101715_601a04.csv,rec_6e5e64dad374e51a,False,Inova Q CVT hibryd modelista 2025 pemakaian 2026 Km20 pajak 3/27 An PT pribadi Plat BK Lihat selengkapnya,inova q cvt hibryd modelista 2025 pemakaian 2026 km20 pajak 3/27 an pt pribadi plat bk lihat selengkapnya,Toyota Zenix,medium,community_context,False,,,,False,not_relevant,no_adas_keyword,,UNKNOWN,,,,,,,
rec_511add7cee880deb,Toyota Zenix,Toyota Zenix owners Indonesia,https://www.facebook.com/groups/921208719233043,post_10,post_10_comment_22,post_10,comment,,,,@up semua orang,https://www.facebook.com/groups/921208719233043,2026-09-18T03:24:54Z,raw_data_run_20260918_101715_601a04.csv,rec_511add7cee880deb,False,[mention] semua orang,[mention] semua orang,Toyota Zenix,medium,community_context,False,,,,False,not_relevant,no_adas_keyword,,UNKNOWN,,,,,,,
rec_8fbc264788bb8b65,Toyota Zenix,Toyota Zenix owners Indonesia,https://www.facebook.com/groups/921208719233043,post_10,post_10_comment_23,post_10,comment,,,,"Dijual....!!!
Ban TOYO open county RT. 
Ukuran 265x50 R20. 
Tahun 2023.
Velg ORI NEXX FTA. … Lihat selengkapnya",https://www.facebook.com/groups/921208719233043,2026-09-18T03:24:56Z,raw_data_run_20260918_101715_601a04.csv,rec_8fbc264788bb8b65,False,Dijual....!!! Ban TOYO open county RT. Ukuran 265x50 R20. Tahun 2023. Velg ORI NEXX FTA. … Lihat selengkapnya,dijual....!!! ban toyo open county rt. ukuran 265x50 r20. tahun 2023. velg ori nexx fta. … lihat selengkapnya,Toyota Zenix,medium,community_context,False,,,,False,not_relevant,no_adas_keyword,,UNKNOWN,,,,,,,
rec_704d33afa4c2e1cf,Toyota Zenix,Toyota Zenix owners Indonesia,https://www.facebook.com/groups/921208719233043,post_10,post_10_comment_24,post_10,comment,,,,Dijual....!!!,https://www.facebook.com/groups/921208719233043,2026-09-18T03:24:56Z,raw_data_run_20260918_101715_601a04.csv,rec_704d33afa4c2e1cf,False,Dijual....!!!,dijual....!!!,Toyota Zenix,medium,community_context,False,,,,False,not_relevant,no_adas_keyword,,UNKNOWN,,,,,,,
rec_2ebee32df6d142b0,Toyota Zenix,Toyota Zenix owners Indonesia,https://www.facebook.com/groups/921208719233043,post_10,post_10_comment_25,post_10,comment,,,,Ban TOYO open county RT.,https://www.facebook.com/groups/921208719233043,2026-09-18T03:24:56Z,raw_data_run_20260918_101715_601a04.csv,rec_2ebee32df6d142b0,False,Ban TOYO open county RT.,ban toyo open county rt.,Toyota Zenix,medium,community_context,False,,,,False,not_relevant,no_adas_keyword,,UNKNOWN,,,,,,,
rec_45f697b3b90d0412,Toyota Zenix,Toyota Zenix owners Indonesia,https://www.facebook.com/groups/921208719233043,post_10,post_10_comment_26,post_10,comment,,,,Ukuran 265x50 R20.,https://www.facebook.com/groups/921208719233043,2026-09-18T03:24:56Z,raw_data_run_20260918_101715_601a04.csv,rec_45f697b3b90d0412,False,Ukuran 265x50 R20.,ukuran 265x50 r20.,Toyota Zenix,medium,community_context,False,,,,False,not_relevant,no_adas_keyword,,UNKNOWN,,,,,,,
rec_8bf14cb4ed90284c,Toyota Zenix,Toyota Zenix owners Indonesia,https://www.facebook.com/groups/921208719233043,post_10,post_10_comment_27,post_10,comment,,,,Tahun 2023.,https://www.facebook.com/groups/921208719233043,2026-09-18T03:24:56Z,raw_data_run_20260918_101715_601a04.csv,rec_8bf14cb4ed90284c,False,Tahun 2023.,tahun 2023.,Toyota Zenix,medium,community_context,False,,,,False,not_relevant,no_adas_keyword,,UNKNOWN,,,,,,,
rec_c2d9bbabcba59d7f,Toyota Zenix,Toyota Zenix owners Indonesia,https://www.facebook.com/groups/921208719233043,post_10,post_10_comment_28,post_10,comment,,,,Velg ORI NEXX FTA. … Lihat selengkapnya,https://www.facebook.com/groups/921208719233043,2026-09-18T03:24:56Z,raw_data_run_20260918_101715_601a04.csv,rec_c2d9bbabcba59d7f,False,Velg ORI NEXX FTA. … Lihat selengkapnya,velg ori nexx fta. … lihat selengkapnya,Toyota Zenix,medium,community_context,False,,,,False,not_relevant,no_adas_keyword,,UNKNOWN,,,,,,,
rec_af8bc369eaa9429b,Toyota Zenix,Toyota Zenix owners Indonesia,https://www.facebook.com/groups/921208719233043,post_10,post_10_comment_29,post_10,comment,,,,"FOR SALE BARANG ANTIK JARANG ADA !
TOYOTA INNOVA REBORN 2026 ! ISI SOLAR DIESEL BARCODE SOLAR ADA ! 9RB KM SUPER ANTIK !
Year NIK 2025
Color Black On Brown … Lihat selengkapnya",https://www.facebook.com/groups/921208719233043,2026-09-18T03:24:58Z,raw_data_run_20260918_101715_601a04.csv,rec_af8bc369eaa9429b,False,FOR SALE BARANG ANTIK JARANG ADA ! TOYOTA INNOVA REBORN 2026 ! ISI SOLAR DIESEL BARCODE SOLAR ADA ! 9RB KM SUPER ANTIK ! Year NIK 2025 Color Black On Brown … Lihat selengkapnya,for sale barang antik jarang ada ! toyota innova reborn 2026 ! isi solar diesel barcode solar ada ! 9rb km super antik ! year nik 2025 color black on brown … lihat selengkapnya,Toyota Zenix,medium,community_context,False,,,,False,not_relevant,no_adas_keyword,,UNKNOWN,,,,,,,
rec_296fc38f9af6db3e,Toyota Zenix,Toyota Zenix owners Indonesia,https://www.facebook.com/groups/921208719233043,post_10,post_10_comment_30,post_10,comment,,,,FOR SALE BARANG ANTIK JARANG ADA !,https://www.facebook.com/groups/921208719233043,2026-09-18T03:24:58Z,raw_data_run_20260918_101715_601a04.csv,rec_296fc38f9af6db3e,False,FOR SALE BARANG ANTIK JARANG ADA !,for sale barang antik jarang ada !,Toyota Zenix,medium,community_context,False,,,,False,not_relevant,no_adas_keyword,,UNKNOWN,,,,,,,
rec_3d69f452a9f6560f,Toyota Zenix,Toyota Zenix owners Indonesia,https://www.facebook.com/groups/921208719233043,post_10,post_10_comment_31,post_10,comment,,,,TOYOTA INNOVA REBORN 2026 ! ISI SOLAR DIESEL BARCODE SOLAR ADA ! 9RB KM SUPER ANTIK !,https://www.facebook.com/groups/921208719233043,2026-09-18T03:24:58Z,raw_data_run_20260918_101715_601a04.csv,rec_3d69f452a9f6560f,False,TOYOTA INNOVA REBORN 2026 ! ISI SOLAR DIESEL BARCODE SOLAR ADA ! 9RB KM SUPER ANTIK !,toyota innova reborn 2026 ! isi solar diesel barcode solar ada ! 9rb km super antik !,Toyota Zenix,medium,community_context,False,,,,False,not_relevant,no_adas_keyword,,UNKNOWN,,,,,,,
rec_c402e0409edaf7a9,Toyota Zenix,Toyota Zenix owners Indonesia,https://www.facebook.com/groups/921208719233043,post_10,post_10_comment_32,post_10,comment,,,,Year NIK 2025,https://www.facebook.com/groups/921208719233043,2026-09-18T03:24:58Z,raw_data_run_20260918_101715_601a04.csv,rec_c402e0409edaf7a9,False,Year NIK 2025,year nik 2025,Toyota Zenix,medium,community_context,False,,,,False,not_relevant,no_adas_keyword,,UNKNOWN,,,,,,,
rec_edef02109fdb9262,Toyota Zenix,Toyota Zenix owners Indonesia,https://www.facebook.com/groups/921208719233043,post_10,post_10_comment_33,post_10,comment,,,,Color Black On Brown … Lihat selengkapnya,https://www.facebook.com/groups/921208719233043,2026-09-18T03:24:58Z,raw_data_run_20260918_101715_601a04.csv,rec_edef02109fdb9262,False,Color Black On Brown … Lihat selengkapnya,color black on brown … lihat selengkapnya,Toyota Zenix,medium,community_context,False,,,,False,not_relevant,no_adas_keyword,,UNKNOWN,,,,,,,
rec_93cffde582c0524f,Toyota Zenix,Toyota Zenix owners Indonesia,https://www.facebook.com/groups/921208719233043,post_10,post_10_comment_34,post_10,comment,,,,"Barang ex copotan asuransi barang ORI tinggal cat ulang lagi bossku 
silahkan diorder bossku 
untuk tanya2 silahkan hubungi wa 0895373086267
terima kasih",https://www.facebook.com/groups/921208719233043,2026-09-18T03:25:01Z,raw_data_run_20260918_101715_601a04.csv,rec_93cffde582c0524f,False,Barang ex copotan asuransi barang ORI tinggal cat ulang lagi bossku silahkan diorder bossku untuk tanya2 silahkan hubungi wa 0895373086267 terima kasih,barang ex copotan asuransi barang ori tinggal cat ulang lagi bossku silahkan diorder bossku untuk tanya2 silahkan hubungi wa 0895373086267 terima kasih,Toyota Zenix,medium,community_context,False,,,,False,not_relevant,no_adas_keyword,,UNKNOWN,,,,,,,
rec_027b9bac9ce66c98,Toyota Zenix,Toyota Zenix owners Indonesia,https://www.facebook.com/groups/921208719233043,post_10,post_10_comment_35,post_10,comment,,,,silahkan diorder bossku,https://www.facebook.com/groups/921208719233043,2026-09-18T03:25:01Z,raw_data_run_20260918_101715_601a04.csv,rec_027b9bac9ce66c98,False,silahkan diorder bossku,silahkan diorder bossku,Toyota Zenix,medium,community_context,False,,,,False,not_relevant,no_adas_keyword,,UNKNOWN,,,,,,,
rec_e5e580208387d37b,Toyota Zenix,Toyota Zenix owners Indonesia,https://www.facebook.com/groups/921208719233043,post_10,post_10_comment_36,post_10,comment,,,,terima kasih,https://www.facebook.com/groups/921208719233043,2026-09-18T03:25:01Z,raw_data_run_20260918_101715_601a04.csv,rec_e5e580208387d37b,False,terima kasih,terima kasih,Toyota Zenix,medium,community_context,False,,,,False,not_relevant,no_adas_keyword,,UNKNOWN,,,,,,,
rec_dcc3c7bb38b36e3e,Toyota Zenix,Toyota Zenix owners Indonesia,https://www.facebook.com/groups/921208719233043,post_10,post_10_comment_37,post_10,comment,,,,TOYOTA ZENIX V HYBRID… Lihat selengkapnya,https://www.facebook.com/groups/921208719233043,2026-09-18T03:25:01Z,raw_data_run_20260918_101715_601a04.csv,rec_dcc3c7bb38b36e3e,False,TOYOTA ZENIX V HYBRID… Lihat selengkapnya,toyota zenix v hybrid… lihat selengkapnya,Toyota Zenix,high,explicit_text_alias_strong,False,,,,False,not_relevant,no_adas_keyword,,UNKNOWN,,,,,,,
rec_0175e2283b91eba4,Toyota Zenix,Toyota Zenix owners Indonesia,https://www.facebook.com/groups/921208719233043,post_10,post_10_comment_38,post_10,comment,,,,"Ready Foot step rush Terios 
Bisa barang aja atau berikut pasang",https://www.facebook.com/groups/921208719233043,2026-09-18T03:25:03Z,raw_data_run_20260918_101715_601a04.csv,rec_0175e2283b91eba4,False,Ready Foot step rush Terios Bisa barang aja atau berikut pasang,ready foot step rush terios bisa barang aja atau berikut pasang,Toyota Zenix,medium,community_context,False,,,,False,not_relevant,no_adas_keyword,,UNKNOWN,,,,,,,
rec_9769bf299d0e3015,Toyota Zenix,Toyota Zenix owners Indonesia,https://www.facebook.com/groups/921208719233043,post_10,post_10_comment_39,post_10,comment,,,,Ready Foot step rush Terios,https://www.facebook.com/groups/921208719233043,2026-09-18T03:25:03Z,raw_data_run_20260918_101715_601a04.csv,rec_9769bf299d0e3015,False,Ready Foot step rush Terios,ready foot step rush terios,Toyota Zenix,medium,community_context,False,,,,False,not_relevant,no_adas_keyword,,UNKNOWN,,,,,,,
rec_7a0d1d2b110150cf,Toyota Zenix,Toyota Zenix owners Indonesia,https://www.facebook.com/groups/921208719233043,post_10,post_10_comment_40,post_10,comment,,,,Bisa barang aja atau berikut pasang,https://www.facebook.com/groups/921208719233043,2026-09-18T03:25:03Z,raw_data_run_20260918_101715_601a04.csv,rec_7a0d1d2b110150cf,False,Bisa barang aja atau berikut pasang,bisa barang aja atau berikut pasang,Toyota Zenix,medium,community_context,False,,,,False,not_relevant,no_adas_keyword,,UNKNOWN,,,,,,,
rec_bcad295a1c896fe4,Toyota Zenix,Toyota Zenix owners Indonesia,https://www.facebook.com/groups/921208719233043,post_10,post_10_comment_41,post_10,comment,,,,2023 Toyota Zenix G Non Hybrid 2023 · Minivan · Jarak yang sudah ditempuh 120.000 kilometer… Lihat selengkapnya,https://www.facebook.com/groups/921208719233043,2026-09-18T03:25:04Z,raw_data_run_20260918_101715_601a04.csv,rec_bcad295a1c896fe4,False,2023 Toyota Zenix G Non Hybrid 2023 · Minivan · Jarak yang sudah ditempuh 120.000 kilometer… Lihat selengkapnya,2023 toyota zenix g non hybrid 2023 · minivan · jarak yang sudah ditempuh 120.000 kilometer… lihat selengkapnya,Toyota Zenix,high,explicit_text_alias_strong,False,,,,False,not_relevant,no_adas_keyword,,UNKNOWN,,,,,,,
rec_079280b093e4c801,Toyota Zenix,Toyota Zenix owners Indonesia,https://www.facebook.com/groups/921208719233043,post_10,post_10_comment_43,post_10,comment,,,,"Asik Berfaedah edisi Wiper Depan
""Kualitas di atas ekspetasi harga
""… Lihat selengkapnya",https://www.facebook.com/groups/921208719233043,2026-09-18T03:25:07Z,raw_data_run_20260918_101715_601a04.csv,rec_079280b093e4c801,False,"Asik Berfaedah edisi Wiper Depan ""Kualitas di atas ekspetasi harga ""… Lihat selengkapnya","asik berfaedah edisi wiper depan ""kualitas di atas ekspetasi harga ""… lihat selengkapnya",Toyota Zenix,medium,community_context,False,,,,False,not_relevant,no_adas_keyword,,UNKNOWN,,,,,,,
rec_7dcff4af60790740,Toyota Zenix,Toyota Zenix owners Indonesia,https://www.facebook.com/groups/921208719233043,post_10,post_10_comment_44,post_10,comment,,,,Asik Berfaedah edisi Wiper Depan,https://www.facebook.com/groups/921208719233043,2026-09-18T03:25:07Z,raw_data_run_20260918_101715_601a04.csv,rec_7dcff4af60790740,False,Asik Berfaedah edisi Wiper Depan,asik berfaedah edisi wiper depan,Toyota Zenix,medium,community_context,False,,,,False,not_relevant,no_adas_keyword,,UNKNOWN,,,,,,,
rec_7c61fe61b5eab1a5,Toyota Zenix,Toyota Zenix owners Indonesia,https://www.facebook.com/groups/921208719233043,post_10,post_10_comment_45,post_10,comment,,,,"Ready lampu LED mobil 
Cocok untuk berbagai jenis mobil
Jenis bohlamp mengikuti mobil nya",https://www.facebook.com/groups/921208719233043,2026-09-18T03:25:13Z,raw_data_run_20260918_101715_601a04.csv,rec_7c61fe61b5eab1a5,False,Ready lampu LED mobil Cocok untuk berbagai jenis mobil Jenis bohlamp mengikuti mobil nya,ready lampu led mobil cocok untuk berbagai jenis mobil jenis bohlamp mengikuti mobil nya,Toyota Zenix,medium,community_context,False,,,,False,not_relevant,no_adas_keyword,,UNKNOWN,,,,,,,
rec_11a2cc47b76d4ac0,Toyota Zenix,Toyota Zenix owners Indonesia,https://www.facebook.com/groups/921208719233043,post_10,post_10_comment_46,post_10,comment,,,,Ready lampu LED mobil,https://www.facebook.com/groups/921208719233043,2026-09-18T03:25:13Z,raw_data_run_20260918_101715_601a04.csv,rec_11a2cc47b76d4ac0,False,Ready lampu LED mobil,ready lampu led mobil,Toyota Zenix,medium,community_context,False,,,,False,not_relevant,no_adas_keyword,,UNKNOWN,,,,,,,
rec_31a7943f399156a0,Toyota Zenix,Toyota Zenix owners Indonesia,https://www.facebook.com/groups/921208719233043,post_10,post_10_comment_47,post_10,comment,,,,Cocok untuk berbagai jenis mobil,https://www.facebook.com/groups/921208719233043,2026-09-18T03:25:13Z,raw_data_run_20260918_101715_601a04.csv,rec_31a7943f399156a0,False,Cocok untuk berbagai jenis mobil,cocok untuk berbagai jenis mobil,Toyota Zenix,medium,community_context,False,,,,False,not_relevant,no_adas_keyword,,UNKNOWN,,,,,,,
rec_f57e331ea0dd7752,Toyota Zenix,Toyota Zenix owners Indonesia,https://www.facebook.com/groups/921208719233043,post_10,post_10_comment_48,post_10,comment,,,,Jenis bohlamp mengikuti mobil nya,https://www.facebook.com/groups/921208719233043,2026-09-18T03:25:13Z,raw_data_run_20260918_101715_601a04.csv,rec_f57e331ea0dd7752,False,Jenis bohlamp mengikuti mobil nya,jenis bohlamp mengikuti mobil nya,Toyota Zenix,medium,community_context,False,,,,False,not_relevant,no_adas_keyword,,UNKNOWN,,,,,,,
rec_4478faf49b9d6065,Toyota Zenix,Toyota Zenix owners Indonesia,https://www.facebook.com/groups/921208719233043,post_10,post_10_comment_49,post_10,comment,,,,ready zenix q hybrid tersedia cash/credit dan tersedia pembelian an pt/perorangan. hub 087881555358 hilfi toyota… Lihat selengkapnya,https://www.facebook.com/groups/921208719233043,2026-09-18T03:25:13Z,raw_data_run_20260918_101715_601a04.csv,rec_4478faf49b9d6065,False,ready zenix q hybrid tersedia cash/credit dan tersedia pembelian an pt/perorangan. hub 087881555358 hilfi toyota… Lihat selengkapnya,ready zenix q hybrid tersedia cash/credit dan tersedia pembelian an pt/perorangan. hub 087881555358 hilfi toyota… lihat selengkapnya,Toyota Zenix,high,explicit_text_alias_strong,False,,,,False,not_relevant,no_adas_keyword,,UNKNOWN,,,,,,,
rec_210d6f6611c71f87,Toyota Zenix,Toyota Zenix owners Indonesia,https://www.facebook.com/groups/921208719233043,post_10,post_10_comment_50,post_10,comment,,,,"Jual sparepart berkualitas 
Whatsapp 
 085934378954… Lihat selengkapnya",https://www.facebook.com/groups/921208719233043,2026-09-18T03:25:14Z,raw_data_run_20260918_101715_601a04.csv,rec_210d6f6611c71f87,False,Jual sparepart berkualitas Whatsapp 085934378954… Lihat selengkapnya,jual sparepart berkualitas whatsapp 085934378954… lihat selengkapnya,Toyota Zenix,medium,community_context,False,,,,False,not_relevant,no_adas_keyword,,UNKNOWN,,,,,,,
rec_5033998039e0d0f3,Toyota Zenix,Toyota Zenix owners Indonesia,https://www.facebook.com/groups/921208719233043,post_10,post_10_comment_51,post_10,comment,,,,Jual sparepart berkualitas,https://www.facebook.com/groups/921208719233043,2026-09-18T03:25:14Z,raw_data_run_20260918_101715_601a04.csv,rec_5033998039e0d0f3,False,Jual sparepart berkualitas,jual sparepart berkualitas,Toyota Zenix,medium,community_context,False,,,,False,not_relevant,no_adas_keyword,,UNKNOWN,,,,,,,
rec_c027f2e0cf524c07,Toyota Zenix,Toyota Zenix owners Indonesia,https://www.facebook.com/groups/921208719233043,post_10,post_10_comment_52,post_10,comment,,,,"Whatsapp 
 085934378954… Lihat selengkapnya",https://www.facebook.com/groups/921208719233043,2026-09-18T03:25:14Z,raw_data_run_20260918_101715_601a04.csv,rec_c027f2e0cf524c07,False,Whatsapp 085934378954… Lihat selengkapnya,whatsapp 085934378954… lihat selengkapnya,Toyota Zenix,medium,community_context,False,,,,False,not_relevant,no_adas_keyword,,UNKNOWN,,,,,,,
rec_53840a53fc4746bc,Toyota Zenix,Toyota Zenix owners Indonesia,https://www.facebook.com/groups/921208719233043,post_10,post_10_comment_53,post_10,comment,,,,Interior Zenix Type V kurangnya apa? … Lihat selengkapnya,https://www.facebook.com/groups/921208719233043,2026-09-18T03:25:16Z,raw_data_run_20260918_101715_601a04.csv,rec_53840a53fc4746bc,False,Interior Zenix Type V kurangnya apa? … Lihat selengkapnya,interior zenix type v kurangnya apa? … lihat selengkapnya,Toyota Zenix,high,explicit_text_alias_strong,False,,,,False,not_relevant,no_adas_keyword,,UNKNOWN,,,,,,,
rec_2c0e1121a91e3969,Toyota Zenix,Toyota Zenix owners Indonesia,https://www.facebook.com/groups/921208719233043,post_10,post_10_comment_54,post_10,comment,,,,Dashcamnya belum om,https://www.facebook.com/groups/921208719233043,2026-09-18T03:25:16Z,raw_data_run_20260918_101715_601a04.csv,rec_2c0e1121a91e3969,False,Dashcamnya belum om,dashcamnya belum om,Toyota Zenix,medium,community_context,False,,,,False,not_relevant,no_adas_keyword,,UNKNOWN,,,,,,,
rec_8892e05d8a75a365,Toyota Zenix,Toyota Zenix owners Indonesia,https://www.facebook.com/groups/921208719233043,post_10,post_10_comment_55,post_10,comment,,,,"Tombol power window gak ada lampunya, belum ada cruise control",https://www.facebook.com/groups/921208719233043,2026-09-18T03:25:16Z,raw_data_run_20260918_101715_601a04.csv,rec_8892e05d8a75a365,False,"Tombol power window gak ada lampunya, belum ada cruise control","tombol power window gak ada lampunya, belum ada cruise control",Toyota Zenix,medium,community_context,True,Cruise Control;cruise;cruise control,"layer_a_feature_names,layer_b_functional,layer_c_indonesian",ACC,False,relevant,explicit_feature_name,high,ACC,not_stated,not_stated,question,neutral,not_stated,unclear,high
rec_e613602c863493c7,Toyota Zenix,Toyota Zenix owners Indonesia,https://www.facebook.com/groups/921208719233043,post_10,post_10_comment_56,post_10,comment,,,,"TOYOTA ZENIX V HYBRID
Mobil hybrid masa kini yang sangat irit bahan bakar, praktis dibawa kemana saja tanpa harus dicas setrum-setrum... … Lihat selengkapnya",https://www.facebook.com/groups/921208719233043,2026-09-18T03:25:18Z,raw_data_run_20260918_101715_601a04.csv,rec_e613602c863493c7,False,"TOYOTA ZENIX V HYBRID Mobil hybrid masa kini yang sangat irit bahan bakar, praktis dibawa kemana saja tanpa harus dicas setrum-setrum... … Lihat selengkapnya","toyota zenix v hybrid mobil hybrid masa kini yang sangat irit bahan bakar, praktis dibawa kemana saja tanpa harus dicas setrum-setrum... … lihat selengkapnya",Toyota Zenix,high,explicit_text_alias_strong,False,,,,False,not_relevant,no_adas_keyword,,UNKNOWN,,,,,,,
rec_b643c98f85129e89,Toyota Zenix,Toyota Zenix owners Indonesia,https://www.facebook.com/groups/921208719233043,post_10,post_10_comment_57,post_10,comment,,,,TOYOTA ZENIX V HYBRID,https://www.facebook.com/groups/921208719233043,2026-09-18T03:25:18Z,raw_data_run_20260918_101715_601a04.csv,rec_b643c98f85129e89,False,TOYOTA ZENIX V HYBRID,toyota zenix v hybrid,Toyota Zenix,high,explicit_text_alias_strong,False,,,,False,not_relevant,no_adas_keyword,,UNKNOWN,,,,,,,
rec_567f944ea94e6d2f,Toyota Zenix,Toyota Zenix owners Indonesia,https://www.facebook.com/groups/921208719233043,post_10,post_10_comment_58,post_10,comment,,,,"Mobil hybrid masa kini yang sangat irit bahan bakar, praktis dibawa kemana saja tanpa harus dicas setrum-setrum... … Lihat selengkapnya",https://www.facebook.com/groups/921208719233043,2026-09-18T03:25:18Z,raw_data_run_20260918_101715_601a04.csv,rec_567f944ea94e6d2f,False,"Mobil hybrid masa kini yang sangat irit bahan bakar, praktis dibawa kemana saja tanpa harus dicas setrum-setrum... … Lihat selengkapnya","mobil hybrid masa kini yang sangat irit bahan bakar, praktis dibawa kemana saja tanpa harus dicas setrum-setrum... … lihat selengkapnya",Toyota Zenix,medium,community_context,False,,,,False,not_relevant,no_adas_keyword,,UNKNOWN,,,,,,,
rec_aaebce7a3b47d955,Toyota Zenix,Toyota Zenix owners Indonesia,https://www.facebook.com/groups/921208719233043,post_10,post_10_comment_59,post_10,comment,,,,"Barang mulus beat 2023 pajak juni 2026
Lengkap surat surat
Kunci 2
Barang lokasi bandung
Hubungi Aldo - 082112050953",https://www.facebook.com/groups/921208719233043,2026-09-18T03:25:22Z,raw_data_run_20260918_101715_601a04.csv,rec_aaebce7a3b47d955,False,Barang mulus beat 2023 pajak juni 2026 Lengkap surat surat Kunci 2 Barang lokasi bandung Hubungi Aldo - 082112050953,barang mulus beat 2023 pajak juni 2026 lengkap surat surat kunci 2 barang lokasi bandung hubungi aldo - 082112050953,Toyota Zenix,medium,community_context,False,,,,False,not_relevant,no_adas_keyword,,UNKNOWN,,,,,,,
rec_34f1abf4207315e9,Toyota Zenix,Toyota Zenix owners Indonesia,https://www.facebook.com/groups/921208719233043,post_10,post_10_comment_60,post_10,comment,,,,Barang mulus beat 2023 pajak juni 2026,https://www.facebook.com/groups/921208719233043,2026-09-18T03:25:22Z,raw_data_run_20260918_101715_601a04.csv,rec_34f1abf4207315e9,False,Barang mulus beat 2023 pajak juni 2026,barang mulus beat 2023 pajak juni 2026,Toyota Zenix,medium,community_context,False,,,,False,not_relevant,no_adas_keyword,,UNKNOWN,,,,,,,
rec_678f7a76209b174f,Toyota Zenix,Toyota Zenix owners Indonesia,https://www.facebook.com/groups/921208719233043,post_10,post_10_comment_61,post_10,comment,,,,Lengkap surat surat,https://www.facebook.com/groups/921208719233043,2026-09-18T03:25:22Z,raw_data_run_20260918_101715_601a04.csv,rec_678f7a76209b174f,False,Lengkap surat surat,lengkap surat surat,Toyota Zenix,medium,community_context,False,,,,False,not_relevant,no_adas_keyword,,UNKNOWN,,,,,,,
rec_9038d18942aea891,Toyota Zenix,Toyota Zenix owners Indonesia,https://www.facebook.com/groups/921208719233043,post_10,post_10_comment_62,post_10,comment,,,,Kunci 2,https://www.facebook.com/groups/921208719233043,2026-09-18T03:25:22Z,raw_data_run_20260918_101715_601a04.csv,rec_9038d18942aea891,False,Kunci 2,kunci 2,Toyota Zenix,medium,community_context,False,,,,False,not_relevant,no_adas_keyword,,UNKNOWN,,,,,,,
rec_65649e53e8074655,Toyota Zenix,Toyota Zenix owners Indonesia,https://www.facebook.com/groups/921208719233043,post_10,post_10_comment_63,post_10,comment,,,,Barang lokasi bandung,https://www.facebook.com/groups/921208719233043,2026-09-18T03:25:22Z,raw_data_run_20260918_101715_601a04.csv,rec_65649e53e8074655,False,Barang lokasi bandung,barang lokasi bandung,Toyota Zenix,medium,community_context,False,,,,False,not_relevant,no_adas_keyword,,UNKNOWN,,,,,,,
rec_0ceca301421a4b1a,Toyota Zenix,Toyota Zenix owners Indonesia,https://www.facebook.com/groups/921208719233043,post_10,post_10_comment_64,post_10,comment,,,,Hubungi Aldo - 082112050953,https://www.facebook.com/groups/921208719233043,2026-09-18T03:25:22Z,raw_data_run_20260918_101715_601a04.csv,rec_0ceca301421a4b1a,False,Hubungi Aldo - 082112050953,hubungi aldo - 082112050953,Toyota Zenix,medium,community_context,False,,,,False,not_relevant,no_adas_keyword,,UNKNOWN,,,,,,,
rec_bcb7b428ba62af5c,Toyota Zenix,Toyota Zenix owners Indonesia,https://www.facebook.com/groups/921208719233043,post_11,,,post,,,,Frame tape All New Ertiga Suzuki Sport… Lihat selengkapnya,https://www.facebook.com/groups/921208719233043,2026-09-18T03:25:22Z,raw_data_run_20260918_101715_601a04.csv,rec_bcb7b428ba62af5c,False,Frame tape All New Ertiga Suzuki Sport… Lihat selengkapnya,frame tape all new ertiga suzuki sport… lihat selengkapnya,Toyota Zenix,medium,community_context,False,,,,False,not_relevant,no_adas_keyword,,UNKNOWN,,,,,,,
rec_4ad6fa16f4a9dbe4,Toyota Zenix,Toyota Zenix owners Indonesia,https://www.facebook.com/groups/921208719233043,post_11,post_11_comment_1,post_11,comment,,,,"Unit baru ready stock J6 & J6T
Info
Ryan
081318900444
Chery Jaksel",https://www.facebook.com/groups/921208719233043,2026-09-18T03:25:27Z,raw_data_run_20260918_101715_601a04.csv,rec_4ad6fa16f4a9dbe4,False,Unit baru ready stock J6 & J6T Info Ryan 081318900444 Chery Jaksel,unit baru ready stock j6 & j6t info ryan 081318900444 chery jaksel,Toyota Zenix,medium,community_context,False,,,,False,not_relevant,no_adas_keyword,,UNKNOWN,,,,,,,
rec_bdec208faf1c8f5d,Toyota Zenix,Toyota Zenix owners Indonesia,https://www.facebook.com/groups/921208719233043,post_11,post_11_comment_2,post_11,comment,,,,Unit baru ready stock J6 & J6T,https://www.facebook.com/groups/921208719233043,2026-09-18T03:25:27Z,raw_data_run_20260918_101715_601a04.csv,rec_bdec208faf1c8f5d,False,Unit baru ready stock J6 & J6T,unit baru ready stock j6 & j6t,Toyota Zenix,medium,community_context,False,,,,False,not_relevant,no_adas_keyword,,UNKNOWN,,,,,,,
rec_bfc8f29c17aa68f1,Toyota Zenix,Toyota Zenix owners Indonesia,https://www.facebook.com/groups/921208719233043,post_11,post_11_comment_3,post_11,comment,,,,081318900444,https://www.facebook.com/groups/921208719233043,2026-09-18T03:25:27Z,raw_data_run_20260918_101715_601a04.csv,rec_bfc8f29c17aa68f1,False,081318900444,081318900444,Toyota Zenix,medium,community_context,False,,,,False,not_relevant,no_adas_keyword,,UNKNOWN,,,,,,,
rec_a55867fc3e314280,Toyota Zenix,Toyota Zenix owners Indonesia,https://www.facebook.com/groups/921208719233043,post_11,post_11_comment_4,post_11,comment,,,,Chery Jaksel,https://www.facebook.com/groups/921208719233043,2026-09-18T03:25:27Z,raw_data_run_20260918_101715_601a04.csv,rec_a55867fc3e314280,False,Chery Jaksel,chery jaksel,Toyota Zenix,medium,community_context,False,,,,False,not_relevant,no_adas_keyword,,UNKNOWN,,,,,,,
rec_66c12523a57c7c27,Toyota Zenix,Toyota Zenix owners Indonesia,https://www.facebook.com/groups/921208719233043,post_11,post_11_comment_5,post_11,comment,,,,"Asik Berfaedah edisi Bohlam Sein
""Kualitas di atas ekspetasi harga
""… Lihat selengkapnya",https://www.facebook.com/groups/921208719233043,2026-09-18T03:25:27Z,raw_data_run_20260918_101715_601a04.csv,rec_66c12523a57c7c27,False,"Asik Berfaedah edisi Bohlam Sein ""Kualitas di atas ekspetasi harga ""… Lihat selengkapnya","asik berfaedah edisi bohlam sein ""kualitas di atas ekspetasi harga ""… lihat selengkapnya",Toyota Zenix,medium,community_context,False,,,,False,not_relevant,no_adas_keyword,,UNKNOWN,,,,,,,
rec_5fcb47e674c24aee,Toyota Zenix,Toyota Zenix owners Indonesia,https://www.facebook.com/groups/921208719233043,post_11,post_11_comment_6,post_11,comment,,,,Asik Berfaedah edisi Bohlam Sein,https://www.facebook.com/groups/921208719233043,2026-09-18T03:25:27Z,raw_data_run_20260918_101715_601a04.csv,rec_5fcb47e674c24aee,False,Asik Berfaedah edisi Bohlam Sein,asik berfaedah edisi bohlam sein,Toyota Zenix,medium,community_context,False,,,,False,not_relevant,no_adas_keyword,,UNKNOWN,,,,,,,
rec_7ae8b0f802424c35,Toyota Zenix,Toyota Zenix owners Indonesia,https://www.facebook.com/groups/921208719233043,post_11,post_11_comment_7,post_11,comment,,,,"""Kualitas di atas ekspetasi harga
""… Lihat selengkapnya",https://www.facebook.com/groups/921208719233043,2026-09-18T03:25:27Z,raw_data_run_20260918_101715_601a04.csv,rec_7ae8b0f802424c35,False,"""Kualitas di atas ekspetasi harga ""… Lihat selengkapnya","""kualitas di atas ekspetasi harga ""… lihat selengkapnya",Toyota Zenix,medium,community_context,False,,,,False,not_relevant,no_adas_keyword,,UNKNOWN,,,,,,,
rec_a114266451024277,Toyota Zenix,Toyota Zenix owners Indonesia,https://www.facebook.com/groups/921208719233043,post_11,post_11_comment_8,post_11,comment,,,,Selamat datang Zenixer... Silahkan berbagi pengalaman dan pengetahuan anda tentang Toyota Zenix di Grup ini,https://www.facebook.com/groups/921208719233043,2026-09-18T03:25:27Z,raw_data_run_20260918_101715_601a04.csv,rec_a114266451024277,False,Selamat datang Zenixer... Silahkan berbagi pengalaman dan pengetahuan anda tentang Toyota Zenix di Grup ini,selamat datang zenixer... silahkan berbagi pengalaman dan pengetahuan anda tentang toyota zenix di grup ini,Toyota Zenix,high,explicit_text_alias_strong,False,,,,False,not_relevant,no_adas_keyword,,UNKNOWN,,,,,,,
rec_e7f6b924f16e72e3,Toyota Zenix,Toyota Zenix owners Indonesia,https://www.facebook.com/groups/921208719233043,post_11,post_11_comment_9,post_11,comment,,,,TOYOTA ZENIX Q HYBRID… Lihat selengkapnya,https://www.facebook.com/groups/921208719233043,2026-09-18T03:25:29Z,raw_data_run_20260918_101715_601a04.csv,rec_e7f6b924f16e72e3,False,TOYOTA ZENIX Q HYBRID… Lihat selengkapnya,toyota zenix q hybrid… lihat selengkapnya,Toyota Zenix,high,explicit_text_alias_strong,False,,,,False,not_relevant,no_adas_keyword,,UNKNOWN,,,,,,,
rec_9b86cca091c34b01,Toyota Zenix,Toyota Zenix owners Indonesia,https://www.facebook.com/groups/921208719233043,post_11,post_11_comment_10,post_11,comment,,,,"Ready Sewa Mobil
Toyota Zenix Hybrid… Lihat selengkapnya",https://www.facebook.com/groups/921208719233043,2026-09-18T03:25:30Z,raw_data_run_20260918_101715_601a04.csv,rec_9b86cca091c34b01,False,Ready Sewa Mobil Toyota Zenix Hybrid… Lihat selengkapnya,ready sewa mobil toyota zenix hybrid… lihat selengkapnya,Toyota Zenix,high,explicit_text_alias_strong,False,,,,False,not_relevant,no_adas_keyword,,UNKNOWN,,,,,,,
rec_1978a54e80b81e82,Toyota Zenix,Toyota Zenix owners Indonesia,https://www.facebook.com/groups/921208719233043,post_11,post_11_comment_11,post_11,comment,,,,Ready Sewa Mobil,https://www.facebook.com/groups/921208719233043,2026-09-18T03:25:30Z,raw_data_run_20260918_101715_601a04.csv,rec_1978a54e80b81e82,False,Ready Sewa Mobil,ready sewa mobil,Toyota Zenix,medium,community_context,False,,,,False,not_relevant,no_adas_keyword,,UNKNOWN,,,,,,,
rec_cc0b47276d75fe27,Toyota Zenix,Toyota Zenix owners Indonesia,https://www.facebook.com/groups/921208719233043,post_11,post_11_comment_12,post_11,comment,,,,Toyota Zenix Hybrid… Lihat selengkapnya,https://www.facebook.com/groups/921208719233043,2026-09-18T03:25:30Z,raw_data_run_20260918_101715_601a04.csv,rec_cc0b47276d75fe27,False,Toyota Zenix Hybrid… Lihat selengkapnya,toyota zenix hybrid… lihat selengkapnya,Toyota Zenix,high,explicit_text_alias_strong,False,,,,False,not_relevant,no_adas_keyword,,UNKNOWN,,,,,,,
rec_07c9461a134a4cb6,Toyota Zenix,Toyota Zenix owners Indonesia,https://www.facebook.com/groups/921208719233043,post_11,post_11_comment_13,post_11,comment,,,,"Bismillah..
Izin berniaga ya om admin..… Lihat selengkapnya",https://www.facebook.com/groups/921208719233043,2026-09-18T03:25:32Z,raw_data_run_20260918_101715_601a04.csv,rec_07c9461a134a4cb6,False,Bismillah.. Izin berniaga ya om admin..… Lihat selengkapnya,bismillah.. izin berniaga ya om admin..… lihat selengkapnya,Toyota Zenix,medium,community_context,False,,,,False,not_relevant,no_adas_keyword,,UNKNOWN,,,,,,,
rec_d4ca72a535b97629,Toyota Zenix,Toyota Zenix owners Indonesia,https://www.facebook.com/groups/921208719233043,post_11,post_11_comment_14,post_11,comment,,,,Bismillah..,https://www.facebook.com/groups/921208719233043,2026-09-18T03:25:32Z,raw_data_run_20260918_101715_601a04.csv,rec_d4ca72a535b97629,False,Bismillah..,bismillah..,Toyota Zenix,medium,community_context,False,,,,False,not_relevant,no_adas_keyword,,UNKNOWN,,,,,,,
rec_0fc82ae777d6c0d6,Toyota Zenix,Toyota Zenix owners Indonesia,https://www.facebook.com/groups/921208719233043,post_11,post_11_comment_15,post_11,comment,,,,Izin berniaga ya om admin..… Lihat selengkapnya,https://www.facebook.com/groups/921208719233043,2026-09-18T03:25:32Z,raw_data_run_20260918_101715_601a04.csv,rec_0fc82ae777d6c0d6,False,Izin berniaga ya om admin..… Lihat selengkapnya,izin berniaga ya om admin..… lihat selengkapnya,Toyota Zenix,medium,community_context,False,,,,False,not_relevant,no_adas_keyword,,UNKNOWN,,,,,,,
rec_3456e1cf454eddce,Toyota Zenix,Toyota Zenix owners Indonesia,https://www.facebook.com/groups/921208719233043,post_11,post_11_comment_16,post_11,comment,,,,"Barang ex copotan asuransi barang ORI tinggal cat ulang lagi bossku 
Silahkan diorder bossku 
untuk tanya2 silahkan hubungi wa 0895373086267
Terima kasih",https://www.facebook.com/groups/921208719233043,2026-09-18T03:25:34Z,raw_data_run_20260918_101715_601a04.csv,rec_3456e1cf454eddce,False,Barang ex copotan asuransi barang ORI tinggal cat ulang lagi bossku Silahkan diorder bossku untuk tanya2 silahkan hubungi wa 0895373086267 Terima kasih,barang ex copotan asuransi barang ori tinggal cat ulang lagi bossku silahkan diorder bossku untuk tanya2 silahkan hubungi wa 0895373086267 terima kasih,Toyota Zenix,medium,community_context,False,,,,False,not_relevant,no_adas_keyword,,UNKNOWN,,,,,,,
rec_5e5c691b600a8227,Toyota Zenix,Toyota Zenix owners Indonesia,https://www.facebook.com/groups/921208719233043,post_11,post_11_comment_17,post_11,comment,,,,Barang ex copotan asuransi barang ORI tinggal cat ulang lagi bossku,https://www.facebook.com/groups/921208719233043,2026-09-18T03:25:34Z,raw_data_run_20260918_101715_601a04.csv,rec_5e5c691b600a8227,False,Barang ex copotan asuransi barang ORI tinggal cat ulang lagi bossku,barang ex copotan asuransi barang ori tinggal cat ulang lagi bossku,Toyota Zenix,medium,community_context,False,,,,False,not_relevant,no_adas_keyword,,UNKNOWN,,,,,,,
rec_8a974d1c7ba779db,Toyota Zenix,Toyota Zenix owners Indonesia,https://www.facebook.com/groups/921208719233043,post_11,post_11_comment_18,post_11,comment,,,,Silahkan diorder bossku,https://www.facebook.com/groups/921208719233043,2026-09-18T03:25:34Z,raw_data_run_20260918_101715_601a04.csv,rec_8a974d1c7ba779db,False,Silahkan diorder bossku,silahkan diorder bossku,Toyota Zenix,medium,community_context,False,,,,False,not_relevant,no_adas_keyword,,UNKNOWN,,,,,,,
rec_e51dd0aba9319636,Toyota Zenix,Toyota Zenix owners Indonesia,https://www.facebook.com/groups/921208719233043,post_11,post_11_comment_19,post_11,comment,,,,untuk tanya2 silahkan hubungi wa 0895373086267,https://www.facebook.com/groups/921208719233043,2026-09-18T03:25:34Z,raw_data_run_20260918_101715_601a04.csv,rec_e51dd0aba9319636,False,untuk tanya2 silahkan hubungi wa 0895373086267,untuk tanya2 silahkan hubungi wa 0895373086267,Toyota Zenix,medium,community_context,False,,,,False,not_relevant,no_adas_keyword,,UNKNOWN,,,,,,,
rec_e4dc1fea99187cb0,Toyota Zenix,Toyota Zenix owners Indonesia,https://www.facebook.com/groups/921208719233043,post_11,post_11_comment_20,post_11,comment,,,,Terima kasih,https://www.facebook.com/groups/921208719233043,2026-09-18T03:25:34Z,raw_data_run_20260918_101715_601a04.csv,rec_e4dc1fea99187cb0,False,Terima kasih,terima kasih,Toyota Zenix,medium,community_context,False,,,,False,not_relevant,no_adas_keyword,,UNKNOWN,,,,,,,
rec_eff6eeb88e364a16,Toyota Zenix,Toyota Zenix owners Indonesia,https://www.facebook.com/groups/921208719233043,post_11,post_11_comment_21,post_11,comment,,,,"Inova Q CVT hibryd modelista 2025 pemakaian 2026
Km20
pajak 3/27
An PT pribadi
Plat BK
Lihat selengkapnya",https://www.facebook.com/groups/921208719233043,2026-09-18T03:25:34Z,raw_data_run_20260918_101715_601a04.csv,rec_eff6eeb88e364a16,False,Inova Q CVT hibryd modelista 2025 pemakaian 2026 Km20 pajak 3/27 An PT pribadi Plat BK Lihat selengkapnya,inova q cvt hibryd modelista 2025 pemakaian 2026 km20 pajak 3/27 an pt pribadi plat bk lihat selengkapnya,Toyota Zenix,medium,community_context,False,,,,False,not_relevant,no_adas_keyword,,UNKNOWN,,,,,,,
rec_c45e77e60e6b01ee,Toyota Zenix,Toyota Zenix owners Indonesia,https://www.facebook.com/groups/921208719233043,post_11,post_11_comment_22,post_11,comment,,,,@up semua orang,https://www.facebook.com/groups/921208719233043,2026-09-18T03:25:34Z,raw_data_run_20260918_101715_601a04.csv,rec_c45e77e60e6b01ee,False,[mention] semua orang,[mention] semua orang,Toyota Zenix,medium,community_context,False,,,,False,not_relevant,no_adas_keyword,,UNKNOWN,,,,,,,
rec_d069163404217c55,Toyota Zenix,Toyota Zenix owners Indonesia,https://www.facebook.com/groups/921208719233043,post_11,post_11_comment_23,post_11,comment,,,,"Dijual....!!!
Ban TOYO open county RT. 
Ukuran 265x50 R20. 
Tahun 2023.
Velg ORI NEXX FTA. … Lihat selengkapnya",https://www.facebook.com/groups/921208719233043,2026-09-18T03:25:35Z,raw_data_run_20260918_101715_601a04.csv,rec_d069163404217c55,False,Dijual....!!! Ban TOYO open county RT. Ukuran 265x50 R20. Tahun 2023. Velg ORI NEXX FTA. … Lihat selengkapnya,dijual....!!! ban toyo open county rt. ukuran 265x50 r20. tahun 2023. velg ori nexx fta. … lihat selengkapnya,Toyota Zenix,medium,community_context,False,,,,False,not_relevant,no_adas_keyword,,UNKNOWN,,,,,,,
rec_b0b3af470507c600,Toyota Zenix,Toyota Zenix owners Indonesia,https://www.facebook.com/groups/921208719233043,post_11,post_11_comment_24,post_11,comment,,,,Dijual....!!!,https://www.facebook.com/groups/921208719233043,2026-09-18T03:25:35Z,raw_data_run_20260918_101715_601a04.csv,rec_b0b3af470507c600,False,Dijual....!!!,dijual....!!!,Toyota Zenix,medium,community_context,False,,,,False,not_relevant,no_adas_keyword,,UNKNOWN,,,,,,,
rec_930348c834c58581,Toyota Zenix,Toyota Zenix owners Indonesia,https://www.facebook.com/groups/921208719233043,post_11,post_11_comment_25,post_11,comment,,,,Ban TOYO open county RT.,https://www.facebook.com/groups/921208719233043,2026-09-18T03:25:35Z,raw_data_run_20260918_101715_601a04.csv,rec_930348c834c58581,False,Ban TOYO open county RT.,ban toyo open county rt.,Toyota Zenix,medium,community_context,False,,,,False,not_relevant,no_adas_keyword,,UNKNOWN,,,,,,,
rec_c797b555367f8a03,Toyota Zenix,Toyota Zenix owners Indonesia,https://www.facebook.com/groups/921208719233043,post_11,post_11_comment_26,post_11,comment,,,,Ukuran 265x50 R20.,https://www.facebook.com/groups/921208719233043,2026-09-18T03:25:35Z,raw_data_run_20260918_101715_601a04.csv,rec_c797b555367f8a03,False,Ukuran 265x50 R20.,ukuran 265x50 r20.,Toyota Zenix,medium,community_context,False,,,,False,not_relevant,no_adas_keyword,,UNKNOWN,,,,,,,
rec_f7435c95ac912a6e,Toyota Zenix,Toyota Zenix owners Indonesia,https://www.facebook.com/groups/921208719233043,post_11,post_11_comment_27,post_11,comment,,,,Tahun 2023.,https://www.facebook.com/groups/921208719233043,2026-09-18T03:25:35Z,raw_data_run_20260918_101715_601a04.csv,rec_f7435c95ac912a6e,False,Tahun 2023.,tahun 2023.,Toyota Zenix,medium,community_context,False,,,,False,not_relevant,no_adas_keyword,,UNKNOWN,,,,,,,
rec_f7c34f93169d04bc,Toyota Zenix,Toyota Zenix owners Indonesia,https://www.facebook.com/groups/921208719233043,post_11,post_11_comment_28,post_11,comment,,,,Velg ORI NEXX FTA. … Lihat selengkapnya,https://www.facebook.com/groups/921208719233043,2026-09-18T03:25:35Z,raw_data_run_20260918_101715_601a04.csv,rec_f7c34f93169d04bc,False,Velg ORI NEXX FTA. … Lihat selengkapnya,velg ori nexx fta. … lihat selengkapnya,Toyota Zenix,medium,community_context,False,,,,False,not_relevant,no_adas_keyword,,UNKNOWN,,,,,,,
rec_e0375b6d58d6cf52,Toyota Zenix,Toyota Zenix owners Indonesia,https://www.facebook.com/groups/921208719233043,post_11,post_11_comment_29,post_11,comment,,,,"FOR SALE BARANG ANTIK JARANG ADA !
TOYOTA INNOVA REBORN 2026 ! ISI SOLAR DIESEL BARCODE SOLAR ADA ! 9RB KM SUPER ANTIK !
Year NIK 2025
Color Black On Brown … Lihat selengkapnya",https://www.facebook.com/groups/921208719233043,2026-09-18T03:25:37Z,raw_data_run_20260918_101715_601a04.csv,rec_e0375b6d58d6cf52,False,FOR SALE BARANG ANTIK JARANG ADA ! TOYOTA INNOVA REBORN 2026 ! ISI SOLAR DIESEL BARCODE SOLAR ADA ! 9RB KM SUPER ANTIK ! Year NIK 2025 Color Black On Brown … Lihat selengkapnya,for sale barang antik jarang ada ! toyota innova reborn 2026 ! isi solar diesel barcode solar ada ! 9rb km super antik ! year nik 2025 color black on brown … lihat selengkapnya,Toyota Zenix,medium,community_context,False,,,,False,not_relevant,no_adas_keyword,,UNKNOWN,,,,,,,
rec_8b86fe4bbfc44181,Toyota Zenix,Toyota Zenix owners Indonesia,https://www.facebook.com/groups/921208719233043,post_11,post_11_comment_30,post_11,comment,,,,FOR SALE BARANG ANTIK JARANG ADA !,https://www.facebook.com/groups/921208719233043,2026-09-18T03:25:37Z,raw_data_run_20260918_101715_601a04.csv,rec_8b86fe4bbfc44181,False,FOR SALE BARANG ANTIK JARANG ADA !,for sale barang antik jarang ada !,Toyota Zenix,medium,community_context,False,,,,False,not_relevant,no_adas_keyword,,UNKNOWN,,,,,,,
rec_5af0bf2580796174,Toyota Zenix,Toyota Zenix owners Indonesia,https://www.facebook.com/groups/921208719233043,post_11,post_11_comment_31,post_11,comment,,,,TOYOTA INNOVA REBORN 2026 ! ISI SOLAR DIESEL BARCODE SOLAR ADA ! 9RB KM SUPER ANTIK !,https://www.facebook.com/groups/921208719233043,2026-09-18T03:25:37Z,raw_data_run_20260918_101715_601a04.csv,rec_5af0bf2580796174,False,TOYOTA INNOVA REBORN 2026 ! ISI SOLAR DIESEL BARCODE SOLAR ADA ! 9RB KM SUPER ANTIK !,toyota innova reborn 2026 ! isi solar diesel barcode solar ada ! 9rb km super antik !,Toyota Zenix,medium,community_context,False,,,,False,not_relevant,no_adas_keyword,,UNKNOWN,,,,,,,
rec_f5a39c9664d67f87,Toyota Zenix,Toyota Zenix owners Indonesia,https://www.facebook.com/groups/921208719233043,post_11,post_11_comment_32,post_11,comment,,,,Year NIK 2025,https://www.facebook.com/groups/921208719233043,2026-09-18T03:25:37Z,raw_data_run_20260918_101715_601a04.csv,rec_f5a39c9664d67f87,False,Year NIK 2025,year nik 2025,Toyota Zenix,medium,community_context,False,,,,False,not_relevant,no_adas_keyword,,UNKNOWN,,,,,,,
rec_60f7b2417fa5b687,Toyota Zenix,Toyota Zenix owners Indonesia,https://www.facebook.com/groups/921208719233043,post_11,post_11_comment_33,post_11,comment,,,,Color Black On Brown … Lihat selengkapnya,https://www.facebook.com/groups/921208719233043,2026-09-18T03:25:37Z,raw_data_run_20260918_101715_601a04.csv,rec_60f7b2417fa5b687,False,Color Black On Brown … Lihat selengkapnya,color black on brown … lihat selengkapnya,Toyota Zenix,medium,community_context,False,,,,False,not_relevant,no_adas_keyword,,UNKNOWN,,,,,,,
rec_e4b86003192ca7a8,Toyota Zenix,Toyota Zenix owners Indonesia,https://www.facebook.com/groups/921208719233043,post_11,post_11_comment_34,post_11,comment,,,,"Barang ex copotan asuransi barang ORI tinggal cat ulang lagi bossku 
silahkan diorder bossku 
untuk tanya2 silahkan hubungi wa 0895373086267
terima kasih",https://www.facebook.com/groups/921208719233043,2026-09-18T03:25:40Z,raw_data_run_20260918_101715_601a04.csv,rec_e4b86003192ca7a8,False,Barang ex copotan asuransi barang ORI tinggal cat ulang lagi bossku silahkan diorder bossku untuk tanya2 silahkan hubungi wa 0895373086267 terima kasih,barang ex copotan asuransi barang ori tinggal cat ulang lagi bossku silahkan diorder bossku untuk tanya2 silahkan hubungi wa 0895373086267 terima kasih,Toyota Zenix,medium,community_context,False,,,,False,not_relevant,no_adas_keyword,,UNKNOWN,,,,,,,
rec_469012172688eda6,Toyota Zenix,Toyota Zenix owners Indonesia,https://www.facebook.com/groups/921208719233043,post_11,post_11_comment_35,post_11,comment,,,,silahkan diorder bossku,https://www.facebook.com/groups/921208719233043,2026-09-18T03:25:40Z,raw_data_run_20260918_101715_601a04.csv,rec_469012172688eda6,False,silahkan diorder bossku,silahkan diorder bossku,Toyota Zenix,medium,community_context,False,,,,False,not_relevant,no_adas_keyword,,UNKNOWN,,,,,,,
rec_a89381450dcac927,Toyota Zenix,Toyota Zenix owners Indonesia,https://www.facebook.com/groups/921208719233043,post_11,post_11_comment_36,post_11,comment,,,,terima kasih,https://www.facebook.com/groups/921208719233043,2026-09-18T03:25:40Z,raw_data_run_20260918_101715_601a04.csv,rec_a89381450dcac927,False,terima kasih,terima kasih,Toyota Zenix,medium,community_context,False,,,,False,not_relevant,no_adas_keyword,,UNKNOWN,,,,,,,
rec_f2cb052c0af58b33,Toyota Zenix,Toyota Zenix owners Indonesia,https://www.facebook.com/groups/921208719233043,post_11,post_11_comment_37,post_11,comment,,,,TOYOTA ZENIX V HYBRID… Lihat selengkapnya,https://www.facebook.com/groups/921208719233043,2026-09-18T03:25:40Z,raw_data_run_20260918_101715_601a04.csv,rec_f2cb052c0af58b33,False,TOYOTA ZENIX V HYBRID… Lihat selengkapnya,toyota zenix v hybrid… lihat selengkapnya,Toyota Zenix,high,explicit_text_alias_strong,False,,,,False,not_relevant,no_adas_keyword,,UNKNOWN,,,,,,,
rec_c94439fbe180e20a,Toyota Zenix,Toyota Zenix owners Indonesia,https://www.facebook.com/groups/921208719233043,post_11,post_11_comment_38,post_11,comment,,,,"Ready Foot step rush Terios 
Bisa barang aja atau berikut pasang",https://www.facebook.com/groups/921208719233043,2026-09-18T03:25:42Z,raw_data_run_20260918_101715_601a04.csv,rec_c94439fbe180e20a,False,Ready Foot step rush Terios Bisa barang aja atau berikut pasang,ready foot step rush terios bisa barang aja atau berikut pasang,Toyota Zenix,medium,community_context,False,,,,False,not_relevant,no_adas_keyword,,UNKNOWN,,,,,,,
rec_c1516081ea954b06,Toyota Zenix,Toyota Zenix owners Indonesia,https://www.facebook.com/groups/921208719233043,post_11,post_11_comment_39,post_11,comment,,,,Ready Foot step rush Terios,https://www.facebook.com/groups/921208719233043,2026-09-18T03:25:42Z,raw_data_run_20260918_101715_601a04.csv,rec_c1516081ea954b06,False,Ready Foot step rush Terios,ready foot step rush terios,Toyota Zenix,medium,community_context,False,,,,False,not_relevant,no_adas_keyword,,UNKNOWN,,,,,,,
rec_8dd50226539c6b73,Toyota Zenix,Toyota Zenix owners Indonesia,https://www.facebook.com/groups/921208719233043,post_11,post_11_comment_40,post_11,comment,,,,Bisa barang aja atau berikut pasang,https://www.facebook.com/groups/921208719233043,2026-09-18T03:25:42Z,raw_data_run_20260918_101715_601a04.csv,rec_8dd50226539c6b73,False,Bisa barang aja atau berikut pasang,bisa barang aja atau berikut pasang,Toyota Zenix,medium,community_context,False,,,,False,not_relevant,no_adas_keyword,,UNKNOWN,,,,,,,
rec_2fd8154be4f3cb94,Toyota Zenix,Toyota Zenix owners Indonesia,https://www.facebook.com/groups/921208719233043,post_11,post_11_comment_41,post_11,comment,,,,2023 Toyota Zenix G Non Hybrid 2023 · Minivan · Jarak yang sudah ditempuh 120.000 kilometer… Lihat selengkapnya,https://www.facebook.com/groups/921208719233043,2026-09-18T03:25:44Z,raw_data_run_20260918_101715_601a04.csv,rec_2fd8154be4f3cb94,False,2023 Toyota Zenix G Non Hybrid 2023 · Minivan · Jarak yang sudah ditempuh 120.000 kilometer… Lihat selengkapnya,2023 toyota zenix g non hybrid 2023 · minivan · jarak yang sudah ditempuh 120.000 kilometer… lihat selengkapnya,Toyota Zenix,high,explicit_text_alias_strong,False,,,,False,not_relevant,no_adas_keyword,,UNKNOWN,,,,,,,
rec_cac6c20ca52695ba,Toyota Zenix,Toyota Zenix owners Indonesia,https://www.facebook.com/groups/921208719233043,post_11,post_11_comment_43,post_11,comment,,,,"Asik Berfaedah edisi Wiper Depan
""Kualitas di atas ekspetasi harga
""… Lihat selengkapnya",https://www.facebook.com/groups/921208719233043,2026-09-18T03:25:47Z,raw_data_run_20260918_101715_601a04.csv,rec_cac6c20ca52695ba,False,"Asik Berfaedah edisi Wiper Depan ""Kualitas di atas ekspetasi harga ""… Lihat selengkapnya","asik berfaedah edisi wiper depan ""kualitas di atas ekspetasi harga ""… lihat selengkapnya",Toyota Zenix,medium,community_context,False,,,,False,not_relevant,no_adas_keyword,,UNKNOWN,,,,,,,
rec_bca66e068a4e00a7,Toyota Zenix,Toyota Zenix owners Indonesia,https://www.facebook.com/groups/921208719233043,post_11,post_11_comment_44,post_11,comment,,,,Asik Berfaedah edisi Wiper Depan,https://www.facebook.com/groups/921208719233043,2026-09-18T03:25:47Z,raw_data_run_20260918_101715_601a04.csv,rec_bca66e068a4e00a7,False,Asik Berfaedah edisi Wiper Depan,asik berfaedah edisi wiper depan,Toyota Zenix,medium,community_context,False,,,,False,not_relevant,no_adas_keyword,,UNKNOWN,,,,,,,
rec_495c9e8aa518b96c,Toyota Zenix,Toyota Zenix owners Indonesia,https://www.facebook.com/groups/921208719233043,post_11,post_11_comment_45,post_11,comment,,,,"Ready lampu LED mobil 
Cocok untuk berbagai jenis mobil
Jenis bohlamp mengikuti mobil nya",https://www.facebook.com/groups/921208719233043,2026-09-18T03:25:52Z,raw_data_run_20260918_101715_601a04.csv,rec_495c9e8aa518b96c,False,Ready lampu LED mobil Cocok untuk berbagai jenis mobil Jenis bohlamp mengikuti mobil nya,ready lampu led mobil cocok untuk berbagai jenis mobil jenis bohlamp mengikuti mobil nya,Toyota Zenix,medium,community_context,False,,,,False,not_relevant,no_adas_keyword,,UNKNOWN,,,,,,,
rec_3fbd23673a535572,Toyota Zenix,Toyota Zenix owners Indonesia,https://www.facebook.com/groups/921208719233043,post_11,post_11_comment_46,post_11,comment,,,,Ready lampu LED mobil,https://www.facebook.com/groups/921208719233043,2026-09-18T03:25:52Z,raw_data_run_20260918_101715_601a04.csv,rec_3fbd23673a535572,False,Ready lampu LED mobil,ready lampu led mobil,Toyota Zenix,medium,community_context,False,,,,False,not_relevant,no_adas_keyword,,UNKNOWN,,,,,,,
rec_e304f711f79bd3c5,Toyota Zenix,Toyota Zenix owners Indonesia,https://www.facebook.com/groups/921208719233043,post_11,post_11_comment_47,post_11,comment,,,,Cocok untuk berbagai jenis mobil,https://www.facebook.com/groups/921208719233043,2026-09-18T03:25:52Z,raw_data_run_20260918_101715_601a04.csv,rec_e304f711f79bd3c5,False,Cocok untuk berbagai jenis mobil,cocok untuk berbagai jenis mobil,Toyota Zenix,medium,community_context,False,,,,False,not_relevant,no_adas_keyword,,UNKNOWN,,,,,,,
rec_b271a98e1da1f47b,Toyota Zenix,Toyota Zenix owners Indonesia,https://www.facebook.com/groups/921208719233043,post_11,post_11_comment_48,post_11,comment,,,,Jenis bohlamp mengikuti mobil nya,https://www.facebook.com/groups/921208719233043,2026-09-18T03:25:52Z,raw_data_run_20260918_101715_601a04.csv,rec_b271a98e1da1f47b,False,Jenis bohlamp mengikuti mobil nya,jenis bohlamp mengikuti mobil nya,Toyota Zenix,medium,community_context,False,,,,False,not_relevant,no_adas_keyword,,UNKNOWN,,,,,,,
rec_93ba5668ec3dffb1,Toyota Zenix,Toyota Zenix owners Indonesia,https://www.facebook.com/groups/921208719233043,post_11,post_11_comment_49,post_11,comment,,,,ready zenix q hybrid tersedia cash/credit dan tersedia pembelian an pt/perorangan. hub 087881555358 hilfi toyota… Lihat selengkapnya,https://www.facebook.com/groups/921208719233043,2026-09-18T03:25:52Z,raw_data_run_20260918_101715_601a04.csv,rec_93ba5668ec3dffb1,False,ready zenix q hybrid tersedia cash/credit dan tersedia pembelian an pt/perorangan. hub 087881555358 hilfi toyota… Lihat selengkapnya,ready zenix q hybrid tersedia cash/credit dan tersedia pembelian an pt/perorangan. hub 087881555358 hilfi toyota… lihat selengkapnya,Toyota Zenix,high,explicit_text_alias_strong,False,,,,False,not_relevant,no_adas_keyword,,UNKNOWN,,,,,,,
rec_05769342bfabc971,Toyota Zenix,Toyota Zenix owners Indonesia,https://www.facebook.com/groups/921208719233043,post_11,post_11_comment_50,post_11,comment,,,,"Jual sparepart berkualitas 
Whatsapp 
 085934378954… Lihat selengkapnya",https://www.facebook.com/groups/921208719233043,2026-09-18T03:25:53Z,raw_data_run_20260918_101715_601a04.csv,rec_05769342bfabc971,False,Jual sparepart berkualitas Whatsapp 085934378954… Lihat selengkapnya,jual sparepart berkualitas whatsapp 085934378954… lihat selengkapnya,Toyota Zenix,medium,community_context,False,,,,False,not_relevant,no_adas_keyword,,UNKNOWN,,,,,,,
rec_f7181005c98704db,Toyota Zenix,Toyota Zenix owners Indonesia,https://www.facebook.com/groups/921208719233043,post_11,post_11_comment_51,post_11,comment,,,,Jual sparepart berkualitas,https://www.facebook.com/groups/921208719233043,2026-09-18T03:25:53Z,raw_data_run_20260918_101715_601a04.csv,rec_f7181005c98704db,False,Jual sparepart berkualitas,jual sparepart berkualitas,Toyota Zenix,medium,community_context,False,,,,False,not_relevant,no_adas_keyword,,UNKNOWN,,,,,,,
rec_f3c2bd615b3c85ab,Toyota Zenix,Toyota Zenix owners Indonesia,https://www.facebook.com/groups/921208719233043,post_11,post_11_comment_52,post_11,comment,,,,"Whatsapp 
 085934378954… Lihat selengkapnya",https://www.facebook.com/groups/921208719233043,2026-09-18T03:25:53Z,raw_data_run_20260918_101715_601a04.csv,rec_f3c2bd615b3c85ab,False,Whatsapp 085934378954… Lihat selengkapnya,whatsapp 085934378954… lihat selengkapnya,Toyota Zenix,medium,community_context,False,,,,False,not_relevant,no_adas_keyword,,UNKNOWN,,,,,,,
rec_19108154555a59db,Toyota Zenix,Toyota Zenix owners Indonesia,https://www.facebook.com/groups/921208719233043,post_11,post_11_comment_53,post_11,comment,,,,Interior Zenix Type V kurangnya apa? … Lihat selengkapnya,https://www.facebook.com/groups/921208719233043,2026-09-18T03:25:55Z,raw_data_run_20260918_101715_601a04.csv,rec_19108154555a59db,False,Interior Zenix Type V kurangnya apa? … Lihat selengkapnya,interior zenix type v kurangnya apa? … lihat selengkapnya,Toyota Zenix,high,explicit_text_alias_strong,False,,,,False,not_relevant,no_adas_keyword,,UNKNOWN,,,,,,,
rec_b0eed29c87fc3130,Toyota Zenix,Toyota Zenix owners Indonesia,https://www.facebook.com/groups/921208719233043,post_11,post_11_comment_54,post_11,comment,,,,Dashcamnya belum om,https://www.facebook.com/groups/921208719233043,2026-09-18T03:25:55Z,raw_data_run_20260918_101715_601a04.csv,rec_b0eed29c87fc3130,False,Dashcamnya belum om,dashcamnya belum om,Toyota Zenix,medium,community_context,False,,,,False,not_relevant,no_adas_keyword,,UNKNOWN,,,,,,,
rec_2db94c4544375c40,Toyota Zenix,Toyota Zenix owners Indonesia,https://www.facebook.com/groups/921208719233043,post_11,post_11_comment_55,post_11,comment,,,,"Tombol power window gak ada lampunya, belum ada cruise control",https://www.facebook.com/groups/921208719233043,2026-09-18T03:25:55Z,raw_data_run_20260918_101715_601a04.csv,rec_2db94c4544375c40,False,"Tombol power window gak ada lampunya, belum ada cruise control","tombol power window gak ada lampunya, belum ada cruise control",Toyota Zenix,medium,community_context,True,Cruise Control;cruise;cruise control,"layer_a_feature_names,layer_b_functional,layer_c_indonesian",ACC,False,relevant,explicit_feature_name,high,ACC,not_stated,not_stated,question,neutral,not_stated,unclear,high
rec_acb8c4daca581c77,Toyota Zenix,Toyota Zenix owners Indonesia,https://www.facebook.com/groups/921208719233043,post_11,post_11_comment_56,post_11,comment,,,,"TOYOTA ZENIX V HYBRID
Mobil hybrid masa kini yang sangat irit bahan bakar, praktis dibawa kemana saja tanpa harus dicas setrum-setrum... … Lihat selengkapnya",https://www.facebook.com/groups/921208719233043,2026-09-18T03:25:57Z,raw_data_run_20260918_101715_601a04.csv,rec_acb8c4daca581c77,False,"TOYOTA ZENIX V HYBRID Mobil hybrid masa kini yang sangat irit bahan bakar, praktis dibawa kemana saja tanpa harus dicas setrum-setrum... … Lihat selengkapnya","toyota zenix v hybrid mobil hybrid masa kini yang sangat irit bahan bakar, praktis dibawa kemana saja tanpa harus dicas setrum-setrum... … lihat selengkapnya",Toyota Zenix,high,explicit_text_alias_strong,False,,,,False,not_relevant,no_adas_keyword,,UNKNOWN,,,,,,,
rec_5839fb0e65ae71a4,Toyota Zenix,Toyota Zenix owners Indonesia,https://www.facebook.com/groups/921208719233043,post_11,post_11_comment_57,post_11,comment,,,,TOYOTA ZENIX V HYBRID,https://www.facebook.com/groups/921208719233043,2026-09-18T03:25:57Z,raw_data_run_20260918_101715_601a04.csv,rec_5839fb0e65ae71a4,False,TOYOTA ZENIX V HYBRID,toyota zenix v hybrid,Toyota Zenix,high,explicit_text_alias_strong,False,,,,False,not_relevant,no_adas_keyword,,UNKNOWN,,,,,,,
rec_d03b5d687bfb6db9,Toyota Zenix,Toyota Zenix owners Indonesia,https://www.facebook.com/groups/921208719233043,post_11,post_11_comment_58,post_11,comment,,,,"Mobil hybrid masa kini yang sangat irit bahan bakar, praktis dibawa kemana saja tanpa harus dicas setrum-setrum... … Lihat selengkapnya",https://www.facebook.com/groups/921208719233043,2026-09-18T03:25:57Z,raw_data_run_20260918_101715_601a04.csv,rec_d03b5d687bfb6db9,False,"Mobil hybrid masa kini yang sangat irit bahan bakar, praktis dibawa kemana saja tanpa harus dicas setrum-setrum... … Lihat selengkapnya","mobil hybrid masa kini yang sangat irit bahan bakar, praktis dibawa kemana saja tanpa harus dicas setrum-setrum... … lihat selengkapnya",Toyota Zenix,medium,community_context,False,,,,False,not_relevant,no_adas_keyword,,UNKNOWN,,,,,,,
rec_2a363c393956ba27,Toyota Zenix,Toyota Zenix owners Indonesia,https://www.facebook.com/groups/921208719233043,post_11,post_11_comment_59,post_11,comment,,,,"Barang mulus beat 2023 pajak juni 2026
Lengkap surat surat
Kunci 2
Barang lokasi bandung
Hubungi Aldo - 082112050953",https://www.facebook.com/groups/921208719233043,2026-09-18T03:26:01Z,raw_data_run_20260918_101715_601a04.csv,rec_2a363c393956ba27,False,Barang mulus beat 2023 pajak juni 2026 Lengkap surat surat Kunci 2 Barang lokasi bandung Hubungi Aldo - 082112050953,barang mulus beat 2023 pajak juni 2026 lengkap surat surat kunci 2 barang lokasi bandung hubungi aldo - 082112050953,Toyota Zenix,medium,community_context,False,,,,False,not_relevant,no_adas_keyword,,UNKNOWN,,,,,,,
rec_16cb55e0643618a7,Toyota Zenix,Toyota Zenix owners Indonesia,https://www.facebook.com/groups/921208719233043,post_11,post_11_comment_60,post_11,comment,,,,Barang mulus beat 2023 pajak juni 2026,https://www.facebook.com/groups/921208719233043,2026-09-18T03:26:01Z,raw_data_run_20260918_101715_601a04.csv,rec_16cb55e0643618a7,False,Barang mulus beat 2023 pajak juni 2026,barang mulus beat 2023 pajak juni 2026,Toyota Zenix,medium,community_context,False,,,,False,not_relevant,no_adas_keyword,,UNKNOWN,,,,,,,
rec_2407a3c58b11c8a5,Toyota Zenix,Toyota Zenix owners Indonesia,https://www.facebook.com/groups/921208719233043,post_11,post_11_comment_61,post_11,comment,,,,Lengkap surat surat,https://www.facebook.com/groups/921208719233043,2026-09-18T03:26:01Z,raw_data_run_20260918_101715_601a04.csv,rec_2407a3c58b11c8a5,False,Lengkap surat surat,lengkap surat surat,Toyota Zenix,medium,community_context,False,,,,False,not_relevant,no_adas_keyword,,UNKNOWN,,,,,,,
rec_87afd64c75766a3e,Toyota Zenix,Toyota Zenix owners Indonesia,https://www.facebook.com/groups/921208719233043,post_11,post_11_comment_62,post_11,comment,,,,Kunci 2,https://www.facebook.com/groups/921208719233043,2026-09-18T03:26:01Z,raw_data_run_20260918_101715_601a04.csv,rec_87afd64c75766a3e,False,Kunci 2,kunci 2,Toyota Zenix,medium,community_context,False,,,,False,not_relevant,no_adas_keyword,,UNKNOWN,,,,,,,
rec_3380f67250ca5daf,Toyota Zenix,Toyota Zenix owners Indonesia,https://www.facebook.com/groups/921208719233043,post_11,post_11_comment_63,post_11,comment,,,,Barang lokasi bandung,https://www.facebook.com/groups/921208719233043,2026-09-18T03:26:01Z,raw_data_run_20260918_101715_601a04.csv,rec_3380f67250ca5daf,False,Barang lokasi bandung,barang lokasi bandung,Toyota Zenix,medium,community_context,False,,,,False,not_relevant,no_adas_keyword,,UNKNOWN,,,,,,,
rec_052c8f1bfeb9c67f,Toyota Zenix,Toyota Zenix owners Indonesia,https://www.facebook.com/groups/921208719233043,post_11,post_11_comment_64,post_11,comment,,,,Hubungi Aldo - 082112050953,https://www.facebook.com/groups/921208719233043,2026-09-18T03:26:01Z,raw_data_run_20260918_101715_601a04.csv,rec_052c8f1bfeb9c67f,False,Hubungi Aldo - 082112050953,hubungi aldo - 082112050953,Toyota Zenix,medium,community_context,False,,,,False,not_relevant,no_adas_keyword,,UNKNOWN,,,,,,,
rec_3d315de4577e8f34,BYD Sealion 7,BYD Sealion 7 Indonesia,https://www.facebook.com/groups/1739202836885108,2381032962702089,2381032962702089_comment_1,2381032962702089,comment,,,2026-09-20,"Jual Toyota Innova Zenix V Hybrid Modellista
NIK 2023
Warna Hitam
KM 64rb pemakaian pribadi
Record servis Full bengkel resmi
Lihat selengkapnya",https://web.facebook.com/groups/1739202836885108/posts/2381032962702089/?comment_id=2381046529367399&__cft__[0]=AZhVE2D2RpREzGBM352rf6zTvIdXljTOp4uRXYWpFhYUFhwFqniJVy_-Xl0pSirvAi6b_ZqMu4KoD_OK3-lMn50EwSA_ziSI8x6PKLxjM4-FriVEqPL46_aNuvyEWMtLJCZ_c2nruDh26kWsFFSqsm0FK-gB2BpJJ-IUxFFzDtKdI0n1QGtfLFvcgPGVKp_zwsUU&__tn__=R-R,2026-09-21T08:29:36Z,raw_data_run_20260921_151512_a922e8.csv,rec_3d315de4577e8f34,False,Jual Toyota Innova Zenix V Hybrid Modellista NIK 2023 Warna Hitam KM 64rb pemakaian pribadi Record servis Full bengkel resmi Lihat selengkapnya,jual toyota innova zenix v hybrid modellista nik 2023 warna hitam km 64rb pemakaian pribadi record servis full bengkel resmi lihat selengkapnya,Toyota Zenix,medium,explicit_text_alias_strong_but_context_BYD_Sealion_7,False,,,,False,not_relevant,no_adas_keyword,,UNKNOWN,,,,,,,
rec_5b72f089f1ccd842,Toyota Yaris,Yaris Cross Community Indonesia (YCCI),https://www.facebook.com/groups/331613226681705,925589243950764,925589243950764_comment_1,925589243950764_comment_1,reply,,,2026-08-12,"Bodykit Zenix Modelista full set. Original copotan.
Bodykit set Zenix Modelista fullset, tinggal cat ulang dan pasang PnP
Harga : 2.150.000,- (fullset)
Original copotan
Kondisi braket dan kancingan utuh
Lihat selengkapnya",https://www.facebook.com/groups/331613226681705/posts/925589243950764/?comment_id=925976037245418&__cft__[0]=AZjjL3v_eq2MOgyV60hGk3V5Ff7GGbl8vDOD4wcwTi3MZMB9LMsULzfbW1Mv7YZMNkEEE95pzRC8UW5hH0X8JI3JvjnldjAugcd4D3cpcxcT6Hpo_LLUMYhlVbiWTi_iS7N0WMlOv0syThmilFsNPV0Z7y5q6RHUzfl9MYx9SCcrJK1aDBotBcIQKMNYprbQLk0&__tn__=R-R,2026-09-22T04:15:09Z,raw_data_run_20260922_111240_9ba1cb.csv,rec_5b72f089f1ccd842,False,"Bodykit Zenix Modelista full set. Original copotan. Bodykit set Zenix Modelista fullset, tinggal cat ulang dan pasang PnP Harga : 2.150.000,- (fullset) Original copotan Kondisi braket dan kancingan utuh Lihat selengkapnya","bodykit zenix modelista full set. original copotan. bodykit set zenix modelista fullset, tinggal cat ulang dan pasang pnp harga : 2.150.000,- (fullset) original copotan kondisi braket dan kancingan utuh lihat selengkapnya",Toyota Zenix,medium,explicit_text_alias_strong_but_context_Toyota_Yaris,False,,,,False,not_relevant,no_adas_keyword,,UNKNOWN,,,,,,,
rec_a907344db7c284d2,Toyota Yaris,Yaris Cross Community Indonesia (YCCI),https://www.facebook.com/groups/331613226681705,925589243950764,925589243950764_comment_2,925589243950764,comment,,,2026-08-12,"Bodykit Zenix Modelista full set. Original copotan.
Bodykit set Zenix Modelista fullset, tinggal cat ulang dan pasang PnP
Harga : 2.150.000,- (fullset)
Original copotan
Kondisi braket dan kancingan utuh
Lihat selengkapnya",https://www.facebook.com/groups/331613226681705/posts/925589243950764/?comment_id=925976037245418&__cft__[0]=AZjjL3v_eq2MOgyV60hGk3V5Ff7GGbl8vDOD4wcwTi3MZMB9LMsULzfbW1Mv7YZMNkEEE95pzRC8UW5hH0X8JI3JvjnldjAugcd4D3cpcxcT6Hpo_LLUMYhlVbiWTi_iS7N0WMlOv0syThmilFsNPV0Z7y5q6RHUzfl9MYx9SCcrJK1aDBotBcIQKMNYprbQLk0&__tn__=R-R,2026-09-22T04:15:15Z,raw_data_run_20260922_111240_9ba1cb.csv,rec_a907344db7c284d2,False,"Bodykit Zenix Modelista full set. Original copotan. Bodykit set Zenix Modelista fullset, tinggal cat ulang dan pasang PnP Harga : 2.150.000,- (fullset) Original copotan Kondisi braket dan kancingan utuh Lihat selengkapnya","bodykit zenix modelista full set. original copotan. bodykit set zenix modelista fullset, tinggal cat ulang dan pasang pnp harga : 2.150.000,- (fullset) original copotan kondisi braket dan kancingan utuh lihat selengkapnya",Toyota Zenix,medium,explicit_text_alias_strong_but_context_Toyota_Yaris,False,,,,False,not_relevant,no_adas_keyword,,UNKNOWN,,,,,,,
rec_aabafc551fd96da5,Toyota Yaris,Yaris Cross Community Indonesia (YCCI),https://www.facebook.com/groups/331613226681705,925589243950764,925589243950764_comment_2,925589243950764_comment_2,reply,,,2026-08-12,"Bodykit Zenix Modelista full set. Original copotan.
Bodykit set Zenix Modelista fullset, tinggal cat ulang dan pasang PnP
Harga : 2.150.000,- (fullset)
Original copotan
Kondisi braket dan kancingan utuh
Lihat selengkapnya",https://www.facebook.com/groups/331613226681705/posts/925589243950764/?comment_id=925976037245418&__cft__[0]=AZjjL3v_eq2MOgyV60hGk3V5Ff7GGbl8vDOD4wcwTi3MZMB9LMsULzfbW1Mv7YZMNkEEE95pzRC8UW5hH0X8JI3JvjnldjAugcd4D3cpcxcT6Hpo_LLUMYhlVbiWTi_iS7N0WMlOv0syThmilFsNPV0Z7y5q6RHUzfl9MYx9SCcrJK1aDBotBcIQKMNYprbQLk0&__tn__=R-R,2026-09-22T04:15:26Z,raw_data_run_20260922_111240_9ba1cb.csv,rec_aabafc551fd96da5,False,"Bodykit Zenix Modelista full set. Original copotan. Bodykit set Zenix Modelista fullset, tinggal cat ulang dan pasang PnP Harga : 2.150.000,- (fullset) Original copotan Kondisi braket dan kancingan utuh Lihat selengkapnya","bodykit zenix modelista full set. original copotan. bodykit set zenix modelista fullset, tinggal cat ulang dan pasang pnp harga : 2.150.000,- (fullset) original copotan kondisi braket dan kancingan utuh lihat selengkapnya",Toyota Zenix,medium,explicit_text_alias_strong_but_context_Toyota_Yaris,False,,,,False,not_relevant,no_adas_keyword,,UNKNOWN,,,,,,,
rec_cff4504f5640d6e1,Toyota Yaris,Yaris Cross Community Indonesia (YCCI),https://www.facebook.com/groups/331613226681705,925589243950764,925589243950764_comment_4,925589243950764_comment_4,reply,,,2026-08-12,"Bodykit Zenix Modelista full set. Original copotan.
Bodykit set Zenix Modelista fullset, tinggal cat ulang dan pasang PnP
Harga : 2.150.000,- (fullset)
Original copotan
Kondisi braket dan kancingan utuh
Lihat selengkapnya",https://www.facebook.com/groups/331613226681705/posts/925589243950764/?comment_id=925976037245418&__cft__[0]=AZjjL3v_eq2MOgyV60hGk3V5Ff7GGbl8vDOD4wcwTi3MZMB9LMsULzfbW1Mv7YZMNkEEE95pzRC8UW5hH0X8JI3JvjnldjAugcd4D3cpcxcT6Hpo_LLUMYhlVbiWTi_iS7N0WMlOv0syThmilFsNPV0Z7y5q6RHUzfl9MYx9SCcrJK1aDBotBcIQKMNYprbQLk0&__tn__=R-R,2026-09-22T04:15:58Z,raw_data_run_20260922_111240_9ba1cb.csv,rec_cff4504f5640d6e1,False,"Bodykit Zenix Modelista full set. Original copotan. Bodykit set Zenix Modelista fullset, tinggal cat ulang dan pasang PnP Harga : 2.150.000,- (fullset) Original copotan Kondisi braket dan kancingan utuh Lihat selengkapnya","bodykit zenix modelista full set. original copotan. bodykit set zenix modelista fullset, tinggal cat ulang dan pasang pnp harga : 2.150.000,- (fullset) original copotan kondisi braket dan kancingan utuh lihat selengkapnya",Toyota Zenix,medium,explicit_text_alias_strong_but_context_Toyota_Yaris,False,,,,False,not_relevant,no_adas_keyword,,UNKNOWN,,,,,,,
rec_f948c4e952a51fc7,Toyota Yaris,Yaris Cross Community Indonesia (YCCI),https://www.facebook.com/groups/331613226681705,925589243950764,925589243950764_comment_5,925589243950764_comment_5,reply,,,2026-08-12,"Bodykit Zenix Modelista full set. Original copotan.
Bodykit set Zenix Modelista fullset, tinggal cat ulang dan pasang PnP
Harga : 2.150.000,- (fullset)
Original copotan
Kondisi braket dan kancingan utuh
Lihat selengkapnya",https://www.facebook.com/groups/331613226681705/posts/925589243950764/?comment_id=925976037245418&__cft__[0]=AZjjL3v_eq2MOgyV60hGk3V5Ff7GGbl8vDOD4wcwTi3MZMB9LMsULzfbW1Mv7YZMNkEEE95pzRC8UW5hH0X8JI3JvjnldjAugcd4D3cpcxcT6Hpo_LLUMYhlVbiWTi_iS7N0WMlOv0syThmilFsNPV0Z7y5q6RHUzfl9MYx9SCcrJK1aDBotBcIQKMNYprbQLk0&__tn__=R-R,2026-09-22T04:16:13Z,raw_data_run_20260922_111240_9ba1cb.csv,rec_f948c4e952a51fc7,False,"Bodykit Zenix Modelista full set. Original copotan. Bodykit set Zenix Modelista fullset, tinggal cat ulang dan pasang PnP Harga : 2.150.000,- (fullset) Original copotan Kondisi braket dan kancingan utuh Lihat selengkapnya","bodykit zenix modelista full set. original copotan. bodykit set zenix modelista fullset, tinggal cat ulang dan pasang pnp harga : 2.150.000,- (fullset) original copotan kondisi braket dan kancingan utuh lihat selengkapnya",Toyota Zenix,medium,explicit_text_alias_strong_but_context_Toyota_Yaris,False,,,,False,not_relevant,no_adas_keyword,,UNKNOWN,,,,,,,
rec_e02030d12ab4a127,Toyota Yaris,Yaris Indonesia,https://www.facebook.com/groups/3405727692978517,4480079718876637,4480079718876637_comment_1,4480079718876637,comment,,,2026-09-21,"Bodykit Zenix Modelista full set. Original copotan.
Bodykit set Zenix Modelista fullset, tinggal cat ulang dan pasang PnP
Harga : 2.150.000,- (fullset)
Original copotan
Kondisi braket dan kancingan utuh
Lihat selengkapnya",https://www.facebook.com/groups/3405727692978517/posts/4480079718876637/?comment_id=4480104502207492&__cft__[0]=AZhzcfDm-ckicI-0Afp4mWXUul536Uz0iK6phh2mk8tfnbjPvreNs4X1IPpNymKEpQrhBFpP-pheTm_Yxe-QSuFIoEtmeFCXIk8NifCG61N1NqhETVJbOp1DO8M8_pEMpb4bhRkV-FziHjq_Hc68XqwTPn4GCwvpEZGy5VOCulteuSmo4ctA_LfBkA&__tn__=R-R,2026-09-22T04:38:13Z,raw_data_run_20260922_113758_0c18fb.csv,rec_e02030d12ab4a127,False,"Bodykit Zenix Modelista full set. Original copotan. Bodykit set Zenix Modelista fullset, tinggal cat ulang dan pasang PnP Harga : 2.150.000,- (fullset) Original copotan Kondisi braket dan kancingan utuh Lihat selengkapnya","bodykit zenix modelista full set. original copotan. bodykit set zenix modelista fullset, tinggal cat ulang dan pasang pnp harga : 2.150.000,- (fullset) original copotan kondisi braket dan kancingan utuh lihat selengkapnya",Toyota Zenix,medium,explicit_text_alias_strong_but_context_Toyota_Yaris,False,,,,False,not_relevant,no_adas_keyword,,UNKNOWN,,,,,,,
rec_28848b02b8e684de,Toyota Yaris,Yaris Indonesia,https://www.facebook.com/groups/3405727692978517,4480079718876637,4480079718876637_comment_1,4480079718876637_comment_1,reply,,,2026-09-21,"Bodykit Zenix Modelista full set. Original copotan.
Bodykit set Zenix Modelista fullset, tinggal cat ulang dan pasang PnP
Harga : 2.150.000,- (fullset)
Original copotan
Kondisi braket dan kancingan utuh
Lihat selengkapnya",https://www.facebook.com/groups/3405727692978517/posts/4480079718876637/?comment_id=4480104502207492&__cft__[0]=AZhzcfDm-ckicI-0Afp4mWXUul536Uz0iK6phh2mk8tfnbjPvreNs4X1IPpNymKEpQrhBFpP-pheTm_Yxe-QSuFIoEtmeFCXIk8NifCG61N1NqhETVJbOp1DO8M8_pEMpb4bhRkV-FziHjq_Hc68XqwTPn4GCwvpEZGy5VOCulteuSmo4ctA_LfBkA&__tn__=R-R,2026-09-22T04:38:22Z,raw_data_run_20260922_113758_0c18fb.csv,rec_28848b02b8e684de,False,"Bodykit Zenix Modelista full set. Original copotan. Bodykit set Zenix Modelista fullset, tinggal cat ulang dan pasang PnP Harga : 2.150.000,- (fullset) Original copotan Kondisi braket dan kancingan utuh Lihat selengkapnya","bodykit zenix modelista full set. original copotan. bodykit set zenix modelista fullset, tinggal cat ulang dan pasang pnp harga : 2.150.000,- (fullset) original copotan kondisi braket dan kancingan utuh lihat selengkapnya",Toyota Zenix,medium,explicit_text_alias_strong_but_context_Toyota_Yaris,False,,,,False,not_relevant,no_adas_keyword,,UNKNOWN,,,,,,,
rec_7495cd07dbee6b57,Toyota Zenix,Toyota Zenix owners Indonesia,https://www.facebook.com/groups/921208719233043,post_1,,,post,,,,"Menyediakan Jasa Asuransi Mobil, Asuransi Motor, Asuransi Rumah/Kos/Ruko.
General Insurance:
- Asuransi Kendaraan
- Asuransi Properti
Lihat selengkapnya",https://www.facebook.com/groups/921208719233043,2026-09-22T05:04:37Z,raw_data_run_20260922_120424_911a9a.csv,rec_7495cd07dbee6b57,False,"Menyediakan Jasa Asuransi Mobil, Asuransi Motor, Asuransi Rumah/Kos/Ruko. General Insurance: - Asuransi Kendaraan - Asuransi Properti Lihat selengkapnya","menyediakan jasa asuransi mobil, asuransi motor, asuransi rumah/kos/ruko. general insurance: - asuransi kendaraan - asuransi properti lihat selengkapnya",Toyota Zenix,medium,community_context,False,,,,False,not_relevant,no_adas_keyword,,UNKNOWN,,,,,,,
rec_c4cf3616b2070ec9,Toyota Zenix,Toyota Zenix owners Indonesia,https://www.facebook.com/groups/921208719233043,post_1,post_1_comment_1,post_1,comment,,,,MITSUBISHI XPANDER ULTIMATE 1.5 MATIC ISTIMEWA LOW KM,https://www.facebook.com/groups/921208719233043,2026-09-22T05:04:46Z,raw_data_run_20260922_120424_911a9a.csv,rec_c4cf3616b2070ec9,False,MITSUBISHI XPANDER ULTIMATE 1.5 MATIC ISTIMEWA LOW KM,mitsubishi xpander ultimate 1.5 matic istimewa low km,Toyota Zenix,medium,community_context,False,,,,False,not_relevant,no_adas_keyword,,UNKNOWN,,,,,,,
rec_0e8c8100621dc7ec,Toyota Zenix,Toyota Zenix owners Indonesia,https://www.facebook.com/groups/921208719233043,post_1,post_1_comment_1,post_1_comment_1,reply,,,,MITSUBISHI XPANDER ULTIMATE 1.5 MATIC ISTIMEWA LOW KM,https://www.facebook.com/groups/921208719233043,2026-09-22T05:04:51Z,raw_data_run_20260922_120424_911a9a.csv,rec_0e8c8100621dc7ec,False,MITSUBISHI XPANDER ULTIMATE 1.5 MATIC ISTIMEWA LOW KM,mitsubishi xpander ultimate 1.5 matic istimewa low km,Toyota Zenix,medium,community_context,False,,,,False,not_relevant,no_adas_keyword,,UNKNOWN,,,,,,,
rec_f3f076ea96e21fc6,Toyota Zenix,Toyota Zenix owners Indonesia,https://www.facebook.com/groups/921208719233043,post_1,post_1_comment_2,post_1,comment,,,,- KM 26rb Servis Record,https://www.facebook.com/groups/921208719233043,2026-09-22T05:04:56Z,raw_data_run_20260922_120424_911a9a.csv,rec_f3f076ea96e21fc6,False,- KM 26rb Servis Record,- km 26rb servis record,Toyota Zenix,medium,community_context,False,,,,False,not_relevant,no_adas_keyword,,UNKNOWN,,,,,,,
rec_dfb65c4bbfb92af0,Toyota Zenix,Toyota Zenix owners Indonesia,https://www.facebook.com/groups/921208719233043,post_1,post_1_comment_2,post_1_comment_2,reply,,,,MITSUBISHI XPANDER ULTIMATE 1.5 MATIC ISTIMEWA LOW KM,https://www.facebook.com/groups/921208719233043,2026-09-22T05:05:02Z,raw_data_run_20260922_120424_911a9a.csv,rec_dfb65c4bbfb92af0,False,MITSUBISHI XPANDER ULTIMATE 1.5 MATIC ISTIMEWA LOW KM,mitsubishi xpander ultimate 1.5 matic istimewa low km,Toyota Zenix,medium,community_context,False,,,,False,not_relevant,no_adas_keyword,,UNKNOWN,,,,,,,
rec_e6fb388369c08458,Toyota Zenix,Toyota Zenix owners Indonesia,https://www.facebook.com/groups/921208719233043,post_1,post_1_comment_3,post_1,comment,,,,- Pajak hidup,https://www.facebook.com/groups/921208719233043,2026-09-22T05:05:07Z,raw_data_run_20260922_120424_911a9a.csv,rec_e6fb388369c08458,False,- Pajak hidup,- pajak hidup,Toyota Zenix,medium,community_context,False,,,,False,not_relevant,no_adas_keyword,,UNKNOWN,,,,,,,
rec_37d0452c3a562151,Toyota Zenix,Toyota Zenix owners Indonesia,https://www.facebook.com/groups/921208719233043,post_1,post_1_comment_3,post_1_comment_3,reply,,,,MITSUBISHI XPANDER ULTIMATE 1.5 MATIC ISTIMEWA LOW KM,https://www.facebook.com/groups/921208719233043,2026-09-22T05:05:13Z,raw_data_run_20260922_120424_911a9a.csv,rec_37d0452c3a562151,False,MITSUBISHI XPANDER ULTIMATE 1.5 MATIC ISTIMEWA LOW KM,mitsubishi xpander ultimate 1.5 matic istimewa low km,Toyota Zenix,medium,community_context,False,,,,False,not_relevant,no_adas_keyword,,UNKNOWN,,,,,,,
rec_71535d040c0d5c01,Toyota Zenix,Toyota Zenix owners Indonesia,https://www.facebook.com/groups/921208719233043,post_1,post_1_comment_4,post_1,comment,,,,- Mesin kering sehat,https://www.facebook.com/groups/921208719233043,2026-09-22T05:05:19Z,raw_data_run_20260922_120424_911a9a.csv,rec_71535d040c0d5c01,False,- Mesin kering sehat,- mesin kering sehat,Toyota Zenix,medium,community_context,False,,,,False,not_relevant,no_adas_keyword,,UNKNOWN,,,,,,,
rec_030e3287fe54e3d3,Toyota Zenix,Toyota Zenix owners Indonesia,https://www.facebook.com/groups/921208719233043,post_1,post_1_comment_4,post_1_comment_4,reply,,,,MITSUBISHI XPANDER ULTIMATE 1.5 MATIC ISTIMEWA LOW KM,https://www.facebook.com/groups/921208719233043,2026-09-22T05:05:26Z,raw_data_run_20260922_120424_911a9a.csv,rec_030e3287fe54e3d3,False,MITSUBISHI XPANDER ULTIMATE 1.5 MATIC ISTIMEWA LOW KM,mitsubishi xpander ultimate 1.5 matic istimewa low km,Toyota Zenix,medium,community_context,False,,,,False,not_relevant,no_adas_keyword,,UNKNOWN,,,,,,,
rec_e05dac4e3c14b0e2,Toyota Zenix,Toyota Zenix owners Indonesia,https://www.facebook.com/groups/921208719233043,post_1,post_1_comment_5,post_1,comment,,,,- Transmisi responsif,https://www.facebook.com/groups/921208719233043,2026-09-22T05:05:30Z,raw_data_run_20260922_120424_911a9a.csv,rec_e05dac4e3c14b0e2,False,- Transmisi responsif,- transmisi responsif,Toyota Zenix,medium,community_context,False,,,,False,not_relevant,no_adas_keyword,,UNKNOWN,,,,,,,
rec_bebf2d8dfd224425,Toyota Zenix,Toyota Zenix owners Indonesia,https://www.facebook.com/groups/921208719233043,post_1,post_1_comment_5,post_1_comment_5,reply,,,,MITSUBISHI XPANDER ULTIMATE 1.5 MATIC ISTIMEWA LOW KM,https://www.facebook.com/groups/921208719233043,2026-09-22T05:05:38Z,raw_data_run_20260922_120424_911a9a.csv,rec_bebf2d8dfd224425,False,MITSUBISHI XPANDER ULTIMATE 1.5 MATIC ISTIMEWA LOW KM,mitsubishi xpander ultimate 1.5 matic istimewa low km,Toyota Zenix,medium,community_context,False,,,,False,not_relevant,no_adas_keyword,,UNKNOWN,,,,,,,
rec_1ab384bd78923168,Toyota Zenix,Toyota Zenix owners Indonesia,https://www.facebook.com/groups/921208719233043,post_1,post_1_comment_6,post_1,comment,,,,- Interior original,https://www.facebook.com/groups/921208719233043,2026-09-22T05:05:42Z,raw_data_run_20260922_120424_911a9a.csv,rec_1ab384bd78923168,False,- Interior original,- interior original,Toyota Zenix,medium,community_context,False,,,,False,not_relevant,no_adas_keyword,,UNKNOWN,,,,,,,
rec_2e41322767f8225a,Toyota Zenix,Toyota Zenix owners Indonesia,https://www.facebook.com/groups/921208719233043,post_1,post_1_comment_6,post_1_comment_6,reply,,,,Selamat datang Zenixer... Silahkan berbagi pengalaman dan pengetahuan anda tentang Toyota Zenix di Grup ini,https://www.facebook.com/groups/921208719233043,2026-09-22T05:05:51Z,raw_data_run_20260922_120424_911a9a.csv,rec_2e41322767f8225a,False,Selamat datang Zenixer... Silahkan berbagi pengalaman dan pengetahuan anda tentang Toyota Zenix di Grup ini,selamat datang zenixer... silahkan berbagi pengalaman dan pengetahuan anda tentang toyota zenix di grup ini,Toyota Zenix,high,explicit_text_alias_strong,False,,,,False,not_relevant,no_adas_keyword,,UNKNOWN,,,,,,,
rec_f5614b814d322e95,Toyota Zenix,Toyota Zenix owners Indonesia,https://www.facebook.com/groups/921208719233043,post_1,post_1_comment_7,post_1,comment,,,,- Kaki - kaki normal,https://www.facebook.com/groups/921208719233043,2026-09-22T05:05:59Z,raw_data_run_20260922_120424_911a9a.csv,rec_f5614b814d322e95,False,- Kaki - kaki normal,- kaki - kaki normal,Toyota Zenix,medium,community_context,False,,,,False,not_relevant,no_adas_keyword,,UNKNOWN,,,,,,,
rec_e3750dda99266b4b,Toyota Zenix,Toyota Zenix owners Indonesia,https://www.facebook.com/groups/921208719233043,post_1,post_1_comment_7,post_1_comment_7,reply,,,,MITSUBISHI XPANDER ULTIMATE 1.5 MATIC ISTIMEWA LOW KM,https://www.facebook.com/groups/921208719233043,2026-09-22T05:06:05Z,raw_data_run_20260922_120424_911a9a.csv,rec_e3750dda99266b4b,False,MITSUBISHI XPANDER ULTIMATE 1.5 MATIC ISTIMEWA LOW KM,mitsubishi xpander ultimate 1.5 matic istimewa low km,Toyota Zenix,medium,community_context,False,,,,False,not_relevant,no_adas_keyword,,UNKNOWN,,,,,,,
rec_4e9d176ab2b0df13,Toyota Zenix,Toyota Zenix owners Indonesia,https://www.facebook.com/groups/921208719233043,post_1,post_1_comment_8,post_1,comment,,,,- Bebas laka dan banjir,https://www.facebook.com/groups/921208719233043,2026-09-22T05:06:09Z,raw_data_run_20260922_120424_911a9a.csv,rec_4e9d176ab2b0df13,False,- Bebas laka dan banjir,- bebas laka dan banjir,Toyota Zenix,medium,community_context,False,,,,False,not_relevant,no_adas_keyword,,UNKNOWN,,,,,,,
rec_f844d0b372859049,Toyota Zenix,Toyota Zenix owners Indonesia,https://www.facebook.com/groups/921208719233043,post_1,post_1_comment_8,post_1_comment_8,reply,,,,Selamat datang Zenixer... Silahkan berbagi pengalaman dan pengetahuan anda tentang Toyota Zenix di Grup ini,https://www.facebook.com/groups/921208719233043,2026-09-22T05:06:16Z,raw_data_run_20260922_120424_911a9a.csv,rec_f844d0b372859049,False,Selamat datang Zenixer... Silahkan berbagi pengalaman dan pengetahuan anda tentang Toyota Zenix di Grup ini,selamat datang zenixer... silahkan berbagi pengalaman dan pengetahuan anda tentang toyota zenix di grup ini,Toyota Zenix,high,explicit_text_alias_strong,False,,,,False,not_relevant,no_adas_keyword,,UNKNOWN,,,,,,,
rec_7f8958c2213b6f52,Toyota Zenix,Toyota Zenix owners Indonesia,https://www.facebook.com/groups/921208719233043,post_1,post_1_comment_9,post_1,comment,,,,- Full original,https://www.facebook.com/groups/921208719233043,2026-09-22T05:06:26Z,raw_data_run_20260922_120424_911a9a.csv,rec_7f8958c2213b6f52,False,- Full original,- full original,Toyota Zenix,medium,community_context,False,,,,False,not_relevant,no_adas_keyword,,UNKNOWN,,,,,,,
rec_b990004cd7cb6fe5,Toyota Zenix,Toyota Zenix owners Indonesia,https://www.facebook.com/groups/921208719233043,post_1,post_1_comment_9,post_1_comment_9,reply,,,,MITSUBISHI XPANDER ULTIMATE 1.5 MATIC ISTIMEWA LOW KM,https://www.facebook.com/groups/921208719233043,2026-09-22T05:06:32Z,raw_data_run_20260922_120424_911a9a.csv,rec_b990004cd7cb6fe5,False,MITSUBISHI XPANDER ULTIMATE 1.5 MATIC ISTIMEWA LOW KM,mitsubishi xpander ultimate 1.5 matic istimewa low km,Toyota Zenix,medium,community_context,False,,,,False,not_relevant,no_adas_keyword,,UNKNOWN,,,,,,,
rec_173de8a0d27911c6,Toyota Zenix,Toyota Zenix owners Indonesia,https://www.facebook.com/groups/921208719233043,post_1,post_1_comment_10,post_1,comment,,,,- Surat lengkap,https://www.facebook.com/groups/921208719233043,2026-09-22T05:06:36Z,raw_data_run_20260922_120424_911a9a.csv,rec_173de8a0d27911c6,False,- Surat lengkap,- surat lengkap,Toyota Zenix,medium,community_context,False,,,,False,not_relevant,no_adas_keyword,,UNKNOWN,,,,,,,
rec_fd1a25a9e7a0ae33,Toyota Zenix,Toyota Zenix owners Indonesia,https://www.facebook.com/groups/921208719233043,post_1,post_1_comment_10,post_1_comment_10,reply,,,,MITSUBISHI XPANDER ULTIMATE 1.5 MATIC ISTIMEWA LOW KM,https://www.facebook.com/groups/921208719233043,2026-09-22T05:06:41Z,raw_data_run_20260922_120424_911a9a.csv,rec_fd1a25a9e7a0ae33,False,MITSUBISHI XPANDER ULTIMATE 1.5 MATIC ISTIMEWA LOW KM,mitsubishi xpander ultimate 1.5 matic istimewa low km,Toyota Zenix,medium,community_context,False,,,,False,not_relevant,no_adas_keyword,,UNKNOWN,,,,,,,
rec_9842758abea88194,Toyota Zenix,Toyota Zenix owners Indonesia,https://www.facebook.com/groups/921208719233043,post_1,post_1_comment_11,post_1,comment,,,,- Kunci 2,https://www.facebook.com/groups/921208719233043,2026-09-22T05:06:45Z,raw_data_run_20260922_120424_911a9a.csv,rec_9842758abea88194,False,- Kunci 2,- kunci 2,Toyota Zenix,medium,community_context,False,,,,False,not_relevant,no_adas_keyword,,UNKNOWN,,,,,,,
rec_ba48367a1099ce7f,Toyota Zenix,Toyota Zenix owners Indonesia,https://www.facebook.com/groups/921208719233043,post_1,post_1_comment_11,post_1_comment_11,reply,,,,MITSUBISHI XPANDER ULTIMATE 1.5 MATIC ISTIMEWA LOW KM,https://www.facebook.com/groups/921208719233043,2026-09-22T05:06:51Z,raw_data_run_20260922_120424_911a9a.csv,rec_ba48367a1099ce7f,False,MITSUBISHI XPANDER ULTIMATE 1.5 MATIC ISTIMEWA LOW KM,mitsubishi xpander ultimate 1.5 matic istimewa low km,Toyota Zenix,medium,community_context,False,,,,False,not_relevant,no_adas_keyword,,UNKNOWN,,,,,,,
rec_ea6e011fd22d8a37,Toyota Zenix,Toyota Zenix owners Indonesia,https://www.facebook.com/groups/921208719233043,post_1,post_1_comment_12,post_1,comment,,,,- Tidak ada PR,https://www.facebook.com/groups/921208719233043,2026-09-22T05:06:56Z,raw_data_run_20260922_120424_911a9a.csv,rec_ea6e011fd22d8a37,False,- Tidak ada PR,- tidak ada pr,Toyota Zenix,medium,community_context,False,,,,False,not_relevant,no_adas_keyword,,UNKNOWN,,,,,,,
rec_6f10284a491ecea4,Toyota Zenix,Toyota Zenix owners Indonesia,https://www.facebook.com/groups/921208719233043,post_1,post_1_comment_12,post_1_comment_12,reply,,,,MITSUBISHI XPANDER ULTIMATE 1.5 MATIC ISTIMEWA LOW KM,https://www.facebook.com/groups/921208719233043,2026-09-22T05:07:01Z,raw_data_run_20260922_120424_911a9a.csv,rec_6f10284a491ecea4,False,MITSUBISHI XPANDER ULTIMATE 1.5 MATIC ISTIMEWA LOW KM,mitsubishi xpander ultimate 1.5 matic istimewa low km,Toyota Zenix,medium,community_context,False,,,,False,not_relevant,no_adas_keyword,,UNKNOWN,,,,,,,
rec_0e12daf683f40048,Toyota Zenix,Toyota Zenix owners Indonesia,https://www.facebook.com/groups/921208719233043,post_1,post_1_comment_13,post_1,comment,,,,Harga 225 Jt Nego,https://www.facebook.com/groups/921208719233043,2026-09-22T05:07:07Z,raw_data_run_20260922_120424_911a9a.csv,rec_0e12daf683f40048,False,Harga 225 Jt Nego,harga 225 jt nego,Toyota Zenix,medium,community_context,False,,,,False,not_relevant,no_adas_keyword,,UNKNOWN,,,,,,,
rec_1a4f2cf822b4d4a0,Toyota Zenix,Toyota Zenix owners Indonesia,https://www.facebook.com/groups/921208719233043,post_1,post_1_comment_13,post_1_comment_13,reply,,,,MITSUBISHI XPANDER ULTIMATE 1.5 MATIC ISTIMEWA LOW KM,https://www.facebook.com/groups/921208719233043,2026-09-22T05:07:14Z,raw_data_run_20260922_120424_911a9a.csv,rec_1a4f2cf822b4d4a0,False,MITSUBISHI XPANDER ULTIMATE 1.5 MATIC ISTIMEWA LOW KM,mitsubishi xpander ultimate 1.5 matic istimewa low km,Toyota Zenix,medium,community_context,False,,,,False,not_relevant,no_adas_keyword,,UNKNOWN,,,,,,,
rec_6ddb22098c80e701,Toyota Zenix,Toyota Zenix owners Indonesia,https://www.facebook.com/groups/921208719233043,post_1,post_1_comment_14,post_1,comment,,,,"Lokasi : Jl. Tegalsari, Kalasan, Sleman Tampilkan lebih sedikit",https://www.facebook.com/groups/921208719233043,2026-09-22T05:07:19Z,raw_data_run_20260922_120424_911a9a.csv,rec_6ddb22098c80e701,False,"Lokasi : Jl. Tegalsari, Kalasan, Sleman Tampilkan lebih sedikit","lokasi : jl. tegalsari, kalasan, sleman tampilkan lebih sedikit",Toyota Zenix,medium,community_context,False,,,,False,not_relevant,no_adas_keyword,,UNKNOWN,,,,,,,
rec_04263b8105b36a64,Toyota Zenix,Toyota Zenix owners Indonesia,https://www.facebook.com/groups/921208719233043,post_1,post_1_comment_14,post_1_comment_14,reply,,,,MITSUBISHI XPANDER ULTIMATE 1.5 MATIC ISTIMEWA LOW KM,https://www.facebook.com/groups/921208719233043,2026-09-22T05:07:24Z,raw_data_run_20260922_120424_911a9a.csv,rec_04263b8105b36a64,False,MITSUBISHI XPANDER ULTIMATE 1.5 MATIC ISTIMEWA LOW KM,mitsubishi xpander ultimate 1.5 matic istimewa low km,Toyota Zenix,medium,community_context,False,,,,False,not_relevant,no_adas_keyword,,UNKNOWN,,,,,,,
rec_6e5eb02d7ab665b2,Toyota Zenix,Toyota Zenix owners Indonesia,https://www.facebook.com/groups/921208719233043,post_1,post_1_comment_15,post_1,comment,,,,"TOYOTA ZENIX V HYBRID
Mobil hybrid masa kini yang sangat irit bahan bakar, praktis dibawa kemana saja tanpa harus dicas setrum-setrum... 
Ga ribet, praktis, super irit
More info
085295962002
#setiapsamatoyota
#toyotabesthybrid
#hybridevuntuksemua
#toyotaindonesia
#plazatoyota 
ToyotaID Tampilkan lebih sedikit",https://www.facebook.com/groups/921208719233043,2026-09-22T05:07:30Z,raw_data_run_20260922_120424_911a9a.csv,rec_6e5eb02d7ab665b2,False,"TOYOTA ZENIX V HYBRID Mobil hybrid masa kini yang sangat irit bahan bakar, praktis dibawa kemana saja tanpa harus dicas setrum-setrum... Ga ribet, praktis, super irit More info 085295962002 #setiapsamatoyota #toyotabesthybrid #hybridevuntuksemua #toyotaindonesia #plazatoyota ToyotaID Tampilkan lebih sedikit","toyota zenix v hybrid mobil hybrid masa kini yang sangat irit bahan bakar, praktis dibawa kemana saja tanpa harus dicas setrum-setrum... ga ribet, praktis, super irit more info 085295962002 #setiapsamatoyota #toyotabesthybrid #hybridevuntuksemua #toyotaindonesia #plazatoyota toyotaid tampilkan lebih sedikit",Toyota Zenix,high,explicit_text_alias_strong,False,,,,False,not_relevant,no_adas_keyword,,UNKNOWN,,,,,,,
rec_66b72ad348077acf,Toyota Zenix,Toyota Zenix owners Indonesia,https://www.facebook.com/groups/921208719233043,post_1,post_1_comment_15,post_1_comment_15,reply,,,,MITSUBISHI XPANDER ULTIMATE 1.5 MATIC ISTIMEWA LOW KM,https://www.facebook.com/groups/921208719233043,2026-09-22T05:07:37Z,raw_data_run_20260922_120424_911a9a.csv,rec_66b72ad348077acf,False,MITSUBISHI XPANDER ULTIMATE 1.5 MATIC ISTIMEWA LOW KM,mitsubishi xpander ultimate 1.5 matic istimewa low km,Toyota Zenix,medium,community_context,False,,,,False,not_relevant,no_adas_keyword,,UNKNOWN,,,,,,,
rec_2373525033e88815,Toyota Zenix,Toyota Zenix owners Indonesia,https://www.facebook.com/groups/921208719233043,post_1,post_1_comment_16,post_1,comment,,,,TOYOTA ZENIX V HYBRID,https://www.facebook.com/groups/921208719233043,2026-09-22T05:07:43Z,raw_data_run_20260922_120424_911a9a.csv,rec_2373525033e88815,False,TOYOTA ZENIX V HYBRID,toyota zenix v hybrid,Toyota Zenix,high,explicit_text_alias_strong,False,,,,False,not_relevant,no_adas_keyword,,UNKNOWN,,,,,,,
rec_01bb0535627d4e8e,Toyota Zenix,Toyota Zenix owners Indonesia,https://www.facebook.com/groups/921208719233043,post_1,post_1_comment_16,post_1_comment_16,reply,,,,MITSUBISHI XPANDER ULTIMATE 1.5 MATIC ISTIMEWA LOW KM,https://www.facebook.com/groups/921208719233043,2026-09-22T05:07:50Z,raw_data_run_20260922_120424_911a9a.csv,rec_01bb0535627d4e8e,False,MITSUBISHI XPANDER ULTIMATE 1.5 MATIC ISTIMEWA LOW KM,mitsubishi xpander ultimate 1.5 matic istimewa low km,Toyota Zenix,medium,community_context,False,,,,False,not_relevant,no_adas_keyword,,UNKNOWN,,,,,,,
rec_44139d1c39154999,Toyota Zenix,Toyota Zenix owners Indonesia,https://www.facebook.com/groups/921208719233043,post_1,post_1_comment_17,post_1,comment,,,,"Mobil hybrid masa kini yang sangat irit bahan bakar, praktis dibawa kemana saja tanpa harus dicas setrum-setrum...",https://www.facebook.com/groups/921208719233043,2026-09-22T05:07:55Z,raw_data_run_20260922_120424_911a9a.csv,rec_44139d1c39154999,False,"Mobil hybrid masa kini yang sangat irit bahan bakar, praktis dibawa kemana saja tanpa harus dicas setrum-setrum...","mobil hybrid masa kini yang sangat irit bahan bakar, praktis dibawa kemana saja tanpa harus dicas setrum-setrum...",Toyota Zenix,medium,community_context,False,,,,False,not_relevant,no_adas_keyword,,UNKNOWN,,,,,,,
rec_c94236f64c6ae657,Toyota Zenix,Toyota Zenix owners Indonesia,https://www.facebook.com/groups/921208719233043,post_1,post_1_comment_17,post_1_comment_17,reply,,,,MITSUBISHI XPANDER ULTIMATE 1.5 MATIC ISTIMEWA LOW KM,https://www.facebook.com/groups/921208719233043,2026-09-22T05:08:00Z,raw_data_run_20260922_120424_911a9a.csv,rec_c94236f64c6ae657,False,MITSUBISHI XPANDER ULTIMATE 1.5 MATIC ISTIMEWA LOW KM,mitsubishi xpander ultimate 1.5 matic istimewa low km,Toyota Zenix,medium,community_context,False,,,,False,not_relevant,no_adas_keyword,,UNKNOWN,,,,,,,
rec_4d393e992f2c834d,Toyota Zenix,Toyota Zenix owners Indonesia,https://www.facebook.com/groups/921208719233043,post_1,post_1_comment_18,post_1,comment,,,,"Ga ribet, praktis, super irit",https://www.facebook.com/groups/921208719233043,2026-09-22T05:08:05Z,raw_data_run_20260922_120424_911a9a.csv,rec_4d393e992f2c834d,False,"Ga ribet, praktis, super irit","ga ribet, praktis, super irit",Toyota Zenix,medium,community_context,False,,,,False,not_relevant,no_adas_keyword,,UNKNOWN,,,,,,,
rec_f120a09429249bb5,Toyota Zenix,Toyota Zenix owners Indonesia,https://www.facebook.com/groups/921208719233043,post_1,post_1_comment_18,post_1_comment_18,reply,,,,MITSUBISHI XPANDER ULTIMATE 1.5 MATIC ISTIMEWA LOW KM,https://www.facebook.com/groups/921208719233043,2026-09-22T05:08:11Z,raw_data_run_20260922_120424_911a9a.csv,rec_f120a09429249bb5,False,MITSUBISHI XPANDER ULTIMATE 1.5 MATIC ISTIMEWA LOW KM,mitsubishi xpander ultimate 1.5 matic istimewa low km,Toyota Zenix,medium,community_context,False,,,,False,not_relevant,no_adas_keyword,,UNKNOWN,,,,,,,
rec_0de33cb88dd72fb3,Toyota Zenix,Toyota Zenix owners Indonesia,https://www.facebook.com/groups/921208719233043,post_1,post_1_comment_19,post_1,comment,,,,More info,https://www.facebook.com/groups/921208719233043,2026-09-22T05:08:16Z,raw_data_run_20260922_120424_911a9a.csv,rec_0de33cb88dd72fb3,False,More info,more info,Toyota Zenix,medium,community_context,False,,,,False,not_relevant,no_adas_keyword,,UNKNOWN,,,,,,,
rec_fbe876838b1ce7ab,Toyota Zenix,Toyota Zenix owners Indonesia,https://www.facebook.com/groups/921208719233043,post_1,post_1_comment_19,post_1_comment_19,reply,,,,MITSUBISHI XPANDER ULTIMATE 1.5 MATIC ISTIMEWA LOW KM,https://www.facebook.com/groups/921208719233043,2026-09-22T05:08:22Z,raw_data_run_20260922_120424_911a9a.csv,rec_fbe876838b1ce7ab,False,MITSUBISHI XPANDER ULTIMATE 1.5 MATIC ISTIMEWA LOW KM,mitsubishi xpander ultimate 1.5 matic istimewa low km,Toyota Zenix,medium,community_context,False,,,,False,not_relevant,no_adas_keyword,,UNKNOWN,,,,,,,
rec_11cf208ff67b50f9,Toyota Zenix,Toyota Zenix owners Indonesia,https://www.facebook.com/groups/921208719233043,post_1,post_1_comment_20,post_1,comment,,,,#setiapsamatoyota,https://www.facebook.com/groups/921208719233043,2026-09-22T05:08:29Z,raw_data_run_20260922_120424_911a9a.csv,rec_11cf208ff67b50f9,False,#setiapsamatoyota,#setiapsamatoyota,Toyota Zenix,medium,community_context,False,,,,False,not_relevant,no_adas_keyword,,UNKNOWN,,,,,,,
rec_11a473becfca2a75,Toyota Zenix,Toyota Zenix owners Indonesia,https://www.facebook.com/groups/921208719233043,post_1,post_1_comment_20,post_1_comment_20,reply,,,,MITSUBISHI XPANDER ULTIMATE 1.5 MATIC ISTIMEWA LOW KM,https://www.facebook.com/groups/921208719233043,2026-09-22T05:08:36Z,raw_data_run_20260922_120424_911a9a.csv,rec_11a473becfca2a75,False,MITSUBISHI XPANDER ULTIMATE 1.5 MATIC ISTIMEWA LOW KM,mitsubishi xpander ultimate 1.5 matic istimewa low km,Toyota Zenix,medium,community_context,False,,,,False,not_relevant,no_adas_keyword,,UNKNOWN,,,,,,,
rec_85eafe8f5ae599d7,Toyota Zenix,Toyota Zenix owners Indonesia,https://www.facebook.com/groups/921208719233043,post_1,post_1_comment_21,post_1,comment,,,,#toyotabesthybrid,https://www.facebook.com/groups/921208719233043,2026-09-22T05:08:42Z,raw_data_run_20260922_120424_911a9a.csv,rec_85eafe8f5ae599d7,False,#toyotabesthybrid,#toyotabesthybrid,Toyota Zenix,medium,community_context,False,,,,False,not_relevant,no_adas_keyword,,UNKNOWN,,,,,,,
rec_318c637447ef94f0,Toyota Zenix,Toyota Zenix owners Indonesia,https://www.facebook.com/groups/921208719233043,post_1,post_1_comment_21,post_1_comment_21,reply,,,,MITSUBISHI XPANDER ULTIMATE 1.5 MATIC ISTIMEWA LOW KM,https://www.facebook.com/groups/921208719233043,2026-09-22T05:08:55Z,raw_data_run_20260922_120424_911a9a.csv,rec_318c637447ef94f0,False,MITSUBISHI XPANDER ULTIMATE 1.5 MATIC ISTIMEWA LOW KM,mitsubishi xpander ultimate 1.5 matic istimewa low km,Toyota Zenix,medium,community_context,False,,,,False,not_relevant,no_adas_keyword,,UNKNOWN,,,,,,,
rec_d684075d344f6825,Toyota Zenix,Toyota Zenix owners Indonesia,https://www.facebook.com/groups/921208719233043,post_1,post_1_comment_22,post_1,comment,,,,#hybridevuntuksemua,https://www.facebook.com/groups/921208719233043,2026-09-22T05:09:02Z,raw_data_run_20260922_120424_911a9a.csv,rec_d684075d344f6825,False,#hybridevuntuksemua,#hybridevuntuksemua,Toyota Zenix,medium,community_context,False,,,,False,not_relevant,no_adas_keyword,,UNKNOWN,,,,,,,
rec_ea423634ab785f97,Toyota Zenix,Toyota Zenix owners Indonesia,https://www.facebook.com/groups/921208719233043,post_1,post_1_comment_22,post_1_comment_22,reply,,,,MITSUBISHI XPANDER ULTIMATE 1.5 MATIC ISTIMEWA LOW KM,https://www.facebook.com/groups/921208719233043,2026-09-22T05:09:09Z,raw_data_run_20260922_120424_911a9a.csv,rec_ea423634ab785f97,False,MITSUBISHI XPANDER ULTIMATE 1.5 MATIC ISTIMEWA LOW KM,mitsubishi xpander ultimate 1.5 matic istimewa low km,Toyota Zenix,medium,community_context,False,,,,False,not_relevant,no_adas_keyword,,UNKNOWN,,,,,,,
rec_78327c1edfc2eace,Toyota Zenix,Toyota Zenix owners Indonesia,https://www.facebook.com/groups/921208719233043,post_1,post_1_comment_23,post_1,comment,,,,#toyotaindonesia,https://www.facebook.com/groups/921208719233043,2026-09-22T05:09:17Z,raw_data_run_20260922_120424_911a9a.csv,rec_78327c1edfc2eace,False,#toyotaindonesia,#toyotaindonesia,Toyota Zenix,medium,community_context,False,,,,False,not_relevant,no_adas_keyword,,UNKNOWN,,,,,,,
rec_925b2305a41c8cfb,Toyota Zenix,Toyota Zenix owners Indonesia,https://www.facebook.com/groups/921208719233043,post_1,post_1_comment_23,post_1_comment_23,reply,,,,MITSUBISHI XPANDER ULTIMATE 1.5 MATIC ISTIMEWA LOW KM,https://www.facebook.com/groups/921208719233043,2026-09-22T05:09:24Z,raw_data_run_20260922_120424_911a9a.csv,rec_925b2305a41c8cfb,False,MITSUBISHI XPANDER ULTIMATE 1.5 MATIC ISTIMEWA LOW KM,mitsubishi xpander ultimate 1.5 matic istimewa low km,Toyota Zenix,medium,community_context,False,,,,False,not_relevant,no_adas_keyword,,UNKNOWN,,,,,,,
rec_44b4c15e216da285,Toyota Zenix,Toyota Zenix owners Indonesia,https://www.facebook.com/groups/921208719233043,post_1,post_1_comment_24,post_1,comment,,,,#plazatoyota,https://www.facebook.com/groups/921208719233043,2026-09-22T05:09:29Z,raw_data_run_20260922_120424_911a9a.csv,rec_44b4c15e216da285,False,#plazatoyota,#plazatoyota,Toyota Zenix,medium,community_context,False,,,,False,not_relevant,no_adas_keyword,,UNKNOWN,,,,,,,
rec_43c2ee546831ac9c,Toyota Zenix,Toyota Zenix owners Indonesia,https://www.facebook.com/groups/921208719233043,post_1,post_1_comment_24,post_1_comment_24,reply,,,,MITSUBISHI XPANDER ULTIMATE 1.5 MATIC ISTIMEWA LOW KM,https://www.facebook.com/groups/921208719233043,2026-09-22T05:09:38Z,raw_data_run_20260922_120424_911a9a.csv,rec_43c2ee546831ac9c,False,MITSUBISHI XPANDER ULTIMATE 1.5 MATIC ISTIMEWA LOW KM,mitsubishi xpander ultimate 1.5 matic istimewa low km,Toyota Zenix,medium,community_context,False,,,,False,not_relevant,no_adas_keyword,,UNKNOWN,,,,,,,
rec_4507babc4d39e820,Toyota Zenix,Toyota Zenix owners Indonesia,https://www.facebook.com/groups/921208719233043,post_1,post_1_comment_25,post_1,comment,,,,ToyotaID Tampilkan lebih sedikit,https://www.facebook.com/groups/921208719233043,2026-09-22T05:09:43Z,raw_data_run_20260922_120424_911a9a.csv,rec_4507babc4d39e820,False,ToyotaID Tampilkan lebih sedikit,toyotaid tampilkan lebih sedikit,Toyota Zenix,medium,community_context,False,,,,False,not_relevant,no_adas_keyword,,UNKNOWN,,,,,,,
rec_975ea5403dbdbac2,Toyota Zenix,Toyota Zenix owners Indonesia,https://www.facebook.com/groups/921208719233043,post_1,post_1_comment_25,post_1_comment_25,reply,,,,MITSUBISHI XPANDER ULTIMATE 1.5 MATIC ISTIMEWA LOW KM,https://www.facebook.com/groups/921208719233043,2026-09-22T05:09:49Z,raw_data_run_20260922_120424_911a9a.csv,rec_975ea5403dbdbac2,False,MITSUBISHI XPANDER ULTIMATE 1.5 MATIC ISTIMEWA LOW KM,mitsubishi xpander ultimate 1.5 matic istimewa low km,Toyota Zenix,medium,community_context,False,,,,False,not_relevant,no_adas_keyword,,UNKNOWN,,,,,,,
rec_3a2e5dc910985516,Toyota Zenix,Toyota Zenix owners Indonesia,https://www.facebook.com/groups/921208719233043,post_1,post_1_comment_26,post_1,comment,,,,Asalamualaikum,https://www.facebook.com/groups/921208719233043,2026-09-22T05:09:53Z,raw_data_run_20260922_120424_911a9a.csv,rec_3a2e5dc910985516,False,Asalamualaikum,asalamualaikum,Toyota Zenix,medium,community_context,False,,,,False,not_relevant,no_adas_keyword,,UNKNOWN,,,,,,,
rec_29aa9f80d4fb1c04,Toyota Zenix,Toyota Zenix owners Indonesia,https://www.facebook.com/groups/921208719233043,post_1,post_1_comment_26,post_1_comment_26,reply,,,,MITSUBISHI XPANDER ULTIMATE 1.5 MATIC ISTIMEWA LOW KM,https://www.facebook.com/groups/921208719233043,2026-09-22T05:09:58Z,raw_data_run_20260922_120424_911a9a.csv,rec_29aa9f80d4fb1c04,False,MITSUBISHI XPANDER ULTIMATE 1.5 MATIC ISTIMEWA LOW KM,mitsubishi xpander ultimate 1.5 matic istimewa low km,Toyota Zenix,medium,community_context,False,,,,False,not_relevant,no_adas_keyword,,UNKNOWN,,,,,,,
rec_7dc4c03a4dbade12,Toyota Zenix,Toyota Zenix owners Indonesia,https://www.facebook.com/groups/921208719233043,post_1,post_1_comment_27,post_1,comment,,,,Ijin jual ban Michelin primacy 4,https://www.facebook.com/groups/921208719233043,2026-09-22T05:10:03Z,raw_data_run_20260922_120424_911a9a.csv,rec_7dc4c03a4dbade12,False,Ijin jual ban Michelin primacy 4,ijin jual ban michelin primacy 4,Toyota Zenix,medium,community_context,False,,,,False,not_relevant,no_adas_keyword,,UNKNOWN,,,,,,,
rec_a32a30f7cb944d75,Toyota Zenix,Toyota Zenix owners Indonesia,https://www.facebook.com/groups/921208719233043,post_1,post_1_comment_27,post_1_comment_27,reply,,,,MITSUBISHI XPANDER ULTIMATE 1.5 MATIC ISTIMEWA LOW KM,https://www.facebook.com/groups/921208719233043,2026-09-22T05:10:18Z,raw_data_run_20260922_120424_911a9a.csv,rec_a32a30f7cb944d75,False,MITSUBISHI XPANDER ULTIMATE 1.5 MATIC ISTIMEWA LOW KM,mitsubishi xpander ultimate 1.5 matic istimewa low km,Toyota Zenix,medium,community_context,False,,,,False,not_relevant,no_adas_keyword,,UNKNOWN,,,,,,,
rec_2c303f0ec248b2aa,Toyota Zenix,Toyota Zenix owners Indonesia,https://www.facebook.com/groups/921208719233043,post_1,post_1_comment_28,post_1,comment,,,,"-215/55 Ring 17 , 2024",https://www.facebook.com/groups/921208719233043,2026-09-22T05:10:22Z,raw_data_run_20260922_120424_911a9a.csv,rec_2c303f0ec248b2aa,False,"-215/55 Ring 17 , 2024","-215/55 ring 17 , 2024",Toyota Zenix,medium,community_context,False,,,,False,not_relevant,no_adas_keyword,,UNKNOWN,,,,,,,
rec_0fd17dc65ac94ba3,Toyota Zenix,Toyota Zenix owners Indonesia,https://www.facebook.com/groups/921208719233043,post_1,post_1_comment_28,post_1_comment_28,reply,,,,MITSUBISHI XPANDER ULTIMATE 1.5 MATIC ISTIMEWA LOW KM,https://www.facebook.com/groups/921208719233043,2026-09-22T05:10:29Z,raw_data_run_20260922_120424_911a9a.csv,rec_0fd17dc65ac94ba3,False,MITSUBISHI XPANDER ULTIMATE 1.5 MATIC ISTIMEWA LOW KM,mitsubishi xpander ultimate 1.5 matic istimewa low km,Toyota Zenix,medium,community_context,False,,,,False,not_relevant,no_adas_keyword,,UNKNOWN,,,,,,,
rec_41d6236ff712c8b4,Toyota Zenix,Toyota Zenix owners Indonesia,https://www.facebook.com/groups/921208719233043,post_1,post_1_comment_29,post_1,comment,,,,-Melayani pengiriman luar dan dalam kota,https://www.facebook.com/groups/921208719233043,2026-09-22T05:10:33Z,raw_data_run_20260922_120424_911a9a.csv,rec_41d6236ff712c8b4,False,-Melayani pengiriman luar dan dalam kota,-melayani pengiriman luar dan dalam kota,Toyota Zenix,medium,community_context,False,,,,False,not_relevant,no_adas_keyword,,UNKNOWN,,,,,,,
rec_fa41487ae19c768c,Toyota Zenix,Toyota Zenix owners Indonesia,https://www.facebook.com/groups/921208719233043,post_1,post_1_comment_29,post_1_comment_29,reply,,,,MITSUBISHI XPANDER ULTIMATE 1.5 MATIC ISTIMEWA LOW KM,https://www.facebook.com/groups/921208719233043,2026-09-22T05:10:39Z,raw_data_run_20260922_120424_911a9a.csv,rec_fa41487ae19c768c,False,MITSUBISHI XPANDER ULTIMATE 1.5 MATIC ISTIMEWA LOW KM,mitsubishi xpander ultimate 1.5 matic istimewa low km,Toyota Zenix,medium,community_context,False,,,,False,not_relevant,no_adas_keyword,,UNKNOWN,,,,,,,
rec_4e4923c74fe019b6,Toyota Zenix,Toyota Zenix owners Indonesia,https://www.facebook.com/groups/921208719233043,post_1,post_1_comment_30,post_1,comment,,,,-Terpercaya dalam berbisnis,https://www.facebook.com/groups/921208719233043,2026-09-22T05:10:44Z,raw_data_run_20260922_120424_911a9a.csv,rec_4e4923c74fe019b6,False,-Terpercaya dalam berbisnis,-terpercaya dalam berbisnis,Toyota Zenix,medium,community_context,False,,,,False,not_relevant,no_adas_keyword,,UNKNOWN,,,,,,,
rec_b6d6ec00c9679fa0,Toyota Zenix,Toyota Zenix owners Indonesia,https://www.facebook.com/groups/921208719233043,post_1,post_1_comment_30,post_1_comment_30,reply,,,,MITSUBISHI XPANDER ULTIMATE 1.5 MATIC ISTIMEWA LOW KM,https://www.facebook.com/groups/921208719233043,2026-09-22T05:10:50Z,raw_data_run_20260922_120424_911a9a.csv,rec_b6d6ec00c9679fa0,False,MITSUBISHI XPANDER ULTIMATE 1.5 MATIC ISTIMEWA LOW KM,mitsubishi xpander ultimate 1.5 matic istimewa low km,Toyota Zenix,medium,community_context,False,,,,False,not_relevant,no_adas_keyword,,UNKNOWN,,,,,,,
rec_cee0f5245ada76cd,Toyota Zenix,Toyota Zenix owners Indonesia,https://www.facebook.com/groups/921208719233043,post_1,post_1_comment_31,post_1,comment,,,,"kondisinya masih 95% belum ada tambelan, benjolan dan tapak kembang nya masih rata semua.",https://www.facebook.com/groups/921208719233043,2026-09-22T05:10:55Z,raw_data_run_20260922_120424_911a9a.csv,rec_cee0f5245ada76cd,False,"kondisinya masih 95% belum ada tambelan, benjolan dan tapak kembang nya masih rata semua.","kondisinya masih 95% belum ada tambelan, benjolan dan tapak kembang nya masih rata semua.",Toyota Zenix,medium,community_context,False,,,,False,not_relevant,no_adas_keyword,,UNKNOWN,,,,,,,
rec_40f257abda54c5df,Toyota Zenix,Toyota Zenix owners Indonesia,https://www.facebook.com/groups/921208719233043,post_1,post_1_comment_31,post_1_comment_31,reply,,,,MITSUBISHI XPANDER ULTIMATE 1.5 MATIC ISTIMEWA LOW KM,https://www.facebook.com/groups/921208719233043,2026-09-22T05:11:01Z,raw_data_run_20260922_120424_911a9a.csv,rec_40f257abda54c5df,False,MITSUBISHI XPANDER ULTIMATE 1.5 MATIC ISTIMEWA LOW KM,mitsubishi xpander ultimate 1.5 matic istimewa low km,Toyota Zenix,medium,community_context,False,,,,False,not_relevant,no_adas_keyword,,UNKNOWN,,,,,,,
rec_fad0bb231d211370,Toyota Zenix,Toyota Zenix owners Indonesia,https://www.facebook.com/groups/921208719233043,post_1,post_1_comment_32,post_1,comment,,,,Bisa hubungi nomer WA kita ya,https://www.facebook.com/groups/921208719233043,2026-09-22T05:11:06Z,raw_data_run_20260922_120424_911a9a.csv,rec_fad0bb231d211370,False,Bisa hubungi nomer WA kita ya,bisa hubungi nomer wa kita ya,Toyota Zenix,medium,community_context,False,,,,False,not_relevant,no_adas_keyword,,UNKNOWN,,,,,,,
rec_5dc82d4c986484d2,Toyota Zenix,Toyota Zenix owners Indonesia,https://www.facebook.com/groups/921208719233043,post_1,post_1_comment_32,post_1_comment_32,reply,,,,MITSUBISHI XPANDER ULTIMATE 1.5 MATIC ISTIMEWA LOW KM,https://www.facebook.com/groups/921208719233043,2026-09-22T05:11:11Z,raw_data_run_20260922_120424_911a9a.csv,rec_5dc82d4c986484d2,False,MITSUBISHI XPANDER ULTIMATE 1.5 MATIC ISTIMEWA LOW KM,mitsubishi xpander ultimate 1.5 matic istimewa low km,Toyota Zenix,medium,community_context,False,,,,False,not_relevant,no_adas_keyword,,UNKNOWN,,,,,,,
rec_9c575a1d0ab25a0e,Toyota Zenix,Toyota Zenix owners Indonesia,https://www.facebook.com/groups/921208719233043,post_1,post_1_comment_33,post_1,comment,,,,Bismillah..,https://www.facebook.com/groups/921208719233043,2026-09-22T05:11:17Z,raw_data_run_20260922_120424_911a9a.csv,rec_9c575a1d0ab25a0e,False,Bismillah..,bismillah..,Toyota Zenix,medium,community_context,False,,,,False,not_relevant,no_adas_keyword,,UNKNOWN,,,,,,,
rec_43cf8a2c06154ed8,Toyota Zenix,Toyota Zenix owners Indonesia,https://www.facebook.com/groups/921208719233043,post_1,post_1_comment_33,post_1_comment_33,reply,,,,Selamat datang Zenixer... Silahkan berbagi pengalaman dan pengetahuan anda tentang Toyota Zenix di Grup ini,https://www.facebook.com/groups/921208719233043,2026-09-22T05:11:24Z,raw_data_run_20260922_120424_911a9a.csv,rec_43cf8a2c06154ed8,False,Selamat datang Zenixer... Silahkan berbagi pengalaman dan pengetahuan anda tentang Toyota Zenix di Grup ini,selamat datang zenixer... silahkan berbagi pengalaman dan pengetahuan anda tentang toyota zenix di grup ini,Toyota Zenix,high,explicit_text_alias_strong,False,,,,False,not_relevant,no_adas_keyword,,UNKNOWN,,,,,,,
rec_bb5aa6f81dc2e9d2,Toyota Zenix,Toyota Zenix owners Indonesia,https://www.facebook.com/groups/921208719233043,post_1,post_1_comment_34,post_1,comment,,,,Izin berniaga ya om admin..,https://www.facebook.com/groups/921208719233043,2026-09-22T05:11:32Z,raw_data_run_20260922_120424_911a9a.csv,rec_bb5aa6f81dc2e9d2,False,Izin berniaga ya om admin..,izin berniaga ya om admin..,Toyota Zenix,medium,community_context,False,,,,False,not_relevant,no_adas_keyword,,UNKNOWN,,,,,,,
rec_bf8dbe30479e2ea1,Toyota Zenix,Toyota Zenix owners Indonesia,https://www.facebook.com/groups/921208719233043,post_1,post_1_comment_34,post_1_comment_34,reply,,,,Selamat datang Zenixer... Silahkan berbagi pengalaman dan pengetahuan anda tentang Toyota Zenix di Grup ini,https://www.facebook.com/groups/921208719233043,2026-09-22T05:11:38Z,raw_data_run_20260922_120424_911a9a.csv,rec_bf8dbe30479e2ea1,False,Selamat datang Zenixer... Silahkan berbagi pengalaman dan pengetahuan anda tentang Toyota Zenix di Grup ini,selamat datang zenixer... silahkan berbagi pengalaman dan pengetahuan anda tentang toyota zenix di grup ini,Toyota Zenix,high,explicit_text_alias_strong,False,,,,False,not_relevant,no_adas_keyword,,UNKNOWN,,,,,,,
rec_fc897e447a476313,Toyota Zenix,Toyota Zenix owners Indonesia,https://www.facebook.com/groups/921208719233043,post_1,post_1_comment_35,post_1,comment,,,,Filter Udara Stainless Steel FERROX Toyota Innova Zenix Hybrid/Non-Hybrid,https://www.facebook.com/groups/921208719233043,2026-09-22T05:11:46Z,raw_data_run_20260922_120424_911a9a.csv,rec_fc897e447a476313,False,Filter Udara Stainless Steel FERROX Toyota Innova Zenix Hybrid/Non-Hybrid,filter udara stainless steel ferrox toyota innova zenix hybrid/non-hybrid,Toyota Zenix,high,explicit_text_alias_strong,False,,,,False,not_relevant,no_adas_keyword,,UNKNOWN,,,,,,,
rec_1d82dac69ae28358,Toyota Zenix,Toyota Zenix owners Indonesia,https://www.facebook.com/groups/921208719233043,post_1,post_1_comment_35,post_1_comment_35,reply,,,,MITSUBISHI XPANDER ULTIMATE 1.5 MATIC ISTIMEWA LOW KM,https://www.facebook.com/groups/921208719233043,2026-09-22T05:11:52Z,raw_data_run_20260922_120424_911a9a.csv,rec_1d82dac69ae28358,False,MITSUBISHI XPANDER ULTIMATE 1.5 MATIC ISTIMEWA LOW KM,mitsubishi xpander ultimate 1.5 matic istimewa low km,Toyota Zenix,medium,community_context,False,,,,False,not_relevant,no_adas_keyword,,UNKNOWN,,,,,,,
rec_e267ba78e837bc0b,Toyota Zenix,Toyota Zenix owners Indonesia,https://www.facebook.com/groups/921208719233043,post_1,post_1_comment_36,post_1,comment,,,,Shopee : https://s.shopee.co.id/10iF6QYZal,https://www.facebook.com/groups/921208719233043,2026-09-22T05:11:59Z,raw_data_run_20260922_120424_911a9a.csv,rec_e267ba78e837bc0b,False,Shopee : [url],shopee : [url],Toyota Zenix,medium,community_context,False,,,,False,not_relevant,no_adas_keyword,,UNKNOWN,,,,,,,
rec_edf58f81743ccef4,Toyota Zenix,Toyota Zenix owners Indonesia,https://www.facebook.com/groups/921208719233043,post_1,post_1_comment_36,post_1_comment_36,reply,,,,MITSUBISHI XPANDER ULTIMATE 1.5 MATIC ISTIMEWA LOW KM,https://www.facebook.com/groups/921208719233043,2026-09-22T05:12:08Z,raw_data_run_20260922_120424_911a9a.csv,rec_edf58f81743ccef4,False,MITSUBISHI XPANDER ULTIMATE 1.5 MATIC ISTIMEWA LOW KM,mitsubishi xpander ultimate 1.5 matic istimewa low km,Toyota Zenix,medium,community_context,False,,,,False,not_relevant,no_adas_keyword,,UNKNOWN,,,,,,,
rec_cc15e57926271807,Toyota Zenix,Toyota Zenix owners Indonesia,https://www.facebook.com/groups/921208719233043,post_1,post_1_comment_37,post_1,comment,,,,Toco : https://toco.id/link/2iMN3o7rbtKPkRPsK4Pi7B,https://www.facebook.com/groups/921208719233043,2026-09-22T05:12:13Z,raw_data_run_20260922_120424_911a9a.csv,rec_cc15e57926271807,False,Toco : [url],toco : [url],Toyota Zenix,medium,community_context,False,,,,False,not_relevant,no_adas_keyword,,UNKNOWN,,,,,,,
rec_8bd932b204ef047d,Toyota Zenix,Toyota Zenix owners Indonesia,https://www.facebook.com/groups/921208719233043,post_1,post_1_comment_37,post_1_comment_37,reply,,,,MITSUBISHI XPANDER ULTIMATE 1.5 MATIC ISTIMEWA LOW KM,https://www.facebook.com/groups/921208719233043,2026-09-22T05:12:21Z,raw_data_run_20260922_120424_911a9a.csv,rec_8bd932b204ef047d,False,MITSUBISHI XPANDER ULTIMATE 1.5 MATIC ISTIMEWA LOW KM,mitsubishi xpander ultimate 1.5 matic istimewa low km,Toyota Zenix,medium,community_context,False,,,,False,not_relevant,no_adas_keyword,,UNKNOWN,,,,,,,
rec_4b165703c284e303,Toyota Zenix,Toyota Zenix owners Indonesia,https://www.facebook.com/groups/921208719233043,post_1,post_1_comment_38,post_1,comment,,,,Tokopedia : https://www.tokopedia.com/.../filter-udara-ferrox-toyota...,https://www.facebook.com/groups/921208719233043,2026-09-22T05:12:27Z,raw_data_run_20260922_120424_911a9a.csv,rec_4b165703c284e303,False,Tokopedia : [url],tokopedia : [url],Toyota Zenix,medium,community_context,False,,,,False,not_relevant,no_adas_keyword,,UNKNOWN,,,,,,,
rec_189a754ae578d73e,Toyota Zenix,Toyota Zenix owners Indonesia,https://www.facebook.com/groups/921208719233043,post_1,post_1_comment_38,post_1_comment_38,reply,,,,MITSUBISHI XPANDER ULTIMATE 1.5 MATIC ISTIMEWA LOW KM,https://www.facebook.com/groups/921208719233043,2026-09-22T05:12:32Z,raw_data_run_20260922_120424_911a9a.csv,rec_189a754ae578d73e,False,MITSUBISHI XPANDER ULTIMATE 1.5 MATIC ISTIMEWA LOW KM,mitsubishi xpander ultimate 1.5 matic istimewa low km,Toyota Zenix,medium,community_context,False,,,,False,not_relevant,no_adas_keyword,,UNKNOWN,,,,,,,
rec_38a66d0c7d2657d2,Toyota Zenix,Toyota Zenix owners Indonesia,https://www.facebook.com/groups/921208719233043,post_1,post_1_comment_39,post_1,comment,,,,KELEBIHAN :,https://www.facebook.com/groups/921208719233043,2026-09-22T05:12:37Z,raw_data_run_20260922_120424_911a9a.csv,rec_38a66d0c7d2657d2,False,KELEBIHAN :,kelebihan :,Toyota Zenix,medium,community_context,False,,,,False,not_relevant,no_adas_keyword,,UNKNOWN,,,,,,,
rec_a7f24354c00e6cb7,Toyota Zenix,Toyota Zenix owners Indonesia,https://www.facebook.com/groups/921208719233043,post_1,post_1_comment_39,post_1_comment_39,reply,,,,MITSUBISHI XPANDER ULTIMATE 1.5 MATIC ISTIMEWA LOW KM,https://www.facebook.com/groups/921208719233043,2026-09-22T05:12:44Z,raw_data_run_20260922_120424_911a9a.csv,rec_a7f24354c00e6cb7,False,MITSUBISHI XPANDER ULTIMATE 1.5 MATIC ISTIMEWA LOW KM,mitsubishi xpander ultimate 1.5 matic istimewa low km,Toyota Zenix,medium,community_context,False,,,,False,not_relevant,no_adas_keyword,,UNKNOWN,,,,,,,
rec_541de7c749a2b88d,Toyota Zenix,Toyota Zenix owners Indonesia,https://www.facebook.com/groups/921208719233043,post_1,post_1_comment_40,post_1,comment,,,,1. Tenaga dan torsi naik secara instant.,https://www.facebook.com/groups/921208719233043,2026-09-22T05:12:50Z,raw_data_run_20260922_120424_911a9a.csv,rec_541de7c749a2b88d,False,1. Tenaga dan torsi naik secara instant.,1. tenaga dan torsi naik secara instant.,Toyota Zenix,medium,community_context,False,,,,False,not_relevant,no_adas_keyword,,UNKNOWN,,,,,,,
rec_cede324d26ba4959,Toyota Zenix,Toyota Zenix owners Indonesia,https://www.facebook.com/groups/921208719233043,post_1,post_1_comment_40,post_1_comment_40,reply,,,,MITSUBISHI XPANDER ULTIMATE 1.5 MATIC ISTIMEWA LOW KM,https://www.facebook.com/groups/921208719233043,2026-09-22T05:12:56Z,raw_data_run_20260922_120424_911a9a.csv,rec_cede324d26ba4959,False,MITSUBISHI XPANDER ULTIMATE 1.5 MATIC ISTIMEWA LOW KM,mitsubishi xpander ultimate 1.5 matic istimewa low km,Toyota Zenix,medium,community_context,False,,,,False,not_relevant,no_adas_keyword,,UNKNOWN,,,,,,,
rec_d7fe415652074039,Toyota Zenix,Toyota Zenix owners Indonesia,https://www.facebook.com/groups/921208719233043,post_1,post_1_comment_41,post_1,comment,,,,2. Gak perlu ganti filter udara lagi. Tinggal dibersihkan rutin aja. Tiup dengan kompressor udara atau cuci sikat dengan sabun.,https://www.facebook.com/groups/921208719233043,2026-09-22T05:13:01Z,raw_data_run_20260922_120424_911a9a.csv,rec_d7fe415652074039,False,2. Gak perlu ganti filter udara lagi. Tinggal dibersihkan rutin aja. Tiup dengan kompressor udara atau cuci sikat dengan sabun.,2. gak perlu ganti filter udara lagi. tinggal dibersihkan rutin aja. tiup dengan kompressor udara atau cuci sikat dengan sabun.,Toyota Zenix,medium,community_context,False,,,,False,not_relevant,no_adas_keyword,,UNKNOWN,,,,,,,
rec_c5749b22ecf1a054,Toyota Zenix,Toyota Zenix owners Indonesia,https://www.facebook.com/groups/921208719233043,post_1,post_1_comment_41,post_1_comment_41,reply,,,,MITSUBISHI XPANDER ULTIMATE 1.5 MATIC ISTIMEWA LOW KM,https://www.facebook.com/groups/921208719233043,2026-09-22T05:13:07Z,raw_data_run_20260922_120424_911a9a.csv,rec_c5749b22ecf1a054,False,MITSUBISHI XPANDER ULTIMATE 1.5 MATIC ISTIMEWA LOW KM,mitsubishi xpander ultimate 1.5 matic istimewa low km,Toyota Zenix,medium,community_context,False,,,,False,not_relevant,no_adas_keyword,,UNKNOWN,,,,,,,
rec_a6b3aea804c3ed5d,Toyota Zenix,Toyota Zenix owners Indonesia,https://www.facebook.com/groups/921208719233043,post_1,post_1_comment_42,post_1,comment,,,,"3. Pembakaran lebih optimal, BBM secara tidak langsung jadi lebih efisien.",https://www.facebook.com/groups/921208719233043,2026-09-22T05:13:13Z,raw_data_run_20260922_120424_911a9a.csv,rec_a6b3aea804c3ed5d,False,"3. Pembakaran lebih optimal, BBM secara tidak langsung jadi lebih efisien.","3. pembakaran lebih optimal, bbm secara tidak langsung jadi lebih efisien.",Toyota Zenix,medium,community_context,False,,,,False,not_relevant,no_adas_keyword,,UNKNOWN,,,,,,,
rec_a5f08cb6fd0062be,Toyota Zenix,Toyota Zenix owners Indonesia,https://www.facebook.com/groups/921208719233043,post_1,post_1_comment_42,post_1_comment_42,reply,,,,MITSUBISHI XPANDER ULTIMATE 1.5 MATIC ISTIMEWA LOW KM,https://www.facebook.com/groups/921208719233043,2026-09-22T05:13:19Z,raw_data_run_20260922_120424_911a9a.csv,rec_a5f08cb6fd0062be,False,MITSUBISHI XPANDER ULTIMATE 1.5 MATIC ISTIMEWA LOW KM,mitsubishi xpander ultimate 1.5 matic istimewa low km,Toyota Zenix,medium,community_context,False,,,,False,not_relevant,no_adas_keyword,,UNKNOWN,,,,,,,
rec_81b880ef14079674,Toyota Zenix,Toyota Zenix owners Indonesia,https://www.facebook.com/groups/921208719233043,post_1,post_1_comment_43,post_1,comment,,,,========================================,https://www.facebook.com/groups/921208719233043,2026-09-22T05:13:24Z,raw_data_run_20260922_120424_911a9a.csv,rec_81b880ef14079674,False,========================================,========================================,Toyota Zenix,medium,community_context,False,,,,False,not_relevant,no_adas_keyword,,UNKNOWN,,,,,,,
rec_2ae893056b5a0f8b,Toyota Zenix,Toyota Zenix owners Indonesia,https://www.facebook.com/groups/921208719233043,post_1,post_1_comment_43,post_1_comment_43,reply,,,,MITSUBISHI XPANDER ULTIMATE 1.5 MATIC ISTIMEWA LOW KM,https://www.facebook.com/groups/921208719233043,2026-09-22T05:13:30Z,raw_data_run_20260922_120424_911a9a.csv,rec_2ae893056b5a0f8b,False,MITSUBISHI XPANDER ULTIMATE 1.5 MATIC ISTIMEWA LOW KM,mitsubishi xpander ultimate 1.5 matic istimewa low km,Toyota Zenix,medium,community_context,False,,,,False,not_relevant,no_adas_keyword,,UNKNOWN,,,,,,,
rec_8bcb33590b1e0941,Toyota Zenix,Toyota Zenix owners Indonesia,https://www.facebook.com/groups/921208719233043,post_1,post_1_comment_44,post_1,comment,,,,"Terima kasih atas waktu & perhatiannya
 Tampilkan lebih sedikit",https://www.facebook.com/groups/921208719233043,2026-09-22T05:13:35Z,raw_data_run_20260922_120424_911a9a.csv,rec_8bcb33590b1e0941,False,Terima kasih atas waktu & perhatiannya Tampilkan lebih sedikit,terima kasih atas waktu & perhatiannya tampilkan lebih sedikit,Toyota Zenix,medium,community_context,False,,,,False,not_relevant,no_adas_keyword,,UNKNOWN,,,,,,,
rec_c367d85207b22632,Toyota Zenix,Toyota Zenix owners Indonesia,https://www.facebook.com/groups/921208719233043,post_1,post_1_comment_44,post_1_comment_44,reply,,,,MITSUBISHI XPANDER ULTIMATE 1.5 MATIC ISTIMEWA LOW KM,https://www.facebook.com/groups/921208719233043,2026-09-22T05:13:41Z,raw_data_run_20260922_120424_911a9a.csv,rec_c367d85207b22632,False,MITSUBISHI XPANDER ULTIMATE 1.5 MATIC ISTIMEWA LOW KM,mitsubishi xpander ultimate 1.5 matic istimewa low km,Toyota Zenix,medium,community_context,False,,,,False,not_relevant,no_adas_keyword,,UNKNOWN,,,,,,,
rec_fbc635e567db79dd,Toyota Zenix,Toyota Zenix owners Indonesia,https://www.facebook.com/groups/921208719233043,post_1,post_1_comment_45,post_1,comment,,,,Selamat datang Zenixer... Silahkan berbagi pengalaman dan pengetahuan anda tentang Toyota Zenix di Grup ini,https://www.facebook.com/groups/921208719233043,2026-09-22T05:13:47Z,raw_data_run_20260922_120424_911a9a.csv,rec_fbc635e567db79dd,False,Selamat datang Zenixer... Silahkan berbagi pengalaman dan pengetahuan anda tentang Toyota Zenix di Grup ini,selamat datang zenixer... silahkan berbagi pengalaman dan pengetahuan anda tentang toyota zenix di grup ini,Toyota Zenix,high,explicit_text_alias_strong,False,,,,False,not_relevant,no_adas_keyword,,UNKNOWN,,,,,,,
rec_108797c7ca923e04,Toyota Zenix,Toyota Zenix owners Indonesia,https://www.facebook.com/groups/921208719233043,post_1,post_1_comment_45,post_1_comment_45,reply,,,,MITSUBISHI XPANDER ULTIMATE 1.5 MATIC ISTIMEWA LOW KM,https://www.facebook.com/groups/921208719233043,2026-09-22T05:13:54Z,raw_data_run_20260922_120424_911a9a.csv,rec_108797c7ca923e04,False,MITSUBISHI XPANDER ULTIMATE 1.5 MATIC ISTIMEWA LOW KM,mitsubishi xpander ultimate 1.5 matic istimewa low km,Toyota Zenix,medium,community_context,False,,,,False,not_relevant,no_adas_keyword,,UNKNOWN,,,,,,,
rec_706ff733864b2c03,Toyota Zenix,Toyota Zenix owners Indonesia,https://www.facebook.com/groups/921208719233043,post_1,post_1_comment_46,post_1,comment,,,,"TOYOTA ZENIX Q HYBRID
Mobil hybrid masa kini yang sangat irit bahan bakar, praktis dibawa kemana saja tanpa harus dicas setrum-setrum... 
Ga ribet, praktis, super irit
More info
085295962002
#setiapsamatoyota
#toyotabesthybrid
#hybridevuntuksemua
#toyotaindonesia
#plazatoyota 
ToyotaID Tampilkan lebih sedikit",https://www.facebook.com/groups/921208719233043,2026-09-22T05:14:05Z,raw_data_run_20260922_120424_911a9a.csv,rec_706ff733864b2c03,False,"TOYOTA ZENIX Q HYBRID Mobil hybrid masa kini yang sangat irit bahan bakar, praktis dibawa kemana saja tanpa harus dicas setrum-setrum... Ga ribet, praktis, super irit More info 085295962002 #setiapsamatoyota #toyotabesthybrid #hybridevuntuksemua #toyotaindonesia #plazatoyota ToyotaID Tampilkan lebih sedikit","toyota zenix q hybrid mobil hybrid masa kini yang sangat irit bahan bakar, praktis dibawa kemana saja tanpa harus dicas setrum-setrum... ga ribet, praktis, super irit more info 085295962002 #setiapsamatoyota #toyotabesthybrid #hybridevuntuksemua #toyotaindonesia #plazatoyota toyotaid tampilkan lebih sedikit",Toyota Zenix,high,explicit_text_alias_strong,False,,,,False,not_relevant,no_adas_keyword,,UNKNOWN,,,,,,,
rec_229a737072519d50,Toyota Zenix,Toyota Zenix owners Indonesia,https://www.facebook.com/groups/921208719233043,post_1,post_1_comment_46,post_1_comment_46,reply,,,,MITSUBISHI XPANDER ULTIMATE 1.5 MATIC ISTIMEWA LOW KM,https://www.facebook.com/groups/921208719233043,2026-09-22T05:14:11Z,raw_data_run_20260922_120424_911a9a.csv,rec_229a737072519d50,False,MITSUBISHI XPANDER ULTIMATE 1.5 MATIC ISTIMEWA LOW KM,mitsubishi xpander ultimate 1.5 matic istimewa low km,Toyota Zenix,medium,community_context,False,,,,False,not_relevant,no_adas_keyword,,UNKNOWN,,,,,,,
rec_c090883db57add34,Toyota Zenix,Toyota Zenix owners Indonesia,https://www.facebook.com/groups/921208719233043,post_1,post_1_comment_47,post_1,comment,,,,TOYOTA ZENIX Q HYBRID,https://www.facebook.com/groups/921208719233043,2026-09-22T05:14:21Z,raw_data_run_20260922_120424_911a9a.csv,rec_c090883db57add34,False,TOYOTA ZENIX Q HYBRID,toyota zenix q hybrid,Toyota Zenix,high,explicit_text_alias_strong,False,,,,False,not_relevant,no_adas_keyword,,UNKNOWN,,,,,,,
rec_6585b2d75b8c9c21,Toyota Zenix,Toyota Zenix owners Indonesia,https://www.facebook.com/groups/921208719233043,post_1,post_1_comment_47,post_1_comment_47,reply,,,,MITSUBISHI XPANDER ULTIMATE 1.5 MATIC ISTIMEWA LOW KM,https://www.facebook.com/groups/921208719233043,2026-09-22T05:14:27Z,raw_data_run_20260922_120424_911a9a.csv,rec_6585b2d75b8c9c21,False,MITSUBISHI XPANDER ULTIMATE 1.5 MATIC ISTIMEWA LOW KM,mitsubishi xpander ultimate 1.5 matic istimewa low km,Toyota Zenix,medium,community_context,False,,,,False,not_relevant,no_adas_keyword,,UNKNOWN,,,,,,,
rec_5faa1cb4ac53b603,Toyota Zenix,Toyota Zenix owners Indonesia,https://www.facebook.com/groups/921208719233043,post_1,post_1_comment_48,post_1,comment,,,,TOYOTA INNOVA G AT DIESEL 2025,https://www.facebook.com/groups/921208719233043,2026-09-22T05:14:37Z,raw_data_run_20260922_120424_911a9a.csv,rec_5faa1cb4ac53b603,False,TOYOTA INNOVA G AT DIESEL 2025,toyota innova g at diesel 2025,Toyota Zenix,medium,community_context,False,,,,False,not_relevant,no_adas_keyword,,UNKNOWN,,,,,,,
rec_ea65cada37b3f84e,Toyota Zenix,Toyota Zenix owners Indonesia,https://www.facebook.com/groups/921208719233043,post_1,post_1_comment_48,post_1_comment_48,reply,,,,MITSUBISHI XPANDER ULTIMATE 1.5 MATIC ISTIMEWA LOW KM,https://www.facebook.com/groups/921208719233043,2026-09-22T05:14:43Z,raw_data_run_20260922_120424_911a9a.csv,rec_ea65cada37b3f84e,False,MITSUBISHI XPANDER ULTIMATE 1.5 MATIC ISTIMEWA LOW KM,mitsubishi xpander ultimate 1.5 matic istimewa low km,Toyota Zenix,medium,community_context,False,,,,False,not_relevant,no_adas_keyword,,UNKNOWN,,,,,,,
rec_3caf44e09c44c143,Toyota Zenix,Toyota Zenix owners Indonesia,https://www.facebook.com/groups/921208719233043,post_1,post_1_comment_49,post_1,comment,,,,-KM4RB,https://www.facebook.com/groups/921208719233043,2026-09-22T05:14:53Z,raw_data_run_20260922_120424_911a9a.csv,rec_3caf44e09c44c143,False,-KM4RB,-km4rb,Toyota Zenix,medium,community_context,False,,,,False,not_relevant,no_adas_keyword,,UNKNOWN,,,,,,,
rec_2ebc21814ae4bfec,Toyota Zenix,Toyota Zenix owners Indonesia,https://www.facebook.com/groups/921208719233043,post_1,post_1_comment_49,post_1_comment_49,reply,,,,MITSUBISHI XPANDER ULTIMATE 1.5 MATIC ISTIMEWA LOW KM,https://www.facebook.com/groups/921208719233043,2026-09-22T05:15:01Z,raw_data_run_20260922_120424_911a9a.csv,rec_2ebc21814ae4bfec,False,MITSUBISHI XPANDER ULTIMATE 1.5 MATIC ISTIMEWA LOW KM,mitsubishi xpander ultimate 1.5 matic istimewa low km,Toyota Zenix,medium,community_context,False,,,,False,not_relevant,no_adas_keyword,,UNKNOWN,,,,,,,
rec_ea791bc5a50f5ba2,Toyota Zenix,Toyota Zenix owners Indonesia,https://www.facebook.com/groups/921208719233043,post_1,post_1_comment_50,post_1,comment,,,,-PAJAK HIDUP,https://www.facebook.com/groups/921208719233043,2026-09-22T05:15:12Z,raw_data_run_20260922_120424_911a9a.csv,rec_ea791bc5a50f5ba2,False,-PAJAK HIDUP,-pajak hidup,Toyota Zenix,medium,community_context,False,,,,False,not_relevant,no_adas_keyword,,UNKNOWN,,,,,,,
rec_8454429c05505c2d,Toyota Zenix,Toyota Zenix owners Indonesia,https://www.facebook.com/groups/921208719233043,post_1,post_1_comment_50,post_1_comment_50,reply,,,,MITSUBISHI XPANDER ULTIMATE 1.5 MATIC ISTIMEWA LOW KM,https://www.facebook.com/groups/921208719233043,2026-09-22T05:15:19Z,raw_data_run_20260922_120424_911a9a.csv,rec_8454429c05505c2d,False,MITSUBISHI XPANDER ULTIMATE 1.5 MATIC ISTIMEWA LOW KM,mitsubishi xpander ultimate 1.5 matic istimewa low km,Toyota Zenix,medium,community_context,False,,,,False,not_relevant,no_adas_keyword,,UNKNOWN,,,,,,,
rec_2a2e78e72395f57c,Toyota Zenix,Toyota Zenix owners Indonesia,https://www.facebook.com/groups/921208719233043,post_1,post_1_comment_51,post_1,comment,,,,-FULL ORIGINAL DAN STANDARD PABRIK,https://www.facebook.com/groups/921208719233043,2026-09-22T05:15:29Z,raw_data_run_20260922_120424_911a9a.csv,rec_2a2e78e72395f57c,False,-FULL ORIGINAL DAN STANDARD PABRIK,-full original dan standard pabrik,Toyota Zenix,medium,community_context,False,,,,False,not_relevant,no_adas_keyword,,UNKNOWN,,,,,,,
rec_aaaffc415e4e8b37,Toyota Zenix,Toyota Zenix owners Indonesia,https://www.facebook.com/groups/921208719233043,post_1,post_1_comment_51,post_1_comment_51,reply,,,,MITSUBISHI XPANDER ULTIMATE 1.5 MATIC ISTIMEWA LOW KM,https://www.facebook.com/groups/921208719233043,2026-09-22T05:15:36Z,raw_data_run_20260922_120424_911a9a.csv,rec_aaaffc415e4e8b37,False,MITSUBISHI XPANDER ULTIMATE 1.5 MATIC ISTIMEWA LOW KM,mitsubishi xpander ultimate 1.5 matic istimewa low km,Toyota Zenix,medium,community_context,False,,,,False,not_relevant,no_adas_keyword,,UNKNOWN,,,,,,,
rec_1219695cd82c0cbb,Toyota Zenix,Toyota Zenix owners Indonesia,https://www.facebook.com/groups/921208719233043,post_1,post_1_comment_52,post_1,comment,,,,-MASI GARANSI TOYOTA,https://www.facebook.com/groups/921208719233043,2026-09-22T05:15:46Z,raw_data_run_20260922_120424_911a9a.csv,rec_1219695cd82c0cbb,False,-MASI GARANSI TOYOTA,-masi garansi toyota,Toyota Zenix,medium,community_context,False,,,,False,not_relevant,no_adas_keyword,,UNKNOWN,,,,,,,
rec_1c5b102843728c80,Toyota Zenix,Toyota Zenix owners Indonesia,https://www.facebook.com/groups/921208719233043,post_1,post_1_comment_52,post_1_comment_52,reply,,,,MITSUBISHI XPANDER ULTIMATE 1.5 MATIC ISTIMEWA LOW KM,https://www.facebook.com/groups/921208719233043,2026-09-22T05:15:53Z,raw_data_run_20260922_120424_911a9a.csv,rec_1c5b102843728c80,False,MITSUBISHI XPANDER ULTIMATE 1.5 MATIC ISTIMEWA LOW KM,mitsubishi xpander ultimate 1.5 matic istimewa low km,Toyota Zenix,medium,community_context,False,,,,False,not_relevant,no_adas_keyword,,UNKNOWN,,,,,,,
rec_bba478a45c118310,Toyota Zenix,Toyota Zenix owners Indonesia,https://www.facebook.com/groups/921208719233043,post_1,post_1_comment_53,post_1,comment,,,,-MASI FREE SERVICE TOYOTA,https://www.facebook.com/groups/921208719233043,2026-09-22T05:16:03Z,raw_data_run_20260922_120424_911a9a.csv,rec_bba478a45c118310,False,-MASI FREE SERVICE TOYOTA,-masi free service toyota,Toyota Zenix,medium,community_context,False,,,,False,not_relevant,no_adas_keyword,,UNKNOWN,,,,,,,
rec_ca4d5000ee766aa1,Toyota Zenix,Toyota Zenix owners Indonesia,https://www.facebook.com/groups/921208719233043,post_1,post_1_comment_53,post_1_comment_53,reply,,,,Selamat datang Zenixer... Silahkan berbagi pengalaman dan pengetahuan anda tentang Toyota Zenix di Grup ini,https://www.facebook.com/groups/921208719233043,2026-09-22T05:16:09Z,raw_data_run_20260922_120424_911a9a.csv,rec_ca4d5000ee766aa1,False,Selamat datang Zenixer... Silahkan berbagi pengalaman dan pengetahuan anda tentang Toyota Zenix di Grup ini,selamat datang zenixer... silahkan berbagi pengalaman dan pengetahuan anda tentang toyota zenix di grup ini,Toyota Zenix,high,explicit_text_alias_strong,False,,,,False,not_relevant,no_adas_keyword,,UNKNOWN,,,,,,,
rec_c41d933af96be93b,Toyota Zenix,Toyota Zenix owners Indonesia,https://www.facebook.com/groups/921208719233043,post_1,post_1_comment_54,post_1,comment,,,,-KAKI KAKI SENYAP,https://www.facebook.com/groups/921208719233043,2026-09-22T05:16:24Z,raw_data_run_20260922_120424_911a9a.csv,rec_c41d933af96be93b,False,-KAKI KAKI SENYAP,-kaki kaki senyap,Toyota Zenix,medium,community_context,False,,,,False,not_relevant,no_adas_keyword,,UNKNOWN,,,,,,,
rec_91bb186ec6f6c665,Toyota Zenix,Toyota Zenix owners Indonesia,https://www.facebook.com/groups/921208719233043,post_1,post_1_comment_54,post_1_comment_54,reply,,,,MITSUBISHI XPANDER ULTIMATE 1.5 MATIC ISTIMEWA LOW KM,https://www.facebook.com/groups/921208719233043,2026-09-22T05:16:32Z,raw_data_run_20260922_120424_911a9a.csv,rec_91bb186ec6f6c665,False,MITSUBISHI XPANDER ULTIMATE 1.5 MATIC ISTIMEWA LOW KM,mitsubishi xpander ultimate 1.5 matic istimewa low km,Toyota Zenix,medium,community_context,False,,,,False,not_relevant,no_adas_keyword,,UNKNOWN,,,,,,,
rec_f5dfc9bcf50df82f,Toyota Zenix,Toyota Zenix owners Indonesia,https://www.facebook.com/groups/921208719233043,post_1,post_1_comment_55,post_1,comment,,,,-COCOK BUAT PERJALANAN JAUH,https://www.facebook.com/groups/921208719233043,2026-09-22T05:16:42Z,raw_data_run_20260922_120424_911a9a.csv,rec_f5dfc9bcf50df82f,False,-COCOK BUAT PERJALANAN JAUH,-cocok buat perjalanan jauh,Toyota Zenix,medium,community_context,False,,,,False,not_relevant,no_adas_keyword,,UNKNOWN,,,,,,,
rec_df1e077e180efeb1,Toyota Zenix,Toyota Zenix owners Indonesia,https://www.facebook.com/groups/921208719233043,post_1,post_1_comment_55,post_1_comment_55,reply,,,,MITSUBISHI XPANDER ULTIMATE 1.5 MATIC ISTIMEWA LOW KM,https://www.facebook.com/groups/921208719233043,2026-09-22T05:16:49Z,raw_data_run_20260922_120424_911a9a.csv,rec_df1e077e180efeb1,False,MITSUBISHI XPANDER ULTIMATE 1.5 MATIC ISTIMEWA LOW KM,mitsubishi xpander ultimate 1.5 matic istimewa low km,Toyota Zenix,medium,community_context,False,,,,False,not_relevant,no_adas_keyword,,UNKNOWN,,,,,,,
rec_dda9197717fa4b1c,Toyota Zenix,Toyota Zenix owners Indonesia,https://www.facebook.com/groups/921208719233043,post_1,post_1_comment_56,post_1,comment,,,,-FULL ORIGINAL DAN STANDARD,https://www.facebook.com/groups/921208719233043,2026-09-22T05:16:59Z,raw_data_run_20260922_120424_911a9a.csv,rec_dda9197717fa4b1c,False,-FULL ORIGINAL DAN STANDARD,-full original dan standard,Toyota Zenix,medium,community_context,False,,,,False,not_relevant,no_adas_keyword,,UNKNOWN,,,,,,,
rec_581f95ff77d82e06,Toyota Zenix,Toyota Zenix owners Indonesia,https://www.facebook.com/groups/921208719233043,post_1,post_1_comment_56,post_1_comment_56,reply,,,,MITSUBISHI XPANDER ULTIMATE 1.5 MATIC ISTIMEWA LOW KM,https://www.facebook.com/groups/921208719233043,2026-09-22T05:17:07Z,raw_data_run_20260922_120424_911a9a.csv,rec_581f95ff77d82e06,False,MITSUBISHI XPANDER ULTIMATE 1.5 MATIC ISTIMEWA LOW KM,mitsubishi xpander ultimate 1.5 matic istimewa low km,Toyota Zenix,medium,community_context,False,,,,False,not_relevant,no_adas_keyword,,UNKNOWN,,,,,,,
rec_7ebc8dfb822c3167,Toyota Zenix,Toyota Zenix owners Indonesia,https://www.facebook.com/groups/921208719233043,post_1,post_1_comment_57,post_1,comment,,,,Ban Dunlop SP Sport LM705 ukuran 235/55/18,https://www.facebook.com/groups/921208719233043,2026-09-22T05:17:17Z,raw_data_run_20260922_120424_911a9a.csv,rec_7ebc8dfb822c3167,False,Ban Dunlop SP Sport LM705 ukuran 235/55/18,ban dunlop sp sport lm705 ukuran 235/55/18,Toyota Zenix,medium,community_context,False,,,,False,not_relevant,no_adas_keyword,,UNKNOWN,,,,,,,
rec_2a3bd690048cfebd,Toyota Zenix,Toyota Zenix owners Indonesia,https://www.facebook.com/groups/921208719233043,post_1,post_1_comment_57,post_1_comment_57,reply,,,,MITSUBISHI XPANDER ULTIMATE 1.5 MATIC ISTIMEWA LOW KM,https://www.facebook.com/groups/921208719233043,2026-09-22T05:17:23Z,raw_data_run_20260922_120424_911a9a.csv,rec_2a3bd690048cfebd,False,MITSUBISHI XPANDER ULTIMATE 1.5 MATIC ISTIMEWA LOW KM,mitsubishi xpander ultimate 1.5 matic istimewa low km,Toyota Zenix,medium,community_context,False,,,,False,not_relevant,no_adas_keyword,,UNKNOWN,,,,,,,
rec_34ded8238cc47576,Toyota Zenix,Toyota Zenix owners Indonesia,https://www.facebook.com/groups/921208719233043,post_1,post_1_comment_58,post_1,comment,,,,NIK 2023,https://www.facebook.com/groups/921208719233043,2026-09-22T05:17:34Z,raw_data_run_20260922_120424_911a9a.csv,rec_34ded8238cc47576,False,NIK 2023,nik 2023,Toyota Zenix,medium,community_context,False,,,,False,not_relevant,no_adas_keyword,,UNKNOWN,,,,,,,
rec_7854e4c3ed88e7f2,Toyota Zenix,Toyota Zenix owners Indonesia,https://www.facebook.com/groups/921208719233043,post_1,post_1_comment_58,post_1_comment_58,reply,,,,MITSUBISHI XPANDER ULTIMATE 1.5 MATIC ISTIMEWA LOW KM,https://www.facebook.com/groups/921208719233043,2026-09-22T05:17:40Z,raw_data_run_20260922_120424_911a9a.csv,rec_7854e4c3ed88e7f2,False,MITSUBISHI XPANDER ULTIMATE 1.5 MATIC ISTIMEWA LOW KM,mitsubishi xpander ultimate 1.5 matic istimewa low km,Toyota Zenix,medium,community_context,False,,,,False,not_relevant,no_adas_keyword,,UNKNOWN,,,,,,,
rec_a746cfa0d6c5acca,Toyota Zenix,Toyota Zenix owners Indonesia,https://www.facebook.com/groups/921208719233043,post_1,post_1_comment_59,post_1,comment,,,,Ban tebal 90% no ukir original pabrik,https://www.facebook.com/groups/921208719233043,2026-09-22T05:17:50Z,raw_data_run_20260922_120424_911a9a.csv,rec_a746cfa0d6c5acca,False,Ban tebal 90% no ukir original pabrik,ban tebal 90% no ukir original pabrik,Toyota Zenix,medium,community_context,False,,,,False,not_relevant,no_adas_keyword,,UNKNOWN,,,,,,,
rec_ecd30d46a9b8d5f5,Toyota Zenix,Toyota Zenix owners Indonesia,https://www.facebook.com/groups/921208719233043,post_1,post_1_comment_59,post_1_comment_59,reply,,,,MITSUBISHI XPANDER ULTIMATE 1.5 MATIC ISTIMEWA LOW KM,https://www.facebook.com/groups/921208719233043,2026-09-22T05:17:57Z,raw_data_run_20260922_120424_911a9a.csv,rec_ecd30d46a9b8d5f5,False,MITSUBISHI XPANDER ULTIMATE 1.5 MATIC ISTIMEWA LOW KM,mitsubishi xpander ultimate 1.5 matic istimewa low km,Toyota Zenix,medium,community_context,False,,,,False,not_relevant,no_adas_keyword,,UNKNOWN,,,,,,,
rec_e4ee3a08a72b32d7,Toyota Zenix,Toyota Zenix owners Indonesia,https://www.facebook.com/groups/921208719233043,post_1,post_1_comment_60,post_1,comment,,,,"Harga : 2,7jt NEGO TIPIS",https://www.facebook.com/groups/921208719233043,2026-09-22T05:18:07Z,raw_data_run_20260922_120424_911a9a.csv,rec_e4ee3a08a72b32d7,False,"Harga : 2,7jt NEGO TIPIS","harga : 2,7jt nego tipis",Toyota Zenix,medium,community_context,False,,,,False,not_relevant,no_adas_keyword,,UNKNOWN,,,,,,,
rec_5e1ac2f2998dc39b,Toyota Zenix,Toyota Zenix owners Indonesia,https://www.facebook.com/groups/921208719233043,post_1,post_1_comment_60,post_1_comment_60,reply,,,,MITSUBISHI XPANDER ULTIMATE 1.5 MATIC ISTIMEWA LOW KM,https://www.facebook.com/groups/921208719233043,2026-09-22T05:18:13Z,raw_data_run_20260922_120424_911a9a.csv,rec_5e1ac2f2998dc39b,False,MITSUBISHI XPANDER ULTIMATE 1.5 MATIC ISTIMEWA LOW KM,mitsubishi xpander ultimate 1.5 matic istimewa low km,Toyota Zenix,medium,community_context,False,,,,False,not_relevant,no_adas_keyword,,UNKNOWN,,,,,,,
rec_d00565a633472cf2,Toyota Zenix,Toyota Zenix owners Indonesia,https://www.facebook.com/groups/921208719233043,1206735220680390,,,post,,,2025-09-11,"Muhammad Kareza Andayarie
  ·
1tahun
  ·
Pembuat
Up
Balas
Bagikan",https://www.facebook.com/groups/921208719233043/posts/1206735220680390/?comment_id=1540935360593706&__cft__[0]=AZjYGE0VgxT7JZovR3DFyaWG5t-Q552ABTcc70gQ-shVnU_zoF1Ovpi8bL6rvyTKNudZfSeD_A3wZl_RZ6qXbAxAltex1jW59ljlyNCeFzNEzwbYQY3lnyOEtGInKcyrv18JJud97e2jxycOKGwK5vFH94SnZoZ1ocgPu3EHwsVmA2Xq23qoghIMq6IEdb4&__tn__=R-R,2026-09-22T05:19:15Z,raw_data_run_20260922_120424_911a9a.csv,rec_d00565a633472cf2,False,Muhammad Kareza Andayarie · 1tahun · Pembuat Up Balas Bagikan,muhammad kareza andayarie · 1tahun · pembuat up balas bagikan,Toyota Zenix,medium,community_context,False,,,,False,not_relevant,no_adas_keyword,,UNKNOWN,,,,,,,
rec_039154e4356a447c,Toyota Zenix,Toyota Zenix owners Indonesia,https://www.facebook.com/groups/921208719233043,1206735220680390,1206735220680390_comment_1,1206735220680390,comment,,,2025-09-11,Kelasnya bapak bapak … Lihat selengkapnya,https://www.facebook.com/groups/921208719233043/posts/1206735220680390/?comment_id=1540935360593706&__cft__[0]=AZjYGE0VgxT7JZovR3DFyaWG5t-Q552ABTcc70gQ-shVnU_zoF1Ovpi8bL6rvyTKNudZfSeD_A3wZl_RZ6qXbAxAltex1jW59ljlyNCeFzNEzwbYQY3lnyOEtGInKcyrv18JJud97e2jxycOKGwK5vFH94SnZoZ1ocgPu3EHwsVmA2Xq23qoghIMq6IEdb4&__tn__=R-R,2026-09-22T05:19:23Z,raw_data_run_20260922_120424_911a9a.csv,rec_039154e4356a447c,False,Kelasnya bapak bapak … Lihat selengkapnya,kelasnya bapak bapak … lihat selengkapnya,Toyota Zenix,medium,community_context,False,,,,False,not_relevant,no_adas_keyword,,UNKNOWN,,,,,,,
rec_203197af9da41982,Toyota Zenix,Toyota Zenix owners Indonesia,https://www.facebook.com/groups/921208719233043,1206735220680390,1206735220680390_comment_1,1206735220680390_comment_1,reply,,,2025-09-11,Kelasnya bapak bapak … Lihat selengkapnya,https://www.facebook.com/groups/921208719233043/posts/1206735220680390/?comment_id=1540935360593706&__cft__[0]=AZjYGE0VgxT7JZovR3DFyaWG5t-Q552ABTcc70gQ-shVnU_zoF1Ovpi8bL6rvyTKNudZfSeD_A3wZl_RZ6qXbAxAltex1jW59ljlyNCeFzNEzwbYQY3lnyOEtGInKcyrv18JJud97e2jxycOKGwK5vFH94SnZoZ1ocgPu3EHwsVmA2Xq23qoghIMq6IEdb4&__tn__=R-R,2026-09-22T05:19:36Z,raw_data_run_20260922_120424_911a9a.csv,rec_203197af9da41982,False,Kelasnya bapak bapak … Lihat selengkapnya,kelasnya bapak bapak … lihat selengkapnya,Toyota Zenix,medium,community_context,False,,,,False,not_relevant,no_adas_keyword,,UNKNOWN,,,,,,,
rec_8034c218ded30167,Toyota Zenix,Toyota Zenix owners Indonesia,https://www.facebook.com/groups/921208719233043,1206735220680390,1206735220680390_comment_2,1206735220680390,comment,,,2025-09-11,Bismillah..,https://www.facebook.com/groups/921208719233043/posts/1206735220680390/?comment_id=1540935360593706&__cft__[0]=AZjYGE0VgxT7JZovR3DFyaWG5t-Q552ABTcc70gQ-shVnU_zoF1Ovpi8bL6rvyTKNudZfSeD_A3wZl_RZ6qXbAxAltex1jW59ljlyNCeFzNEzwbYQY3lnyOEtGInKcyrv18JJud97e2jxycOKGwK5vFH94SnZoZ1ocgPu3EHwsVmA2Xq23qoghIMq6IEdb4&__tn__=R-R,2026-09-22T05:19:42Z,raw_data_run_20260922_120424_911a9a.csv,rec_8034c218ded30167,False,Bismillah..,bismillah..,Toyota Zenix,medium,community_context,False,,,,False,not_relevant,no_adas_keyword,,UNKNOWN,,,,,,,
rec_7e5acaf160b4673f,Toyota Zenix,Toyota Zenix owners Indonesia,https://www.facebook.com/groups/921208719233043,1206735220680390,1206735220680390_comment_2,1206735220680390_comment_2,reply,,,2025-09-11,Kelasnya bapak bapak … Lihat selengkapnya,https://www.facebook.com/groups/921208719233043/posts/1206735220680390/?comment_id=1540935360593706&__cft__[0]=AZjYGE0VgxT7JZovR3DFyaWG5t-Q552ABTcc70gQ-shVnU_zoF1Ovpi8bL6rvyTKNudZfSeD_A3wZl_RZ6qXbAxAltex1jW59ljlyNCeFzNEzwbYQY3lnyOEtGInKcyrv18JJud97e2jxycOKGwK5vFH94SnZoZ1ocgPu3EHwsVmA2Xq23qoghIMq6IEdb4&__tn__=R-R,2026-09-22T05:19:50Z,raw_data_run_20260922_120424_911a9a.csv,rec_7e5acaf160b4673f,False,Kelasnya bapak bapak … Lihat selengkapnya,kelasnya bapak bapak … lihat selengkapnya,Toyota Zenix,medium,community_context,False,,,,False,not_relevant,no_adas_keyword,,UNKNOWN,,,,,,,
rec_f848ade74f057123,Toyota Zenix,Toyota Zenix owners Indonesia,https://www.facebook.com/groups/921208719233043,1206735220680390,1206735220680390_comment_3,1206735220680390,comment,,,2025-09-11,Izin berniaga ya om admin..,https://www.facebook.com/groups/921208719233043/posts/1206735220680390/?comment_id=1540935360593706&__cft__[0]=AZjYGE0VgxT7JZovR3DFyaWG5t-Q552ABTcc70gQ-shVnU_zoF1Ovpi8bL6rvyTKNudZfSeD_A3wZl_RZ6qXbAxAltex1jW59ljlyNCeFzNEzwbYQY3lnyOEtGInKcyrv18JJud97e2jxycOKGwK5vFH94SnZoZ1ocgPu3EHwsVmA2Xq23qoghIMq6IEdb4&__tn__=R-R,2026-09-22T05:19:55Z,raw_data_run_20260922_120424_911a9a.csv,rec_f848ade74f057123,False,Izin berniaga ya om admin..,izin berniaga ya om admin..,Toyota Zenix,medium,community_context,False,,,,False,not_relevant,no_adas_keyword,,UNKNOWN,,,,,,,
rec_4d20e4e68c81eea4,Toyota Zenix,Toyota Zenix owners Indonesia,https://www.facebook.com/groups/921208719233043,1206735220680390,1206735220680390_comment_3,1206735220680390_comment_3,reply,,,2025-09-11,Kelasnya bapak bapak … Lihat selengkapnya,https://www.facebook.com/groups/921208719233043/posts/1206735220680390/?comment_id=1540935360593706&__cft__[0]=AZjYGE0VgxT7JZovR3DFyaWG5t-Q552ABTcc70gQ-shVnU_zoF1Ovpi8bL6rvyTKNudZfSeD_A3wZl_RZ6qXbAxAltex1jW59ljlyNCeFzNEzwbYQY3lnyOEtGInKcyrv18JJud97e2jxycOKGwK5vFH94SnZoZ1ocgPu3EHwsVmA2Xq23qoghIMq6IEdb4&__tn__=R-R,2026-09-22T05:20:03Z,raw_data_run_20260922_120424_911a9a.csv,rec_4d20e4e68c81eea4,False,Kelasnya bapak bapak … Lihat selengkapnya,kelasnya bapak bapak … lihat selengkapnya,Toyota Zenix,medium,community_context,False,,,,False,not_relevant,no_adas_keyword,,UNKNOWN,,,,,,,
rec_6c4798becd18ff1f,Toyota Zenix,Toyota Zenix owners Indonesia,https://www.facebook.com/groups/921208719233043,1206735220680390,1206735220680390_comment_4,1206735220680390,comment,,,2025-09-11,Filter Udara Stainless Steel FERROX Toyota Innova Zenix Hybrid/Non-Hybrid,https://www.facebook.com/groups/921208719233043/posts/1206735220680390/?comment_id=1540935360593706&__cft__[0]=AZjYGE0VgxT7JZovR3DFyaWG5t-Q552ABTcc70gQ-shVnU_zoF1Ovpi8bL6rvyTKNudZfSeD_A3wZl_RZ6qXbAxAltex1jW59ljlyNCeFzNEzwbYQY3lnyOEtGInKcyrv18JJud97e2jxycOKGwK5vFH94SnZoZ1ocgPu3EHwsVmA2Xq23qoghIMq6IEdb4&__tn__=R-R,2026-09-22T05:20:09Z,raw_data_run_20260922_120424_911a9a.csv,rec_6c4798becd18ff1f,False,Filter Udara Stainless Steel FERROX Toyota Innova Zenix Hybrid/Non-Hybrid,filter udara stainless steel ferrox toyota innova zenix hybrid/non-hybrid,Toyota Zenix,high,explicit_text_alias_strong,False,,,,False,not_relevant,no_adas_keyword,,UNKNOWN,,,,,,,
rec_daa82e7a6f4c550e,Toyota Zenix,Toyota Zenix owners Indonesia,https://www.facebook.com/groups/921208719233043,1206735220680390,1206735220680390_comment_4,1206735220680390_comment_4,reply,,,2025-09-11,Kelasnya bapak bapak … Lihat selengkapnya,https://www.facebook.com/groups/921208719233043/posts/1206735220680390/?comment_id=1540935360593706&__cft__[0]=AZjYGE0VgxT7JZovR3DFyaWG5t-Q552ABTcc70gQ-shVnU_zoF1Ovpi8bL6rvyTKNudZfSeD_A3wZl_RZ6qXbAxAltex1jW59ljlyNCeFzNEzwbYQY3lnyOEtGInKcyrv18JJud97e2jxycOKGwK5vFH94SnZoZ1ocgPu3EHwsVmA2Xq23qoghIMq6IEdb4&__tn__=R-R,2026-09-22T05:20:17Z,raw_data_run_20260922_120424_911a9a.csv,rec_daa82e7a6f4c550e,False,Kelasnya bapak bapak … Lihat selengkapnya,kelasnya bapak bapak … lihat selengkapnya,Toyota Zenix,medium,community_context,False,,,,False,not_relevant,no_adas_keyword,,UNKNOWN,,,,,,,
rec_70a99f939ce6ff81,Toyota Zenix,Toyota Zenix owners Indonesia,https://www.facebook.com/groups/921208719233043,1206735220680390,1206735220680390_comment_5,1206735220680390,comment,,,2025-09-11,Shopee : https://s.shopee.co.id/10iF6QYZal,https://www.facebook.com/groups/921208719233043/posts/1206735220680390/?comment_id=1540935360593706&__cft__[0]=AZjYGE0VgxT7JZovR3DFyaWG5t-Q552ABTcc70gQ-shVnU_zoF1Ovpi8bL6rvyTKNudZfSeD_A3wZl_RZ6qXbAxAltex1jW59ljlyNCeFzNEzwbYQY3lnyOEtGInKcyrv18JJud97e2jxycOKGwK5vFH94SnZoZ1ocgPu3EHwsVmA2Xq23qoghIMq6IEdb4&__tn__=R-R,2026-09-22T05:20:22Z,raw_data_run_20260922_120424_911a9a.csv,rec_70a99f939ce6ff81,False,Shopee : [url],shopee : [url],Toyota Zenix,medium,community_context,False,,,,False,not_relevant,no_adas_keyword,,UNKNOWN,,,,,,,
rec_1ea34dd0eba4b964,Toyota Zenix,Toyota Zenix owners Indonesia,https://www.facebook.com/groups/921208719233043,1206735220680390,1206735220680390_comment_5,1206735220680390_comment_5,reply,,,2025-09-11,Kelasnya bapak bapak … Lihat selengkapnya,https://www.facebook.com/groups/921208719233043/posts/1206735220680390/?comment_id=1540935360593706&__cft__[0]=AZjYGE0VgxT7JZovR3DFyaWG5t-Q552ABTcc70gQ-shVnU_zoF1Ovpi8bL6rvyTKNudZfSeD_A3wZl_RZ6qXbAxAltex1jW59ljlyNCeFzNEzwbYQY3lnyOEtGInKcyrv18JJud97e2jxycOKGwK5vFH94SnZoZ1ocgPu3EHwsVmA2Xq23qoghIMq6IEdb4&__tn__=R-R,2026-09-22T05:20:31Z,raw_data_run_20260922_120424_911a9a.csv,rec_1ea34dd0eba4b964,False,Kelasnya bapak bapak … Lihat selengkapnya,kelasnya bapak bapak … lihat selengkapnya,Toyota Zenix,medium,community_context,False,,,,False,not_relevant,no_adas_keyword,,UNKNOWN,,,,,,,
rec_b200bf47a782696a,Toyota Zenix,Toyota Zenix owners Indonesia,https://www.facebook.com/groups/921208719233043,1206735220680390,1206735220680390_comment_6,1206735220680390,comment,,,2025-09-11,Toco : https://toco.id/link/2iMN3o7rbtKPkRPsK4Pi7B,https://www.facebook.com/groups/921208719233043/posts/1206735220680390/?comment_id=1540935360593706&__cft__[0]=AZjYGE0VgxT7JZovR3DFyaWG5t-Q552ABTcc70gQ-shVnU_zoF1Ovpi8bL6rvyTKNudZfSeD_A3wZl_RZ6qXbAxAltex1jW59ljlyNCeFzNEzwbYQY3lnyOEtGInKcyrv18JJud97e2jxycOKGwK5vFH94SnZoZ1ocgPu3EHwsVmA2Xq23qoghIMq6IEdb4&__tn__=R-R,2026-09-22T05:20:36Z,raw_data_run_20260922_120424_911a9a.csv,rec_b200bf47a782696a,False,Toco : [url],toco : [url],Toyota Zenix,medium,community_context,False,,,,False,not_relevant,no_adas_keyword,,UNKNOWN,,,,,,,
rec_87cdf0354d629759,Toyota Zenix,Toyota Zenix owners Indonesia,https://www.facebook.com/groups/921208719233043,1206735220680390,1206735220680390_comment_6,1206735220680390_comment_6,reply,,,2025-09-11,Kelasnya bapak bapak … Lihat selengkapnya,https://www.facebook.com/groups/921208719233043/posts/1206735220680390/?comment_id=1540935360593706&__cft__[0]=AZjYGE0VgxT7JZovR3DFyaWG5t-Q552ABTcc70gQ-shVnU_zoF1Ovpi8bL6rvyTKNudZfSeD_A3wZl_RZ6qXbAxAltex1jW59ljlyNCeFzNEzwbYQY3lnyOEtGInKcyrv18JJud97e2jxycOKGwK5vFH94SnZoZ1ocgPu3EHwsVmA2Xq23qoghIMq6IEdb4&__tn__=R-R,2026-09-22T05:20:44Z,raw_data_run_20260922_120424_911a9a.csv,rec_87cdf0354d629759,False,Kelasnya bapak bapak … Lihat selengkapnya,kelasnya bapak bapak … lihat selengkapnya,Toyota Zenix,medium,community_context,False,,,,False,not_relevant,no_adas_keyword,,UNKNOWN,,,,,,,
rec_ebdaa0aefec779c3,Toyota Zenix,Toyota Zenix owners Indonesia,https://www.facebook.com/groups/921208719233043,1206735220680390,1206735220680390_comment_7,1206735220680390,comment,,,2025-09-11,Tokopedia : https://www.tokopedia.com/.../filter-udara-ferrox-toyota...,https://www.facebook.com/groups/921208719233043/posts/1206735220680390/?comment_id=1540935360593706&__cft__[0]=AZjYGE0VgxT7JZovR3DFyaWG5t-Q552ABTcc70gQ-shVnU_zoF1Ovpi8bL6rvyTKNudZfSeD_A3wZl_RZ6qXbAxAltex1jW59ljlyNCeFzNEzwbYQY3lnyOEtGInKcyrv18JJud97e2jxycOKGwK5vFH94SnZoZ1ocgPu3EHwsVmA2Xq23qoghIMq6IEdb4&__tn__=R-R,2026-09-22T05:20:49Z,raw_data_run_20260922_120424_911a9a.csv,rec_ebdaa0aefec779c3,False,Tokopedia : [url],tokopedia : [url],Toyota Zenix,medium,community_context,False,,,,False,not_relevant,no_adas_keyword,,UNKNOWN,,,,,,,
rec_2e17eae9644c388c,Toyota Zenix,Toyota Zenix owners Indonesia,https://www.facebook.com/groups/921208719233043,1206735220680390,1206735220680390_comment_7,1206735220680390_comment_7,reply,,,2025-09-11,Kelasnya bapak bapak … Lihat selengkapnya,https://www.facebook.com/groups/921208719233043/posts/1206735220680390/?comment_id=1540935360593706&__cft__[0]=AZjYGE0VgxT7JZovR3DFyaWG5t-Q552ABTcc70gQ-shVnU_zoF1Ovpi8bL6rvyTKNudZfSeD_A3wZl_RZ6qXbAxAltex1jW59ljlyNCeFzNEzwbYQY3lnyOEtGInKcyrv18JJud97e2jxycOKGwK5vFH94SnZoZ1ocgPu3EHwsVmA2Xq23qoghIMq6IEdb4&__tn__=R-R,2026-09-22T05:20:58Z,raw_data_run_20260922_120424_911a9a.csv,rec_2e17eae9644c388c,False,Kelasnya bapak bapak … Lihat selengkapnya,kelasnya bapak bapak … lihat selengkapnya,Toyota Zenix,medium,community_context,False,,,,False,not_relevant,no_adas_keyword,,UNKNOWN,,,,,,,
rec_7c378813c741b1b4,Toyota Zenix,Toyota Zenix owners Indonesia,https://www.facebook.com/groups/921208719233043,1206735220680390,1206735220680390_comment_8,1206735220680390,comment,,,2025-09-11,KELEBIHAN :,https://www.facebook.com/groups/921208719233043/posts/1206735220680390/?comment_id=1540935360593706&__cft__[0]=AZjYGE0VgxT7JZovR3DFyaWG5t-Q552ABTcc70gQ-shVnU_zoF1Ovpi8bL6rvyTKNudZfSeD_A3wZl_RZ6qXbAxAltex1jW59ljlyNCeFzNEzwbYQY3lnyOEtGInKcyrv18JJud97e2jxycOKGwK5vFH94SnZoZ1ocgPu3EHwsVmA2Xq23qoghIMq6IEdb4&__tn__=R-R,2026-09-22T05:21:03Z,raw_data_run_20260922_120424_911a9a.csv,rec_7c378813c741b1b4,False,KELEBIHAN :,kelebihan :,Toyota Zenix,medium,community_context,False,,,,False,not_relevant,no_adas_keyword,,UNKNOWN,,,,,,,
rec_a07571f99e0b5d70,Toyota Zenix,Toyota Zenix owners Indonesia,https://www.facebook.com/groups/921208719233043,1206735220680390,1206735220680390_comment_8,1206735220680390_comment_8,reply,,,2025-09-11,Kelasnya bapak bapak … Lihat selengkapnya,https://www.facebook.com/groups/921208719233043/posts/1206735220680390/?comment_id=1540935360593706&__cft__[0]=AZjYGE0VgxT7JZovR3DFyaWG5t-Q552ABTcc70gQ-shVnU_zoF1Ovpi8bL6rvyTKNudZfSeD_A3wZl_RZ6qXbAxAltex1jW59ljlyNCeFzNEzwbYQY3lnyOEtGInKcyrv18JJud97e2jxycOKGwK5vFH94SnZoZ1ocgPu3EHwsVmA2Xq23qoghIMq6IEdb4&__tn__=R-R,2026-09-22T05:21:12Z,raw_data_run_20260922_120424_911a9a.csv,rec_a07571f99e0b5d70,False,Kelasnya bapak bapak … Lihat selengkapnya,kelasnya bapak bapak … lihat selengkapnya,Toyota Zenix,medium,community_context,False,,,,False,not_relevant,no_adas_keyword,,UNKNOWN,,,,,,,
rec_e4628dbe7094ae29,Toyota Zenix,Toyota Zenix owners Indonesia,https://www.facebook.com/groups/921208719233043,1206735220680390,1206735220680390_comment_9,1206735220680390,comment,,,2025-09-11,1. Tenaga dan torsi naik secara instant.,https://www.facebook.com/groups/921208719233043/posts/1206735220680390/?comment_id=1540935360593706&__cft__[0]=AZjYGE0VgxT7JZovR3DFyaWG5t-Q552ABTcc70gQ-shVnU_zoF1Ovpi8bL6rvyTKNudZfSeD_A3wZl_RZ6qXbAxAltex1jW59ljlyNCeFzNEzwbYQY3lnyOEtGInKcyrv18JJud97e2jxycOKGwK5vFH94SnZoZ1ocgPu3EHwsVmA2Xq23qoghIMq6IEdb4&__tn__=R-R,2026-09-22T05:21:17Z,raw_data_run_20260922_120424_911a9a.csv,rec_e4628dbe7094ae29,False,1. Tenaga dan torsi naik secara instant.,1. tenaga dan torsi naik secara instant.,Toyota Zenix,medium,community_context,False,,,,False,not_relevant,no_adas_keyword,,UNKNOWN,,,,,,,
rec_2bb323a3d4e21ba0,Toyota Zenix,Toyota Zenix owners Indonesia,https://www.facebook.com/groups/921208719233043,1206735220680390,1206735220680390_comment_9,1206735220680390_comment_9,reply,,,2025-09-11,Kelasnya bapak bapak … Lihat selengkapnya,https://www.facebook.com/groups/921208719233043/posts/1206735220680390/?comment_id=1540935360593706&__cft__[0]=AZjYGE0VgxT7JZovR3DFyaWG5t-Q552ABTcc70gQ-shVnU_zoF1Ovpi8bL6rvyTKNudZfSeD_A3wZl_RZ6qXbAxAltex1jW59ljlyNCeFzNEzwbYQY3lnyOEtGInKcyrv18JJud97e2jxycOKGwK5vFH94SnZoZ1ocgPu3EHwsVmA2Xq23qoghIMq6IEdb4&__tn__=R-R,2026-09-22T05:21:23Z,raw_data_run_20260922_120424_911a9a.csv,rec_2bb323a3d4e21ba0,False,Kelasnya bapak bapak … Lihat selengkapnya,kelasnya bapak bapak … lihat selengkapnya,Toyota Zenix,medium,community_context,False,,,,False,not_relevant,no_adas_keyword,,UNKNOWN,,,,,,,
rec_48ba7c116e481d5b,Toyota Zenix,Toyota Zenix owners Indonesia,https://www.facebook.com/groups/921208719233043,1206735220680390,1206735220680390_comment_10,1206735220680390,comment,,,2025-09-11,2. Gak perlu ganti filter udara lagi. Tinggal dibersihkan rutin aja. Tiup dengan kompressor udara atau cuci sikat dengan sabun.,https://www.facebook.com/groups/921208719233043/posts/1206735220680390/?comment_id=1540935360593706&__cft__[0]=AZjYGE0VgxT7JZovR3DFyaWG5t-Q552ABTcc70gQ-shVnU_zoF1Ovpi8bL6rvyTKNudZfSeD_A3wZl_RZ6qXbAxAltex1jW59ljlyNCeFzNEzwbYQY3lnyOEtGInKcyrv18JJud97e2jxycOKGwK5vFH94SnZoZ1ocgPu3EHwsVmA2Xq23qoghIMq6IEdb4&__tn__=R-R,2026-09-22T05:21:29Z,raw_data_run_20260922_120424_911a9a.csv,rec_48ba7c116e481d5b,False,2. Gak perlu ganti filter udara lagi. Tinggal dibersihkan rutin aja. Tiup dengan kompressor udara atau cuci sikat dengan sabun.,2. gak perlu ganti filter udara lagi. tinggal dibersihkan rutin aja. tiup dengan kompressor udara atau cuci sikat dengan sabun.,Toyota Zenix,medium,community_context,False,,,,False,not_relevant,no_adas_keyword,,UNKNOWN,,,,,,,
rec_e7598957aa041e42,Toyota Zenix,Toyota Zenix owners Indonesia,https://www.facebook.com/groups/921208719233043,1206735220680390,1206735220680390_comment_10,1206735220680390_comment_10,reply,,,2025-09-11,Kelasnya bapak bapak … Lihat selengkapnya,https://www.facebook.com/groups/921208719233043/posts/1206735220680390/?comment_id=1540935360593706&__cft__[0]=AZjYGE0VgxT7JZovR3DFyaWG5t-Q552ABTcc70gQ-shVnU_zoF1Ovpi8bL6rvyTKNudZfSeD_A3wZl_RZ6qXbAxAltex1jW59ljlyNCeFzNEzwbYQY3lnyOEtGInKcyrv18JJud97e2jxycOKGwK5vFH94SnZoZ1ocgPu3EHwsVmA2Xq23qoghIMq6IEdb4&__tn__=R-R,2026-09-22T05:21:38Z,raw_data_run_20260922_120424_911a9a.csv,rec_e7598957aa041e42,False,Kelasnya bapak bapak … Lihat selengkapnya,kelasnya bapak bapak … lihat selengkapnya,Toyota Zenix,medium,community_context,False,,,,False,not_relevant,no_adas_keyword,,UNKNOWN,,,,,,,
rec_cd9583174a049665,Toyota Zenix,Toyota Zenix owners Indonesia,https://www.facebook.com/groups/921208719233043,1206735220680390,1206735220680390_comment_11,1206735220680390,comment,,,2025-09-11,"3. Pembakaran lebih optimal, BBM secara tidak langsung jadi lebih efisien.",https://www.facebook.com/groups/921208719233043/posts/1206735220680390/?comment_id=1540935360593706&__cft__[0]=AZjYGE0VgxT7JZovR3DFyaWG5t-Q552ABTcc70gQ-shVnU_zoF1Ovpi8bL6rvyTKNudZfSeD_A3wZl_RZ6qXbAxAltex1jW59ljlyNCeFzNEzwbYQY3lnyOEtGInKcyrv18JJud97e2jxycOKGwK5vFH94SnZoZ1ocgPu3EHwsVmA2Xq23qoghIMq6IEdb4&__tn__=R-R,2026-09-22T05:21:43Z,raw_data_run_20260922_120424_911a9a.csv,rec_cd9583174a049665,False,"3. Pembakaran lebih optimal, BBM secara tidak langsung jadi lebih efisien.","3. pembakaran lebih optimal, bbm secara tidak langsung jadi lebih efisien.",Toyota Zenix,medium,community_context,False,,,,False,not_relevant,no_adas_keyword,,UNKNOWN,,,,,,,
rec_1570ca1252baef93,Toyota Zenix,Toyota Zenix owners Indonesia,https://www.facebook.com/groups/921208719233043,1206735220680390,1206735220680390_comment_11,1206735220680390_comment_11,reply,,,2025-09-11,Kelasnya bapak bapak … Lihat selengkapnya,https://www.facebook.com/groups/921208719233043/posts/1206735220680390/?comment_id=1540935360593706&__cft__[0]=AZjYGE0VgxT7JZovR3DFyaWG5t-Q552ABTcc70gQ-shVnU_zoF1Ovpi8bL6rvyTKNudZfSeD_A3wZl_RZ6qXbAxAltex1jW59ljlyNCeFzNEzwbYQY3lnyOEtGInKcyrv18JJud97e2jxycOKGwK5vFH94SnZoZ1ocgPu3EHwsVmA2Xq23qoghIMq6IEdb4&__tn__=R-R,2026-09-22T05:21:52Z,raw_data_run_20260922_120424_911a9a.csv,rec_1570ca1252baef93,False,Kelasnya bapak bapak … Lihat selengkapnya,kelasnya bapak bapak … lihat selengkapnya,Toyota Zenix,medium,community_context,False,,,,False,not_relevant,no_adas_keyword,,UNKNOWN,,,,,,,
rec_0dbe31bac667a5c0,Toyota Zenix,Toyota Zenix owners Indonesia,https://www.facebook.com/groups/921208719233043,1206735220680390,1206735220680390_comment_12,1206735220680390,comment,,,2025-09-11,========================================,https://www.facebook.com/groups/921208719233043/posts/1206735220680390/?comment_id=1540935360593706&__cft__[0]=AZjYGE0VgxT7JZovR3DFyaWG5t-Q552ABTcc70gQ-shVnU_zoF1Ovpi8bL6rvyTKNudZfSeD_A3wZl_RZ6qXbAxAltex1jW59ljlyNCeFzNEzwbYQY3lnyOEtGInKcyrv18JJud97e2jxycOKGwK5vFH94SnZoZ1ocgPu3EHwsVmA2Xq23qoghIMq6IEdb4&__tn__=R-R,2026-09-22T05:21:57Z,raw_data_run_20260922_120424_911a9a.csv,rec_0dbe31bac667a5c0,False,========================================,========================================,Toyota Zenix,medium,community_context,False,,,,False,not_relevant,no_adas_keyword,,UNKNOWN,,,,,,,
rec_59c0bbefd42a8953,Toyota Zenix,Toyota Zenix owners Indonesia,https://www.facebook.com/groups/921208719233043,1206735220680390,1206735220680390_comment_12,1206735220680390_comment_12,reply,,,2025-09-11,Kelasnya bapak bapak … Lihat selengkapnya,https://www.facebook.com/groups/921208719233043/posts/1206735220680390/?comment_id=1540935360593706&__cft__[0]=AZjYGE0VgxT7JZovR3DFyaWG5t-Q552ABTcc70gQ-shVnU_zoF1Ovpi8bL6rvyTKNudZfSeD_A3wZl_RZ6qXbAxAltex1jW59ljlyNCeFzNEzwbYQY3lnyOEtGInKcyrv18JJud97e2jxycOKGwK5vFH94SnZoZ1ocgPu3EHwsVmA2Xq23qoghIMq6IEdb4&__tn__=R-R,2026-09-22T05:22:05Z,raw_data_run_20260922_120424_911a9a.csv,rec_59c0bbefd42a8953,False,Kelasnya bapak bapak … Lihat selengkapnya,kelasnya bapak bapak … lihat selengkapnya,Toyota Zenix,medium,community_context,False,,,,False,not_relevant,no_adas_keyword,,UNKNOWN,,,,,,,
rec_fef414ede527c204,Toyota Zenix,Toyota Zenix owners Indonesia,https://www.facebook.com/groups/921208719233043,1206735220680390,1206735220680390_comment_13,1206735220680390,comment,,,2025-09-11,Terima kasih atas waktu & perhatiannya,https://www.facebook.com/groups/921208719233043/posts/1206735220680390/?comment_id=1540935360593706&__cft__[0]=AZjYGE0VgxT7JZovR3DFyaWG5t-Q552ABTcc70gQ-shVnU_zoF1Ovpi8bL6rvyTKNudZfSeD_A3wZl_RZ6qXbAxAltex1jW59ljlyNCeFzNEzwbYQY3lnyOEtGInKcyrv18JJud97e2jxycOKGwK5vFH94SnZoZ1ocgPu3EHwsVmA2Xq23qoghIMq6IEdb4&__tn__=R-R,2026-09-22T05:22:11Z,raw_data_run_20260922_120424_911a9a.csv,rec_fef414ede527c204,False,Terima kasih atas waktu & perhatiannya,terima kasih atas waktu & perhatiannya,Toyota Zenix,medium,community_context,False,,,,False,not_relevant,no_adas_keyword,,UNKNOWN,,,,,,,
rec_cd1d9fcdbf6d74a8,Toyota Zenix,Toyota Zenix owners Indonesia,https://www.facebook.com/groups/921208719233043,1206735220680390,1206735220680390_comment_13,1206735220680390_comment_13,reply,,,2025-09-11,Kelasnya bapak bapak … Lihat selengkapnya,https://www.facebook.com/groups/921208719233043/posts/1206735220680390/?comment_id=1540935360593706&__cft__[0]=AZjYGE0VgxT7JZovR3DFyaWG5t-Q552ABTcc70gQ-shVnU_zoF1Ovpi8bL6rvyTKNudZfSeD_A3wZl_RZ6qXbAxAltex1jW59ljlyNCeFzNEzwbYQY3lnyOEtGInKcyrv18JJud97e2jxycOKGwK5vFH94SnZoZ1ocgPu3EHwsVmA2Xq23qoghIMq6IEdb4&__tn__=R-R,2026-09-22T05:22:18Z,raw_data_run_20260922_120424_911a9a.csv,rec_cd1d9fcdbf6d74a8,False,Kelasnya bapak bapak … Lihat selengkapnya,kelasnya bapak bapak … lihat selengkapnya,Toyota Zenix,medium,community_context,False,,,,False,not_relevant,no_adas_keyword,,UNKNOWN,,,,,,,
