record_id,vehicle,community,community_url,post_id,comment_id,parent_id,source_type,author_id,author_pseudonym,date,text_raw,url,scraped_at,_origin,dedup_key,is_duplicate,text_clean,text_normalized,vehicle_v2,vehicle_confidence,vehicle_reason,candidate_adas,matched_keywords,layer_hit,feature_names_hit,generic_adas_only,adas_relevance,relevance_reason,relevance_confidence,feature,subfeature,driving_scenario,evidence_type,sentiment,smoothness,expectation_mismatch,feature_confidence
rec_4d2dd2703dc83510,Jaecoo J5,Jaecoo J5 EV INDONESIA,https://www.facebook.com/groups/861576359777228,1122336513701210,,,post,,,2026-09-21,"Harry Adi Pratama
  ·
1hari
Ada, harga 20 mau
Balas
Bagikan
1",https://www.facebook.com/groups/861576359777228/posts/1122336513701210/?comment_id=1122880360313492&__cft__[0]=AZheJOopJ1cpfyf6FSoqAqlKIzmhJf-Z2QObB6NldzX9JJDwhjMOBJzHTrGOBiRcfBRNabU9yJukEvcyr4xGAcf_Aw4yE0ku3yOjS29VUqfAABBbewFoxnfujNIwcPDWaBoKID6Op6idHLI7vXlclEgZaCWC6qShBcNnovRvWlK0YWOSKfCVf-08Sw&__tn__=R-R,2026-09-22T05:31:10Z,raw_data_run_20260922_123044_60fc56.csv,rec_4d2dd2703dc83510,False,"Harry Adi Pratama · 1hari Ada, harga 20 mau Balas Bagikan 1","harry adi pratama · 1hari ada, harga 20 mau balas bagikan 1",Jaecoo J5,medium,community_context,False,,,,False,not_relevant,no_adas_keyword,,UNKNOWN,,,,,,,
rec_edd4037bc5d59abc,Jaecoo J5,Jaecoo J5 EV INDONESIA,https://www.facebook.com/groups/861576359777228,1122336513701210,1122336513701210_comment_1,1122336513701210,comment,,,2026-09-21,"Murah Bosssku 
Crank Guard Cover Pelindung Bawah Mesin BYD Atto 1 Type Premium Bahan Alumunium / Steel 
i… Lihat selengkapnya",https://www.facebook.com/groups/861576359777228/posts/1122336513701210/?comment_id=1122880360313492&__cft__[0]=AZheJOopJ1cpfyf6FSoqAqlKIzmhJf-Z2QObB6NldzX9JJDwhjMOBJzHTrGOBiRcfBRNabU9yJukEvcyr4xGAcf_Aw4yE0ku3yOjS29VUqfAABBbewFoxnfujNIwcPDWaBoKID6Op6idHLI7vXlclEgZaCWC6qShBcNnovRvWlK0YWOSKfCVf-08Sw&__tn__=R-R,2026-09-22T05:31:18Z,raw_data_run_20260922_123044_60fc56.csv,rec_edd4037bc5d59abc,False,Murah Bosssku Crank Guard Cover Pelindung Bawah Mesin BYD Atto 1 Type Premium Bahan Alumunium / Steel i… Lihat selengkapnya,murah bosssku crank guard cover pelindung bawah mesin byd atto 1 type premium bahan alumunium / steel i… lihat selengkapnya,Jaecoo J5,medium,community_context,False,,,,False,not_relevant,no_adas_keyword,,UNKNOWN,,,,,,,
rec_1f73b77e4cce6065,Jaecoo J5,Jaecoo J5 EV INDONESIA,https://www.facebook.com/groups/861576359777228,1122336513701210,1122336513701210_comment_1,1122336513701210_comment_1,reply,,,2026-09-21,Kelasnya bapak bapak … Lihat selengkapnya,https://www.facebook.com/groups/861576359777228/posts/1122336513701210/?comment_id=1122880360313492&__cft__[0]=AZheJOopJ1cpfyf6FSoqAqlKIzmhJf-Z2QObB6NldzX9JJDwhjMOBJzHTrGOBiRcfBRNabU9yJukEvcyr4xGAcf_Aw4yE0ku3yOjS29VUqfAABBbewFoxnfujNIwcPDWaBoKID6Op6idHLI7vXlclEgZaCWC6qShBcNnovRvWlK0YWOSKfCVf-08Sw&__tn__=R-R,2026-09-22T05:31:26Z,raw_data_run_20260922_123044_60fc56.csv,rec_1f73b77e4cce6065,False,Kelasnya bapak bapak … Lihat selengkapnya,kelasnya bapak bapak … lihat selengkapnya,Jaecoo J5,medium,community_context,False,,,,False,not_relevant,no_adas_keyword,,UNKNOWN,,,,,,,
rec_b4cb478f859af488,Jaecoo J5,Jaecoo J5 EV INDONESIA,https://www.facebook.com/groups/861576359777228,1122336513701210,1122336513701210_comment_2,1122336513701210,comment,,,2026-09-21,Kelasnya bapak bapak … Lihat selengkapnya,https://www.facebook.com/groups/861576359777228/posts/1122336513701210/?comment_id=1122880360313492&__cft__[0]=AZheJOopJ1cpfyf6FSoqAqlKIzmhJf-Z2QObB6NldzX9JJDwhjMOBJzHTrGOBiRcfBRNabU9yJukEvcyr4xGAcf_Aw4yE0ku3yOjS29VUqfAABBbewFoxnfujNIwcPDWaBoKID6Op6idHLI7vXlclEgZaCWC6qShBcNnovRvWlK0YWOSKfCVf-08Sw&__tn__=R-R,2026-09-22T05:31:31Z,raw_data_run_20260922_123044_60fc56.csv,rec_b4cb478f859af488,False,Kelasnya bapak bapak … Lihat selengkapnya,kelasnya bapak bapak … lihat selengkapnya,Jaecoo J5,medium,community_context,False,,,,False,not_relevant,no_adas_keyword,,UNKNOWN,,,,,,,
rec_b58d67df7dba8ea1,Jaecoo J5,Jaecoo J5 EV INDONESIA,https://www.facebook.com/groups/861576359777228,1122336513701210,1122336513701210_comment_2,1122336513701210_comment_2,reply,,,2026-09-21,Kelasnya bapak bapak … Lihat selengkapnya,https://www.facebook.com/groups/861576359777228/posts/1122336513701210/?comment_id=1122880360313492&__cft__[0]=AZheJOopJ1cpfyf6FSoqAqlKIzmhJf-Z2QObB6NldzX9JJDwhjMOBJzHTrGOBiRcfBRNabU9yJukEvcyr4xGAcf_Aw4yE0ku3yOjS29VUqfAABBbewFoxnfujNIwcPDWaBoKID6Op6idHLI7vXlclEgZaCWC6qShBcNnovRvWlK0YWOSKfCVf-08Sw&__tn__=R-R,2026-09-22T05:31:38Z,raw_data_run_20260922_123044_60fc56.csv,rec_b58d67df7dba8ea1,False,Kelasnya bapak bapak … Lihat selengkapnya,kelasnya bapak bapak … lihat selengkapnya,Jaecoo J5,medium,community_context,False,,,,False,not_relevant,no_adas_keyword,,UNKNOWN,,,,,,,
rec_946db763fdbeca04,Jaecoo J5,Jaecoo J5 EV INDONESIA,https://www.facebook.com/groups/861576359777228,1122336513701210,1122336513701210_comment_3,1122336513701210,comment,,,2026-09-21,"Halo om semua, adakah yang jual Bodykit J5 versi GIIAS?",https://www.facebook.com/groups/861576359777228/posts/1122336513701210/?comment_id=1122880360313492&__cft__[0]=AZheJOopJ1cpfyf6FSoqAqlKIzmhJf-Z2QObB6NldzX9JJDwhjMOBJzHTrGOBiRcfBRNabU9yJukEvcyr4xGAcf_Aw4yE0ku3yOjS29VUqfAABBbewFoxnfujNIwcPDWaBoKID6Op6idHLI7vXlclEgZaCWC6qShBcNnovRvWlK0YWOSKfCVf-08Sw&__tn__=R-R,2026-09-22T05:31:43Z,raw_data_run_20260922_123044_60fc56.csv,rec_946db763fdbeca04,False,"Halo om semua, adakah yang jual Bodykit J5 versi GIIAS?","halo om semua, adakah yang jual bodykit j5 versi giias?",Jaecoo J5,high,explicit_text_alias_strong,False,,,,False,not_relevant,no_adas_keyword,,UNKNOWN,,,,,,,
rec_1045e93dc9b646a5,Jaecoo J5,Jaecoo J5 EV INDONESIA,https://www.facebook.com/groups/861576359777228,1122336513701210,1122336513701210_comment_3,1122336513701210_comment_3,reply,,,2026-09-21,Kelasnya bapak bapak … Lihat selengkapnya,https://www.facebook.com/groups/861576359777228/posts/1122336513701210/?comment_id=1122880360313492&__cft__[0]=AZheJOopJ1cpfyf6FSoqAqlKIzmhJf-Z2QObB6NldzX9JJDwhjMOBJzHTrGOBiRcfBRNabU9yJukEvcyr4xGAcf_Aw4yE0ku3yOjS29VUqfAABBbewFoxnfujNIwcPDWaBoKID6Op6idHLI7vXlclEgZaCWC6qShBcNnovRvWlK0YWOSKfCVf-08Sw&__tn__=R-R,2026-09-22T05:31:51Z,raw_data_run_20260922_123044_60fc56.csv,rec_1045e93dc9b646a5,False,Kelasnya bapak bapak … Lihat selengkapnya,kelasnya bapak bapak … lihat selengkapnya,Jaecoo J5,medium,community_context,False,,,,False,not_relevant,no_adas_keyword,,UNKNOWN,,,,,,,
rec_095f86cfe71d40fd,Jaecoo J5,Jaecoo J5 EV INDONESIA,https://www.facebook.com/groups/861576359777228,1122336513701210,1122336513701210_comment_4,1122336513701210,comment,,,2026-09-21,"Ada, harga 20 mau",https://www.facebook.com/groups/861576359777228/posts/1122336513701210/?comment_id=1122880360313492&__cft__[0]=AZheJOopJ1cpfyf6FSoqAqlKIzmhJf-Z2QObB6NldzX9JJDwhjMOBJzHTrGOBiRcfBRNabU9yJukEvcyr4xGAcf_Aw4yE0ku3yOjS29VUqfAABBbewFoxnfujNIwcPDWaBoKID6Op6idHLI7vXlclEgZaCWC6qShBcNnovRvWlK0YWOSKfCVf-08Sw&__tn__=R-R,2026-09-22T05:31:56Z,raw_data_run_20260922_123044_60fc56.csv,rec_095f86cfe71d40fd,False,"Ada, harga 20 mau","ada, harga 20 mau",Jaecoo J5,medium,community_context,False,,,,False,not_relevant,no_adas_keyword,,UNKNOWN,,,,,,,
rec_defa1615ffb3a8d3,Jaecoo J5,Jaecoo J5 EV INDONESIA,https://www.facebook.com/groups/861576359777228,1122336513701210,1122336513701210_comment_4,1122336513701210_comment_4,reply,,,2026-09-21,Kelasnya bapak bapak … Lihat selengkapnya,https://www.facebook.com/groups/861576359777228/posts/1122336513701210/?comment_id=1122880360313492&__cft__[0]=AZheJOopJ1cpfyf6FSoqAqlKIzmhJf-Z2QObB6NldzX9JJDwhjMOBJzHTrGOBiRcfBRNabU9yJukEvcyr4xGAcf_Aw4yE0ku3yOjS29VUqfAABBbewFoxnfujNIwcPDWaBoKID6Op6idHLI7vXlclEgZaCWC6qShBcNnovRvWlK0YWOSKfCVf-08Sw&__tn__=R-R,2026-09-22T05:32:03Z,raw_data_run_20260922_123044_60fc56.csv,rec_defa1615ffb3a8d3,False,Kelasnya bapak bapak … Lihat selengkapnya,kelasnya bapak bapak … lihat selengkapnya,Jaecoo J5,medium,community_context,False,,,,False,not_relevant,no_adas_keyword,,UNKNOWN,,,,,,,
rec_9fedcde8fc73ce71,Jaecoo J5,Jaecoo J5 EV INDONESIA,https://www.facebook.com/groups/861576359777228,1122336513701210,1122336513701210_comment_5,1122336513701210,comment,,,2026-09-21,Otoproject ada,https://www.facebook.com/groups/861576359777228/posts/1122336513701210/?comment_id=1122880360313492&__cft__[0]=AZheJOopJ1cpfyf6FSoqAqlKIzmhJf-Z2QObB6NldzX9JJDwhjMOBJzHTrGOBiRcfBRNabU9yJukEvcyr4xGAcf_Aw4yE0ku3yOjS29VUqfAABBbewFoxnfujNIwcPDWaBoKID6Op6idHLI7vXlclEgZaCWC6qShBcNnovRvWlK0YWOSKfCVf-08Sw&__tn__=R-R,2026-09-22T05:32:08Z,raw_data_run_20260922_123044_60fc56.csv,rec_9fedcde8fc73ce71,False,Otoproject ada,otoproject ada,Jaecoo J5,medium,community_context,False,,,,False,not_relevant,no_adas_keyword,,UNKNOWN,,,,,,,
rec_bf4324f29033c2ff,Jaecoo J5,Jaecoo J5 EV INDONESIA,https://www.facebook.com/groups/861576359777228,1122336513701210,1122336513701210_comment_5,1122336513701210_comment_5,reply,,,2026-09-21,Kelasnya bapak bapak … Lihat selengkapnya,https://www.facebook.com/groups/861576359777228/posts/1122336513701210/?comment_id=1122880360313492&__cft__[0]=AZheJOopJ1cpfyf6FSoqAqlKIzmhJf-Z2QObB6NldzX9JJDwhjMOBJzHTrGOBiRcfBRNabU9yJukEvcyr4xGAcf_Aw4yE0ku3yOjS29VUqfAABBbewFoxnfujNIwcPDWaBoKID6Op6idHLI7vXlclEgZaCWC6qShBcNnovRvWlK0YWOSKfCVf-08Sw&__tn__=R-R,2026-09-22T05:32:16Z,raw_data_run_20260922_123044_60fc56.csv,rec_bf4324f29033c2ff,False,Kelasnya bapak bapak … Lihat selengkapnya,kelasnya bapak bapak … lihat selengkapnya,Jaecoo J5,medium,community_context,False,,,,False,not_relevant,no_adas_keyword,,UNKNOWN,,,,,,,
rec_c15c12247c7fad4d,Jaecoo J5,Jaecoo J5 EV INDONESIA,https://www.facebook.com/groups/861576359777228,1122336513701210,1122336513701210_comment_6,1122336513701210,comment,,,2026-09-21,Itu belum ada talang airnya yak yg dari giias...,https://www.facebook.com/groups/861576359777228/posts/1122336513701210/?comment_id=1122880360313492&__cft__[0]=AZheJOopJ1cpfyf6FSoqAqlKIzmhJf-Z2QObB6NldzX9JJDwhjMOBJzHTrGOBiRcfBRNabU9yJukEvcyr4xGAcf_Aw4yE0ku3yOjS29VUqfAABBbewFoxnfujNIwcPDWaBoKID6Op6idHLI7vXlclEgZaCWC6qShBcNnovRvWlK0YWOSKfCVf-08Sw&__tn__=R-R,2026-09-22T05:32:21Z,raw_data_run_20260922_123044_60fc56.csv,rec_c15c12247c7fad4d,False,Itu belum ada talang airnya yak yg dari giias...,itu belum ada talang airnya yak yg dari giias...,Jaecoo J5,medium,community_context,False,,,,False,not_relevant,no_adas_keyword,,UNKNOWN,,,,,,,
rec_17144b691febc118,Jaecoo J5,Jaecoo J5 EV INDONESIA,https://www.facebook.com/groups/861576359777228,1122336513701210,1122336513701210_comment_6,1122336513701210_comment_6,reply,,,2026-09-21,Kelasnya bapak bapak … Lihat selengkapnya,https://www.facebook.com/groups/861576359777228/posts/1122336513701210/?comment_id=1122880360313492&__cft__[0]=AZheJOopJ1cpfyf6FSoqAqlKIzmhJf-Z2QObB6NldzX9JJDwhjMOBJzHTrGOBiRcfBRNabU9yJukEvcyr4xGAcf_Aw4yE0ku3yOjS29VUqfAABBbewFoxnfujNIwcPDWaBoKID6Op6idHLI7vXlclEgZaCWC6qShBcNnovRvWlK0YWOSKfCVf-08Sw&__tn__=R-R,2026-09-22T05:32:30Z,raw_data_run_20260922_123044_60fc56.csv,rec_17144b691febc118,False,Kelasnya bapak bapak … Lihat selengkapnya,kelasnya bapak bapak … lihat selengkapnya,Jaecoo J5,medium,community_context,False,,,,False,not_relevant,no_adas_keyword,,UNKNOWN,,,,,,,
rec_77bc0c8d8b80b28b,Jaecoo J5,Jaecoo J5 EV INDONESIA,https://www.facebook.com/groups/861576359777228,1122336513701210,1122336513701210_comment_7,1122336513701210,comment,,,2026-09-21,Mau beli talang air nya ah. Sblm di pasang bodykit sama deler..,https://www.facebook.com/groups/861576359777228/posts/1122336513701210/?comment_id=1122880360313492&__cft__[0]=AZheJOopJ1cpfyf6FSoqAqlKIzmhJf-Z2QObB6NldzX9JJDwhjMOBJzHTrGOBiRcfBRNabU9yJukEvcyr4xGAcf_Aw4yE0ku3yOjS29VUqfAABBbewFoxnfujNIwcPDWaBoKID6Op6idHLI7vXlclEgZaCWC6qShBcNnovRvWlK0YWOSKfCVf-08Sw&__tn__=R-R,2026-09-22T05:32:34Z,raw_data_run_20260922_123044_60fc56.csv,rec_77bc0c8d8b80b28b,False,Mau beli talang air nya ah. Sblm di pasang bodykit sama deler..,mau beli talang air nya ah. sblm di pasang bodykit sama deler..,Jaecoo J5,medium,community_context,False,,,,False,not_relevant,no_adas_keyword,,UNKNOWN,,,,,,,
rec_c3e3dce71d6572cf,Jaecoo J5,Jaecoo J5 EV INDONESIA,https://www.facebook.com/groups/861576359777228,post_5,,,post,,,2026-09-21,"Rizky Dwi Saputra
  ·
1hari
Otoproject ada
Balas
Bagikan",https://www.facebook.com/groups/861576359777228,2026-09-22T05:32:40Z,raw_data_run_20260922_123044_60fc56.csv,rec_c3e3dce71d6572cf,False,Rizky Dwi Saputra · 1hari Otoproject ada Balas Bagikan,rizky dwi saputra · 1hari otoproject ada balas bagikan,Jaecoo J5,medium,community_context,False,,,,False,not_relevant,no_adas_keyword,,UNKNOWN,,,,,,,
rec_53adcf69ed438a1e,Jaecoo J5,Jaecoo J5 EV INDONESIA,https://www.facebook.com/groups/861576359777228,post_5,post_5_comment_1,post_5,comment,,,2026-09-21,Upgrade ke mobil masa depan bersama JAECOO,https://www.facebook.com/groups/861576359777228,2026-09-22T05:50:14Z,raw_data_run_20260922_123044_60fc56.csv,rec_53adcf69ed438a1e,False,Upgrade ke mobil masa depan bersama JAECOO,upgrade ke mobil masa depan bersama jaecoo,Jaecoo J5,high,explicit_text_alias_strong,False,,,,False,not_relevant,no_adas_keyword,,UNKNOWN,,,,,,,
rec_53944afcbccd991b,Jaecoo J5,Jaecoo J5 EV INDONESIA,https://www.facebook.com/groups/861576359777228,post_5,post_5_comment_1,post_5_comment_1,reply,,,2026-09-21,Upgrade ke mobil masa depan bersama JAECOO,https://www.facebook.com/groups/861576359777228,2026-09-22T05:50:25Z,raw_data_run_20260922_123044_60fc56.csv,rec_53944afcbccd991b,False,Upgrade ke mobil masa depan bersama JAECOO,upgrade ke mobil masa depan bersama jaecoo,Jaecoo J5,high,explicit_text_alias_strong,False,,,,False,not_relevant,no_adas_keyword,,UNKNOWN,,,,,,,
rec_54e1863542b98b02,Jaecoo J5,Jaecoo J5 EV INDONESIA,https://www.facebook.com/groups/861576359777228,post_5,post_5_comment_2,post_5,comment,,,2026-09-21,"Kenyamanan dan keamanan keluarga kini lebih mudah dijangkau bersama Jaecoo, setiap perjalanan jadi lebih tenang dan efisien",https://www.facebook.com/groups/861576359777228,2026-09-22T05:50:28Z,raw_data_run_20260922_123044_60fc56.csv,rec_54e1863542b98b02,False,"Kenyamanan dan keamanan keluarga kini lebih mudah dijangkau bersama Jaecoo, setiap perjalanan jadi lebih tenang dan efisien","kenyamanan dan keamanan keluarga kini lebih mudah dijangkau bersama jaecoo, setiap perjalanan jadi lebih tenang dan efisien",Jaecoo J5,high,explicit_text_alias_strong,False,,,,False,not_relevant,no_adas_keyword,,UNKNOWN,,,,,,,
rec_5c68d00cb29975bc,Jaecoo J5,Jaecoo J5 EV INDONESIA,https://www.facebook.com/groups/861576359777228,post_5,post_5_comment_2,post_5_comment_2,reply,,,2026-09-21,Upgrade ke mobil masa depan bersama JAECOO,https://www.facebook.com/groups/861576359777228,2026-09-22T05:50:35Z,raw_data_run_20260922_123044_60fc56.csv,rec_5c68d00cb29975bc,False,Upgrade ke mobil masa depan bersama JAECOO,upgrade ke mobil masa depan bersama jaecoo,Jaecoo J5,high,explicit_text_alias_strong,False,,,,False,not_relevant,no_adas_keyword,,UNKNOWN,,,,,,,
rec_01270d64fdf8627b,Jaecoo J5,Jaecoo J5 EV INDONESIA,https://www.facebook.com/groups/861576359777228,post_5,post_5_comment_3,post_5,comment,,,2026-09-21,J5 mulai Rp. 326 Jutaan,https://www.facebook.com/groups/861576359777228,2026-09-22T05:50:37Z,raw_data_run_20260922_123044_60fc56.csv,rec_01270d64fdf8627b,False,J5 mulai Rp. 326 Jutaan,j5 mulai rp. 326 jutaan,Jaecoo J5,high,explicit_text_alias_strong,False,,,,False,not_relevant,no_adas_keyword,,UNKNOWN,,,,,,,
rec_a45bf9afe1de3dfb,Jaecoo J5,Jaecoo J5 EV INDONESIA,https://www.facebook.com/groups/861576359777228,post_5,post_5_comment_3,post_5_comment_3,reply,,,2026-09-21,Upgrade ke mobil masa depan bersama JAECOO,https://www.facebook.com/groups/861576359777228,2026-09-22T05:50:45Z,raw_data_run_20260922_123044_60fc56.csv,rec_a45bf9afe1de3dfb,False,Upgrade ke mobil masa depan bersama JAECOO,upgrade ke mobil masa depan bersama jaecoo,Jaecoo J5,high,explicit_text_alias_strong,False,,,,False,not_relevant,no_adas_keyword,,UNKNOWN,,,,,,,
rec_14c0f65abfa6b07f,Jaecoo J5,Jaecoo J5 EV INDONESIA,https://www.facebook.com/groups/861576359777228,post_5,post_5_comment_4,post_5,comment,,,2026-09-21,J7 mulai Rp. 511 Jutaan,https://www.facebook.com/groups/861576359777228,2026-09-22T05:50:47Z,raw_data_run_20260922_123044_60fc56.csv,rec_14c0f65abfa6b07f,False,J7 mulai Rp. 511 Jutaan,j7 mulai rp. 511 jutaan,Jaecoo J5,medium,community_context,False,,,,False,not_relevant,no_adas_keyword,,UNKNOWN,,,,,,,
rec_107c565139d294cb,Jaecoo J5,Jaecoo J5 EV INDONESIA,https://www.facebook.com/groups/861576359777228,post_5,post_5_comment_4,post_5_comment_4,reply,,,2026-09-21,Upgrade ke mobil masa depan bersama JAECOO,https://www.facebook.com/groups/861576359777228,2026-09-22T05:50:55Z,raw_data_run_20260922_123044_60fc56.csv,rec_107c565139d294cb,False,Upgrade ke mobil masa depan bersama JAECOO,upgrade ke mobil masa depan bersama jaecoo,Jaecoo J5,high,explicit_text_alias_strong,False,,,,False,not_relevant,no_adas_keyword,,UNKNOWN,,,,,,,
rec_945595eccc6cad80,Jaecoo J5,Jaecoo J5 EV INDONESIA,https://www.facebook.com/groups/861576359777228,post_5,post_5_comment_5,post_5,comment,,,2026-09-21,J8 mulai Rp. 701 Jutaan,https://www.facebook.com/groups/861576359777228,2026-09-22T05:50:57Z,raw_data_run_20260922_123044_60fc56.csv,rec_945595eccc6cad80,False,J8 mulai Rp. 701 Jutaan,j8 mulai rp. 701 jutaan,Jaecoo J5,medium,community_context,False,,,,False,not_relevant,no_adas_keyword,,UNKNOWN,,,,,,,
rec_e2f77cdb9d3f2272,Jaecoo J5,Jaecoo J5 EV INDONESIA,https://www.facebook.com/groups/861576359777228,post_5,post_5_comment_5,post_5_comment_5,reply,,,2026-09-21,Upgrade ke mobil masa depan bersama JAECOO,https://www.facebook.com/groups/861576359777228,2026-09-22T05:51:05Z,raw_data_run_20260922_123044_60fc56.csv,rec_e2f77cdb9d3f2272,False,Upgrade ke mobil masa depan bersama JAECOO,upgrade ke mobil masa depan bersama jaecoo,Jaecoo J5,high,explicit_text_alias_strong,False,,,,False,not_relevant,no_adas_keyword,,UNKNOWN,,,,,,,
rec_ce6eac71b587028c,Jaecoo J5,Jaecoo J5 EV INDONESIA,https://www.facebook.com/groups/861576359777228,post_5,post_5_comment_6,post_5,comment,,,2026-09-21,• DP Minim Start 10%,https://www.facebook.com/groups/861576359777228,2026-09-22T05:51:08Z,raw_data_run_20260922_123044_60fc56.csv,rec_ce6eac71b587028c,False,• DP Minim Start 10%,• dp minim start 10%,Jaecoo J5,medium,community_context,False,,,,False,not_relevant,no_adas_keyword,,UNKNOWN,,,,,,,
rec_2de271c9437ee36f,Jaecoo J5,Jaecoo J5 EV INDONESIA,https://www.facebook.com/groups/861576359777228,post_5,post_5_comment_6,post_5_comment_6,reply,,,2026-09-21,Upgrade ke mobil masa depan bersama JAECOO,https://www.facebook.com/groups/861576359777228,2026-09-22T05:51:16Z,raw_data_run_20260922_123044_60fc56.csv,rec_2de271c9437ee36f,False,Upgrade ke mobil masa depan bersama JAECOO,upgrade ke mobil masa depan bersama jaecoo,Jaecoo J5,high,explicit_text_alias_strong,False,,,,False,not_relevant,no_adas_keyword,,UNKNOWN,,,,,,,
rec_615a4e1f9d4cf1b5,Jaecoo J5,Jaecoo J5 EV INDONESIA,https://www.facebook.com/groups/861576359777228,post_5,post_5_comment_7,post_5,comment,,,2026-09-21,• TUKAR TAMBAH AllMerk dengan Harga TERBAIK,https://www.facebook.com/groups/861576359777228,2026-09-22T05:51:19Z,raw_data_run_20260922_123044_60fc56.csv,rec_615a4e1f9d4cf1b5,False,• TUKAR TAMBAH AllMerk dengan Harga TERBAIK,• tukar tambah allmerk dengan harga terbaik,Jaecoo J5,medium,community_context,False,,,,False,not_relevant,no_adas_keyword,,UNKNOWN,,,,,,,
rec_b36e1b23ff94b442,Jaecoo J5,Jaecoo J5 EV INDONESIA,https://www.facebook.com/groups/861576359777228,post_5,post_5_comment_7,post_5_comment_7,reply,,,2026-09-21,Upgrade ke mobil masa depan bersama JAECOO,https://www.facebook.com/groups/861576359777228,2026-09-22T05:51:28Z,raw_data_run_20260922_123044_60fc56.csv,rec_b36e1b23ff94b442,False,Upgrade ke mobil masa depan bersama JAECOO,upgrade ke mobil masa depan bersama jaecoo,Jaecoo J5,high,explicit_text_alias_strong,False,,,,False,not_relevant,no_adas_keyword,,UNKNOWN,,,,,,,
rec_c01875914a449d7d,Jaecoo J5,Jaecoo J5 EV INDONESIA,https://www.facebook.com/groups/861576359777228,post_5,post_5_comment_8,post_5,comment,,,2026-09-21,• Tenor Flexibel 1thn s/d 6thn,https://www.facebook.com/groups/861576359777228,2026-09-22T05:51:31Z,raw_data_run_20260922_123044_60fc56.csv,rec_c01875914a449d7d,False,• Tenor Flexibel 1thn s/d 6thn,• tenor flexibel 1thn s/d 6thn,Jaecoo J5,medium,community_context,False,,,,False,not_relevant,no_adas_keyword,,UNKNOWN,,,,,,,
rec_d090ec3ea4258689,Jaecoo J5,Jaecoo J5 EV INDONESIA,https://www.facebook.com/groups/861576359777228,post_5,post_5_comment_8,post_5_comment_8,reply,,,2026-09-21,Upgrade ke mobil masa depan bersama JAECOO,https://www.facebook.com/groups/861576359777228,2026-09-22T05:51:40Z,raw_data_run_20260922_123044_60fc56.csv,rec_d090ec3ea4258689,False,Upgrade ke mobil masa depan bersama JAECOO,upgrade ke mobil masa depan bersama jaecoo,Jaecoo J5,high,explicit_text_alias_strong,False,,,,False,not_relevant,no_adas_keyword,,UNKNOWN,,,,,,,
rec_a8f4e1034cd653f6,Jaecoo J5,Jaecoo J5 EV INDONESIA,https://www.facebook.com/groups/861576359777228,post_5,post_5_comment_9,post_5,comment,,,2026-09-21,• Bunga 0% Khusus Tenor 1thn,https://www.facebook.com/groups/861576359777228,2026-09-22T05:51:43Z,raw_data_run_20260922_123044_60fc56.csv,rec_a8f4e1034cd653f6,False,• Bunga 0% Khusus Tenor 1thn,• bunga 0% khusus tenor 1thn,Jaecoo J5,medium,community_context,False,,,,False,not_relevant,no_adas_keyword,,UNKNOWN,,,,,,,
rec_7b2315cdf3914019,Jaecoo J5,Jaecoo J5 EV INDONESIA,https://www.facebook.com/groups/861576359777228,post_5,post_5_comment_9,post_5_comment_9,reply,,,2026-09-21,Upgrade ke mobil masa depan bersama JAECOO,https://www.facebook.com/groups/861576359777228,2026-09-22T05:51:52Z,raw_data_run_20260922_123044_60fc56.csv,rec_7b2315cdf3914019,False,Upgrade ke mobil masa depan bersama JAECOO,upgrade ke mobil masa depan bersama jaecoo,Jaecoo J5,high,explicit_text_alias_strong,False,,,,False,not_relevant,no_adas_keyword,,UNKNOWN,,,,,,,
rec_8c7a3cab74fb506e,Jaecoo J5,Jaecoo J5 EV INDONESIA,https://www.facebook.com/groups/861576359777228,post_5,post_5_comment_10,post_5,comment,,,2026-09-21,• Free asuransi Allrisk 1 Tahun,https://www.facebook.com/groups/861576359777228,2026-09-22T05:51:55Z,raw_data_run_20260922_123044_60fc56.csv,rec_8c7a3cab74fb506e,False,• Free asuransi Allrisk 1 Tahun,• free asuransi allrisk 1 tahun,Jaecoo J5,medium,community_context,False,,,,False,not_relevant,no_adas_keyword,,UNKNOWN,,,,,,,
rec_23e5da53696ccb15,Jaecoo J5,Jaecoo J5 EV INDONESIA,https://www.facebook.com/groups/861576359777228,post_5,post_5_comment_10,post_5_comment_10,reply,,,2026-09-21,Upgrade ke mobil masa depan bersama JAECOO,https://www.facebook.com/groups/861576359777228,2026-09-22T05:52:01Z,raw_data_run_20260922_123044_60fc56.csv,rec_23e5da53696ccb15,False,Upgrade ke mobil masa depan bersama JAECOO,upgrade ke mobil masa depan bersama jaecoo,Jaecoo J5,high,explicit_text_alias_strong,False,,,,False,not_relevant,no_adas_keyword,,UNKNOWN,,,,,,,
rec_d39bd36ba2cc4f56,Jaecoo J5,Jaecoo J5 EV INDONESIA,https://www.facebook.com/groups/861576359777228,post_5,post_5_comment_11,post_5,comment,,,2026-09-21,• Free Test Drive,https://www.facebook.com/groups/861576359777228,2026-09-22T05:52:04Z,raw_data_run_20260922_123044_60fc56.csv,rec_d39bd36ba2cc4f56,False,• Free Test Drive,• free test drive,Jaecoo J5,medium,community_context,False,,,,False,not_relevant,no_adas_keyword,,UNKNOWN,,,,,,,
rec_ef413f86103c1451,Jaecoo J5,Jaecoo J5 EV INDONESIA,https://www.facebook.com/groups/861576359777228,post_5,post_5_comment_11,post_5_comment_11,reply,,,2026-09-21,Upgrade ke mobil masa depan bersama JAECOO,https://www.facebook.com/groups/861576359777228,2026-09-22T05:52:10Z,raw_data_run_20260922_123044_60fc56.csv,rec_ef413f86103c1451,False,Upgrade ke mobil masa depan bersama JAECOO,upgrade ke mobil masa depan bersama jaecoo,Jaecoo J5,high,explicit_text_alias_strong,False,,,,False,not_relevant,no_adas_keyword,,UNKNOWN,,,,,,,
rec_a549c4677120413e,Jaecoo J5,Jaecoo J5 EV INDONESIA,https://www.facebook.com/groups/861576359777228,post_5,post_5_comment_12,post_5,comment,,,2026-09-21,• Dan masih banyak lainnya,https://www.facebook.com/groups/861576359777228,2026-09-22T05:52:13Z,raw_data_run_20260922_123044_60fc56.csv,rec_a549c4677120413e,False,• Dan masih banyak lainnya,• dan masih banyak lainnya,Jaecoo J5,medium,community_context,False,,,,False,not_relevant,no_adas_keyword,,UNKNOWN,,,,,,,
rec_fc6c555d7e1772d6,Jaecoo J5,Jaecoo J5 EV INDONESIA,https://www.facebook.com/groups/861576359777228,post_5,post_5_comment_12,post_5_comment_12,reply,,,2026-09-21,Upgrade ke mobil masa depan bersama JAECOO,https://www.facebook.com/groups/861576359777228,2026-09-22T05:52:19Z,raw_data_run_20260922_123044_60fc56.csv,rec_fc6c555d7e1772d6,False,Upgrade ke mobil masa depan bersama JAECOO,upgrade ke mobil masa depan bersama jaecoo,Jaecoo J5,high,explicit_text_alias_strong,False,,,,False,not_relevant,no_adas_keyword,,UNKNOWN,,,,,,,
rec_e283d17340e99b97,Jaecoo J5,Jaecoo J5 EV INDONESIA,https://www.facebook.com/groups/861576359777228,post_5,post_5_comment_13,post_5,comment,,,2026-09-21,"Bersama Jaecoo , melangkah menuju masa depan yang lebih tenang dan modern.",https://www.facebook.com/groups/861576359777228,2026-09-22T05:52:22Z,raw_data_run_20260922_123044_60fc56.csv,rec_e283d17340e99b97,False,"Bersama Jaecoo , melangkah menuju masa depan yang lebih tenang dan modern.","bersama jaecoo , melangkah menuju masa depan yang lebih tenang dan modern.",Jaecoo J5,high,explicit_text_alias_strong,False,,,,False,not_relevant,no_adas_keyword,,UNKNOWN,,,,,,,
rec_402f3372e9088f36,Jaecoo J5,Jaecoo J5 EV INDONESIA,https://www.facebook.com/groups/861576359777228,post_5,post_5_comment_13,post_5_comment_13,reply,,,2026-09-21,Upgrade ke mobil masa depan bersama JAECOO,https://www.facebook.com/groups/861576359777228,2026-09-22T05:52:29Z,raw_data_run_20260922_123044_60fc56.csv,rec_402f3372e9088f36,False,Upgrade ke mobil masa depan bersama JAECOO,upgrade ke mobil masa depan bersama jaecoo,Jaecoo J5,high,explicit_text_alias_strong,False,,,,False,not_relevant,no_adas_keyword,,UNKNOWN,,,,,,,
rec_d3586172efae080f,Jaecoo J5,Jaecoo J5 EV INDONESIA,https://www.facebook.com/groups/861576359777228,post_5,post_5_comment_14,post_5,comment,,,2026-09-21,*( CECEP JAECOO BANDUNG )*,https://www.facebook.com/groups/861576359777228,2026-09-22T05:52:32Z,raw_data_run_20260922_123044_60fc56.csv,rec_d3586172efae080f,False,*( CECEP JAECOO BANDUNG )*,*( cecep jaecoo bandung )*,Jaecoo J5,high,explicit_text_alias_strong,False,,,,False,not_relevant,no_adas_keyword,,UNKNOWN,,,,,,,
rec_af14efa2c1472f48,Jaecoo J5,Jaecoo J5 EV INDONESIA,https://www.facebook.com/groups/861576359777228,post_5,post_5_comment_14,post_5_comment_14,reply,,,2026-09-21,Upgrade ke mobil masa depan bersama JAECOO,https://www.facebook.com/groups/861576359777228,2026-09-22T05:52:40Z,raw_data_run_20260922_123044_60fc56.csv,rec_af14efa2c1472f48,False,Upgrade ke mobil masa depan bersama JAECOO,upgrade ke mobil masa depan bersama jaecoo,Jaecoo J5,high,explicit_text_alias_strong,False,,,,False,not_relevant,no_adas_keyword,,UNKNOWN,,,,,,,
rec_1a98e03efd766fb0,Jaecoo J5,Jaecoo J5 EV INDONESIA,https://www.facebook.com/groups/861576359777228,post_5,post_5_comment_15,post_5,comment,,,2026-09-21,*IG : @Omodajaecoo.cecep*,https://www.facebook.com/groups/861576359777228,2026-09-22T05:52:43Z,raw_data_run_20260922_123044_60fc56.csv,rec_1a98e03efd766fb0,False,*IG : [mention] .cecep*,*ig : [mention] .cecep*,Jaecoo J5,medium,community_context,False,,,,False,not_relevant,no_adas_keyword,,UNKNOWN,,,,,,,
rec_dd4673ba3ebf1802,Jaecoo J5,Jaecoo J5 EV INDONESIA,https://www.facebook.com/groups/861576359777228,post_5,post_5_comment_15,post_5_comment_15,reply,,,2026-09-21,Upgrade ke mobil masa depan bersama JAECOO,https://www.facebook.com/groups/861576359777228,2026-09-22T05:52:50Z,raw_data_run_20260922_123044_60fc56.csv,rec_dd4673ba3ebf1802,False,Upgrade ke mobil masa depan bersama JAECOO,upgrade ke mobil masa depan bersama jaecoo,Jaecoo J5,high,explicit_text_alias_strong,False,,,,False,not_relevant,no_adas_keyword,,UNKNOWN,,,,,,,
rec_4f44200165775ad9,Jaecoo J5,Jaecoo J5 EV INDONESIA,https://www.facebook.com/groups/861576359777228,post_5,post_5_comment_16,post_5,comment,,,2026-09-21,"*
Office : Jl. Cihampelas No.264 Bandung*",https://www.facebook.com/groups/861576359777228,2026-09-22T05:52:53Z,raw_data_run_20260922_123044_60fc56.csv,rec_4f44200165775ad9,False,* Office : Jl. Cihampelas No.264 Bandung*,* office : jl. cihampelas no.264 bandung*,Jaecoo J5,medium,community_context,False,,,,False,not_relevant,no_adas_keyword,,UNKNOWN,,,,,,,
rec_fd0d71623277f077,Jaecoo J5,Jaecoo J5 EV INDONESIA,https://www.facebook.com/groups/861576359777228,post_5,post_5_comment_16,post_5_comment_16,reply,,,2026-09-21,Upgrade ke mobil masa depan bersama JAECOO,https://www.facebook.com/groups/861576359777228,2026-09-22T05:53:01Z,raw_data_run_20260922_123044_60fc56.csv,rec_fd0d71623277f077,False,Upgrade ke mobil masa depan bersama JAECOO,upgrade ke mobil masa depan bersama jaecoo,Jaecoo J5,high,explicit_text_alias_strong,False,,,,False,not_relevant,no_adas_keyword,,UNKNOWN,,,,,,,
rec_dfeea652a3c6a257,Jaecoo J5,Jaecoo J5 EV INDONESIA,https://www.facebook.com/groups/861576359777228,post_5,post_5_comment_17,post_5,comment,,,2026-09-21,#mobilviral #jaecoobandung,https://www.facebook.com/groups/861576359777228,2026-09-22T05:53:04Z,raw_data_run_20260922_123044_60fc56.csv,rec_dfeea652a3c6a257,False,#mobilviral #jaecoobandung,#mobilviral #jaecoobandung,Jaecoo J5,medium,community_context,False,,,,False,not_relevant,no_adas_keyword,,UNKNOWN,,,,,,,
rec_e51c7810b569a82c,Jaecoo J5,Jaecoo J5 EV INDONESIA,https://www.facebook.com/groups/861576359777228,post_5,post_5_comment_17,post_5_comment_17,reply,,,2026-09-21,Upgrade ke mobil masa depan bersama JAECOO,https://www.facebook.com/groups/861576359777228,2026-09-22T05:53:11Z,raw_data_run_20260922_123044_60fc56.csv,rec_e51c7810b569a82c,False,Upgrade ke mobil masa depan bersama JAECOO,upgrade ke mobil masa depan bersama jaecoo,Jaecoo J5,high,explicit_text_alias_strong,False,,,,False,not_relevant,no_adas_keyword,,UNKNOWN,,,,,,,
rec_2942f82726dd7f13,Jaecoo J5,Jaecoo J5 EV INDONESIA,https://www.facebook.com/groups/861576359777228,post_5,post_5_comment_18,post_5,comment,,,2026-09-21,#jaecoo #mobillistrik #jaecooindonesia,https://www.facebook.com/groups/861576359777228,2026-09-22T05:53:14Z,raw_data_run_20260922_123044_60fc56.csv,rec_2942f82726dd7f13,False,#jaecoo #mobillistrik #jaecooindonesia,#jaecoo #mobillistrik #jaecooindonesia,Jaecoo J5,high,explicit_text_alias_strong,False,,,,False,not_relevant,no_adas_keyword,,UNKNOWN,,,,,,,
rec_0c59c6d16394e34b,Jaecoo J5,Jaecoo J5 EV INDONESIA,https://www.facebook.com/groups/861576359777228,post_5,post_5_comment_18,post_5_comment_18,reply,,,2026-09-21,Upgrade ke mobil masa depan bersama JAECOO,https://www.facebook.com/groups/861576359777228,2026-09-22T05:53:22Z,raw_data_run_20260922_123044_60fc56.csv,rec_0c59c6d16394e34b,False,Upgrade ke mobil masa depan bersama JAECOO,upgrade ke mobil masa depan bersama jaecoo,Jaecoo J5,high,explicit_text_alias_strong,False,,,,False,not_relevant,no_adas_keyword,,UNKNOWN,,,,,,,
rec_04f5d78d397b8992,Jaecoo J5,Jaecoo J5 EV INDONESIA,https://www.facebook.com/groups/861576359777228,post_5,post_5_comment_19,post_5,comment,,,2026-09-21,#jaecoobandung #SUV #MobilBaru #PromoMobil #mobillistrik #pajakmobillistrik #jaecoobandung #jaecooindonesia #JaecooJ5,https://www.facebook.com/groups/861576359777228,2026-09-22T05:53:25Z,raw_data_run_20260922_123044_60fc56.csv,rec_04f5d78d397b8992,False,#jaecoobandung #SUV #MobilBaru #PromoMobil #mobillistrik #pajakmobillistrik #jaecoobandung #jaecooindonesia #JaecooJ5,#jaecoobandung #suv #mobilbaru #promomobil #mobillistrik #pajakmobillistrik #jaecoobandung #jaecooindonesia #jaecooj5,Jaecoo J5,high,explicit_text_alias_strong,False,,,,False,not_relevant,no_adas_keyword,,UNKNOWN,,,,,,,
rec_18a11e27fca866dc,Jaecoo J5,Jaecoo J5 EV INDONESIA,https://www.facebook.com/groups/861576359777228,post_5,post_5_comment_19,post_5_comment_19,reply,,,2026-09-21,Upgrade ke mobil masa depan bersama JAECOO,https://www.facebook.com/groups/861576359777228,2026-09-22T05:53:33Z,raw_data_run_20260922_123044_60fc56.csv,rec_18a11e27fca866dc,False,Upgrade ke mobil masa depan bersama JAECOO,upgrade ke mobil masa depan bersama jaecoo,Jaecoo J5,high,explicit_text_alias_strong,False,,,,False,not_relevant,no_adas_keyword,,UNKNOWN,,,,,,,
rec_a9510f8aa7a19794,Jaecoo J5,Jaecoo J5 EV INDONESIA,https://www.facebook.com/groups/861576359777228,post_5,post_5_comment_20,post_5,comment,,,2026-09-21,#evcars #jaecooj5premium #jaecooj5suv #jaecooj5white #jaecooj5twotone #jaecooj5bev,https://www.facebook.com/groups/861576359777228,2026-09-22T05:53:36Z,raw_data_run_20260922_123044_60fc56.csv,rec_a9510f8aa7a19794,False,#evcars #jaecooj5premium #jaecooj5suv #jaecooj5white #jaecooj5twotone #jaecooj5bev,#evcars #jaecooj5premium #jaecooj5suv #jaecooj5white #jaecooj5twotone #jaecooj5bev,Jaecoo J5,medium,community_context,False,,,,False,not_relevant,no_adas_keyword,,UNKNOWN,,,,,,,
rec_f177ff594eae24ea,Jaecoo J5,Jaecoo J5 EV INDONESIA,https://www.facebook.com/groups/861576359777228,post_5,post_5_comment_20,post_5_comment_20,reply,,,2026-09-21,Upgrade ke mobil masa depan bersama JAECOO,https://www.facebook.com/groups/861576359777228,2026-09-22T05:53:43Z,raw_data_run_20260922_123044_60fc56.csv,rec_f177ff594eae24ea,False,Upgrade ke mobil masa depan bersama JAECOO,upgrade ke mobil masa depan bersama jaecoo,Jaecoo J5,high,explicit_text_alias_strong,False,,,,False,not_relevant,no_adas_keyword,,UNKNOWN,,,,,,,
rec_c1099c4741ae4f35,Jaecoo J5,Jaecoo J5 EV INDONESIA,https://www.facebook.com/groups/861576359777228,post_5,post_5_comment_21,post_5,comment,,,2026-09-21,#jaecooj7 #jaecooj7shs #jaecooj7ardis,https://www.facebook.com/groups/861576359777228,2026-09-22T05:53:46Z,raw_data_run_20260922_123044_60fc56.csv,rec_c1099c4741ae4f35,False,#jaecooj7 #jaecooj7shs #jaecooj7ardis,#jaecooj7 #jaecooj7shs #jaecooj7ardis,Jaecoo J5,medium,community_context,False,,,,False,not_relevant,no_adas_keyword,,UNKNOWN,,,,,,,
rec_46e97c56d427993c,Jaecoo J5,Jaecoo J5 EV INDONESIA,https://www.facebook.com/groups/861576359777228,post_5,post_5_comment_21,post_5_comment_21,reply,,,2026-09-21,Upgrade ke mobil masa depan bersama JAECOO,https://www.facebook.com/groups/861576359777228,2026-09-22T05:53:54Z,raw_data_run_20260922_123044_60fc56.csv,rec_46e97c56d427993c,False,Upgrade ke mobil masa depan bersama JAECOO,upgrade ke mobil masa depan bersama jaecoo,Jaecoo J5,high,explicit_text_alias_strong,False,,,,False,not_relevant,no_adas_keyword,,UNKNOWN,,,,,,,
rec_d7eb6230634dfba1,Jaecoo J5,Jaecoo J5 EV INDONESIA,https://www.facebook.com/groups/861576359777228,post_5,post_5_comment_22,post_5,comment,,,2026-09-21,#jaecooj8 #jaecooj8shs #jaecooj8ardis #Jaecooevpremium #jaecoopremium #fyp Tampilkan lebih sedikit,https://www.facebook.com/groups/861576359777228,2026-09-22T05:53:56Z,raw_data_run_20260922_123044_60fc56.csv,rec_d7eb6230634dfba1,False,#jaecooj8 #jaecooj8shs #jaecooj8ardis #Jaecooevpremium #jaecoopremium #fyp Tampilkan lebih sedikit,#jaecooj8 #jaecooj8shs #jaecooj8ardis #jaecooevpremium #jaecoopremium #fyp tampilkan lebih sedikit,Jaecoo J5,medium,community_context,False,,,,False,not_relevant,no_adas_keyword,,UNKNOWN,,,,,,,
rec_5511614817089d66,Jaecoo J5,Jaecoo J5 EV INDONESIA,https://www.facebook.com/groups/861576359777228,post_5,post_5_comment_22,post_5_comment_22,reply,,,2026-09-21,Upgrade ke mobil masa depan bersama JAECOO,https://www.facebook.com/groups/861576359777228,2026-09-22T05:54:07Z,raw_data_run_20260922_123044_60fc56.csv,rec_5511614817089d66,False,Upgrade ke mobil masa depan bersama JAECOO,upgrade ke mobil masa depan bersama jaecoo,Jaecoo J5,high,explicit_text_alias_strong,False,,,,False,not_relevant,no_adas_keyword,,UNKNOWN,,,,,,,
rec_b80326b3ff15a9b5,Jaecoo J5,Jaecoo J5 EV INDONESIA,https://www.facebook.com/groups/861576359777228,post_5,post_5_comment_23,post_5,comment,,,2026-09-21,"Halo om semua, adakah yang jual Bodykit J5 versi GIIAS?",https://www.facebook.com/groups/861576359777228,2026-09-22T05:54:11Z,raw_data_run_20260922_123044_60fc56.csv,rec_b80326b3ff15a9b5,False,"Halo om semua, adakah yang jual Bodykit J5 versi GIIAS?","halo om semua, adakah yang jual bodykit j5 versi giias?",Jaecoo J5,high,explicit_text_alias_strong,False,,,,False,not_relevant,no_adas_keyword,,UNKNOWN,,,,,,,
rec_3c0d6134669fa5af,Jaecoo J5,Jaecoo J5 EV INDONESIA,https://www.facebook.com/groups/861576359777228,post_5,post_5_comment_23,post_5_comment_23,reply,,,2026-09-21,Upgrade ke mobil masa depan bersama JAECOO,https://www.facebook.com/groups/861576359777228,2026-09-22T05:54:18Z,raw_data_run_20260922_123044_60fc56.csv,rec_3c0d6134669fa5af,False,Upgrade ke mobil masa depan bersama JAECOO,upgrade ke mobil masa depan bersama jaecoo,Jaecoo J5,high,explicit_text_alias_strong,False,,,,False,not_relevant,no_adas_keyword,,UNKNOWN,,,,,,,
rec_e14770411c12d313,Jaecoo J5,Jaecoo J5 EV INDONESIA,https://www.facebook.com/groups/861576359777228,post_5,post_5_comment_24,post_5,comment,,,2026-09-21,"Ada, harga 20 mau",https://www.facebook.com/groups/861576359777228,2026-09-22T05:54:21Z,raw_data_run_20260922_123044_60fc56.csv,rec_e14770411c12d313,False,"Ada, harga 20 mau","ada, harga 20 mau",Jaecoo J5,medium,community_context,False,,,,False,not_relevant,no_adas_keyword,,UNKNOWN,,,,,,,
rec_e3bbf84f2de1f9fe,Jaecoo J5,Jaecoo J5 EV INDONESIA,https://www.facebook.com/groups/861576359777228,post_5,post_5_comment_24,post_5_comment_24,reply,,,2026-09-21,Upgrade ke mobil masa depan bersama JAECOO,https://www.facebook.com/groups/861576359777228,2026-09-22T05:54:31Z,raw_data_run_20260922_123044_60fc56.csv,rec_e3bbf84f2de1f9fe,False,Upgrade ke mobil masa depan bersama JAECOO,upgrade ke mobil masa depan bersama jaecoo,Jaecoo J5,high,explicit_text_alias_strong,False,,,,False,not_relevant,no_adas_keyword,,UNKNOWN,,,,,,,
rec_c7eee703198ee0c8,Jaecoo J5,Jaecoo J5 EV INDONESIA,https://www.facebook.com/groups/861576359777228,post_5,post_5_comment_25,post_5,comment,,,2026-09-21,Otoproject ada,https://www.facebook.com/groups/861576359777228,2026-09-22T05:54:34Z,raw_data_run_20260922_123044_60fc56.csv,rec_c7eee703198ee0c8,False,Otoproject ada,otoproject ada,Jaecoo J5,medium,community_context,False,,,,False,not_relevant,no_adas_keyword,,UNKNOWN,,,,,,,
rec_4ffa284e65db3b9f,Jaecoo J5,Jaecoo J5 EV INDONESIA,https://www.facebook.com/groups/861576359777228,post_5,post_5_comment_25,post_5_comment_25,reply,,,2026-09-21,Upgrade ke mobil masa depan bersama JAECOO,https://www.facebook.com/groups/861576359777228,2026-09-22T05:54:41Z,raw_data_run_20260922_123044_60fc56.csv,rec_4ffa284e65db3b9f,False,Upgrade ke mobil masa depan bersama JAECOO,upgrade ke mobil masa depan bersama jaecoo,Jaecoo J5,high,explicit_text_alias_strong,False,,,,False,not_relevant,no_adas_keyword,,UNKNOWN,,,,,,,
rec_26fe2882132dac62,Jaecoo J5,Jaecoo J5 EV INDONESIA,https://www.facebook.com/groups/861576359777228,post_5,post_5_comment_26,post_5,comment,,,2026-09-21,"Bapakbapak ibu ibu kalau lagi cari wallcharger, boleh nih wall charger merk CHERY ORIGINAL from dealer
price 12jt aja, kalau mau sama pasang sekalian, terima beres all in 15jt ya, tinggal pake aja
buat mobil Jaecoo bisa
Jaecoo sama Chery sama aja yaaa
Bapakbapak ibu ibu kalau lagi cari wallcharger, boleh nih wall charger merk CHERY ORIGINAL from dealer
buat mobil jaecoo bisa, chery jaecoo sama aja yaa pakbapak
WA: 087777232961 / INBOX",https://www.facebook.com/groups/861576359777228,2026-09-22T05:54:44Z,raw_data_run_20260922_123044_60fc56.csv,rec_26fe2882132dac62,False,"Bapakbapak ibu ibu kalau lagi cari wallcharger, boleh nih wall charger merk CHERY ORIGINAL from dealer price 12jt aja, kalau mau sama pasang sekalian, terima beres all in 15jt ya, tinggal pake aja buat mobil Jaecoo bisa Jaecoo sama Chery sama aja yaaa Bapakbapak ibu ibu kalau lagi cari wallcharger, boleh nih wall charger merk CHERY ORIGINAL from dealer buat mobil jaecoo bisa, chery jaecoo sama aja yaa pakbapak WA: 087777232961 / INBOX","bapakbapak ibu ibu kalau lagi cari wallcharger, boleh nih wall charger merk chery original from dealer price 12jt aja, kalau mau sama pasang sekalian, terima beres all in 15jt ya, tinggal pake aja buat mobil jaecoo bisa jaecoo sama chery sama aja yaaa bapakbapak ibu ibu kalau lagi cari wallcharger, boleh nih wall charger merk chery original from dealer buat mobil jaecoo bisa, chery jaecoo sama aja yaa pakbapak wa: 087777232961 / inbox",Jaecoo J5,high,explicit_text_alias_strong,False,,,,False,not_relevant,no_adas_keyword,,UNKNOWN,,,,,,,
rec_052aa855a0071544,Jaecoo J5,Jaecoo J5 EV INDONESIA,https://www.facebook.com/groups/861576359777228,post_5,post_5_comment_26,post_5_comment_26,reply,,,2026-09-21,Upgrade ke mobil masa depan bersama JAECOO,https://www.facebook.com/groups/861576359777228,2026-09-22T05:54:51Z,raw_data_run_20260922_123044_60fc56.csv,rec_052aa855a0071544,False,Upgrade ke mobil masa depan bersama JAECOO,upgrade ke mobil masa depan bersama jaecoo,Jaecoo J5,high,explicit_text_alias_strong,False,,,,False,not_relevant,no_adas_keyword,,UNKNOWN,,,,,,,
rec_ecf57839072e9862,Jaecoo J5,Jaecoo J5 EV INDONESIA,https://www.facebook.com/groups/861576359777228,post_5,post_5_comment_27,post_5,comment,,,2026-09-21,Berapa,https://www.facebook.com/groups/861576359777228,2026-09-22T05:54:54Z,raw_data_run_20260922_123044_60fc56.csv,rec_ecf57839072e9862,False,Berapa,berapa,Jaecoo J5,medium,community_context,False,,,,False,not_relevant,no_adas_keyword,,UNKNOWN,,,,,,,
rec_88ce5dd75bfbba16,Jaecoo J5,Jaecoo J5 EV INDONESIA,https://www.facebook.com/groups/861576359777228,post_5,post_5_comment_27,post_5_comment_27,reply,,,2026-09-21,Upgrade ke mobil masa depan bersama JAECOO,https://www.facebook.com/groups/861576359777228,2026-09-22T05:55:02Z,raw_data_run_20260922_123044_60fc56.csv,rec_88ce5dd75bfbba16,False,Upgrade ke mobil masa depan bersama JAECOO,upgrade ke mobil masa depan bersama jaecoo,Jaecoo J5,high,explicit_text_alias_strong,False,,,,False,not_relevant,no_adas_keyword,,UNKNOWN,,,,,,,
rec_1b003971a28c0475,Jaecoo J5,Jaecoo J5 EV INDONESIA,https://www.facebook.com/groups/861576359777228,post_5,post_5_comment_28,post_5,comment,,,2026-09-21,Spil harga kak,https://www.facebook.com/groups/861576359777228,2026-09-22T05:55:06Z,raw_data_run_20260922_123044_60fc56.csv,rec_1b003971a28c0475,False,Spil harga kak,spil harga kak,Jaecoo J5,medium,community_context,False,,,,False,not_relevant,no_adas_keyword,,UNKNOWN,,,,,,,
rec_441a1a52df0ffac6,Jaecoo J5,Jaecoo J5 EV INDONESIA,https://www.facebook.com/groups/861576359777228,post_5,post_5_comment_28,post_5_comment_28,reply,,,2026-09-21,Upgrade ke mobil masa depan bersama JAECOO,https://www.facebook.com/groups/861576359777228,2026-09-22T05:55:16Z,raw_data_run_20260922_123044_60fc56.csv,rec_441a1a52df0ffac6,False,Upgrade ke mobil masa depan bersama JAECOO,upgrade ke mobil masa depan bersama jaecoo,Jaecoo J5,high,explicit_text_alias_strong,False,,,,False,not_relevant,no_adas_keyword,,UNKNOWN,,,,,,,
rec_017e04805069dbc3,Jaecoo J5,Jaecoo J5 EV INDONESIA,https://www.facebook.com/groups/861576359777228,post_5,post_5_comment_29,post_5,comment,,,2026-09-21,"panjang 4.380 mm, lebar 1.860 mm, dan tinggi 1.650 mm dengan wheelbase 2.620 mm.",https://www.facebook.com/groups/861576359777228,2026-09-22T05:55:25Z,raw_data_run_20260922_123044_60fc56.csv,rec_017e04805069dbc3,False,"panjang 4.380 mm, lebar 1.860 mm, dan tinggi 1.650 mm dengan wheelbase 2.620 mm.","panjang 4.380 mm, lebar 1.860 mm, dan tinggi 1.650 mm dengan wheelbase 2.620 mm.",Jaecoo J5,medium,community_context,False,,,,False,not_relevant,no_adas_keyword,,UNKNOWN,,,,,,,
rec_38c7c1a933f5f60d,Jaecoo J5,Jaecoo J5 EV INDONESIA,https://www.facebook.com/groups/861576359777228,post_5,post_5_comment_29,post_5_comment_29,reply,,,2026-09-21,Upgrade ke mobil masa depan bersama JAECOO,https://www.facebook.com/groups/861576359777228,2026-09-22T05:55:37Z,raw_data_run_20260922_123044_60fc56.csv,rec_38c7c1a933f5f60d,False,Upgrade ke mobil masa depan bersama JAECOO,upgrade ke mobil masa depan bersama jaecoo,Jaecoo J5,high,explicit_text_alias_strong,False,,,,False,not_relevant,no_adas_keyword,,UNKNOWN,,,,,,,
rec_4748fdcbffc8a5af,Jaecoo J5,Jaecoo J5 EV INDONESIA,https://www.facebook.com/groups/861576359777228,post_5,post_5_comment_30,post_5,comment,,,2026-09-21,"profil ban 235/55 R18, suspensi depan MacPherson dan belakang multi-link.",https://www.facebook.com/groups/861576359777228,2026-09-22T05:55:43Z,raw_data_run_20260922_123044_60fc56.csv,rec_4748fdcbffc8a5af,False,"profil ban 235/55 R18, suspensi depan MacPherson dan belakang multi-link.","profil ban 235/55 r18, suspensi depan macpherson dan belakang multi-link.",Jaecoo J5,medium,community_context,False,,,,False,not_relevant,no_adas_keyword,,UNKNOWN,,,,,,,
rec_01342a8d06832256,Jaecoo J5,Jaecoo J5 EV INDONESIA,https://www.facebook.com/groups/861576359777228,post_5,post_5_comment_30,post_5_comment_30,reply,,,2026-09-21,Upgrade ke mobil masa depan bersama JAECOO,https://www.facebook.com/groups/861576359777228,2026-09-22T05:55:54Z,raw_data_run_20260922_123044_60fc56.csv,rec_01342a8d06832256,False,Upgrade ke mobil masa depan bersama JAECOO,upgrade ke mobil masa depan bersama jaecoo,Jaecoo J5,high,explicit_text_alias_strong,False,,,,False,not_relevant,no_adas_keyword,,UNKNOWN,,,,,,,
rec_bb108ba92467956c,Jaecoo J5,Jaecoo J5 EV INDONESIA,https://www.facebook.com/groups/861576359777228,post_7,,,post,,,2026-09-19,"Shabru EV Nusantara
  ·
3 hari
Spil harga kak
Balas
Bagikan",https://www.facebook.com/groups/861576359777228,2026-09-22T05:58:40Z,raw_data_run_20260922_123044_60fc56.csv,rec_bb108ba92467956c,False,Shabru EV Nusantara · 3 hari Spil harga kak Balas Bagikan,shabru ev nusantara · 3 hari spil harga kak balas bagikan,Jaecoo J5,medium,community_context,False,,,,False,not_relevant,no_adas_keyword,,UNKNOWN,,,,,,,
rec_d237782c88881c24,Jaecoo J5,Jaecoo J5 Indonesia (Search),https://www.facebook.com/search/top?q=jaecoo%20j5%20indonesia,post_1,,,post,,,,"Grup
Jaecoo J5 EV INDONESIA
Publik · 9,1 rb anggota · 20+ postingan per hari
panjang 4.380 mm, lebar 1.860 mm, dan tinggi 1.650 mm dengan wheelbase 2.620 mm. profil ban 235/55 R18, suspensi depan MacPherson dan belakang multi-link.
Gabung
Jaecoo J5 Indonesia
Publik · 11 rb anggota · 8 postingan per hari
Gabung
JAECOO J5 Indonesia
Publik · 3,5 rb anggota · 10+ postingan per hari
Berbagi Informasi Seputar JAECOO J5 dan EV secara umum di Indonesia
Gabung
Lihat semua",https://www.facebook.com/search/top?q=jaecoo%20j5%20indonesia,1789639906000,raw_data_all.jsonl,rec_d237782c88881c24,False,"Grup Jaecoo J5 EV INDONESIA Publik · 9,1 rb anggota · 20+ postingan per hari panjang 4.380 mm, lebar 1.860 mm, dan tinggi 1.650 mm dengan wheelbase 2.620 mm. profil ban 235/55 R18, suspensi depan MacPherson dan belakang multi-link. Gabung Jaecoo J5 Indonesia Publik · 11 rb anggota · 8 postingan per hari Gabung JAECOO J5 Indonesia Publik · 3,5 rb anggota · 10+ postingan per hari Berbagi Informasi Seputar JAECOO J5 dan EV secara umum di Indonesia Gabung Lihat semua","grup jaecoo j5 ev indonesia publik · 9,1 rb anggota · 20+ postingan per hari panjang 4.380 mm, lebar 1.860 mm, dan tinggi 1.650 mm dengan wheelbase 2.620 mm. profil ban 235/55 r18, suspensi depan macpherson dan belakang multi-link. gabung jaecoo j5 indonesia publik · 11 rb anggota · 8 postingan per hari gabung jaecoo j5 indonesia publik · 3,5 rb anggota · 10+ postingan per hari berbagi informasi seputar jaecoo j5 dan ev secara umum di indonesia gabung lihat semua",Jaecoo J5,high,explicit_text_alias_strong,False,,,,False,not_relevant,no_adas_keyword,,UNKNOWN,,,,,,,
rec_2d0e45653b868384,Jaecoo J5,Jaecoo J5 Indonesia (Search),https://www.facebook.com/search/top?q=jaecoo%20j5%20indonesia,post_1,post_1_comment_1,post_1,comment,,,,"BEKAS RASA BARU, GAK PERLU INDEN!! KM 2.700 PERAK!!
Jaecoo J5 EV PREMIUM 2026 Hitam [ Type tertinggi ]
KM ANTIK 2.700 PERAK !!
Plat B [ Jaksel ]
Tangan 1 dari baru nama perorangan
Lihat selengkapnya",https://www.facebook.com/search/top?q=jaecoo%20j5%20indonesia,1789639910000,raw_data_all.jsonl,rec_2d0e45653b868384,False,"BEKAS RASA BARU, GAK PERLU INDEN!! KM 2.700 PERAK!! Jaecoo J5 EV PREMIUM 2026 Hitam [ Type tertinggi ] KM ANTIK 2.700 PERAK !! Plat B [ Jaksel ] Tangan 1 dari baru nama perorangan Lihat selengkapnya","bekas rasa baru, gak perlu inden!! km 2.700 perak!! jaecoo j5 ev premium 2026 hitam [ type tertinggi ] km antik 2.700 perak !! plat b [ jaksel ] tangan 1 dari baru nama perorangan lihat selengkapnya",Jaecoo J5,high,explicit_text_alias_strong,False,,,,False,not_relevant,no_adas_keyword,,UNKNOWN,,,,,,,
rec_c33999ea94b5ffab,Jaecoo J5,Jaecoo J5 Indonesia (Search),https://www.facebook.com/search/top?q=jaecoo%20j5%20indonesia,post_1,post_1_comment_1,post_1_comment_1,reply,,,,"BEKAS RASA BARU, GAK PERLU INDEN!! KM 2.700 PERAK!!
Jaecoo J5 EV PREMIUM 2026 Hitam [ Type tertinggi ]
KM ANTIK 2.700 PERAK !!
Plat B [ Jaksel ]
Tangan 1 dari baru nama perorangan
Lihat selengkapnya",https://www.facebook.com/search/top?q=jaecoo%20j5%20indonesia,1789639915000,raw_data_all.jsonl,rec_c33999ea94b5ffab,False,"BEKAS RASA BARU, GAK PERLU INDEN!! KM 2.700 PERAK!! Jaecoo J5 EV PREMIUM 2026 Hitam [ Type tertinggi ] KM ANTIK 2.700 PERAK !! Plat B [ Jaksel ] Tangan 1 dari baru nama perorangan Lihat selengkapnya","bekas rasa baru, gak perlu inden!! km 2.700 perak!! jaecoo j5 ev premium 2026 hitam [ type tertinggi ] km antik 2.700 perak !! plat b [ jaksel ] tangan 1 dari baru nama perorangan lihat selengkapnya",Jaecoo J5,high,explicit_text_alias_strong,False,,,,False,not_relevant,no_adas_keyword,,UNKNOWN,,,,,,,
rec_5d493992d778c725,Jaecoo J5,Jaecoo J5 Indonesia (Search),https://www.facebook.com/search/top?q=jaecoo%20j5%20indonesia,post_1,post_1_comment_2,post_1,comment,,,,"Kalau ada manajemen Jaecoo di sini saya ingin menyampaikan kritik sbb:
- Pagi ini saya melakukan service Jaecoo dan diminta untuk membawa buku service dan saya tanyakan apakah data mobil saya tidak ada di sistem? Dan dijawab bahwa data mobil sudah ada disistem namun masih perlu buku service secara fisik 
- Inti kritik saya adalah: Jaecoo sudah memiliki sistem digital yg menyimpan data mobil saya dan masih ""menyusahkan"" saya dengan har… Lihat selengkapnya",https://www.facebook.com/search/top?q=jaecoo%20j5%20indonesia,1789639946000,raw_data_all.jsonl,rec_5d493992d778c725,False,"Kalau ada manajemen Jaecoo di sini saya ingin menyampaikan kritik sbb: - Pagi ini saya melakukan service Jaecoo dan diminta untuk membawa buku service dan saya tanyakan apakah data mobil saya tidak ada di sistem? Dan dijawab bahwa data mobil sudah ada disistem namun masih perlu buku service secara fisik - Inti kritik saya adalah: Jaecoo sudah memiliki sistem digital yg menyimpan data mobil saya dan masih ""menyusahkan"" saya dengan har… Lihat selengkapnya","kalau ada manajemen jaecoo di sini saya ingin menyampaikan kritik sbb: - pagi ini saya melakukan service jaecoo dan diminta untuk membawa buku service dan saya tanyakan apakah data mobil saya tidak ada di sistem? dan dijawab bahwa data mobil sudah ada disistem namun masih perlu buku service secara fisik - inti kritik saya adalah: jaecoo sudah memiliki sistem digital yg menyimpan data mobil saya dan masih ""menyusahkan"" saya dengan har… lihat selengkapnya",Jaecoo J5,high,explicit_text_alias_strong,False,,,,False,not_relevant,no_adas_keyword,,UNKNOWN,,,,,,,
rec_e73460149312cd4f,Jaecoo J5,Jaecoo J5 Indonesia (Search),https://www.facebook.com/search/top?q=jaecoo%20j5%20indonesia,post_1,post_1_comment_2,post_1_comment_2,reply,,,,"BEKAS RASA BARU, GAK PERLU INDEN!! KM 2.700 PERAK!!
Jaecoo J5 EV PREMIUM 2026 Hitam [ Type tertinggi ]
KM ANTIK 2.700 PERAK !!
Plat B [ Jaksel ]
Tangan 1 dari baru nama perorangan
Lihat selengkapnya",https://www.facebook.com/search/top?q=jaecoo%20j5%20indonesia,1789639950000,raw_data_all.jsonl,rec_e73460149312cd4f,False,"BEKAS RASA BARU, GAK PERLU INDEN!! KM 2.700 PERAK!! Jaecoo J5 EV PREMIUM 2026 Hitam [ Type tertinggi ] KM ANTIK 2.700 PERAK !! Plat B [ Jaksel ] Tangan 1 dari baru nama perorangan Lihat selengkapnya","bekas rasa baru, gak perlu inden!! km 2.700 perak!! jaecoo j5 ev premium 2026 hitam [ type tertinggi ] km antik 2.700 perak !! plat b [ jaksel ] tangan 1 dari baru nama perorangan lihat selengkapnya",Jaecoo J5,high,explicit_text_alias_strong,False,,,,False,not_relevant,no_adas_keyword,,UNKNOWN,,,,,,,
rec_a1634b27ece4f990,Jaecoo J5,Jaecoo J5 Indonesia (Search),https://www.facebook.com/search/top?q=jaecoo%20j5%20indonesia,post_1,post_1_comment_3,post_1,comment,,,,Kalau ada manajemen Jaecoo di sini saya ingin menyampaikan kritik sbb:,https://www.facebook.com/search/top?q=jaecoo%20j5%20indonesia,1789639979000,raw_data_all.jsonl,rec_a1634b27ece4f990,False,Kalau ada manajemen Jaecoo di sini saya ingin menyampaikan kritik sbb:,kalau ada manajemen jaecoo di sini saya ingin menyampaikan kritik sbb:,Jaecoo J5,high,explicit_text_alias_strong,False,,,,False,not_relevant,no_adas_keyword,,UNKNOWN,,,,,,,
rec_c3f3be2fa0b01369,Jaecoo J5,Jaecoo J5 Indonesia (Search),https://www.facebook.com/search/top?q=jaecoo%20j5%20indonesia,post_1,post_1_comment_3,post_1_comment_3,reply,,,,"BEKAS RASA BARU, GAK PERLU INDEN!! KM 2.700 PERAK!!
Jaecoo J5 EV PREMIUM 2026 Hitam [ Type tertinggi ]
KM ANTIK 2.700 PERAK !!
Plat B [ Jaksel ]
Tangan 1 dari baru nama perorangan
Lihat selengkapnya",https://www.facebook.com/search/top?q=jaecoo%20j5%20indonesia,1789639983000,raw_data_all.jsonl,rec_c3f3be2fa0b01369,False,"BEKAS RASA BARU, GAK PERLU INDEN!! KM 2.700 PERAK!! Jaecoo J5 EV PREMIUM 2026 Hitam [ Type tertinggi ] KM ANTIK 2.700 PERAK !! Plat B [ Jaksel ] Tangan 1 dari baru nama perorangan Lihat selengkapnya","bekas rasa baru, gak perlu inden!! km 2.700 perak!! jaecoo j5 ev premium 2026 hitam [ type tertinggi ] km antik 2.700 perak !! plat b [ jaksel ] tangan 1 dari baru nama perorangan lihat selengkapnya",Jaecoo J5,high,explicit_text_alias_strong,False,,,,False,not_relevant,no_adas_keyword,,UNKNOWN,,,,,,,
rec_60816fb71fb5305e,Jaecoo J5,Jaecoo J5 Indonesia (Search),https://www.facebook.com/search/top?q=jaecoo%20j5%20indonesia,post_1,post_1_comment_4,post_1,comment,,,,"Haloo just info saya ada Cust cancel siapa tau ada yang minat ganti nya,
Keuntungan? Lebih cepat dapat noka, 0895358076789 jaecoo pluit
 -Jetblack black
-ivorey grey … Lihat selengkapnya",https://www.facebook.com/search/top?q=jaecoo%20j5%20indonesia,1789640014000,raw_data_all.jsonl,rec_60816fb71fb5305e,False,"Haloo just info saya ada Cust cancel siapa tau ada yang minat ganti nya, Keuntungan? Lebih cepat dapat noka, 0895358076789 jaecoo pluit -Jetblack black -ivorey grey … Lihat selengkapnya","haloo just info saya ada cust cancel siapa tau ada yang minat ganti nya, keuntungan? lebih cepat dapat noka, 0895358076789 jaecoo pluit -jetblack black -ivorey grey … lihat selengkapnya",Jaecoo J5,high,explicit_text_alias_strong,False,,,,False,not_relevant,no_adas_keyword,,UNKNOWN,,,,,,,
rec_728133a19e87744f,Jaecoo J5,Jaecoo J5 Indonesia (Search),https://www.facebook.com/search/top?q=jaecoo%20j5%20indonesia,post_1,post_1_comment_4,post_1_comment_4,reply,,,,"BEKAS RASA BARU, GAK PERLU INDEN!! KM 2.700 PERAK!!
Jaecoo J5 EV PREMIUM 2026 Hitam [ Type tertinggi ]
KM ANTIK 2.700 PERAK !!
Plat B [ Jaksel ]
Tangan 1 dari baru nama perorangan
Lihat selengkapnya",https://www.facebook.com/search/top?q=jaecoo%20j5%20indonesia,1789640018000,raw_data_all.jsonl,rec_728133a19e87744f,False,"BEKAS RASA BARU, GAK PERLU INDEN!! KM 2.700 PERAK!! Jaecoo J5 EV PREMIUM 2026 Hitam [ Type tertinggi ] KM ANTIK 2.700 PERAK !! Plat B [ Jaksel ] Tangan 1 dari baru nama perorangan Lihat selengkapnya","bekas rasa baru, gak perlu inden!! km 2.700 perak!! jaecoo j5 ev premium 2026 hitam [ type tertinggi ] km antik 2.700 perak !! plat b [ jaksel ] tangan 1 dari baru nama perorangan lihat selengkapnya",Jaecoo J5,high,explicit_text_alias_strong,False,,,,False,not_relevant,no_adas_keyword,,UNKNOWN,,,,,,,
rec_0bc44ac76febe59e,Jaecoo J5,Jaecoo J5 EV Indonesia (Search),https://www.facebook.com/search/top?q=jaecoo%20j5%20ev%20indonesia,post_1,,,post,,,,"Grup
Jaecoo J5 Indonesia
Publik · 11 rb anggota · 8 postingan per hari
Gabung
Jaecoo J5 EV INDONESIA
Publik · 9,1 rb anggota · 20+ postingan per hari
panjang 4.380 mm, lebar 1.860 mm, dan tinggi 1.650 mm dengan wheelbase 2.620 mm. profil ban 235/55 R18, suspensi depan MacPherson dan belakang multi-link.
Gabung
JAECOO J5 Indonesia
Publik · 3,5 rb anggota · 10+ postingan per hari
Berbagi Informasi Seputar JAECOO J5 dan EV secara umum di Indonesia
Gabung
Lihat semua",https://www.facebook.com/search/top?q=jaecoo%20j5%20ev%20indonesia,1789640407000,raw_data_all.jsonl,rec_0bc44ac76febe59e,False,"Grup Jaecoo J5 Indonesia Publik · 11 rb anggota · 8 postingan per hari Gabung Jaecoo J5 EV INDONESIA Publik · 9,1 rb anggota · 20+ postingan per hari panjang 4.380 mm, lebar 1.860 mm, dan tinggi 1.650 mm dengan wheelbase 2.620 mm. profil ban 235/55 R18, suspensi depan MacPherson dan belakang multi-link. Gabung JAECOO J5 Indonesia Publik · 3,5 rb anggota · 10+ postingan per hari Berbagi Informasi Seputar JAECOO J5 dan EV secara umum di Indonesia Gabung Lihat semua","grup jaecoo j5 indonesia publik · 11 rb anggota · 8 postingan per hari gabung jaecoo j5 ev indonesia publik · 9,1 rb anggota · 20+ postingan per hari panjang 4.380 mm, lebar 1.860 mm, dan tinggi 1.650 mm dengan wheelbase 2.620 mm. profil ban 235/55 r18, suspensi depan macpherson dan belakang multi-link. gabung jaecoo j5 indonesia publik · 3,5 rb anggota · 10+ postingan per hari berbagi informasi seputar jaecoo j5 dan ev secara umum di indonesia gabung lihat semua",Jaecoo J5,high,explicit_text_alias_strong,False,,,,False,not_relevant,no_adas_keyword,,UNKNOWN,,,,,,,
rec_607d6d6d6fa2d7fe,Jaecoo J5,Jaecoo J5 EV Indonesia (Search),https://www.facebook.com/search/top?q=jaecoo%20j5%20ev%20indonesia,post_1,post_1_comment_1,post_1,comment,,,,"Jaecoo J5 EV 
 Masa depan dimulai hari ini.
Silent power, bold presence. #JaecooJ5EV… Lihat selengkapnya",https://www.facebook.com/search/top?q=jaecoo%20j5%20ev%20indonesia,1789640412000,raw_data_all.jsonl,rec_607d6d6d6fa2d7fe,False,"Jaecoo J5 EV Masa depan dimulai hari ini. Silent power, bold presence. #JaecooJ5EV… Lihat selengkapnya","jaecoo j5 ev masa depan dimulai hari ini. silent power, bold presence. #jaecooj5ev… lihat selengkapnya",Jaecoo J5,high,explicit_text_alias_strong,False,,,,False,not_relevant,no_adas_keyword,,UNKNOWN,,,,,,,
rec_81c147824030a817,Jaecoo J5,Jaecoo J5 EV Indonesia (Search),https://www.facebook.com/search/top?q=jaecoo%20j5%20ev%20indonesia,post_1,post_1_comment_2,post_1,comment,,,,"Jaecoo J5 EV 
 Masa depan dimulai hari ini.",https://www.facebook.com/search/top?q=jaecoo%20j5%20ev%20indonesia,1789640412000,raw_data_all.jsonl,rec_81c147824030a817,False,Jaecoo J5 EV Masa depan dimulai hari ini.,jaecoo j5 ev masa depan dimulai hari ini.,Jaecoo J5,high,explicit_text_alias_strong,False,,,,False,not_relevant,no_adas_keyword,,UNKNOWN,,,,,,,
rec_9312ac06daa426d7,Jaecoo J5,Jaecoo J5 EV Indonesia (Search),https://www.facebook.com/search/top?q=jaecoo%20j5%20ev%20indonesia,post_1,post_1_comment_3,post_1,comment,,,,"Silent power, bold presence. #JaecooJ5EV… Lihat selengkapnya",https://www.facebook.com/search/top?q=jaecoo%20j5%20ev%20indonesia,1789640412000,raw_data_all.jsonl,rec_9312ac06daa426d7,False,"Silent power, bold presence. #JaecooJ5EV… Lihat selengkapnya","silent power, bold presence. #jaecooj5ev… lihat selengkapnya",Jaecoo J5,medium,community_context,False,,,,False,not_relevant,no_adas_keyword,,UNKNOWN,,,,,,,
rec_fa984797be8e13c4,Jaecoo J5,Jaecoo J5 EV Indonesia (Search),https://www.facebook.com/search/top?q=jaecoo%20j5%20ev%20indonesia,post_1,post_1_comment_4,post_1,comment,,,,"Bismillah numpang jual om admin
Edisi ingin upgrade mobil EV lagi dan meminimalisir depresiasi
Forsale Jaecoo J5 Premium White
Lihat selengkapnya",https://www.facebook.com/search/top?q=jaecoo%20j5%20ev%20indonesia,1789640412000,raw_data_all.jsonl,rec_fa984797be8e13c4,False,Bismillah numpang jual om admin Edisi ingin upgrade mobil EV lagi dan meminimalisir depresiasi Forsale Jaecoo J5 Premium White Lihat selengkapnya,bismillah numpang jual om admin edisi ingin upgrade mobil ev lagi dan meminimalisir depresiasi forsale jaecoo j5 premium white lihat selengkapnya,Jaecoo J5,high,explicit_text_alias_strong,False,,,,False,not_relevant,no_adas_keyword,,UNKNOWN,,,,,,,
rec_4800da9f6dd7c734,Jaecoo J5,Jaecoo J5 EV Indonesia (Search),https://www.facebook.com/search/top?q=jaecoo%20j5%20ev%20indonesia,post_1,post_1_comment_5,post_1,comment,,,,"Forsale jaecoo j5 ivory grey 2026
Jual cepat ga perlu indent di dealer
Jaecoo j5 ivory gerey 2026
ss stnk, BPKB belum turun (bisa di urus)
Km terakhir 240
Lihat selengkapnya",https://www.facebook.com/search/top?q=jaecoo%20j5%20ev%20indonesia,1789640416000,raw_data_all.jsonl,rec_4800da9f6dd7c734,False,"Forsale jaecoo j5 ivory grey 2026 Jual cepat ga perlu indent di dealer Jaecoo j5 ivory gerey 2026 ss stnk, BPKB belum turun (bisa di urus) Km terakhir 240 Lihat selengkapnya","forsale jaecoo j5 ivory grey 2026 jual cepat ga perlu indent di dealer jaecoo j5 ivory gerey 2026 ss stnk, bpkb belum turun (bisa di urus) km terakhir 240 lihat selengkapnya",Jaecoo J5,high,explicit_text_alias_strong,False,,,,False,not_relevant,no_adas_keyword,,UNKNOWN,,,,,,,
rec_b0d6688a41e2c430,Jaecoo J5,Jaecoo J5 EV Indonesia (Search),https://www.facebook.com/search/top?q=jaecoo%20j5%20ev%20indonesia,post_1,post_1_comment_6,post_1,comment,,,,"Ijin menawarkan takeover SPK
Ijin menawarkan Takeover SPK jaecoo J5 premium
Warna Jet Black
Lihat selengkapnya",https://www.facebook.com/search/top?q=jaecoo%20j5%20ev%20indonesia,1789640416000,raw_data_all.jsonl,rec_b0d6688a41e2c430,False,Ijin menawarkan takeover SPK Ijin menawarkan Takeover SPK jaecoo J5 premium Warna Jet Black Lihat selengkapnya,ijin menawarkan takeover spk ijin menawarkan takeover spk jaecoo j5 premium warna jet black lihat selengkapnya,Jaecoo J5,high,explicit_text_alias_strong,False,,,,False,not_relevant,no_adas_keyword,,UNKNOWN,,,,,,,
rec_a95dc90877e37421,Jaecoo J5,Jaecoo J5 EV Indonesia (Search),https://www.facebook.com/search/top?q=jaecoo%20j5%20ev%20indonesia,post_1,post_1_comment_7,post_1,comment,,,,SUV Hybrid yang Lagi Banyak Dicari!… Lihat selengkapnya,https://www.facebook.com/search/top?q=jaecoo%20j5%20ev%20indonesia,1789640416000,raw_data_all.jsonl,rec_a95dc90877e37421,False,SUV Hybrid yang Lagi Banyak Dicari!… Lihat selengkapnya,suv hybrid yang lagi banyak dicari!… lihat selengkapnya,Jaecoo J5,medium,community_context,False,,,,False,not_relevant,no_adas_keyword,,UNKNOWN,,,,,,,
rec_ccf306d1eba122ed,Jaecoo J5,Jaecoo J5 EV Indonesia (Search),https://www.facebook.com/search/top?q=jaecoo%20j5%20ev%20indonesia,post_1,post_1_comment_8,post_1,comment,,,,"Terbaru dari Wuling, Darion EV dan PHEV untuk Keluarga Indonesia",https://www.facebook.com/search/top?q=jaecoo%20j5%20ev%20indonesia,1789640416000,raw_data_all.jsonl,rec_ccf306d1eba122ed,False,"Terbaru dari Wuling, Darion EV dan PHEV untuk Keluarga Indonesia","terbaru dari wuling, darion ev dan phev untuk keluarga indonesia",Jaecoo J5,medium,community_context,False,,,,False,not_relevant,no_adas_keyword,,UNKNOWN,,,,,,,
rec_432f4fdb457699eb,Jaecoo J5,Jaecoo J5 EV Indonesia (Search),https://www.facebook.com/search/top?q=jaecoo%20j5%20ev%20indonesia,post_1,post_1_comment_9,post_1,comment,,,,"SOLD OUT 
Dijual jaeco j5 ev thn 2026
Sdh terpasang accesoris +- 8 jt an antara lain dashcam depan, karpet premium model mie, anti bocor ban (halston), pelindung bumper depan belakang.
Ada Asuransi sampai tahun depan
Surat surat lengkap… Lihat selengkapnya",https://www.facebook.com/search/top?q=jaecoo%20j5%20ev%20indonesia,1789640419000,raw_data_all.jsonl,rec_432f4fdb457699eb,False,"SOLD OUT Dijual jaeco j5 ev thn 2026 Sdh terpasang accesoris +- 8 jt an antara lain dashcam depan, karpet premium model mie, anti bocor ban (halston), pelindung bumper depan belakang. Ada Asuransi sampai tahun depan Surat surat lengkap… Lihat selengkapnya","sold out dijual jaeco j5 ev thn 2026 sdh terpasang accesoris +- 8 jt an antara lain dashcam depan, karpet premium model mie, anti bocor ban (halston), pelindung bumper depan belakang. ada asuransi sampai tahun depan surat surat lengkap… lihat selengkapnya",Jaecoo J5,high,explicit_text_alias_strong,False,,,,False,not_relevant,no_adas_keyword,,UNKNOWN,,,,,,,
rec_2c2eedfe80915000,Jaecoo J5,Jaecoo J5 EV Indonesia (Search),https://www.facebook.com/search/top?q=jaecoo%20j5%20ev%20indonesia,post_1,post_1_comment_10,post_1,comment,,,,SOLD OUT,https://www.facebook.com/search/top?q=jaecoo%20j5%20ev%20indonesia,1789640419000,raw_data_all.jsonl,rec_2c2eedfe80915000,False,SOLD OUT,sold out,Jaecoo J5,medium,community_context,False,,,,False,not_relevant,no_adas_keyword,,UNKNOWN,,,,,,,
rec_7a446c50e253a41e,Jaecoo J5,Jaecoo J5 EV Indonesia (Search),https://www.facebook.com/search/top?q=jaecoo%20j5%20ev%20indonesia,post_1,post_1_comment_11,post_1,comment,,,,Dijual jaeco j5 ev thn 2026,https://www.facebook.com/search/top?q=jaecoo%20j5%20ev%20indonesia,1789640419000,raw_data_all.jsonl,rec_7a446c50e253a41e,False,Dijual jaeco j5 ev thn 2026,dijual jaeco j5 ev thn 2026,Jaecoo J5,high,explicit_text_alias_strong,False,,,,False,not_relevant,no_adas_keyword,,UNKNOWN,,,,,,,
rec_c048d52dd380de27,Jaecoo J5,Jaecoo J5 EV Indonesia (Search),https://www.facebook.com/search/top?q=jaecoo%20j5%20ev%20indonesia,post_1,post_1_comment_12,post_1,comment,,,,"Sdh terpasang accesoris +- 8 jt an antara lain dashcam depan, karpet premium model mie, anti bocor ban (halston), pelindung bumper depan belakang.",https://www.facebook.com/search/top?q=jaecoo%20j5%20ev%20indonesia,1789640419000,raw_data_all.jsonl,rec_c048d52dd380de27,False,"Sdh terpasang accesoris +- 8 jt an antara lain dashcam depan, karpet premium model mie, anti bocor ban (halston), pelindung bumper depan belakang.","sdh terpasang accesoris +- 8 jt an antara lain dashcam depan, karpet premium model mie, anti bocor ban (halston), pelindung bumper depan belakang.",Jaecoo J5,medium,community_context,False,,,,False,not_relevant,no_adas_keyword,,UNKNOWN,,,,,,,
rec_91fddf04715a49dd,Jaecoo J5,Jaecoo J5 EV Indonesia (Search),https://www.facebook.com/search/top?q=jaecoo%20j5%20ev%20indonesia,post_1,post_1_comment_13,post_1,comment,,,,Ada Asuransi sampai tahun depan,https://www.facebook.com/search/top?q=jaecoo%20j5%20ev%20indonesia,1789640419000,raw_data_all.jsonl,rec_91fddf04715a49dd,False,Ada Asuransi sampai tahun depan,ada asuransi sampai tahun depan,Jaecoo J5,medium,community_context,False,,,,False,not_relevant,no_adas_keyword,,UNKNOWN,,,,,,,
rec_7004252162dfc879,Jaecoo J5,Jaecoo J5 EV Indonesia (Search),https://www.facebook.com/search/top?q=jaecoo%20j5%20ev%20indonesia,post_1,post_1_comment_14,post_1,comment,,,,Surat surat lengkap… Lihat selengkapnya,https://www.facebook.com/search/top?q=jaecoo%20j5%20ev%20indonesia,1789640419000,raw_data_all.jsonl,rec_7004252162dfc879,False,Surat surat lengkap… Lihat selengkapnya,surat surat lengkap… lihat selengkapnya,Jaecoo J5,medium,community_context,False,,,,False,not_relevant,no_adas_keyword,,UNKNOWN,,,,,,,
rec_0bee578072aee5b8,Jaecoo J5,Jaecoo J5 EV Indonesia (Search),https://www.facebook.com/search/top?q=jaecoo%20j5%20ev%20indonesia,post_1,post_1_comment_15,post_1,comment,,,,"Berbagi Pengalaman mengunakan Jaecoo J5 EV Premium. 
Sabtu 12 Sept 2026, pukul 15.30 WIB mencoba mengendarai dari Jakarta - Bandung. (Setelah turun service pertama)
Start Kalibata (Jakarta) - Finish Hotel Ibis Styles Grand Central (Bandung) tanpa berhenti. (Melalui MBZ)… Lihat selengkapnya",https://www.facebook.com/search/top?q=jaecoo%20j5%20ev%20indonesia,1789640421000,raw_data_all.jsonl,rec_0bee578072aee5b8,False,"Berbagi Pengalaman mengunakan Jaecoo J5 EV Premium. Sabtu 12 Sept 2026, pukul 15.30 WIB mencoba mengendarai dari Jakarta - Bandung. (Setelah turun service pertama) Start Kalibata (Jakarta) - Finish Hotel Ibis Styles Grand Central (Bandung) tanpa berhenti. (Melalui MBZ)… Lihat selengkapnya","berbagi pengalaman mengunakan jaecoo j5 ev premium. sabtu 12 sept 2026, pukul 15.30 wib mencoba mengendarai dari jakarta - bandung. (setelah turun service pertama) start kalibata (jakarta) - finish hotel ibis styles grand central (bandung) tanpa berhenti. (melalui mbz)… lihat selengkapnya",Jaecoo J5,high,explicit_text_alias_strong,False,,,,False,not_relevant,no_adas_keyword,,UNKNOWN,,,,,,,
rec_4a75cf08acc94486,Jaecoo J5,Jaecoo J5 EV Indonesia (Search),https://www.facebook.com/search/top?q=jaecoo%20j5%20ev%20indonesia,post_1,post_1_comment_16,post_1,comment,,,,Berbagi Pengalaman mengunakan Jaecoo J5 EV Premium.,https://www.facebook.com/search/top?q=jaecoo%20j5%20ev%20indonesia,1789640421000,raw_data_all.jsonl,rec_4a75cf08acc94486,False,Berbagi Pengalaman mengunakan Jaecoo J5 EV Premium.,berbagi pengalaman mengunakan jaecoo j5 ev premium.,Jaecoo J5,high,explicit_text_alias_strong,False,,,,False,not_relevant,no_adas_keyword,,UNKNOWN,,,,,,,
rec_d11e2b19970972d3,Jaecoo J5,Jaecoo J5 EV Indonesia (Search),https://www.facebook.com/search/top?q=jaecoo%20j5%20ev%20indonesia,post_1,post_1_comment_17,post_1,comment,,,,"Sabtu 12 Sept 2026, pukul 15.30 WIB mencoba mengendarai dari Jakarta - Bandung. (Setelah turun service pertama)",https://www.facebook.com/search/top?q=jaecoo%20j5%20ev%20indonesia,1789640421000,raw_data_all.jsonl,rec_d11e2b19970972d3,False,"Sabtu 12 Sept 2026, pukul 15.30 WIB mencoba mengendarai dari Jakarta - Bandung. (Setelah turun service pertama)","sabtu 12 sept 2026, pukul 15.30 wib mencoba mengendarai dari jakarta - bandung. (setelah turun service pertama)",Jaecoo J5,medium,community_context,False,,,,False,not_relevant,no_adas_keyword,,UNKNOWN,,,,,,,
rec_566cabfa24cf5db4,Jaecoo J5,Jaecoo J5 EV Indonesia (Search),https://www.facebook.com/search/top?q=jaecoo%20j5%20ev%20indonesia,post_1,post_1_comment_18,post_1,comment,,,,Start Kalibata (Jakarta) - Finish Hotel Ibis Styles Grand Central (Bandung) tanpa berhenti. (Melalui MBZ)… Lihat selengkapnya,https://www.facebook.com/search/top?q=jaecoo%20j5%20ev%20indonesia,1789640421000,raw_data_all.jsonl,rec_566cabfa24cf5db4,False,Start Kalibata (Jakarta) - Finish Hotel Ibis Styles Grand Central (Bandung) tanpa berhenti. (Melalui MBZ)… Lihat selengkapnya,start kalibata (jakarta) - finish hotel ibis styles grand central (bandung) tanpa berhenti. (melalui mbz)… lihat selengkapnya,Jaecoo J5,medium,community_context,False,,,,False,not_relevant,no_adas_keyword,,UNKNOWN,,,,,,,
rec_6a382885e38c0d85,Jaecoo J5,Jaecoo J5 EV Indonesia (Search),https://www.facebook.com/search/top?q=jaecoo%20j5%20ev%20indonesia,post_1,post_1_comment_19,post_1,comment,,,,"#wts
Jual jaecoo j5 ev premium
Warna putih, ga jadi pake buat daily kepincut ev lain, … Lihat selengkapnya",https://www.facebook.com/search/top?q=jaecoo%20j5%20ev%20indonesia,1789640421000,raw_data_all.jsonl,rec_6a382885e38c0d85,False,"#wts Jual jaecoo j5 ev premium Warna putih, ga jadi pake buat daily kepincut ev lain, … Lihat selengkapnya","#wts jual jaecoo j5 ev premium warna putih, ga jadi pake buat daily kepincut ev lain, … lihat selengkapnya",Jaecoo J5,high,explicit_text_alias_strong,False,,,,False,not_relevant,no_adas_keyword,,UNKNOWN,,,,,,,
rec_07f93ce712a7715b,Jaecoo J5,Jaecoo J5 EV Indonesia (Search),https://www.facebook.com/search/top?q=jaecoo%20j5%20ev%20indonesia,post_1,post_1_comment_20,post_1,comment,,,,Jual jaecoo j5 ev premium,https://www.facebook.com/search/top?q=jaecoo%20j5%20ev%20indonesia,1789640421000,raw_data_all.jsonl,rec_07f93ce712a7715b,False,Jual jaecoo j5 ev premium,jual jaecoo j5 ev premium,Jaecoo J5,high,explicit_text_alias_strong,False,,,,False,not_relevant,no_adas_keyword,,UNKNOWN,,,,,,,
rec_87c1d5ad8e474a0f,Jaecoo J5,Jaecoo J5 EV Indonesia (Search),https://www.facebook.com/search/top?q=jaecoo%20j5%20ev%20indonesia,post_1,post_1_comment_21,post_1,comment,,,,"Warna putih, ga jadi pake buat daily kepincut ev lain, … Lihat selengkapnya",https://www.facebook.com/search/top?q=jaecoo%20j5%20ev%20indonesia,1789640421000,raw_data_all.jsonl,rec_87c1d5ad8e474a0f,False,"Warna putih, ga jadi pake buat daily kepincut ev lain, … Lihat selengkapnya","warna putih, ga jadi pake buat daily kepincut ev lain, … lihat selengkapnya",Jaecoo J5,medium,community_context,False,,,,False,not_relevant,no_adas_keyword,,UNKNOWN,,,,,,,
rec_0162f247d53c0086,Jaecoo J5,Jaecoo J5 EV Indonesia (Search),https://www.facebook.com/search/top?q=jaecoo%20j5%20ev%20indonesia,post_1,post_1_comment_22,post_1,comment,,,,"JAECOO J5 EV – The Real SUV! 
… Lihat selengkapnya",https://www.facebook.com/search/top?q=jaecoo%20j5%20ev%20indonesia,1789640424000,raw_data_all.jsonl,rec_0162f247d53c0086,False,JAECOO J5 EV – The Real SUV! … Lihat selengkapnya,jaecoo j5 ev – the real suv! … lihat selengkapnya,Jaecoo J5,high,explicit_text_alias_strong,False,,,,False,not_relevant,no_adas_keyword,,UNKNOWN,,,,,,,
rec_df03bc2b161759de,Jaecoo J5,Jaecoo J5 EV Indonesia (Search),https://www.facebook.com/search/top?q=jaecoo%20j5%20ev%20indonesia,post_1,post_1_comment_23,post_1,comment,,,,"Butuh JAECOO J5 EV PREMIUM lebih cepat? Melayani seluruh Indonesia. Hubungi segera, sebelum harga naik!… Lihat selengkapnya",https://www.facebook.com/search/top?q=jaecoo%20j5%20ev%20indonesia,1789640426000,raw_data_all.jsonl,rec_df03bc2b161759de,False,"Butuh JAECOO J5 EV PREMIUM lebih cepat? Melayani seluruh Indonesia. Hubungi segera, sebelum harga naik!… Lihat selengkapnya","butuh jaecoo j5 ev premium lebih cepat? melayani seluruh indonesia. hubungi segera, sebelum harga naik!… lihat selengkapnya",Jaecoo J5,high,explicit_text_alias_strong,False,,,,False,not_relevant,no_adas_keyword,,UNKNOWN,,,,,,,
rec_c4c7c437be9d288d,Jaecoo J5,Jaecoo J5 EV Indonesia (Search),https://www.facebook.com/search/top?q=jaecoo%20j5%20ev%20indonesia,post_1,post_1_comment_24,post_1,comment,,,,"PROMO LOVE JAECOO J5 TUKER TAMBAH VELG CUMA 500 RIBU AN AJA GAESS BEBAS PILIH MODEL 
I… Lihat selengkapnya",https://www.facebook.com/search/top?q=jaecoo%20j5%20ev%20indonesia,1789640429000,raw_data_all.jsonl,rec_c4c7c437be9d288d,False,PROMO LOVE JAECOO J5 TUKER TAMBAH VELG CUMA 500 RIBU AN AJA GAESS BEBAS PILIH MODEL I… Lihat selengkapnya,promo love jaecoo j5 tuker tambah velg cuma 500 ribu an aja gaess bebas pilih model i… lihat selengkapnya,Jaecoo J5,high,explicit_text_alias_strong,False,,,,False,not_relevant,no_adas_keyword,,UNKNOWN,,,,,,,
rec_c900493fba9020ef,Jaecoo J5,Jaecoo J5 EV Indonesia (Search),https://www.facebook.com/search/top?q=jaecoo%20j5%20ev%20indonesia,post_1,post_1_comment_25,post_1,comment,,,,PROMO LOVE JAECOO J5 TUKER TAMBAH VELG CUMA 500 RIBU AN AJA GAESS BEBAS PILIH MODEL,https://www.facebook.com/search/top?q=jaecoo%20j5%20ev%20indonesia,1789640429000,raw_data_all.jsonl,rec_c900493fba9020ef,False,PROMO LOVE JAECOO J5 TUKER TAMBAH VELG CUMA 500 RIBU AN AJA GAESS BEBAS PILIH MODEL,promo love jaecoo j5 tuker tambah velg cuma 500 ribu an aja gaess bebas pilih model,Jaecoo J5,high,explicit_text_alias_strong,False,,,,False,not_relevant,no_adas_keyword,,UNKNOWN,,,,,,,
rec_a1448253d265d24e,Jaecoo J5,Jaecoo J5 EV Indonesia (Search),https://www.facebook.com/search/top?q=jaecoo%20j5%20ev%20indonesia,post_1,post_1_comment_26,post_1,comment,,,,I… Lihat selengkapnya,https://www.facebook.com/search/top?q=jaecoo%20j5%20ev%20indonesia,1789640429000,raw_data_all.jsonl,rec_a1448253d265d24e,False,I… Lihat selengkapnya,i… lihat selengkapnya,Jaecoo J5,medium,community_context,False,,,,False,not_relevant,no_adas_keyword,,UNKNOWN,,,,,,,
rec_dd1005c815d4491d,Jaecoo J5,Jaecoo J5 EV Indonesia (Search),https://www.facebook.com/search/top?q=jaecoo%20j5%20ev%20indonesia,post_1,post_1_comment_27,post_1,comment,,,,"●●●●●●●●●●●●●●●
Setelah serah terima pada 17 Februari 2026, berikut beberapa hal yang sudah saya lakukan untuk J5:… Lihat selengkapnya",https://www.facebook.com/search/top?q=jaecoo%20j5%20ev%20indonesia,1789640429000,raw_data_all.jsonl,rec_dd1005c815d4491d,False,"●●●●●●●●●●●●●●● Setelah serah terima pada 17 Februari 2026, berikut beberapa hal yang sudah saya lakukan untuk J5:… Lihat selengkapnya","●●●●●●●●●●●●●●● setelah serah terima pada 17 februari 2026, berikut beberapa hal yang sudah saya lakukan untuk j5:… lihat selengkapnya",Jaecoo J5,high,explicit_text_alias_strong,False,,,,False,not_relevant,no_adas_keyword,,UNKNOWN,,,,,,,
rec_3e1492c1f00558c1,Jaecoo J5,Jaecoo J5 EV Indonesia (Search),https://www.facebook.com/search/top?q=jaecoo%20j5%20ev%20indonesia,post_1,post_1_comment_28,post_1,comment,,,,●●●●●●●●●●●●●●●,https://www.facebook.com/search/top?q=jaecoo%20j5%20ev%20indonesia,1789640429000,raw_data_all.jsonl,rec_3e1492c1f00558c1,False,●●●●●●●●●●●●●●●,●●●●●●●●●●●●●●●,Jaecoo J5,medium,community_context,False,,,,False,not_relevant,no_adas_keyword,,UNKNOWN,,,,,,,
rec_7ee31531aa2fd3ed,Jaecoo J5,Jaecoo J5 EV Indonesia (Search),https://www.facebook.com/search/top?q=jaecoo%20j5%20ev%20indonesia,post_1,post_1_comment_29,post_1,comment,,,,"Setelah serah terima pada 17 Februari 2026, berikut beberapa hal yang sudah saya lakukan untuk J5:… Lihat selengkapnya",https://www.facebook.com/search/top?q=jaecoo%20j5%20ev%20indonesia,1789640429000,raw_data_all.jsonl,rec_7ee31531aa2fd3ed,False,"Setelah serah terima pada 17 Februari 2026, berikut beberapa hal yang sudah saya lakukan untuk J5:… Lihat selengkapnya","setelah serah terima pada 17 februari 2026, berikut beberapa hal yang sudah saya lakukan untuk j5:… lihat selengkapnya",Jaecoo J5,high,explicit_text_alias_strong,False,,,,False,not_relevant,no_adas_keyword,,UNKNOWN,,,,,,,
rec_f070f55a3ddd3dfd,Jaecoo J5,Jaecoo J5 EV Indonesia (Search),https://www.facebook.com/search/top?q=jaecoo%20j5%20ev%20indonesia,post_1,post_1_comment_30,post_1,comment,,,,"Jaecoo J5 EV Premium 
 VIN 2026
IDR 309.900.000 Promise Delivery … Lihat selengkapnya",https://www.facebook.com/search/top?q=jaecoo%20j5%20ev%20indonesia,1789640431000,raw_data_all.jsonl,rec_f070f55a3ddd3dfd,False,Jaecoo J5 EV Premium VIN 2026 IDR 309.900.000 Promise Delivery … Lihat selengkapnya,jaecoo j5 ev premium vin 2026 idr 309.900.000 promise delivery … lihat selengkapnya,Jaecoo J5,high,explicit_text_alias_strong,False,,,,False,not_relevant,no_adas_keyword,,UNKNOWN,,,,,,,
rec_aeb15b356ed5d23c,Jaecoo J5,Jaecoo J5 EV Indonesia (Search),https://www.facebook.com/search/top?q=jaecoo%20j5%20ev%20indonesia,post_1,post_1_comment_31,post_1,comment,,,,"Jaecoo J5 EV Premium 
 VIN 2026",https://www.facebook.com/search/top?q=jaecoo%20j5%20ev%20indonesia,1789640431000,raw_data_all.jsonl,rec_aeb15b356ed5d23c,False,Jaecoo J5 EV Premium VIN 2026,jaecoo j5 ev premium vin 2026,Jaecoo J5,high,explicit_text_alias_strong,False,,,,False,not_relevant,no_adas_keyword,,UNKNOWN,,,,,,,
rec_90015148290bab91,Jaecoo J5,Jaecoo J5 EV Indonesia (Search),https://www.facebook.com/search/top?q=jaecoo%20j5%20ev%20indonesia,post_1,post_1_comment_32,post_1,comment,,,,IDR 309.900.000 Promise Delivery … Lihat selengkapnya,https://www.facebook.com/search/top?q=jaecoo%20j5%20ev%20indonesia,1789640431000,raw_data_all.jsonl,rec_90015148290bab91,False,IDR 309.900.000 Promise Delivery … Lihat selengkapnya,idr 309.900.000 promise delivery … lihat selengkapnya,Jaecoo J5,medium,community_context,False,,,,False,not_relevant,no_adas_keyword,,UNKNOWN,,,,,,,
rec_cd36e5af876b1f1d,Jaecoo J5,Jaecoo J5 EV Indonesia (Search),https://www.facebook.com/search/top?q=jaecoo%20j5%20ev%20indonesia,post_1,post_1_comment_33,post_1,comment,,,,"JANGAN CUMA LIHAT, LANGSUNG AMBIL! 
… Lihat selengkapnya",https://www.facebook.com/search/top?q=jaecoo%20j5%20ev%20indonesia,1789640433000,raw_data_all.jsonl,rec_cd36e5af876b1f1d,False,"JANGAN CUMA LIHAT, LANGSUNG AMBIL! … Lihat selengkapnya","jangan cuma lihat, langsung ambil! … lihat selengkapnya",Jaecoo J5,medium,community_context,False,,,,False,not_relevant,no_adas_keyword,,UNKNOWN,,,,,,,
rec_3991c935d8550f21,Jaecoo J5,Jaecoo J5 EV Indonesia (Search),https://www.facebook.com/search/top?q=jaecoo%20j5%20ev%20indonesia,post_1,post_1_comment_34,post_1,comment,,,,"JANGAN CUMA LIHAT, LANGSUNG AMBIL!",https://www.facebook.com/search/top?q=jaecoo%20j5%20ev%20indonesia,1789640433000,raw_data_all.jsonl,rec_3991c935d8550f21,False,"JANGAN CUMA LIHAT, LANGSUNG AMBIL!","jangan cuma lihat, langsung ambil!",Jaecoo J5,medium,community_context,False,,,,False,not_relevant,no_adas_keyword,,UNKNOWN,,,,,,,
rec_e66f774625e2ccb4,Jaecoo J5,Jaecoo J5 EV Indonesia (Search),https://www.facebook.com/search/top?q=jaecoo%20j5%20ev%20indonesia,post_1,post_1_comment_35,post_1,comment,,,,… Lihat selengkapnya,https://www.facebook.com/search/top?q=jaecoo%20j5%20ev%20indonesia,1789640433000,raw_data_all.jsonl,rec_e66f774625e2ccb4,False,… Lihat selengkapnya,… lihat selengkapnya,Jaecoo J5,medium,community_context,False,,,,False,not_relevant,no_adas_keyword,,UNKNOWN,,,,,,,
rec_16b38bafaf2a9cb8,Jaecoo J5,Jaecoo J5 EV Indonesia (Search),https://www.facebook.com/search/top?q=jaecoo%20j5%20ev%20indonesia,post_1,post_1_comment_36,post_1,comment,,,,"izin ACC mas admin
---… Lihat selengkapnya",https://www.facebook.com/search/top?q=jaecoo%20j5%20ev%20indonesia,1789640433000,raw_data_all.jsonl,rec_16b38bafaf2a9cb8,False,izin ACC mas admin ---… Lihat selengkapnya,izin acc mas admin ---… lihat selengkapnya,Jaecoo J5,medium,community_context,False,ACC,layer_a_feature_names,,False,not_relevant,admin_approval_marketplace_noise,,UNKNOWN,,,,,,,
rec_f1077477b4e6ea8c,Jaecoo J5,Jaecoo J5 EV Indonesia (Search),https://www.facebook.com/search/top?q=jaecoo%20j5%20ev%20indonesia,post_1,post_1_comment_37,post_1,comment,,,,izin ACC mas admin,https://www.facebook.com/search/top?q=jaecoo%20j5%20ev%20indonesia,1789640433000,raw_data_all.jsonl,rec_f1077477b4e6ea8c,False,izin ACC mas admin,izin acc mas admin,Jaecoo J5,medium,community_context,False,ACC,layer_a_feature_names,,False,not_relevant,admin_approval_marketplace_noise,,UNKNOWN,,,,,,,
rec_a99e146932a736ce,Jaecoo J5,Jaecoo J5 EV Indonesia (Search),https://www.facebook.com/search/top?q=jaecoo%20j5%20ev%20indonesia,post_1,post_1_comment_38,post_1,comment,,,,---… Lihat selengkapnya,https://www.facebook.com/search/top?q=jaecoo%20j5%20ev%20indonesia,1789640433000,raw_data_all.jsonl,rec_a99e146932a736ce,False,---… Lihat selengkapnya,---… lihat selengkapnya,Jaecoo J5,medium,community_context,False,,,,False,not_relevant,no_adas_keyword,,UNKNOWN,,,,,,,
rec_bc9a87b528ef23d5,Jaecoo J5,Jaecoo J5 EV Indonesia (Search),https://www.facebook.com/search/top?q=jaecoo%20j5%20ev%20indonesia,post_1,post_1_comment_39,post_1,comment,,,,"BEKAS RASA BARU, GAK PERLU INDEN!! KM 2.700 PERAK!!
Jaecoo J5 EV PREMIUM 2026 Hitam [ Type tertinggi ]
KM ANTIK 2.700 PERAK !!
Plat B [ Jaksel ]
Tangan 1 dari baru nama perorangan
Lihat selengkapnya",https://www.facebook.com/search/top?q=jaecoo%20j5%20ev%20indonesia,1789640438000,raw_data_all.jsonl,rec_bc9a87b528ef23d5,False,"BEKAS RASA BARU, GAK PERLU INDEN!! KM 2.700 PERAK!! Jaecoo J5 EV PREMIUM 2026 Hitam [ Type tertinggi ] KM ANTIK 2.700 PERAK !! Plat B [ Jaksel ] Tangan 1 dari baru nama perorangan Lihat selengkapnya","bekas rasa baru, gak perlu inden!! km 2.700 perak!! jaecoo j5 ev premium 2026 hitam [ type tertinggi ] km antik 2.700 perak !! plat b [ jaksel ] tangan 1 dari baru nama perorangan lihat selengkapnya",Jaecoo J5,high,explicit_text_alias_strong,False,,,,False,not_relevant,no_adas_keyword,,UNKNOWN,,,,,,,
rec_7272113cd7cb7c7c,Jaecoo J5,Jaecoo J5 EV Indonesia (Search),https://www.facebook.com/search/top?q=jaecoo%20j5%20ev%20indonesia,post_1,post_1_comment_40,post_1,comment,,,,"JAECOO J5 EV - ELECTRIC SUV NO.1 DI INDONESIA!
… Lihat selengkapnya",https://www.facebook.com/search/top?q=jaecoo%20j5%20ev%20indonesia,1789640438000,raw_data_all.jsonl,rec_7272113cd7cb7c7c,False,JAECOO J5 EV - ELECTRIC SUV NO.1 DI INDONESIA! … Lihat selengkapnya,jaecoo j5 ev - electric suv no.1 di indonesia! … lihat selengkapnya,Jaecoo J5,high,explicit_text_alias_strong,False,,,,False,not_relevant,no_adas_keyword,,UNKNOWN,,,,,,,
rec_9c500ad7e537bda9,Jaecoo J5,Jaecoo J5 EV Indonesia (Search),https://www.facebook.com/search/top?q=jaecoo%20j5%20ev%20indonesia,post_1,post_1_comment_41,post_1,comment,,,,"KARPET MOBIL JAECOO J5 EV 5D TPE PREMIUM 
1… Lihat selengkapnya",https://www.facebook.com/search/top?q=jaecoo%20j5%20ev%20indonesia,1789640440000,raw_data_all.jsonl,rec_9c500ad7e537bda9,False,KARPET MOBIL JAECOO J5 EV 5D TPE PREMIUM 1… Lihat selengkapnya,karpet mobil jaecoo j5 ev 5d tpe premium 1… lihat selengkapnya,Jaecoo J5,high,explicit_text_alias_strong,False,,,,False,not_relevant,no_adas_keyword,,UNKNOWN,,,,,,,
rec_21fa378da5ba07bf,Jaecoo J5,Jaecoo J5 EV Indonesia (Search),https://www.facebook.com/search/top?q=jaecoo%20j5%20ev%20indonesia,post_1,post_1_comment_42,post_1,comment,,,,KARPET MOBIL JAECOO J5 EV 5D TPE PREMIUM,https://www.facebook.com/search/top?q=jaecoo%20j5%20ev%20indonesia,1789640440000,raw_data_all.jsonl,rec_21fa378da5ba07bf,False,KARPET MOBIL JAECOO J5 EV 5D TPE PREMIUM,karpet mobil jaecoo j5 ev 5d tpe premium,Jaecoo J5,high,explicit_text_alias_strong,False,,,,False,not_relevant,no_adas_keyword,,UNKNOWN,,,,,,,
rec_79d2acf8ac1ea001,Jaecoo J5,Jaecoo J5 EV Indonesia (Search),https://www.facebook.com/search/top?q=jaecoo%20j5%20ev%20indonesia,post_1,post_1_comment_43,post_1,comment,,,,1… Lihat selengkapnya,https://www.facebook.com/search/top?q=jaecoo%20j5%20ev%20indonesia,1789640440000,raw_data_all.jsonl,rec_79d2acf8ac1ea001,False,1… Lihat selengkapnya,1… lihat selengkapnya,Jaecoo J5,medium,community_context,False,,,,False,not_relevant,no_adas_keyword,,UNKNOWN,,,,,,,
rec_6189a17565c7a5c0,Jaecoo J5,Jaecoo J5 EV Indonesia (Search),https://www.facebook.com/search/top?q=jaecoo%20j5%20ev%20indonesia,post_1,post_1_comment_44,post_1,comment,,,,"[CASH] JUAL CEPAT NO INDENT JAECOO J5 PREMIUM 2025 LONG RANGE
.… Lihat selengkapnya",https://www.facebook.com/search/top?q=jaecoo%20j5%20ev%20indonesia,1789640441000,raw_data_all.jsonl,rec_6189a17565c7a5c0,False,[CASH] JUAL CEPAT NO INDENT JAECOO J5 PREMIUM 2025 LONG RANGE .… Lihat selengkapnya,[cash] jual cepat no indent jaecoo j5 premium 2025 long range .… lihat selengkapnya,Jaecoo J5,high,explicit_text_alias_strong,False,,,,False,not_relevant,no_adas_keyword,,UNKNOWN,,,,,,,
rec_e468c04eaf033f31,Jaecoo J5,Jaecoo J5 EV Indonesia (Search),https://www.facebook.com/search/top?q=jaecoo%20j5%20ev%20indonesia,post_1,post_1_comment_45,post_1,comment,,,,[CASH] JUAL CEPAT NO INDENT JAECOO J5 PREMIUM 2025 LONG RANGE,https://www.facebook.com/search/top?q=jaecoo%20j5%20ev%20indonesia,1789640441000,raw_data_all.jsonl,rec_e468c04eaf033f31,False,[CASH] JUAL CEPAT NO INDENT JAECOO J5 PREMIUM 2025 LONG RANGE,[cash] jual cepat no indent jaecoo j5 premium 2025 long range,Jaecoo J5,high,explicit_text_alias_strong,False,,,,False,not_relevant,no_adas_keyword,,UNKNOWN,,,,,,,
rec_4da176eb93c010cf,Jaecoo J5,Jaecoo J5 EV Indonesia (Search),https://www.facebook.com/search/top?q=jaecoo%20j5%20ev%20indonesia,post_1,post_1_comment_46,post_1,comment,,,,.… Lihat selengkapnya,https://www.facebook.com/search/top?q=jaecoo%20j5%20ev%20indonesia,1789640441000,raw_data_all.jsonl,rec_4da176eb93c010cf,False,.… Lihat selengkapnya,.… lihat selengkapnya,Jaecoo J5,medium,community_context,False,,,,False,not_relevant,no_adas_keyword,,UNKNOWN,,,,,,,
rec_8e3e51e92ce412e7,Jaecoo J5,Jaecoo J5 EV Indonesia (Search),https://www.facebook.com/search/top?q=jaecoo%20j5%20ev%20indonesia,post_1,post_1_comment_47,post_1,comment,,,,"JAECOO J5 EV Premium 
OTR : 319.900.000 (Plat B)… Lihat selengkapnya",https://www.facebook.com/search/top?q=jaecoo%20j5%20ev%20indonesia,1789640443000,raw_data_all.jsonl,rec_8e3e51e92ce412e7,False,JAECOO J5 EV Premium OTR : 319.900.000 (Plat B)… Lihat selengkapnya,jaecoo j5 ev premium otr : 319.900.000 (plat b)… lihat selengkapnya,Jaecoo J5,high,explicit_text_alias_strong,False,,,,False,not_relevant,no_adas_keyword,,UNKNOWN,,,,,,,
rec_288fbd596f8e3d19,Jaecoo J5,Jaecoo J5 EV Indonesia (Search),https://www.facebook.com/search/top?q=jaecoo%20j5%20ev%20indonesia,post_1,post_1_comment_48,post_1,comment,,,,JAECOO J5 EV Premium,https://www.facebook.com/search/top?q=jaecoo%20j5%20ev%20indonesia,1789640443000,raw_data_all.jsonl,rec_288fbd596f8e3d19,False,JAECOO J5 EV Premium,jaecoo j5 ev premium,Jaecoo J5,high,explicit_text_alias_strong,False,,,,False,not_relevant,no_adas_keyword,,UNKNOWN,,,,,,,
rec_a099cbe15ea699b2,Jaecoo J5,Jaecoo J5 EV Indonesia (Search),https://www.facebook.com/search/top?q=jaecoo%20j5%20ev%20indonesia,post_1,post_1_comment_49,post_1,comment,,,,OTR : 319.900.000 (Plat B)… Lihat selengkapnya,https://www.facebook.com/search/top?q=jaecoo%20j5%20ev%20indonesia,1789640443000,raw_data_all.jsonl,rec_a099cbe15ea699b2,False,OTR : 319.900.000 (Plat B)… Lihat selengkapnya,otr : 319.900.000 (plat b)… lihat selengkapnya,Jaecoo J5,medium,community_context,False,,,,False,not_relevant,no_adas_keyword,,UNKNOWN,,,,,,,
rec_40a8a9c2fa85e749,Jaecoo J5,Jaecoo J5 EV Indonesia (Search),https://www.facebook.com/search/top?q=jaecoo%20j5%20ev%20indonesia,post_1,post_1_comment_50,post_1,comment,,,,"Dijual jaeco j5 ev thn 2026
Sdh terpasang accesoris +- 8 jt an antara lain dashcam depan, karpet premium model mie, anti bocor ban (halston), pelindung bumper depan belakang.
Ada Asuransi sampai tahun depan
Surat surat lengkap… Lihat selengkapnya",https://www.facebook.com/search/top?q=jaecoo%20j5%20ev%20indonesia,1789640445000,raw_data_all.jsonl,rec_40a8a9c2fa85e749,False,"Dijual jaeco j5 ev thn 2026 Sdh terpasang accesoris +- 8 jt an antara lain dashcam depan, karpet premium model mie, anti bocor ban (halston), pelindung bumper depan belakang. Ada Asuransi sampai tahun depan Surat surat lengkap… Lihat selengkapnya","dijual jaeco j5 ev thn 2026 sdh terpasang accesoris +- 8 jt an antara lain dashcam depan, karpet premium model mie, anti bocor ban (halston), pelindung bumper depan belakang. ada asuransi sampai tahun depan surat surat lengkap… lihat selengkapnya",Jaecoo J5,high,explicit_text_alias_strong,False,,,,False,not_relevant,no_adas_keyword,,UNKNOWN,,,,,,,
rec_276aae0a7afff4e9,Jaecoo J5,Jaecoo J5 EV Indonesia (Search),https://www.facebook.com/search/top?q=jaecoo%20j5%20ev%20indonesia,post_1,post_1_comment_51,post_1,comment,,,,"Plat B ngecas di Semarang, ownernya ninggal mobil ga ninggalin nomer hape ke security.. pdhl sdh penuh... di Semarang SPKLU tdk sebanyak di Jakarta... 
kasihan yg antri… Lihat selengkapnya",https://www.facebook.com/search/top?q=jaecoo%20j5%20ev%20indonesia,1789640447000,raw_data_all.jsonl,rec_276aae0a7afff4e9,False,"Plat B ngecas di Semarang, ownernya ninggal mobil ga ninggalin nomer hape ke security.. pdhl sdh penuh... di Semarang SPKLU tdk sebanyak di Jakarta... kasihan yg antri… Lihat selengkapnya","plat b ngecas di semarang, ownernya ninggal mobil ga ninggalin nomer hape ke security.. pdhl sdh penuh... di semarang spklu tdk sebanyak di jakarta... kasihan yg antri… lihat selengkapnya",Jaecoo J5,medium,community_context,False,,,,False,not_relevant,no_adas_keyword,,UNKNOWN,,,,,,,
rec_a1e5d3e058265c4a,Jaecoo J5,Jaecoo J5 EV Indonesia (Search),https://www.facebook.com/search/top?q=jaecoo%20j5%20ev%20indonesia,post_1,post_1_comment_52,post_1,comment,,,,"Plat B ngecas di Semarang, ownernya ninggal mobil ga ninggalin nomer hape ke security.. pdhl sdh penuh... di Semarang SPKLU tdk sebanyak di Jakarta...",https://www.facebook.com/search/top?q=jaecoo%20j5%20ev%20indonesia,1789640447000,raw_data_all.jsonl,rec_a1e5d3e058265c4a,False,"Plat B ngecas di Semarang, ownernya ninggal mobil ga ninggalin nomer hape ke security.. pdhl sdh penuh... di Semarang SPKLU tdk sebanyak di Jakarta...","plat b ngecas di semarang, ownernya ninggal mobil ga ninggalin nomer hape ke security.. pdhl sdh penuh... di semarang spklu tdk sebanyak di jakarta...",Jaecoo J5,medium,community_context,False,,,,False,not_relevant,no_adas_keyword,,UNKNOWN,,,,,,,
rec_51359fc2a8553b46,Jaecoo J5,Jaecoo J5 EV Indonesia (Search),https://www.facebook.com/search/top?q=jaecoo%20j5%20ev%20indonesia,post_1,post_1_comment_53,post_1,comment,,,,kasihan yg antri… Lihat selengkapnya,https://www.facebook.com/search/top?q=jaecoo%20j5%20ev%20indonesia,1789640447000,raw_data_all.jsonl,rec_51359fc2a8553b46,False,kasihan yg antri… Lihat selengkapnya,kasihan yg antri… lihat selengkapnya,Jaecoo J5,medium,community_context,False,,,,False,not_relevant,no_adas_keyword,,UNKNOWN,,,,,,,
rec_c98230b24edabde4,Jaecoo J5,Jaecoo J5 EV Indonesia (Search),https://www.facebook.com/search/top?q=jaecoo%20j5%20ev%20indonesia,post_1,post_1_comment_54,post_1,comment,,,,"Jaecoo J5 EV  menjadi salah satu mobil listrik terlaris di Indonesia, bahkan  berada di posisi nomor satu untuk penjualan model EV pada periode di 2026. 
 Jaecoo J5 EV di Indonesia
 J5 EV menjadi mobil listrik terlaris di Indonesia dengan distribusi sekitar 2.959 unit. 
Penjualan sebelumnya juga tinggi:… Lihat selengkapnya",https://www.facebook.com/search/top?q=jaecoo%20j5%20ev%20indonesia,1789640448000,raw_data_all.jsonl,rec_c98230b24edabde4,False,"Jaecoo J5 EV menjadi salah satu mobil listrik terlaris di Indonesia, bahkan berada di posisi nomor satu untuk penjualan model EV pada periode di 2026. Jaecoo J5 EV di Indonesia J5 EV menjadi mobil listrik terlaris di Indonesia dengan distribusi sekitar 2.959 unit. Penjualan sebelumnya juga tinggi:… Lihat selengkapnya","jaecoo j5 ev menjadi salah satu mobil listrik terlaris di indonesia, bahkan berada di posisi nomor satu untuk penjualan model ev pada periode di 2026. jaecoo j5 ev di indonesia j5 ev menjadi mobil listrik terlaris di indonesia dengan distribusi sekitar 2.959 unit. penjualan sebelumnya juga tinggi:… lihat selengkapnya",Jaecoo J5,high,explicit_text_alias_strong,False,,,,False,not_relevant,no_adas_keyword,,UNKNOWN,,,,,,,
rec_3362c5bd4fc79398,Jaecoo J5,Jaecoo J5 EV Indonesia (Search),https://www.facebook.com/search/top?q=jaecoo%20j5%20ev%20indonesia,post_1,post_1_comment_55,post_1,comment,,,,"Jaecoo J5 EV  menjadi salah satu mobil listrik terlaris di Indonesia, bahkan  berada di posisi nomor satu untuk penjualan model EV pada periode di 2026.",https://www.facebook.com/search/top?q=jaecoo%20j5%20ev%20indonesia,1789640448000,raw_data_all.jsonl,rec_3362c5bd4fc79398,False,"Jaecoo J5 EV menjadi salah satu mobil listrik terlaris di Indonesia, bahkan berada di posisi nomor satu untuk penjualan model EV pada periode di 2026.","jaecoo j5 ev menjadi salah satu mobil listrik terlaris di indonesia, bahkan berada di posisi nomor satu untuk penjualan model ev pada periode di 2026.",Jaecoo J5,high,explicit_text_alias_strong,False,,,,False,not_relevant,no_adas_keyword,,UNKNOWN,,,,,,,
rec_5ee88775485a559a,Jaecoo J5,Jaecoo J5 EV Indonesia (Search),https://www.facebook.com/search/top?q=jaecoo%20j5%20ev%20indonesia,post_1,post_1_comment_56,post_1,comment,,,,Jaecoo J5 EV di Indonesia,https://www.facebook.com/search/top?q=jaecoo%20j5%20ev%20indonesia,1789640448000,raw_data_all.jsonl,rec_5ee88775485a559a,False,Jaecoo J5 EV di Indonesia,jaecoo j5 ev di indonesia,Jaecoo J5,high,explicit_text_alias_strong,False,,,,False,not_relevant,no_adas_keyword,,UNKNOWN,,,,,,,
rec_3dbd5b4a0c5f3827,Jaecoo J5,Jaecoo J5 EV Indonesia (Search),https://www.facebook.com/search/top?q=jaecoo%20j5%20ev%20indonesia,post_1,post_1_comment_57,post_1,comment,,,,J5 EV menjadi mobil listrik terlaris di Indonesia dengan distribusi sekitar 2.959 unit.,https://www.facebook.com/search/top?q=jaecoo%20j5%20ev%20indonesia,1789640448000,raw_data_all.jsonl,rec_3dbd5b4a0c5f3827,False,J5 EV menjadi mobil listrik terlaris di Indonesia dengan distribusi sekitar 2.959 unit.,j5 ev menjadi mobil listrik terlaris di indonesia dengan distribusi sekitar 2.959 unit.,Jaecoo J5,high,explicit_text_alias_strong,False,,,,False,not_relevant,no_adas_keyword,,UNKNOWN,,,,,,,
rec_c21a9bdcc8573d6e,Jaecoo J5,Jaecoo J5 EV Indonesia (Search),https://www.facebook.com/search/top?q=jaecoo%20j5%20ev%20indonesia,post_1,post_1_comment_58,post_1,comment,,,,Penjualan sebelumnya juga tinggi:… Lihat selengkapnya,https://www.facebook.com/search/top?q=jaecoo%20j5%20ev%20indonesia,1789640448000,raw_data_all.jsonl,rec_c21a9bdcc8573d6e,False,Penjualan sebelumnya juga tinggi:… Lihat selengkapnya,penjualan sebelumnya juga tinggi:… lihat selengkapnya,Jaecoo J5,medium,community_context,False,,,,False,not_relevant,no_adas_keyword,,UNKNOWN,,,,,,,
rec_1aa930816afe60f2,Jaecoo J5,Jaecoo J5 EV Indonesia (Search),https://www.facebook.com/search/top?q=jaecoo%20j5%20ev%20indonesia,post_1,post_1_comment_59,post_1,comment,,,,"SPK JAECOO J5 EV PREMIUM AT GIIAS
OTR 319.900.000 
 Delivery Agustus!… Lihat selengkapnya",https://www.facebook.com/search/top?q=jaecoo%20j5%20ev%20indonesia,1789640448000,raw_data_all.jsonl,rec_1aa930816afe60f2,False,SPK JAECOO J5 EV PREMIUM AT GIIAS OTR 319.900.000 Delivery Agustus!… Lihat selengkapnya,spk jaecoo j5 ev premium at giias otr 319.900.000 delivery agustus!… lihat selengkapnya,Jaecoo J5,high,explicit_text_alias_strong,False,,,,False,not_relevant,no_adas_keyword,,UNKNOWN,,,,,,,
rec_21f1747a3378e938,Jaecoo J5,Jaecoo J5 EV Indonesia (Search),https://www.facebook.com/search/top?q=jaecoo%20j5%20ev%20indonesia,post_1,post_1_comment_60,post_1,comment,,,,SPK JAECOO J5 EV PREMIUM AT GIIAS,https://www.facebook.com/search/top?q=jaecoo%20j5%20ev%20indonesia,1789640448000,raw_data_all.jsonl,rec_21f1747a3378e938,False,SPK JAECOO J5 EV PREMIUM AT GIIAS,spk jaecoo j5 ev premium at giias,Jaecoo J5,high,explicit_text_alias_strong,False,,,,False,not_relevant,no_adas_keyword,,UNKNOWN,,,,,,,
rec_9f2536ad20e91394,Jaecoo J5,Jaecoo J5 EV Indonesia (Search),https://www.facebook.com/search/top?q=jaecoo%20j5%20ev%20indonesia,post_1,post_1_comment_61,post_1,comment,,,,"OTR 319.900.000 
 Delivery Agustus!… Lihat selengkapnya",https://www.facebook.com/search/top?q=jaecoo%20j5%20ev%20indonesia,1789640448000,raw_data_all.jsonl,rec_9f2536ad20e91394,False,OTR 319.900.000 Delivery Agustus!… Lihat selengkapnya,otr 319.900.000 delivery agustus!… lihat selengkapnya,Jaecoo J5,medium,community_context,False,,,,False,not_relevant,no_adas_keyword,,UNKNOWN,,,,,,,
rec_86374898301a5f41,Jaecoo J5,Jaecoo J5 EV Indonesia (Search),https://www.facebook.com/search/top?q=jaecoo%20j5%20ev%20indonesia,post_2,,,post,,,,"Jaecoo MPM Kebon Jeruk
⁠
  ·
Jaecoo J5 EV 
 Masa depan dimulai hari ini.
Silent power, bold presence. #JaecooJ5EV… Lihat selengkapnya
0:00 / 0:12
Kirim pesan
119
24",https://www.facebook.com/search/top?q=jaecoo%20j5%20ev%20indonesia,1789640452000,raw_data_all.jsonl,rec_86374898301a5f41,False,"Jaecoo MPM Kebon Jeruk ⁠ · Jaecoo J5 EV Masa depan dimulai hari ini. Silent power, bold presence. #JaecooJ5EV… Lihat selengkapnya 0:00 / 0:12 Kirim pesan 119 24","jaecoo mpm kebon jeruk ⁠ · jaecoo j5 ev masa depan dimulai hari ini. silent power, bold presence. #jaecooj5ev… lihat selengkapnya 0:00 / 0:12 kirim pesan 119 24",Jaecoo J5,high,explicit_text_alias_strong,False,,,,False,not_relevant,no_adas_keyword,,UNKNOWN,,,,,,,
rec_e83dfe4492a4ea91,Jaecoo J5,Jaecoo J5 EV Indonesia (Search),https://www.facebook.com/search/top?q=jaecoo%20j5%20ev%20indonesia,post_2,post_2_comment_1,post_2,comment,,,,"Jaecoo J5 EV 
 Masa depan dimulai hari ini.
Silent power, bold presence. #JaecooJ5EV… Lihat selengkapnya",https://www.facebook.com/search/top?q=jaecoo%20j5%20ev%20indonesia,1789640456000,raw_data_all.jsonl,rec_e83dfe4492a4ea91,False,"Jaecoo J5 EV Masa depan dimulai hari ini. Silent power, bold presence. #JaecooJ5EV… Lihat selengkapnya","jaecoo j5 ev masa depan dimulai hari ini. silent power, bold presence. #jaecooj5ev… lihat selengkapnya",Jaecoo J5,high,explicit_text_alias_strong,False,,,,False,not_relevant,no_adas_keyword,,UNKNOWN,,,,,,,
rec_12992a8251df063c,Jaecoo J5,Jaecoo J5 EV Indonesia (Search),https://www.facebook.com/search/top?q=jaecoo%20j5%20ev%20indonesia,post_2,post_2_comment_2,post_2,comment,,,,"Jaecoo J5 EV 
 Masa depan dimulai hari ini.",https://www.facebook.com/search/top?q=jaecoo%20j5%20ev%20indonesia,1789640456000,raw_data_all.jsonl,rec_12992a8251df063c,False,Jaecoo J5 EV Masa depan dimulai hari ini.,jaecoo j5 ev masa depan dimulai hari ini.,Jaecoo J5,high,explicit_text_alias_strong,False,,,,False,not_relevant,no_adas_keyword,,UNKNOWN,,,,,,,
rec_a7e0e49bafb3afdc,Jaecoo J5,Jaecoo J5 EV Indonesia (Search),https://www.facebook.com/search/top?q=jaecoo%20j5%20ev%20indonesia,post_2,post_2_comment_3,post_2,comment,,,,"Silent power, bold presence. #JaecooJ5EV… Lihat selengkapnya",https://www.facebook.com/search/top?q=jaecoo%20j5%20ev%20indonesia,1789640456000,raw_data_all.jsonl,rec_a7e0e49bafb3afdc,False,"Silent power, bold presence. #JaecooJ5EV… Lihat selengkapnya","silent power, bold presence. #jaecooj5ev… lihat selengkapnya",Jaecoo J5,medium,community_context,False,,,,False,not_relevant,no_adas_keyword,,UNKNOWN,,,,,,,
rec_ada8fab8e07f2296,Jaecoo J5,Jaecoo J5 EV Indonesia (Search),https://www.facebook.com/search/top?q=jaecoo%20j5%20ev%20indonesia,post_2,post_2_comment_4,post_2,comment,,,,"Bismillah numpang jual om admin
Edisi ingin upgrade mobil EV lagi dan meminimalisir depresiasi
Forsale Jaecoo J5 Premium White
Lihat selengkapnya",https://www.facebook.com/search/top?q=jaecoo%20j5%20ev%20indonesia,1789640456000,raw_data_all.jsonl,rec_ada8fab8e07f2296,False,Bismillah numpang jual om admin Edisi ingin upgrade mobil EV lagi dan meminimalisir depresiasi Forsale Jaecoo J5 Premium White Lihat selengkapnya,bismillah numpang jual om admin edisi ingin upgrade mobil ev lagi dan meminimalisir depresiasi forsale jaecoo j5 premium white lihat selengkapnya,Jaecoo J5,high,explicit_text_alias_strong,False,,,,False,not_relevant,no_adas_keyword,,UNKNOWN,,,,,,,
rec_a249b9285f863dc2,Jaecoo J5,Jaecoo J5 EV Indonesia (Search),https://www.facebook.com/search/top?q=jaecoo%20j5%20ev%20indonesia,post_2,post_2_comment_5,post_2,comment,,,,"Forsale jaecoo j5 ivory grey 2026
Jual cepat ga perlu indent di dealer
Jaecoo j5 ivory gerey 2026
ss stnk, BPKB belum turun (bisa di urus)
Km terakhir 240
Lihat selengkapnya",https://www.facebook.com/search/top?q=jaecoo%20j5%20ev%20indonesia,1789640457000,raw_data_all.jsonl,rec_a249b9285f863dc2,False,"Forsale jaecoo j5 ivory grey 2026 Jual cepat ga perlu indent di dealer Jaecoo j5 ivory gerey 2026 ss stnk, BPKB belum turun (bisa di urus) Km terakhir 240 Lihat selengkapnya","forsale jaecoo j5 ivory grey 2026 jual cepat ga perlu indent di dealer jaecoo j5 ivory gerey 2026 ss stnk, bpkb belum turun (bisa di urus) km terakhir 240 lihat selengkapnya",Jaecoo J5,high,explicit_text_alias_strong,False,,,,False,not_relevant,no_adas_keyword,,UNKNOWN,,,,,,,
rec_2d4a51b82ee3ca98,Jaecoo J5,Jaecoo J5 EV Indonesia (Search),https://www.facebook.com/search/top?q=jaecoo%20j5%20ev%20indonesia,post_2,post_2_comment_6,post_2,comment,,,,SUV Hybrid yang Lagi Banyak Dicari!… Lihat selengkapnya,https://www.facebook.com/search/top?q=jaecoo%20j5%20ev%20indonesia,1789640457000,raw_data_all.jsonl,rec_2d4a51b82ee3ca98,False,SUV Hybrid yang Lagi Banyak Dicari!… Lihat selengkapnya,suv hybrid yang lagi banyak dicari!… lihat selengkapnya,Jaecoo J5,medium,community_context,False,,,,False,not_relevant,no_adas_keyword,,UNKNOWN,,,,,,,
rec_6860a8c7aa847f3e,Jaecoo J5,Jaecoo J5 EV Indonesia (Search),https://www.facebook.com/search/top?q=jaecoo%20j5%20ev%20indonesia,post_2,post_2_comment_7,post_2,comment,,,,"Ijin menawarkan takeover SPK
Ijin menawarkan Takeover SPK jaecoo J5 premium
Warna Jet Black
Lihat selengkapnya",https://www.facebook.com/search/top?q=jaecoo%20j5%20ev%20indonesia,1789640459000,raw_data_all.jsonl,rec_6860a8c7aa847f3e,False,Ijin menawarkan takeover SPK Ijin menawarkan Takeover SPK jaecoo J5 premium Warna Jet Black Lihat selengkapnya,ijin menawarkan takeover spk ijin menawarkan takeover spk jaecoo j5 premium warna jet black lihat selengkapnya,Jaecoo J5,high,explicit_text_alias_strong,False,,,,False,not_relevant,no_adas_keyword,,UNKNOWN,,,,,,,
rec_aa52aca3bcb2771b,Jaecoo J5,Jaecoo J5 EV Indonesia (Search),https://www.facebook.com/search/top?q=jaecoo%20j5%20ev%20indonesia,post_2,post_2_comment_8,post_2,comment,,,,"SOLD OUT 
Dijual jaeco j5 ev thn 2026
Sdh terpasang accesoris +- 8 jt an antara lain dashcam depan, karpet premium model mie, anti bocor ban (halston), pelindung bumper depan belakang.
Ada Asuransi sampai tahun depan
Surat surat lengkap… Lihat selengkapnya",https://www.facebook.com/search/top?q=jaecoo%20j5%20ev%20indonesia,1789640461000,raw_data_all.jsonl,rec_aa52aca3bcb2771b,False,"SOLD OUT Dijual jaeco j5 ev thn 2026 Sdh terpasang accesoris +- 8 jt an antara lain dashcam depan, karpet premium model mie, anti bocor ban (halston), pelindung bumper depan belakang. Ada Asuransi sampai tahun depan Surat surat lengkap… Lihat selengkapnya","sold out dijual jaeco j5 ev thn 2026 sdh terpasang accesoris +- 8 jt an antara lain dashcam depan, karpet premium model mie, anti bocor ban (halston), pelindung bumper depan belakang. ada asuransi sampai tahun depan surat surat lengkap… lihat selengkapnya",Jaecoo J5,high,explicit_text_alias_strong,False,,,,False,not_relevant,no_adas_keyword,,UNKNOWN,,,,,,,
rec_99965e442dcc3e43,Jaecoo J5,Jaecoo J5 EV Indonesia (Search),https://www.facebook.com/search/top?q=jaecoo%20j5%20ev%20indonesia,post_2,post_2_comment_9,post_2,comment,,,,SOLD OUT,https://www.facebook.com/search/top?q=jaecoo%20j5%20ev%20indonesia,1789640461000,raw_data_all.jsonl,rec_99965e442dcc3e43,False,SOLD OUT,sold out,Jaecoo J5,medium,community_context,False,,,,False,not_relevant,no_adas_keyword,,UNKNOWN,,,,,,,
rec_d81c06ae3361ccbb,Jaecoo J5,Jaecoo J5 EV Indonesia (Search),https://www.facebook.com/search/top?q=jaecoo%20j5%20ev%20indonesia,post_2,post_2_comment_10,post_2,comment,,,,Dijual jaeco j5 ev thn 2026,https://www.facebook.com/search/top?q=jaecoo%20j5%20ev%20indonesia,1789640461000,raw_data_all.jsonl,rec_d81c06ae3361ccbb,False,Dijual jaeco j5 ev thn 2026,dijual jaeco j5 ev thn 2026,Jaecoo J5,high,explicit_text_alias_strong,False,,,,False,not_relevant,no_adas_keyword,,UNKNOWN,,,,,,,
rec_73eb089a459e285c,Jaecoo J5,Jaecoo J5 EV Indonesia (Search),https://www.facebook.com/search/top?q=jaecoo%20j5%20ev%20indonesia,post_2,post_2_comment_11,post_2,comment,,,,"Sdh terpasang accesoris +- 8 jt an antara lain dashcam depan, karpet premium model mie, anti bocor ban (halston), pelindung bumper depan belakang.",https://www.facebook.com/search/top?q=jaecoo%20j5%20ev%20indonesia,1789640461000,raw_data_all.jsonl,rec_73eb089a459e285c,False,"Sdh terpasang accesoris +- 8 jt an antara lain dashcam depan, karpet premium model mie, anti bocor ban (halston), pelindung bumper depan belakang.","sdh terpasang accesoris +- 8 jt an antara lain dashcam depan, karpet premium model mie, anti bocor ban (halston), pelindung bumper depan belakang.",Jaecoo J5,medium,community_context,False,,,,False,not_relevant,no_adas_keyword,,UNKNOWN,,,,,,,
rec_387501d3239a4257,Jaecoo J5,Jaecoo J5 EV Indonesia (Search),https://www.facebook.com/search/top?q=jaecoo%20j5%20ev%20indonesia,post_2,post_2_comment_12,post_2,comment,,,,Ada Asuransi sampai tahun depan,https://www.facebook.com/search/top?q=jaecoo%20j5%20ev%20indonesia,1789640461000,raw_data_all.jsonl,rec_387501d3239a4257,False,Ada Asuransi sampai tahun depan,ada asuransi sampai tahun depan,Jaecoo J5,medium,community_context,False,,,,False,not_relevant,no_adas_keyword,,UNKNOWN,,,,,,,
rec_0efdb8aa18bd9dae,Jaecoo J5,Jaecoo J5 EV Indonesia (Search),https://www.facebook.com/search/top?q=jaecoo%20j5%20ev%20indonesia,post_2,post_2_comment_13,post_2,comment,,,,Surat surat lengkap… Lihat selengkapnya,https://www.facebook.com/search/top?q=jaecoo%20j5%20ev%20indonesia,1789640461000,raw_data_all.jsonl,rec_0efdb8aa18bd9dae,False,Surat surat lengkap… Lihat selengkapnya,surat surat lengkap… lihat selengkapnya,Jaecoo J5,medium,community_context,False,,,,False,not_relevant,no_adas_keyword,,UNKNOWN,,,,,,,
rec_68c85b85054c621f,Jaecoo J5,Jaecoo J5 EV Indonesia (Search),https://www.facebook.com/search/top?q=jaecoo%20j5%20ev%20indonesia,post_2,post_2_comment_14,post_2,comment,,,,"Berbagi Pengalaman mengunakan Jaecoo J5 EV Premium. 
Sabtu 12 Sept 2026, pukul 15.30 WIB mencoba mengendarai dari Jakarta - Bandung. (Setelah turun service pertama)
Start Kalibata (Jakarta) - Finish Hotel Ibis Styles Grand Central (Bandung) tanpa berhenti. (Melalui MBZ)… Lihat selengkapnya",https://www.facebook.com/search/top?q=jaecoo%20j5%20ev%20indonesia,1789640463000,raw_data_all.jsonl,rec_68c85b85054c621f,False,"Berbagi Pengalaman mengunakan Jaecoo J5 EV Premium. Sabtu 12 Sept 2026, pukul 15.30 WIB mencoba mengendarai dari Jakarta - Bandung. (Setelah turun service pertama) Start Kalibata (Jakarta) - Finish Hotel Ibis Styles Grand Central (Bandung) tanpa berhenti. (Melalui MBZ)… Lihat selengkapnya","berbagi pengalaman mengunakan jaecoo j5 ev premium. sabtu 12 sept 2026, pukul 15.30 wib mencoba mengendarai dari jakarta - bandung. (setelah turun service pertama) start kalibata (jakarta) - finish hotel ibis styles grand central (bandung) tanpa berhenti. (melalui mbz)… lihat selengkapnya",Jaecoo J5,high,explicit_text_alias_strong,False,,,,False,not_relevant,no_adas_keyword,,UNKNOWN,,,,,,,
rec_a38ef03b61d45a15,Jaecoo J5,Jaecoo J5 EV Indonesia (Search),https://www.facebook.com/search/top?q=jaecoo%20j5%20ev%20indonesia,post_2,post_2_comment_15,post_2,comment,,,,Berbagi Pengalaman mengunakan Jaecoo J5 EV Premium.,https://www.facebook.com/search/top?q=jaecoo%20j5%20ev%20indonesia,1789640463000,raw_data_all.jsonl,rec_a38ef03b61d45a15,False,Berbagi Pengalaman mengunakan Jaecoo J5 EV Premium.,berbagi pengalaman mengunakan jaecoo j5 ev premium.,Jaecoo J5,high,explicit_text_alias_strong,False,,,,False,not_relevant,no_adas_keyword,,UNKNOWN,,,,,,,
rec_c73a3a85673736dc,Jaecoo J5,Jaecoo J5 EV Indonesia (Search),https://www.facebook.com/search/top?q=jaecoo%20j5%20ev%20indonesia,post_2,post_2_comment_16,post_2,comment,,,,"Sabtu 12 Sept 2026, pukul 15.30 WIB mencoba mengendarai dari Jakarta - Bandung. (Setelah turun service pertama)",https://www.facebook.com/search/top?q=jaecoo%20j5%20ev%20indonesia,1789640463000,raw_data_all.jsonl,rec_c73a3a85673736dc,False,"Sabtu 12 Sept 2026, pukul 15.30 WIB mencoba mengendarai dari Jakarta - Bandung. (Setelah turun service pertama)","sabtu 12 sept 2026, pukul 15.30 wib mencoba mengendarai dari jakarta - bandung. (setelah turun service pertama)",Jaecoo J5,medium,community_context,False,,,,False,not_relevant,no_adas_keyword,,UNKNOWN,,,,,,,
rec_e63696161e374218,Jaecoo J5,Jaecoo J5 EV Indonesia (Search),https://www.facebook.com/search/top?q=jaecoo%20j5%20ev%20indonesia,post_2,post_2_comment_17,post_2,comment,,,,Start Kalibata (Jakarta) - Finish Hotel Ibis Styles Grand Central (Bandung) tanpa berhenti. (Melalui MBZ)… Lihat selengkapnya,https://www.facebook.com/search/top?q=jaecoo%20j5%20ev%20indonesia,1789640463000,raw_data_all.jsonl,rec_e63696161e374218,False,Start Kalibata (Jakarta) - Finish Hotel Ibis Styles Grand Central (Bandung) tanpa berhenti. (Melalui MBZ)… Lihat selengkapnya,start kalibata (jakarta) - finish hotel ibis styles grand central (bandung) tanpa berhenti. (melalui mbz)… lihat selengkapnya,Jaecoo J5,medium,community_context,False,,,,False,not_relevant,no_adas_keyword,,UNKNOWN,,,,,,,
rec_ba6e570fe43ef7b9,Jaecoo J5,Jaecoo J5 EV Indonesia (Search),https://www.facebook.com/search/top?q=jaecoo%20j5%20ev%20indonesia,post_2,post_2_comment_18,post_2,comment,,,,"#wts
Jual jaecoo j5 ev premium
Warna putih, ga jadi pake buat daily kepincut ev lain, … Lihat selengkapnya",https://www.facebook.com/search/top?q=jaecoo%20j5%20ev%20indonesia,1789640464000,raw_data_all.jsonl,rec_ba6e570fe43ef7b9,False,"#wts Jual jaecoo j5 ev premium Warna putih, ga jadi pake buat daily kepincut ev lain, … Lihat selengkapnya","#wts jual jaecoo j5 ev premium warna putih, ga jadi pake buat daily kepincut ev lain, … lihat selengkapnya",Jaecoo J5,high,explicit_text_alias_strong,False,,,,False,not_relevant,no_adas_keyword,,UNKNOWN,,,,,,,
rec_f4dd73dab9500765,Jaecoo J5,Jaecoo J5 EV Indonesia (Search),https://www.facebook.com/search/top?q=jaecoo%20j5%20ev%20indonesia,post_2,post_2_comment_19,post_2,comment,,,,Jual jaecoo j5 ev premium,https://www.facebook.com/search/top?q=jaecoo%20j5%20ev%20indonesia,1789640464000,raw_data_all.jsonl,rec_f4dd73dab9500765,False,Jual jaecoo j5 ev premium,jual jaecoo j5 ev premium,Jaecoo J5,high,explicit_text_alias_strong,False,,,,False,not_relevant,no_adas_keyword,,UNKNOWN,,,,,,,
rec_ba46ee9cebdd02d0,Jaecoo J5,Jaecoo J5 EV Indonesia (Search),https://www.facebook.com/search/top?q=jaecoo%20j5%20ev%20indonesia,post_2,post_2_comment_20,post_2,comment,,,,"Warna putih, ga jadi pake buat daily kepincut ev lain, … Lihat selengkapnya",https://www.facebook.com/search/top?q=jaecoo%20j5%20ev%20indonesia,1789640464000,raw_data_all.jsonl,rec_ba46ee9cebdd02d0,False,"Warna putih, ga jadi pake buat daily kepincut ev lain, … Lihat selengkapnya","warna putih, ga jadi pake buat daily kepincut ev lain, … lihat selengkapnya",Jaecoo J5,medium,community_context,False,,,,False,not_relevant,no_adas_keyword,,UNKNOWN,,,,,,,
rec_02654be53eb6cc1f,Jaecoo J5,Jaecoo J5 EV Indonesia (Search),https://www.facebook.com/search/top?q=jaecoo%20j5%20ev%20indonesia,post_2,post_2_comment_21,post_2,comment,,,,"JAECOO J5 EV – The Real SUV! 
… Lihat selengkapnya",https://www.facebook.com/search/top?q=jaecoo%20j5%20ev%20indonesia,1789640466000,raw_data_all.jsonl,rec_02654be53eb6cc1f,False,JAECOO J5 EV – The Real SUV! … Lihat selengkapnya,jaecoo j5 ev – the real suv! … lihat selengkapnya,Jaecoo J5,high,explicit_text_alias_strong,False,,,,False,not_relevant,no_adas_keyword,,UNKNOWN,,,,,,,
rec_53649d6f45b60ae7,Jaecoo J5,Jaecoo J5 EV Indonesia (Search),https://www.facebook.com/search/top?q=jaecoo%20j5%20ev%20indonesia,post_2,post_2_comment_22,post_2,comment,,,,"Butuh JAECOO J5 EV PREMIUM lebih cepat? Melayani seluruh Indonesia. Hubungi segera, sebelum harga naik!… Lihat selengkapnya",https://www.facebook.com/search/top?q=jaecoo%20j5%20ev%20indonesia,1789640468000,raw_data_all.jsonl,rec_53649d6f45b60ae7,False,"Butuh JAECOO J5 EV PREMIUM lebih cepat? Melayani seluruh Indonesia. Hubungi segera, sebelum harga naik!… Lihat selengkapnya","butuh jaecoo j5 ev premium lebih cepat? melayani seluruh indonesia. hubungi segera, sebelum harga naik!… lihat selengkapnya",Jaecoo J5,high,explicit_text_alias_strong,False,,,,False,not_relevant,no_adas_keyword,,UNKNOWN,,,,,,,
rec_8cab47ff23378328,Jaecoo J5,Jaecoo J5 EV Indonesia (Search),https://www.facebook.com/search/top?q=jaecoo%20j5%20ev%20indonesia,post_2,post_2_comment_23,post_2,comment,,,,"PROMO LOVE JAECOO J5 TUKER TAMBAH VELG CUMA 500 RIBU AN AJA GAESS BEBAS PILIH MODEL 
I… Lihat selengkapnya",https://www.facebook.com/search/top?q=jaecoo%20j5%20ev%20indonesia,1789640469000,raw_data_all.jsonl,rec_8cab47ff23378328,False,PROMO LOVE JAECOO J5 TUKER TAMBAH VELG CUMA 500 RIBU AN AJA GAESS BEBAS PILIH MODEL I… Lihat selengkapnya,promo love jaecoo j5 tuker tambah velg cuma 500 ribu an aja gaess bebas pilih model i… lihat selengkapnya,Jaecoo J5,high,explicit_text_alias_strong,False,,,,False,not_relevant,no_adas_keyword,,UNKNOWN,,,,,,,
rec_3bc00b6d0c5491f3,Jaecoo J5,Jaecoo J5 EV Indonesia (Search),https://www.facebook.com/search/top?q=jaecoo%20j5%20ev%20indonesia,post_2,post_2_comment_24,post_2,comment,,,,PROMO LOVE JAECOO J5 TUKER TAMBAH VELG CUMA 500 RIBU AN AJA GAESS BEBAS PILIH MODEL,https://www.facebook.com/search/top?q=jaecoo%20j5%20ev%20indonesia,1789640469000,raw_data_all.jsonl,rec_3bc00b6d0c5491f3,False,PROMO LOVE JAECOO J5 TUKER TAMBAH VELG CUMA 500 RIBU AN AJA GAESS BEBAS PILIH MODEL,promo love jaecoo j5 tuker tambah velg cuma 500 ribu an aja gaess bebas pilih model,Jaecoo J5,high,explicit_text_alias_strong,False,,,,False,not_relevant,no_adas_keyword,,UNKNOWN,,,,,,,
rec_4d1caaa49951372c,Jaecoo J5,Jaecoo J5 EV Indonesia (Search),https://www.facebook.com/search/top?q=jaecoo%20j5%20ev%20indonesia,post_2,post_2_comment_25,post_2,comment,,,,I… Lihat selengkapnya,https://www.facebook.com/search/top?q=jaecoo%20j5%20ev%20indonesia,1789640469000,raw_data_all.jsonl,rec_4d1caaa49951372c,False,I… Lihat selengkapnya,i… lihat selengkapnya,Jaecoo J5,medium,community_context,False,,,,False,not_relevant,no_adas_keyword,,UNKNOWN,,,,,,,
rec_50e644ddae416f50,Jaecoo J5,Jaecoo J5 EV Indonesia (Search),https://www.facebook.com/search/top?q=jaecoo%20j5%20ev%20indonesia,post_2,post_2_comment_26,post_2,comment,,,,"●●●●●●●●●●●●●●●
Setelah serah terima pada 17 Februari 2026, berikut beberapa hal yang sudah saya lakukan untuk J5:… Lihat selengkapnya",https://www.facebook.com/search/top?q=jaecoo%20j5%20ev%20indonesia,1789640471000,raw_data_all.jsonl,rec_50e644ddae416f50,False,"●●●●●●●●●●●●●●● Setelah serah terima pada 17 Februari 2026, berikut beberapa hal yang sudah saya lakukan untuk J5:… Lihat selengkapnya","●●●●●●●●●●●●●●● setelah serah terima pada 17 februari 2026, berikut beberapa hal yang sudah saya lakukan untuk j5:… lihat selengkapnya",Jaecoo J5,high,explicit_text_alias_strong,False,,,,False,not_relevant,no_adas_keyword,,UNKNOWN,,,,,,,
rec_5cfae766e1d078bd,Jaecoo J5,Jaecoo J5 EV Indonesia (Search),https://www.facebook.com/search/top?q=jaecoo%20j5%20ev%20indonesia,post_2,post_2_comment_27,post_2,comment,,,,●●●●●●●●●●●●●●●,https://www.facebook.com/search/top?q=jaecoo%20j5%20ev%20indonesia,1789640471000,raw_data_all.jsonl,rec_5cfae766e1d078bd,False,●●●●●●●●●●●●●●●,●●●●●●●●●●●●●●●,Jaecoo J5,medium,community_context,False,,,,False,not_relevant,no_adas_keyword,,UNKNOWN,,,,,,,
rec_e0659f6ce85fdfdf,Jaecoo J5,Jaecoo J5 EV Indonesia (Search),https://www.facebook.com/search/top?q=jaecoo%20j5%20ev%20indonesia,post_2,post_2_comment_28,post_2,comment,,,,"Setelah serah terima pada 17 Februari 2026, berikut beberapa hal yang sudah saya lakukan untuk J5:… Lihat selengkapnya",https://www.facebook.com/search/top?q=jaecoo%20j5%20ev%20indonesia,1789640471000,raw_data_all.jsonl,rec_e0659f6ce85fdfdf,False,"Setelah serah terima pada 17 Februari 2026, berikut beberapa hal yang sudah saya lakukan untuk J5:… Lihat selengkapnya","setelah serah terima pada 17 februari 2026, berikut beberapa hal yang sudah saya lakukan untuk j5:… lihat selengkapnya",Jaecoo J5,high,explicit_text_alias_strong,False,,,,False,not_relevant,no_adas_keyword,,UNKNOWN,,,,,,,
rec_245a3467a196f7ab,Jaecoo J5,Jaecoo J5 EV Indonesia (Search),https://www.facebook.com/search/top?q=jaecoo%20j5%20ev%20indonesia,post_2,post_2_comment_29,post_2,comment,,,,"Jaecoo J5 EV Premium 
 VIN 2026
IDR 309.900.000 Promise Delivery … Lihat selengkapnya",https://www.facebook.com/search/top?q=jaecoo%20j5%20ev%20indonesia,1789640471000,raw_data_all.jsonl,rec_245a3467a196f7ab,False,Jaecoo J5 EV Premium VIN 2026 IDR 309.900.000 Promise Delivery … Lihat selengkapnya,jaecoo j5 ev premium vin 2026 idr 309.900.000 promise delivery … lihat selengkapnya,Jaecoo J5,high,explicit_text_alias_strong,False,,,,False,not_relevant,no_adas_keyword,,UNKNOWN,,,,,,,
rec_899721fa72f7b360,Jaecoo J5,Jaecoo J5 EV Indonesia (Search),https://www.facebook.com/search/top?q=jaecoo%20j5%20ev%20indonesia,post_2,post_2_comment_30,post_2,comment,,,,"Jaecoo J5 EV Premium 
 VIN 2026",https://www.facebook.com/search/top?q=jaecoo%20j5%20ev%20indonesia,1789640471000,raw_data_all.jsonl,rec_899721fa72f7b360,False,Jaecoo J5 EV Premium VIN 2026,jaecoo j5 ev premium vin 2026,Jaecoo J5,high,explicit_text_alias_strong,False,,,,False,not_relevant,no_adas_keyword,,UNKNOWN,,,,,,,
rec_62a446d849ac2baa,Jaecoo J5,Jaecoo J5 EV Indonesia (Search),https://www.facebook.com/search/top?q=jaecoo%20j5%20ev%20indonesia,post_2,post_2_comment_31,post_2,comment,,,,IDR 309.900.000 Promise Delivery … Lihat selengkapnya,https://www.facebook.com/search/top?q=jaecoo%20j5%20ev%20indonesia,1789640471000,raw_data_all.jsonl,rec_62a446d849ac2baa,False,IDR 309.900.000 Promise Delivery … Lihat selengkapnya,idr 309.900.000 promise delivery … lihat selengkapnya,Jaecoo J5,medium,community_context,False,,,,False,not_relevant,no_adas_keyword,,UNKNOWN,,,,,,,
rec_7e4cba8b0e37f1f0,Jaecoo J5,Jaecoo J5 EV Indonesia (Search),https://www.facebook.com/search/top?q=jaecoo%20j5%20ev%20indonesia,post_2,post_2_comment_32,post_2,comment,,,,"JANGAN CUMA LIHAT, LANGSUNG AMBIL! 
… Lihat selengkapnya",https://www.facebook.com/search/top?q=jaecoo%20j5%20ev%20indonesia,1789640473000,raw_data_all.jsonl,rec_7e4cba8b0e37f1f0,False,"JANGAN CUMA LIHAT, LANGSUNG AMBIL! … Lihat selengkapnya","jangan cuma lihat, langsung ambil! … lihat selengkapnya",Jaecoo J5,medium,community_context,False,,,,False,not_relevant,no_adas_keyword,,UNKNOWN,,,,,,,
rec_26b07f835448d092,Jaecoo J5,Jaecoo J5 EV Indonesia (Search),https://www.facebook.com/search/top?q=jaecoo%20j5%20ev%20indonesia,post_2,post_2_comment_33,post_2,comment,,,,"JANGAN CUMA LIHAT, LANGSUNG AMBIL!",https://www.facebook.com/search/top?q=jaecoo%20j5%20ev%20indonesia,1789640473000,raw_data_all.jsonl,rec_26b07f835448d092,False,"JANGAN CUMA LIHAT, LANGSUNG AMBIL!","jangan cuma lihat, langsung ambil!",Jaecoo J5,medium,community_context,False,,,,False,not_relevant,no_adas_keyword,,UNKNOWN,,,,,,,
rec_7e058bb009d3c303,Jaecoo J5,Jaecoo J5 EV Indonesia (Search),https://www.facebook.com/search/top?q=jaecoo%20j5%20ev%20indonesia,post_2,post_2_comment_34,post_2,comment,,,,… Lihat selengkapnya,https://www.facebook.com/search/top?q=jaecoo%20j5%20ev%20indonesia,1789640473000,raw_data_all.jsonl,rec_7e058bb009d3c303,False,… Lihat selengkapnya,… lihat selengkapnya,Jaecoo J5,medium,community_context,False,,,,False,not_relevant,no_adas_keyword,,UNKNOWN,,,,,,,
rec_8a9c94bc04327cd5,Jaecoo J5,Jaecoo J5 EV Indonesia (Search),https://www.facebook.com/search/top?q=jaecoo%20j5%20ev%20indonesia,post_2,post_2_comment_35,post_2,comment,,,,"izin ACC mas admin
---… Lihat selengkapnya",https://www.facebook.com/search/top?q=jaecoo%20j5%20ev%20indonesia,1789640474000,raw_data_all.jsonl,rec_8a9c94bc04327cd5,False,izin ACC mas admin ---… Lihat selengkapnya,izin acc mas admin ---… lihat selengkapnya,Jaecoo J5,medium,community_context,False,ACC,layer_a_feature_names,,False,not_relevant,admin_approval_marketplace_noise,,UNKNOWN,,,,,,,
rec_eb013652284c743a,Jaecoo J5,Jaecoo J5 EV Indonesia (Search),https://www.facebook.com/search/top?q=jaecoo%20j5%20ev%20indonesia,post_2,post_2_comment_36,post_2,comment,,,,izin ACC mas admin,https://www.facebook.com/search/top?q=jaecoo%20j5%20ev%20indonesia,1789640474000,raw_data_all.jsonl,rec_eb013652284c743a,False,izin ACC mas admin,izin acc mas admin,Jaecoo J5,medium,community_context,False,ACC,layer_a_feature_names,,False,not_relevant,admin_approval_marketplace_noise,,UNKNOWN,,,,,,,
rec_8eaa7bf7d21bdeaf,Jaecoo J5,Jaecoo J5 EV Indonesia (Search),https://www.facebook.com/search/top?q=jaecoo%20j5%20ev%20indonesia,post_2,post_2_comment_37,post_2,comment,,,,---… Lihat selengkapnya,https://www.facebook.com/search/top?q=jaecoo%20j5%20ev%20indonesia,1789640474000,raw_data_all.jsonl,rec_8eaa7bf7d21bdeaf,False,---… Lihat selengkapnya,---… lihat selengkapnya,Jaecoo J5,medium,community_context,False,,,,False,not_relevant,no_adas_keyword,,UNKNOWN,,,,,,,
rec_1d7a75081714c2bd,Jaecoo J5,Jaecoo J5 EV Indonesia (Search),https://www.facebook.com/search/top?q=jaecoo%20j5%20ev%20indonesia,post_2,post_2_comment_38,post_2,comment,,,,"BEKAS RASA BARU, GAK PERLU INDEN!! KM 2.700 PERAK!!
Jaecoo J5 EV PREMIUM 2026 Hitam [ Type tertinggi ]
KM ANTIK 2.700 PERAK !!
Plat B [ Jaksel ]
Tangan 1 dari baru nama perorangan
Lihat selengkapnya",https://www.facebook.com/search/top?q=jaecoo%20j5%20ev%20indonesia,1789640476000,raw_data_all.jsonl,rec_1d7a75081714c2bd,False,"BEKAS RASA BARU, GAK PERLU INDEN!! KM 2.700 PERAK!! Jaecoo J5 EV PREMIUM 2026 Hitam [ Type tertinggi ] KM ANTIK 2.700 PERAK !! Plat B [ Jaksel ] Tangan 1 dari baru nama perorangan Lihat selengkapnya","bekas rasa baru, gak perlu inden!! km 2.700 perak!! jaecoo j5 ev premium 2026 hitam [ type tertinggi ] km antik 2.700 perak !! plat b [ jaksel ] tangan 1 dari baru nama perorangan lihat selengkapnya",Jaecoo J5,high,explicit_text_alias_strong,False,,,,False,not_relevant,no_adas_keyword,,UNKNOWN,,,,,,,
rec_5a71c0560e3f6a7c,Jaecoo J5,Jaecoo J5 EV Indonesia (Search),https://www.facebook.com/search/top?q=jaecoo%20j5%20ev%20indonesia,post_2,post_2_comment_39,post_2,comment,,,,"JAECOO J5 EV - ELECTRIC SUV NO.1 DI INDONESIA!
… Lihat selengkapnya",https://www.facebook.com/search/top?q=jaecoo%20j5%20ev%20indonesia,1789640478000,raw_data_all.jsonl,rec_5a71c0560e3f6a7c,False,JAECOO J5 EV - ELECTRIC SUV NO.1 DI INDONESIA! … Lihat selengkapnya,jaecoo j5 ev - electric suv no.1 di indonesia! … lihat selengkapnya,Jaecoo J5,high,explicit_text_alias_strong,False,,,,False,not_relevant,no_adas_keyword,,UNKNOWN,,,,,,,
rec_c46f7972264f2f8a,Jaecoo J5,Jaecoo J5 EV Indonesia (Search),https://www.facebook.com/search/top?q=jaecoo%20j5%20ev%20indonesia,post_2,post_2_comment_40,post_2,comment,,,,"KARPET MOBIL JAECOO J5 EV 5D TPE PREMIUM 
1… Lihat selengkapnya",https://www.facebook.com/search/top?q=jaecoo%20j5%20ev%20indonesia,1789640479000,raw_data_all.jsonl,rec_c46f7972264f2f8a,False,KARPET MOBIL JAECOO J5 EV 5D TPE PREMIUM 1… Lihat selengkapnya,karpet mobil jaecoo j5 ev 5d tpe premium 1… lihat selengkapnya,Jaecoo J5,high,explicit_text_alias_strong,False,,,,False,not_relevant,no_adas_keyword,,UNKNOWN,,,,,,,
rec_6118b78f79dda751,Jaecoo J5,Jaecoo J5 EV Indonesia (Search),https://www.facebook.com/search/top?q=jaecoo%20j5%20ev%20indonesia,post_2,post_2_comment_41,post_2,comment,,,,KARPET MOBIL JAECOO J5 EV 5D TPE PREMIUM,https://www.facebook.com/search/top?q=jaecoo%20j5%20ev%20indonesia,1789640480000,raw_data_all.jsonl,rec_6118b78f79dda751,False,KARPET MOBIL JAECOO J5 EV 5D TPE PREMIUM,karpet mobil jaecoo j5 ev 5d tpe premium,Jaecoo J5,high,explicit_text_alias_strong,False,,,,False,not_relevant,no_adas_keyword,,UNKNOWN,,,,,,,
rec_831b152b7ce61ec3,Jaecoo J5,Jaecoo J5 EV Indonesia (Search),https://www.facebook.com/search/top?q=jaecoo%20j5%20ev%20indonesia,post_2,post_2_comment_42,post_2,comment,,,,1… Lihat selengkapnya,https://www.facebook.com/search/top?q=jaecoo%20j5%20ev%20indonesia,1789640480000,raw_data_all.jsonl,rec_831b152b7ce61ec3,False,1… Lihat selengkapnya,1… lihat selengkapnya,Jaecoo J5,medium,community_context,False,,,,False,not_relevant,no_adas_keyword,,UNKNOWN,,,,,,,
rec_90bfbb09756cfc21,Jaecoo J5,Jaecoo J5 EV Indonesia (Search),https://www.facebook.com/search/top?q=jaecoo%20j5%20ev%20indonesia,post_2,post_2_comment_43,post_2,comment,,,,"[CASH] JUAL CEPAT NO INDENT JAECOO J5 PREMIUM 2025 LONG RANGE
.… Lihat selengkapnya",https://www.facebook.com/search/top?q=jaecoo%20j5%20ev%20indonesia,1789640480000,raw_data_all.jsonl,rec_90bfbb09756cfc21,False,[CASH] JUAL CEPAT NO INDENT JAECOO J5 PREMIUM 2025 LONG RANGE .… Lihat selengkapnya,[cash] jual cepat no indent jaecoo j5 premium 2025 long range .… lihat selengkapnya,Jaecoo J5,high,explicit_text_alias_strong,False,,,,False,not_relevant,no_adas_keyword,,UNKNOWN,,,,,,,
rec_49c58ac2c0e66ae3,Jaecoo J5,Jaecoo J5 EV Indonesia (Search),https://www.facebook.com/search/top?q=jaecoo%20j5%20ev%20indonesia,post_2,post_2_comment_44,post_2,comment,,,,[CASH] JUAL CEPAT NO INDENT JAECOO J5 PREMIUM 2025 LONG RANGE,https://www.facebook.com/search/top?q=jaecoo%20j5%20ev%20indonesia,1789640480000,raw_data_all.jsonl,rec_49c58ac2c0e66ae3,False,[CASH] JUAL CEPAT NO INDENT JAECOO J5 PREMIUM 2025 LONG RANGE,[cash] jual cepat no indent jaecoo j5 premium 2025 long range,Jaecoo J5,high,explicit_text_alias_strong,False,,,,False,not_relevant,no_adas_keyword,,UNKNOWN,,,,,,,
rec_78a3aa62ed6454af,Jaecoo J5,Jaecoo J5 EV Indonesia (Search),https://www.facebook.com/search/top?q=jaecoo%20j5%20ev%20indonesia,post_2,post_2_comment_45,post_2,comment,,,,.… Lihat selengkapnya,https://www.facebook.com/search/top?q=jaecoo%20j5%20ev%20indonesia,1789640480000,raw_data_all.jsonl,rec_78a3aa62ed6454af,False,.… Lihat selengkapnya,.… lihat selengkapnya,Jaecoo J5,medium,community_context,False,,,,False,not_relevant,no_adas_keyword,,UNKNOWN,,,,,,,
rec_3abf7b6faff309f5,Jaecoo J5,Jaecoo J5 EV Indonesia (Search),https://www.facebook.com/search/top?q=jaecoo%20j5%20ev%20indonesia,post_2,post_2_comment_46,post_2,comment,,,,"JAECOO J5 EV Premium 
OTR : 319.900.000 (Plat B)… Lihat selengkapnya",https://www.facebook.com/search/top?q=jaecoo%20j5%20ev%20indonesia,1789640481000,raw_data_all.jsonl,rec_3abf7b6faff309f5,False,JAECOO J5 EV Premium OTR : 319.900.000 (Plat B)… Lihat selengkapnya,jaecoo j5 ev premium otr : 319.900.000 (plat b)… lihat selengkapnya,Jaecoo J5,high,explicit_text_alias_strong,False,,,,False,not_relevant,no_adas_keyword,,UNKNOWN,,,,,,,
rec_9846f433ec676d79,Jaecoo J5,Jaecoo J5 EV Indonesia (Search),https://www.facebook.com/search/top?q=jaecoo%20j5%20ev%20indonesia,post_2,post_2_comment_47,post_2,comment,,,,JAECOO J5 EV Premium,https://www.facebook.com/search/top?q=jaecoo%20j5%20ev%20indonesia,1789640481000,raw_data_all.jsonl,rec_9846f433ec676d79,False,JAECOO J5 EV Premium,jaecoo j5 ev premium,Jaecoo J5,high,explicit_text_alias_strong,False,,,,False,not_relevant,no_adas_keyword,,UNKNOWN,,,,,,,
rec_73712999564b7cc2,Jaecoo J5,Jaecoo J5 EV Indonesia (Search),https://www.facebook.com/search/top?q=jaecoo%20j5%20ev%20indonesia,post_2,post_2_comment_48,post_2,comment,,,,OTR : 319.900.000 (Plat B)… Lihat selengkapnya,https://www.facebook.com/search/top?q=jaecoo%20j5%20ev%20indonesia,1789640481000,raw_data_all.jsonl,rec_73712999564b7cc2,False,OTR : 319.900.000 (Plat B)… Lihat selengkapnya,otr : 319.900.000 (plat b)… lihat selengkapnya,Jaecoo J5,medium,community_context,False,,,,False,not_relevant,no_adas_keyword,,UNKNOWN,,,,,,,
rec_057cd19bb17c4050,Jaecoo J5,Jaecoo J5 EV Indonesia (Search),https://www.facebook.com/search/top?q=jaecoo%20j5%20ev%20indonesia,post_2,post_2_comment_49,post_2,comment,,,,"Dijual jaeco j5 ev thn 2026
Sdh terpasang accesoris +- 8 jt an antara lain dashcam depan, karpet premium model mie, anti bocor ban (halston), pelindung bumper depan belakang.
Ada Asuransi sampai tahun depan
Surat surat lengkap… Lihat selengkapnya",https://www.facebook.com/search/top?q=jaecoo%20j5%20ev%20indonesia,1789640483000,raw_data_all.jsonl,rec_057cd19bb17c4050,False,"Dijual jaeco j5 ev thn 2026 Sdh terpasang accesoris +- 8 jt an antara lain dashcam depan, karpet premium model mie, anti bocor ban (halston), pelindung bumper depan belakang. Ada Asuransi sampai tahun depan Surat surat lengkap… Lihat selengkapnya","dijual jaeco j5 ev thn 2026 sdh terpasang accesoris +- 8 jt an antara lain dashcam depan, karpet premium model mie, anti bocor ban (halston), pelindung bumper depan belakang. ada asuransi sampai tahun depan surat surat lengkap… lihat selengkapnya",Jaecoo J5,high,explicit_text_alias_strong,False,,,,False,not_relevant,no_adas_keyword,,UNKNOWN,,,,,,,
rec_8f6417566df69d7e,Jaecoo J5,Jaecoo J5 EV Indonesia (Search),https://www.facebook.com/search/top?q=jaecoo%20j5%20ev%20indonesia,post_2,post_2_comment_50,post_2,comment,,,,"Plat B ngecas di Semarang, ownernya ninggal mobil ga ninggalin nomer hape ke security.. pdhl sdh penuh... di Semarang SPKLU tdk sebanyak di Jakarta... 
kasihan yg antri… Lihat selengkapnya",https://www.facebook.com/search/top?q=jaecoo%20j5%20ev%20indonesia,1789640487000,raw_data_all.jsonl,rec_8f6417566df69d7e,False,"Plat B ngecas di Semarang, ownernya ninggal mobil ga ninggalin nomer hape ke security.. pdhl sdh penuh... di Semarang SPKLU tdk sebanyak di Jakarta... kasihan yg antri… Lihat selengkapnya","plat b ngecas di semarang, ownernya ninggal mobil ga ninggalin nomer hape ke security.. pdhl sdh penuh... di semarang spklu tdk sebanyak di jakarta... kasihan yg antri… lihat selengkapnya",Jaecoo J5,medium,community_context,False,,,,False,not_relevant,no_adas_keyword,,UNKNOWN,,,,,,,
rec_0ee1de255ba09bef,Jaecoo J5,Jaecoo J5 EV Indonesia (Search),https://www.facebook.com/search/top?q=jaecoo%20j5%20ev%20indonesia,post_2,post_2_comment_51,post_2,comment,,,,"Plat B ngecas di Semarang, ownernya ninggal mobil ga ninggalin nomer hape ke security.. pdhl sdh penuh... di Semarang SPKLU tdk sebanyak di Jakarta...",https://www.facebook.com/search/top?q=jaecoo%20j5%20ev%20indonesia,1789640487000,raw_data_all.jsonl,rec_0ee1de255ba09bef,False,"Plat B ngecas di Semarang, ownernya ninggal mobil ga ninggalin nomer hape ke security.. pdhl sdh penuh... di Semarang SPKLU tdk sebanyak di Jakarta...","plat b ngecas di semarang, ownernya ninggal mobil ga ninggalin nomer hape ke security.. pdhl sdh penuh... di semarang spklu tdk sebanyak di jakarta...",Jaecoo J5,medium,community_context,False,,,,False,not_relevant,no_adas_keyword,,UNKNOWN,,,,,,,
rec_67eb35b7a69f063d,Jaecoo J5,Jaecoo J5 EV Indonesia (Search),https://www.facebook.com/search/top?q=jaecoo%20j5%20ev%20indonesia,post_2,post_2_comment_52,post_2,comment,,,,kasihan yg antri… Lihat selengkapnya,https://www.facebook.com/search/top?q=jaecoo%20j5%20ev%20indonesia,1789640487000,raw_data_all.jsonl,rec_67eb35b7a69f063d,False,kasihan yg antri… Lihat selengkapnya,kasihan yg antri… lihat selengkapnya,Jaecoo J5,medium,community_context,False,,,,False,not_relevant,no_adas_keyword,,UNKNOWN,,,,,,,
rec_e230f67e05ae07e8,Jaecoo J5,Jaecoo J5 EV Indonesia (Search),https://www.facebook.com/search/top?q=jaecoo%20j5%20ev%20indonesia,post_2,post_2_comment_53,post_2,comment,,,,"Jaecoo J5 EV  menjadi salah satu mobil listrik terlaris di Indonesia, bahkan  berada di posisi nomor satu untuk penjualan model EV pada periode di 2026. 
 Jaecoo J5 EV di Indonesia
 J5 EV menjadi mobil listrik terlaris di Indonesia dengan distribusi sekitar 2.959 unit. 
Penjualan sebelumnya juga tinggi:… Lihat selengkapnya",https://www.facebook.com/search/top?q=jaecoo%20j5%20ev%20indonesia,1789640487000,raw_data_all.jsonl,rec_e230f67e05ae07e8,False,"Jaecoo J5 EV menjadi salah satu mobil listrik terlaris di Indonesia, bahkan berada di posisi nomor satu untuk penjualan model EV pada periode di 2026. Jaecoo J5 EV di Indonesia J5 EV menjadi mobil listrik terlaris di Indonesia dengan distribusi sekitar 2.959 unit. Penjualan sebelumnya juga tinggi:… Lihat selengkapnya","jaecoo j5 ev menjadi salah satu mobil listrik terlaris di indonesia, bahkan berada di posisi nomor satu untuk penjualan model ev pada periode di 2026. jaecoo j5 ev di indonesia j5 ev menjadi mobil listrik terlaris di indonesia dengan distribusi sekitar 2.959 unit. penjualan sebelumnya juga tinggi:… lihat selengkapnya",Jaecoo J5,high,explicit_text_alias_strong,False,,,,False,not_relevant,no_adas_keyword,,UNKNOWN,,,,,,,
rec_74d1d0963f9f4643,Jaecoo J5,Jaecoo J5 EV Indonesia (Search),https://www.facebook.com/search/top?q=jaecoo%20j5%20ev%20indonesia,post_2,post_2_comment_54,post_2,comment,,,,"Jaecoo J5 EV  menjadi salah satu mobil listrik terlaris di Indonesia, bahkan  berada di posisi nomor satu untuk penjualan model EV pada periode di 2026.",https://www.facebook.com/search/top?q=jaecoo%20j5%20ev%20indonesia,1789640487000,raw_data_all.jsonl,rec_74d1d0963f9f4643,False,"Jaecoo J5 EV menjadi salah satu mobil listrik terlaris di Indonesia, bahkan berada di posisi nomor satu untuk penjualan model EV pada periode di 2026.","jaecoo j5 ev menjadi salah satu mobil listrik terlaris di indonesia, bahkan berada di posisi nomor satu untuk penjualan model ev pada periode di 2026.",Jaecoo J5,high,explicit_text_alias_strong,False,,,,False,not_relevant,no_adas_keyword,,UNKNOWN,,,,,,,
rec_cffd856f903a346a,Jaecoo J5,Jaecoo J5 EV Indonesia (Search),https://www.facebook.com/search/top?q=jaecoo%20j5%20ev%20indonesia,post_2,post_2_comment_55,post_2,comment,,,,Jaecoo J5 EV di Indonesia,https://www.facebook.com/search/top?q=jaecoo%20j5%20ev%20indonesia,1789640487000,raw_data_all.jsonl,rec_cffd856f903a346a,False,Jaecoo J5 EV di Indonesia,jaecoo j5 ev di indonesia,Jaecoo J5,high,explicit_text_alias_strong,False,,,,False,not_relevant,no_adas_keyword,,UNKNOWN,,,,,,,
rec_8c42678ba9d4b447,Jaecoo J5,Jaecoo J5 EV Indonesia (Search),https://www.facebook.com/search/top?q=jaecoo%20j5%20ev%20indonesia,post_2,post_2_comment_56,post_2,comment,,,,J5 EV menjadi mobil listrik terlaris di Indonesia dengan distribusi sekitar 2.959 unit.,https://www.facebook.com/search/top?q=jaecoo%20j5%20ev%20indonesia,1789640487000,raw_data_all.jsonl,rec_8c42678ba9d4b447,False,J5 EV menjadi mobil listrik terlaris di Indonesia dengan distribusi sekitar 2.959 unit.,j5 ev menjadi mobil listrik terlaris di indonesia dengan distribusi sekitar 2.959 unit.,Jaecoo J5,high,explicit_text_alias_strong,False,,,,False,not_relevant,no_adas_keyword,,UNKNOWN,,,,,,,
rec_aadb5b39ac1c6101,Jaecoo J5,Jaecoo J5 EV Indonesia (Search),https://www.facebook.com/search/top?q=jaecoo%20j5%20ev%20indonesia,post_2,post_2_comment_57,post_2,comment,,,,Penjualan sebelumnya juga tinggi:… Lihat selengkapnya,https://www.facebook.com/search/top?q=jaecoo%20j5%20ev%20indonesia,1789640487000,raw_data_all.jsonl,rec_aadb5b39ac1c6101,False,Penjualan sebelumnya juga tinggi:… Lihat selengkapnya,penjualan sebelumnya juga tinggi:… lihat selengkapnya,Jaecoo J5,medium,community_context,False,,,,False,not_relevant,no_adas_keyword,,UNKNOWN,,,,,,,
rec_d765bf56161ef051,Jaecoo J5,Jaecoo J5 EV Indonesia (Search),https://www.facebook.com/search/top?q=jaecoo%20j5%20ev%20indonesia,post_2,post_2_comment_58,post_2,comment,,,,"SPK JAECOO J5 EV PREMIUM AT GIIAS
OTR 319.900.000 
 Delivery Agustus!… Lihat selengkapnya",https://www.facebook.com/search/top?q=jaecoo%20j5%20ev%20indonesia,1789640489000,raw_data_all.jsonl,rec_d765bf56161ef051,False,SPK JAECOO J5 EV PREMIUM AT GIIAS OTR 319.900.000 Delivery Agustus!… Lihat selengkapnya,spk jaecoo j5 ev premium at giias otr 319.900.000 delivery agustus!… lihat selengkapnya,Jaecoo J5,high,explicit_text_alias_strong,False,,,,False,not_relevant,no_adas_keyword,,UNKNOWN,,,,,,,
rec_de6ec77ac0d9f471,Jaecoo J5,Jaecoo J5 EV Indonesia (Search),https://www.facebook.com/search/top?q=jaecoo%20j5%20ev%20indonesia,post_2,post_2_comment_59,post_2,comment,,,,SPK JAECOO J5 EV PREMIUM AT GIIAS,https://www.facebook.com/search/top?q=jaecoo%20j5%20ev%20indonesia,1789640489000,raw_data_all.jsonl,rec_de6ec77ac0d9f471,False,SPK JAECOO J5 EV PREMIUM AT GIIAS,spk jaecoo j5 ev premium at giias,Jaecoo J5,high,explicit_text_alias_strong,False,,,,False,not_relevant,no_adas_keyword,,UNKNOWN,,,,,,,
rec_635fca48e83ae668,Jaecoo J5,Jaecoo J5 EV Indonesia (Search),https://www.facebook.com/search/top?q=jaecoo%20j5%20ev%20indonesia,post_2,post_2_comment_60,post_2,comment,,,,"OTR 319.900.000 
 Delivery Agustus!… Lihat selengkapnya",https://www.facebook.com/search/top?q=jaecoo%20j5%20ev%20indonesia,1789640489000,raw_data_all.jsonl,rec_635fca48e83ae668,False,OTR 319.900.000 Delivery Agustus!… Lihat selengkapnya,otr 319.900.000 delivery agustus!… lihat selengkapnya,Jaecoo J5,medium,community_context,False,,,,False,not_relevant,no_adas_keyword,,UNKNOWN,,,,,,,
rec_1862b8886bd5498d,Jaecoo J5,Jaecoo J5 EV Indonesia (Search),https://www.facebook.com/search/top?q=jaecoo%20j5%20ev%20indonesia,post_2,post_2_comment_61,post_2,comment,,,,"Cerita pengalaman SPK J5
17 hari dari SPK sudah DO
4 hari kemudian Ompang/plat sementata datang
19 Hari setelah DO STNK dan No Plat Asli sudah mendarat di Rumah
Lihat selengkapnya",https://www.facebook.com/search/top?q=jaecoo%20j5%20ev%20indonesia,1789640489000,raw_data_all.jsonl,rec_1862b8886bd5498d,False,Cerita pengalaman SPK J5 17 hari dari SPK sudah DO 4 hari kemudian Ompang/plat sementata datang 19 Hari setelah DO STNK dan No Plat Asli sudah mendarat di Rumah Lihat selengkapnya,cerita pengalaman spk j5 17 hari dari spk sudah do 4 hari kemudian ompang/plat sementata datang 19 hari setelah do stnk dan no plat asli sudah mendarat di rumah lihat selengkapnya,Jaecoo J5,high,explicit_text_alias_strong,False,,,,False,not_relevant,no_adas_keyword,,UNKNOWN,,,,,,,
rec_f28029146c169210,Jaecoo J5,Jaecoo J5 EV Indonesia (Search),https://www.facebook.com/search/top?q=jaecoo%20j5%20ev%20indonesia,post_3,,,post,,,,"Marketplace
Rp279.900.000
Rp10.000.000
Rp5.000.000
Rp5.000.000
Rp319.900.000
Rp309.900.000
Rp279.900.000
Rp309.900.000
Rp324.900.000
Lihat semua",https://www.facebook.com/search/top?q=jaecoo%20j5%20ev%20indonesia,1789640492000,raw_data_all.jsonl,rec_f28029146c169210,False,Marketplace Rp279.900.000 Rp10.000.000 Rp5.000.000 Rp5.000.000 Rp319.900.000 Rp309.900.000 Rp279.900.000 Rp309.900.000 Rp324.900.000 Lihat semua,marketplace rp279.900.000 rp10.000.000 rp5.000.000 rp5.000.000 rp319.900.000 rp309.900.000 rp279.900.000 rp309.900.000 rp324.900.000 lihat semua,Jaecoo J5,medium,community_context,False,,,,False,not_relevant,no_adas_keyword,,UNKNOWN,,,,,,,
rec_70ad6fc6670f0d1a,Jaecoo J5,Jaecoo J5 EV Indonesia (Search),https://www.facebook.com/search/top?q=jaecoo%20j5%20ev%20indonesia,post_3,post_3_comment_1,post_3,comment,,,,"Jaecoo J5 EV 
 Masa depan dimulai hari ini.
Silent power, bold presence. #JaecooJ5EV… Lihat selengkapnya",https://www.facebook.com/search/top?q=jaecoo%20j5%20ev%20indonesia,1789640496000,raw_data_all.jsonl,rec_70ad6fc6670f0d1a,False,"Jaecoo J5 EV Masa depan dimulai hari ini. Silent power, bold presence. #JaecooJ5EV… Lihat selengkapnya","jaecoo j5 ev masa depan dimulai hari ini. silent power, bold presence. #jaecooj5ev… lihat selengkapnya",Jaecoo J5,high,explicit_text_alias_strong,False,,,,False,not_relevant,no_adas_keyword,,UNKNOWN,,,,,,,
rec_5fe82195b6117c70,Jaecoo J5,Jaecoo J5 EV Indonesia (Search),https://www.facebook.com/search/top?q=jaecoo%20j5%20ev%20indonesia,post_3,post_3_comment_2,post_3,comment,,,,"Jaecoo J5 EV 
 Masa depan dimulai hari ini.",https://www.facebook.com/search/top?q=jaecoo%20j5%20ev%20indonesia,1789640496000,raw_data_all.jsonl,rec_5fe82195b6117c70,False,Jaecoo J5 EV Masa depan dimulai hari ini.,jaecoo j5 ev masa depan dimulai hari ini.,Jaecoo J5,high,explicit_text_alias_strong,False,,,,False,not_relevant,no_adas_keyword,,UNKNOWN,,,,,,,
rec_4279448d20c74ab0,Jaecoo J5,Jaecoo J5 EV Indonesia (Search),https://www.facebook.com/search/top?q=jaecoo%20j5%20ev%20indonesia,post_3,post_3_comment_3,post_3,comment,,,,"Silent power, bold presence. #JaecooJ5EV… Lihat selengkapnya",https://www.facebook.com/search/top?q=jaecoo%20j5%20ev%20indonesia,1789640496000,raw_data_all.jsonl,rec_4279448d20c74ab0,False,"Silent power, bold presence. #JaecooJ5EV… Lihat selengkapnya","silent power, bold presence. #jaecooj5ev… lihat selengkapnya",Jaecoo J5,medium,community_context,False,,,,False,not_relevant,no_adas_keyword,,UNKNOWN,,,,,,,
rec_d8591347efe963d9,Jaecoo J5,Jaecoo J5 EV Indonesia (Search),https://www.facebook.com/search/top?q=jaecoo%20j5%20ev%20indonesia,post_3,post_3_comment_4,post_3,comment,,,,"Bismillah numpang jual om admin
Edisi ingin upgrade mobil EV lagi dan meminimalisir depresiasi
Forsale Jaecoo J5 Premium White
Lihat selengkapnya",https://www.facebook.com/search/top?q=jaecoo%20j5%20ev%20indonesia,1789640496000,raw_data_all.jsonl,rec_d8591347efe963d9,False,Bismillah numpang jual om admin Edisi ingin upgrade mobil EV lagi dan meminimalisir depresiasi Forsale Jaecoo J5 Premium White Lihat selengkapnya,bismillah numpang jual om admin edisi ingin upgrade mobil ev lagi dan meminimalisir depresiasi forsale jaecoo j5 premium white lihat selengkapnya,Jaecoo J5,high,explicit_text_alias_strong,False,,,,False,not_relevant,no_adas_keyword,,UNKNOWN,,,,,,,
rec_71d712f17a62d5f7,Jaecoo J5,Jaecoo J5 EV Indonesia (Search),https://www.facebook.com/search/top?q=jaecoo%20j5%20ev%20indonesia,post_3,post_3_comment_5,post_3,comment,,,,"Forsale jaecoo j5 ivory grey 2026
Jual cepat ga perlu indent di dealer
Jaecoo j5 ivory gerey 2026
ss stnk, BPKB belum turun (bisa di urus)
Km terakhir 240
Lihat selengkapnya",https://www.facebook.com/search/top?q=jaecoo%20j5%20ev%20indonesia,1789640500000,raw_data_all.jsonl,rec_71d712f17a62d5f7,False,"Forsale jaecoo j5 ivory grey 2026 Jual cepat ga perlu indent di dealer Jaecoo j5 ivory gerey 2026 ss stnk, BPKB belum turun (bisa di urus) Km terakhir 240 Lihat selengkapnya","forsale jaecoo j5 ivory grey 2026 jual cepat ga perlu indent di dealer jaecoo j5 ivory gerey 2026 ss stnk, bpkb belum turun (bisa di urus) km terakhir 240 lihat selengkapnya",Jaecoo J5,high,explicit_text_alias_strong,False,,,,False,not_relevant,no_adas_keyword,,UNKNOWN,,,,,,,
rec_db557cdb7f63061f,Jaecoo J5,Jaecoo J5 EV Indonesia (Search),https://www.facebook.com/search/top?q=jaecoo%20j5%20ev%20indonesia,post_3,post_3_comment_6,post_3,comment,,,,"Ijin menawarkan takeover SPK
Ijin menawarkan Takeover SPK jaecoo J5 premium
Warna Jet Black
Lihat selengkapnya",https://www.facebook.com/search/top?q=jaecoo%20j5%20ev%20indonesia,1789640500000,raw_data_all.jsonl,rec_db557cdb7f63061f,False,Ijin menawarkan takeover SPK Ijin menawarkan Takeover SPK jaecoo J5 premium Warna Jet Black Lihat selengkapnya,ijin menawarkan takeover spk ijin menawarkan takeover spk jaecoo j5 premium warna jet black lihat selengkapnya,Jaecoo J5,high,explicit_text_alias_strong,False,,,,False,not_relevant,no_adas_keyword,,UNKNOWN,,,,,,,
rec_bcf6e50f1caf4271,Jaecoo J5,Jaecoo J5 EV Indonesia (Search),https://www.facebook.com/search/top?q=jaecoo%20j5%20ev%20indonesia,post_3,post_3_comment_7,post_3,comment,,,,Setiap perjalanan terasa lebih tenang dengan Aira ev yang nyaman dan penuh inovasi.,https://www.facebook.com/search/top?q=jaecoo%20j5%20ev%20indonesia,1789640500000,raw_data_all.jsonl,rec_bcf6e50f1caf4271,False,Setiap perjalanan terasa lebih tenang dengan Aira ev yang nyaman dan penuh inovasi.,setiap perjalanan terasa lebih tenang dengan aira ev yang nyaman dan penuh inovasi.,Jaecoo J5,medium,community_context,False,,,,False,not_relevant,no_adas_keyword,,UNKNOWN,,,,,,,
rec_8f288113c274a4a0,Jaecoo J5,Jaecoo J5 EV Indonesia (Search),https://www.facebook.com/search/top?q=jaecoo%20j5%20ev%20indonesia,post_3,post_3_comment_8,post_3,comment,,,,"SOLD OUT 
Dijual jaeco j5 ev thn 2026
Sdh terpasang accesoris +- 8 jt an antara lain dashcam depan, karpet premium model mie, anti bocor ban (halston), pelindung bumper depan belakang.
Ada Asuransi sampai tahun depan
Surat surat lengkap… Lihat selengkapnya",https://www.facebook.com/search/top?q=jaecoo%20j5%20ev%20indonesia,1789640502000,raw_data_all.jsonl,rec_8f288113c274a4a0,False,"SOLD OUT Dijual jaeco j5 ev thn 2026 Sdh terpasang accesoris +- 8 jt an antara lain dashcam depan, karpet premium model mie, anti bocor ban (halston), pelindung bumper depan belakang. Ada Asuransi sampai tahun depan Surat surat lengkap… Lihat selengkapnya","sold out dijual jaeco j5 ev thn 2026 sdh terpasang accesoris +- 8 jt an antara lain dashcam depan, karpet premium model mie, anti bocor ban (halston), pelindung bumper depan belakang. ada asuransi sampai tahun depan surat surat lengkap… lihat selengkapnya",Jaecoo J5,high,explicit_text_alias_strong,False,,,,False,not_relevant,no_adas_keyword,,UNKNOWN,,,,,,,
rec_3b26e34918f0000e,Jaecoo J5,Jaecoo J5 EV Indonesia (Search),https://www.facebook.com/search/top?q=jaecoo%20j5%20ev%20indonesia,post_3,post_3_comment_9,post_3,comment,,,,SOLD OUT,https://www.facebook.com/search/top?q=jaecoo%20j5%20ev%20indonesia,1789640502000,raw_data_all.jsonl,rec_3b26e34918f0000e,False,SOLD OUT,sold out,Jaecoo J5,medium,community_context,False,,,,False,not_relevant,no_adas_keyword,,UNKNOWN,,,,,,,
rec_6cf8bb7411c28280,Jaecoo J5,Jaecoo J5 EV Indonesia (Search),https://www.facebook.com/search/top?q=jaecoo%20j5%20ev%20indonesia,post_3,post_3_comment_10,post_3,comment,,,,Dijual jaeco j5 ev thn 2026,https://www.facebook.com/search/top?q=jaecoo%20j5%20ev%20indonesia,1789640502000,raw_data_all.jsonl,rec_6cf8bb7411c28280,False,Dijual jaeco j5 ev thn 2026,dijual jaeco j5 ev thn 2026,Jaecoo J5,high,explicit_text_alias_strong,False,,,,False,not_relevant,no_adas_keyword,,UNKNOWN,,,,,,,
rec_20ba84fcaa81185a,Jaecoo J5,Jaecoo J5 EV Indonesia (Search),https://www.facebook.com/search/top?q=jaecoo%20j5%20ev%20indonesia,post_3,post_3_comment_11,post_3,comment,,,,"Sdh terpasang accesoris +- 8 jt an antara lain dashcam depan, karpet premium model mie, anti bocor ban (halston), pelindung bumper depan belakang.",https://www.facebook.com/search/top?q=jaecoo%20j5%20ev%20indonesia,1789640502000,raw_data_all.jsonl,rec_20ba84fcaa81185a,False,"Sdh terpasang accesoris +- 8 jt an antara lain dashcam depan, karpet premium model mie, anti bocor ban (halston), pelindung bumper depan belakang.","sdh terpasang accesoris +- 8 jt an antara lain dashcam depan, karpet premium model mie, anti bocor ban (halston), pelindung bumper depan belakang.",Jaecoo J5,medium,community_context,False,,,,False,not_relevant,no_adas_keyword,,UNKNOWN,,,,,,,
rec_777e865c6b46cee9,Jaecoo J5,Jaecoo J5 EV Indonesia (Search),https://www.facebook.com/search/top?q=jaecoo%20j5%20ev%20indonesia,post_3,post_3_comment_12,post_3,comment,,,,Ada Asuransi sampai tahun depan,https://www.facebook.com/search/top?q=jaecoo%20j5%20ev%20indonesia,1789640502000,raw_data_all.jsonl,rec_777e865c6b46cee9,False,Ada Asuransi sampai tahun depan,ada asuransi sampai tahun depan,Jaecoo J5,medium,community_context,False,,,,False,not_relevant,no_adas_keyword,,UNKNOWN,,,,,,,
rec_6801080e919c321b,Jaecoo J5,Jaecoo J5 EV Indonesia (Search),https://www.facebook.com/search/top?q=jaecoo%20j5%20ev%20indonesia,post_3,post_3_comment_13,post_3,comment,,,,Surat surat lengkap… Lihat selengkapnya,https://www.facebook.com/search/top?q=jaecoo%20j5%20ev%20indonesia,1789640502000,raw_data_all.jsonl,rec_6801080e919c321b,False,Surat surat lengkap… Lihat selengkapnya,surat surat lengkap… lihat selengkapnya,Jaecoo J5,medium,community_context,False,,,,False,not_relevant,no_adas_keyword,,UNKNOWN,,,,,,,
rec_55ee414b25ec8c98,Jaecoo J5,Jaecoo J5 EV Indonesia (Search),https://www.facebook.com/search/top?q=jaecoo%20j5%20ev%20indonesia,post_3,post_3_comment_14,post_3,comment,,,,"Berbagi Pengalaman mengunakan Jaecoo J5 EV Premium. 
Sabtu 12 Sept 2026, pukul 15.30 WIB mencoba mengendarai dari Jakarta - Bandung. (Setelah turun service pertama)
Start Kalibata (Jakarta) - Finish Hotel Ibis Styles Grand Central (Bandung) tanpa berhenti. (Melalui MBZ)… Lihat selengkapnya",https://www.facebook.com/search/top?q=jaecoo%20j5%20ev%20indonesia,1789640503000,raw_data_all.jsonl,rec_55ee414b25ec8c98,False,"Berbagi Pengalaman mengunakan Jaecoo J5 EV Premium. Sabtu 12 Sept 2026, pukul 15.30 WIB mencoba mengendarai dari Jakarta - Bandung. (Setelah turun service pertama) Start Kalibata (Jakarta) - Finish Hotel Ibis Styles Grand Central (Bandung) tanpa berhenti. (Melalui MBZ)… Lihat selengkapnya","berbagi pengalaman mengunakan jaecoo j5 ev premium. sabtu 12 sept 2026, pukul 15.30 wib mencoba mengendarai dari jakarta - bandung. (setelah turun service pertama) start kalibata (jakarta) - finish hotel ibis styles grand central (bandung) tanpa berhenti. (melalui mbz)… lihat selengkapnya",Jaecoo J5,high,explicit_text_alias_strong,False,,,,False,not_relevant,no_adas_keyword,,UNKNOWN,,,,,,,
rec_1763e897b9130ef5,Jaecoo J5,Jaecoo J5 EV Indonesia (Search),https://www.facebook.com/search/top?q=jaecoo%20j5%20ev%20indonesia,post_3,post_3_comment_15,post_3,comment,,,,Berbagi Pengalaman mengunakan Jaecoo J5 EV Premium.,https://www.facebook.com/search/top?q=jaecoo%20j5%20ev%20indonesia,1789640503000,raw_data_all.jsonl,rec_1763e897b9130ef5,False,Berbagi Pengalaman mengunakan Jaecoo J5 EV Premium.,berbagi pengalaman mengunakan jaecoo j5 ev premium.,Jaecoo J5,high,explicit_text_alias_strong,False,,,,False,not_relevant,no_adas_keyword,,UNKNOWN,,,,,,,
rec_0a9a47051766cdbf,Jaecoo J5,Jaecoo J5 EV Indonesia (Search),https://www.facebook.com/search/top?q=jaecoo%20j5%20ev%20indonesia,post_3,post_3_comment_16,post_3,comment,,,,"Sabtu 12 Sept 2026, pukul 15.30 WIB mencoba mengendarai dari Jakarta - Bandung. (Setelah turun service pertama)",https://www.facebook.com/search/top?q=jaecoo%20j5%20ev%20indonesia,1789640503000,raw_data_all.jsonl,rec_0a9a47051766cdbf,False,"Sabtu 12 Sept 2026, pukul 15.30 WIB mencoba mengendarai dari Jakarta - Bandung. (Setelah turun service pertama)","sabtu 12 sept 2026, pukul 15.30 wib mencoba mengendarai dari jakarta - bandung. (setelah turun service pertama)",Jaecoo J5,medium,community_context,False,,,,False,not_relevant,no_adas_keyword,,UNKNOWN,,,,,,,
rec_a7f2c943167c0bcc,Jaecoo J5,Jaecoo J5 EV Indonesia (Search),https://www.facebook.com/search/top?q=jaecoo%20j5%20ev%20indonesia,post_3,post_3_comment_17,post_3,comment,,,,Start Kalibata (Jakarta) - Finish Hotel Ibis Styles Grand Central (Bandung) tanpa berhenti. (Melalui MBZ)… Lihat selengkapnya,https://www.facebook.com/search/top?q=jaecoo%20j5%20ev%20indonesia,1789640503000,raw_data_all.jsonl,rec_a7f2c943167c0bcc,False,Start Kalibata (Jakarta) - Finish Hotel Ibis Styles Grand Central (Bandung) tanpa berhenti. (Melalui MBZ)… Lihat selengkapnya,start kalibata (jakarta) - finish hotel ibis styles grand central (bandung) tanpa berhenti. (melalui mbz)… lihat selengkapnya,Jaecoo J5,medium,community_context,False,,,,False,not_relevant,no_adas_keyword,,UNKNOWN,,,,,,,
rec_4e489ef9aa3d1be4,Jaecoo J5,Jaecoo J5 EV Indonesia (Search),https://www.facebook.com/search/top?q=jaecoo%20j5%20ev%20indonesia,post_3,post_3_comment_18,post_3,comment,,,,"#wts
Jual jaecoo j5 ev premium
Warna putih, ga jadi pake buat daily kepincut ev lain, … Lihat selengkapnya",https://www.facebook.com/search/top?q=jaecoo%20j5%20ev%20indonesia,1789640505000,raw_data_all.jsonl,rec_4e489ef9aa3d1be4,False,"#wts Jual jaecoo j5 ev premium Warna putih, ga jadi pake buat daily kepincut ev lain, … Lihat selengkapnya","#wts jual jaecoo j5 ev premium warna putih, ga jadi pake buat daily kepincut ev lain, … lihat selengkapnya",Jaecoo J5,high,explicit_text_alias_strong,False,,,,False,not_relevant,no_adas_keyword,,UNKNOWN,,,,,,,
rec_da49108cd211a08f,Jaecoo J5,Jaecoo J5 EV Indonesia (Search),https://www.facebook.com/search/top?q=jaecoo%20j5%20ev%20indonesia,post_3,post_3_comment_19,post_3,comment,,,,Jual jaecoo j5 ev premium,https://www.facebook.com/search/top?q=jaecoo%20j5%20ev%20indonesia,1789640505000,raw_data_all.jsonl,rec_da49108cd211a08f,False,Jual jaecoo j5 ev premium,jual jaecoo j5 ev premium,Jaecoo J5,high,explicit_text_alias_strong,False,,,,False,not_relevant,no_adas_keyword,,UNKNOWN,,,,,,,
rec_b2a97801f15a6d25,Jaecoo J5,Jaecoo J5 EV Indonesia (Search),https://www.facebook.com/search/top?q=jaecoo%20j5%20ev%20indonesia,post_3,post_3_comment_20,post_3,comment,,,,"Warna putih, ga jadi pake buat daily kepincut ev lain, … Lihat selengkapnya",https://www.facebook.com/search/top?q=jaecoo%20j5%20ev%20indonesia,1789640505000,raw_data_all.jsonl,rec_b2a97801f15a6d25,False,"Warna putih, ga jadi pake buat daily kepincut ev lain, … Lihat selengkapnya","warna putih, ga jadi pake buat daily kepincut ev lain, … lihat selengkapnya",Jaecoo J5,medium,community_context,False,,,,False,not_relevant,no_adas_keyword,,UNKNOWN,,,,,,,
rec_4b9f1bb12bb08a63,Jaecoo J5,Jaecoo J5 EV Indonesia (Search),https://www.facebook.com/search/top?q=jaecoo%20j5%20ev%20indonesia,post_3,post_3_comment_21,post_3,comment,,,,"JAECOO J5 EV – The Real SUV! 
… Lihat selengkapnya",https://www.facebook.com/search/top?q=jaecoo%20j5%20ev%20indonesia,1789640507000,raw_data_all.jsonl,rec_4b9f1bb12bb08a63,False,JAECOO J5 EV – The Real SUV! … Lihat selengkapnya,jaecoo j5 ev – the real suv! … lihat selengkapnya,Jaecoo J5,high,explicit_text_alias_strong,False,,,,False,not_relevant,no_adas_keyword,,UNKNOWN,,,,,,,
rec_6baf9cbef61bbdb7,Jaecoo J5,Jaecoo J5 EV Indonesia (Search),https://www.facebook.com/search/top?q=jaecoo%20j5%20ev%20indonesia,post_3,post_3_comment_22,post_3,comment,,,,"Butuh JAECOO J5 EV PREMIUM lebih cepat? Melayani seluruh Indonesia. Hubungi segera, sebelum harga naik!… Lihat selengkapnya",https://www.facebook.com/search/top?q=jaecoo%20j5%20ev%20indonesia,1789640509000,raw_data_all.jsonl,rec_6baf9cbef61bbdb7,False,"Butuh JAECOO J5 EV PREMIUM lebih cepat? Melayani seluruh Indonesia. Hubungi segera, sebelum harga naik!… Lihat selengkapnya","butuh jaecoo j5 ev premium lebih cepat? melayani seluruh indonesia. hubungi segera, sebelum harga naik!… lihat selengkapnya",Jaecoo J5,high,explicit_text_alias_strong,False,,,,False,not_relevant,no_adas_keyword,,UNKNOWN,,,,,,,
rec_fcd0ca550ffa602a,Jaecoo J5,Jaecoo J5 EV Indonesia (Search),https://www.facebook.com/search/top?q=jaecoo%20j5%20ev%20indonesia,post_3,post_3_comment_23,post_3,comment,,,,"PROMO LOVE JAECOO J5 TUKER TAMBAH VELG CUMA 500 RIBU AN AJA GAESS BEBAS PILIH MODEL 
I… Lihat selengkapnya",https://www.facebook.com/search/top?q=jaecoo%20j5%20ev%20indonesia,1789640512000,raw_data_all.jsonl,rec_fcd0ca550ffa602a,False,PROMO LOVE JAECOO J5 TUKER TAMBAH VELG CUMA 500 RIBU AN AJA GAESS BEBAS PILIH MODEL I… Lihat selengkapnya,promo love jaecoo j5 tuker tambah velg cuma 500 ribu an aja gaess bebas pilih model i… lihat selengkapnya,Jaecoo J5,high,explicit_text_alias_strong,False,,,,False,not_relevant,no_adas_keyword,,UNKNOWN,,,,,,,
rec_49179daeac9661fd,Jaecoo J5,Jaecoo J5 EV Indonesia (Search),https://www.facebook.com/search/top?q=jaecoo%20j5%20ev%20indonesia,post_3,post_3_comment_24,post_3,comment,,,,PROMO LOVE JAECOO J5 TUKER TAMBAH VELG CUMA 500 RIBU AN AJA GAESS BEBAS PILIH MODEL,https://www.facebook.com/search/top?q=jaecoo%20j5%20ev%20indonesia,1789640512000,raw_data_all.jsonl,rec_49179daeac9661fd,False,PROMO LOVE JAECOO J5 TUKER TAMBAH VELG CUMA 500 RIBU AN AJA GAESS BEBAS PILIH MODEL,promo love jaecoo j5 tuker tambah velg cuma 500 ribu an aja gaess bebas pilih model,Jaecoo J5,high,explicit_text_alias_strong,False,,,,False,not_relevant,no_adas_keyword,,UNKNOWN,,,,,,,
rec_e5ee24e720f4d053,Jaecoo J5,Jaecoo J5 EV Indonesia (Search),https://www.facebook.com/search/top?q=jaecoo%20j5%20ev%20indonesia,post_3,post_3_comment_25,post_3,comment,,,,I… Lihat selengkapnya,https://www.facebook.com/search/top?q=jaecoo%20j5%20ev%20indonesia,1789640513000,raw_data_all.jsonl,rec_e5ee24e720f4d053,False,I… Lihat selengkapnya,i… lihat selengkapnya,Jaecoo J5,medium,community_context,False,,,,False,not_relevant,no_adas_keyword,,UNKNOWN,,,,,,,
rec_c8952c9a7ae31ebc,Jaecoo J5,Jaecoo J5 EV Indonesia (Search),https://www.facebook.com/search/top?q=jaecoo%20j5%20ev%20indonesia,post_3,post_3_comment_26,post_3,comment,,,,"●●●●●●●●●●●●●●●
Setelah serah terima pada 17 Februari 2026, berikut beberapa hal yang sudah saya lakukan untuk J5:… Lihat selengkapnya",https://www.facebook.com/search/top?q=jaecoo%20j5%20ev%20indonesia,1789640513000,raw_data_all.jsonl,rec_c8952c9a7ae31ebc,False,"●●●●●●●●●●●●●●● Setelah serah terima pada 17 Februari 2026, berikut beberapa hal yang sudah saya lakukan untuk J5:… Lihat selengkapnya","●●●●●●●●●●●●●●● setelah serah terima pada 17 februari 2026, berikut beberapa hal yang sudah saya lakukan untuk j5:… lihat selengkapnya",Jaecoo J5,high,explicit_text_alias_strong,False,,,,False,not_relevant,no_adas_keyword,,UNKNOWN,,,,,,,
rec_4ec65fe308166166,Jaecoo J5,Jaecoo J5 EV Indonesia (Search),https://www.facebook.com/search/top?q=jaecoo%20j5%20ev%20indonesia,post_3,post_3_comment_27,post_3,comment,,,,●●●●●●●●●●●●●●●,https://www.facebook.com/search/top?q=jaecoo%20j5%20ev%20indonesia,1789640513000,raw_data_all.jsonl,rec_4ec65fe308166166,False,●●●●●●●●●●●●●●●,●●●●●●●●●●●●●●●,Jaecoo J5,medium,community_context,False,,,,False,not_relevant,no_adas_keyword,,UNKNOWN,,,,,,,
rec_5fba2a9781e2fcee,Jaecoo J5,Jaecoo J5 EV Indonesia (Search),https://www.facebook.com/search/top?q=jaecoo%20j5%20ev%20indonesia,post_3,post_3_comment_28,post_3,comment,,,,"Setelah serah terima pada 17 Februari 2026, berikut beberapa hal yang sudah saya lakukan untuk J5:… Lihat selengkapnya",https://www.facebook.com/search/top?q=jaecoo%20j5%20ev%20indonesia,1789640513000,raw_data_all.jsonl,rec_5fba2a9781e2fcee,False,"Setelah serah terima pada 17 Februari 2026, berikut beberapa hal yang sudah saya lakukan untuk J5:… Lihat selengkapnya","setelah serah terima pada 17 februari 2026, berikut beberapa hal yang sudah saya lakukan untuk j5:… lihat selengkapnya",Jaecoo J5,high,explicit_text_alias_strong,False,,,,False,not_relevant,no_adas_keyword,,UNKNOWN,,,,,,,
rec_6b715babdaa95544,Jaecoo J5,Jaecoo J5 EV Indonesia (Search),https://www.facebook.com/search/top?q=jaecoo%20j5%20ev%20indonesia,post_3,post_3_comment_29,post_3,comment,,,,"Jaecoo J5 EV Premium 
 VIN 2026
IDR 309.900.000 Promise Delivery … Lihat selengkapnya",https://www.facebook.com/search/top?q=jaecoo%20j5%20ev%20indonesia,1789640514000,raw_data_all.jsonl,rec_6b715babdaa95544,False,Jaecoo J5 EV Premium VIN 2026 IDR 309.900.000 Promise Delivery … Lihat selengkapnya,jaecoo j5 ev premium vin 2026 idr 309.900.000 promise delivery … lihat selengkapnya,Jaecoo J5,high,explicit_text_alias_strong,False,,,,False,not_relevant,no_adas_keyword,,UNKNOWN,,,,,,,
rec_25135298ca8ff599,Jaecoo J5,Jaecoo J5 EV Indonesia (Search),https://www.facebook.com/search/top?q=jaecoo%20j5%20ev%20indonesia,post_3,post_3_comment_30,post_3,comment,,,,"Jaecoo J5 EV Premium 
 VIN 2026",https://www.facebook.com/search/top?q=jaecoo%20j5%20ev%20indonesia,1789640514000,raw_data_all.jsonl,rec_25135298ca8ff599,False,Jaecoo J5 EV Premium VIN 2026,jaecoo j5 ev premium vin 2026,Jaecoo J5,high,explicit_text_alias_strong,False,,,,False,not_relevant,no_adas_keyword,,UNKNOWN,,,,,,,
rec_80f92daa1df45fee,Jaecoo J5,Jaecoo J5 EV Indonesia (Search),https://www.facebook.com/search/top?q=jaecoo%20j5%20ev%20indonesia,post_3,post_3_comment_31,post_3,comment,,,,IDR 309.900.000 Promise Delivery … Lihat selengkapnya,https://www.facebook.com/search/top?q=jaecoo%20j5%20ev%20indonesia,1789640514000,raw_data_all.jsonl,rec_80f92daa1df45fee,False,IDR 309.900.000 Promise Delivery … Lihat selengkapnya,idr 309.900.000 promise delivery … lihat selengkapnya,Jaecoo J5,medium,community_context,False,,,,False,not_relevant,no_adas_keyword,,UNKNOWN,,,,,,,
rec_6518c92031cc1aed,Jaecoo J5,Jaecoo J5 EV Indonesia (Search),https://www.facebook.com/search/top?q=jaecoo%20j5%20ev%20indonesia,post_3,post_3_comment_32,post_3,comment,,,,"JANGAN CUMA LIHAT, LANGSUNG AMBIL! 
… Lihat selengkapnya",https://www.facebook.com/search/top?q=jaecoo%20j5%20ev%20indonesia,1789640516000,raw_data_all.jsonl,rec_6518c92031cc1aed,False,"JANGAN CUMA LIHAT, LANGSUNG AMBIL! … Lihat selengkapnya","jangan cuma lihat, langsung ambil! … lihat selengkapnya",Jaecoo J5,medium,community_context,False,,,,False,not_relevant,no_adas_keyword,,UNKNOWN,,,,,,,
rec_f853027943b05ccf,Jaecoo J5,Jaecoo J5 EV Indonesia (Search),https://www.facebook.com/search/top?q=jaecoo%20j5%20ev%20indonesia,post_3,post_3_comment_33,post_3,comment,,,,"JANGAN CUMA LIHAT, LANGSUNG AMBIL!",https://www.facebook.com/search/top?q=jaecoo%20j5%20ev%20indonesia,1789640516000,raw_data_all.jsonl,rec_f853027943b05ccf,False,"JANGAN CUMA LIHAT, LANGSUNG AMBIL!","jangan cuma lihat, langsung ambil!",Jaecoo J5,medium,community_context,False,,,,False,not_relevant,no_adas_keyword,,UNKNOWN,,,,,,,
rec_b6e665b07fb6b87c,Jaecoo J5,Jaecoo J5 EV Indonesia (Search),https://www.facebook.com/search/top?q=jaecoo%20j5%20ev%20indonesia,post_3,post_3_comment_34,post_3,comment,,,,… Lihat selengkapnya,https://www.facebook.com/search/top?q=jaecoo%20j5%20ev%20indonesia,1789640516000,raw_data_all.jsonl,rec_b6e665b07fb6b87c,False,… Lihat selengkapnya,… lihat selengkapnya,Jaecoo J5,medium,community_context,False,,,,False,not_relevant,no_adas_keyword,,UNKNOWN,,,,,,,
rec_3b9a7680a9e5c33e,Jaecoo J5,Jaecoo J5 EV Indonesia (Search),https://www.facebook.com/search/top?q=jaecoo%20j5%20ev%20indonesia,post_3,post_3_comment_35,post_3,comment,,,,"izin ACC mas admin
---… Lihat selengkapnya",https://www.facebook.com/search/top?q=jaecoo%20j5%20ev%20indonesia,1789640516000,raw_data_all.jsonl,rec_3b9a7680a9e5c33e,False,izin ACC mas admin ---… Lihat selengkapnya,izin acc mas admin ---… lihat selengkapnya,Jaecoo J5,medium,community_context,False,ACC,layer_a_feature_names,,False,not_relevant,admin_approval_marketplace_noise,,UNKNOWN,,,,,,,
rec_b6c0ecee0860f5c3,Jaecoo J5,Jaecoo J5 EV Indonesia (Search),https://www.facebook.com/search/top?q=jaecoo%20j5%20ev%20indonesia,post_3,post_3_comment_36,post_3,comment,,,,izin ACC mas admin,https://www.facebook.com/search/top?q=jaecoo%20j5%20ev%20indonesia,1789640516000,raw_data_all.jsonl,rec_b6c0ecee0860f5c3,False,izin ACC mas admin,izin acc mas admin,Jaecoo J5,medium,community_context,False,ACC,layer_a_feature_names,,False,not_relevant,admin_approval_marketplace_noise,,UNKNOWN,,,,,,,
rec_860f246ca9b4fa4a,Jaecoo J5,Jaecoo J5 EV Indonesia (Search),https://www.facebook.com/search/top?q=jaecoo%20j5%20ev%20indonesia,post_3,post_3_comment_37,post_3,comment,,,,---… Lihat selengkapnya,https://www.facebook.com/search/top?q=jaecoo%20j5%20ev%20indonesia,1789640516000,raw_data_all.jsonl,rec_860f246ca9b4fa4a,False,---… Lihat selengkapnya,---… lihat selengkapnya,Jaecoo J5,medium,community_context,False,,,,False,not_relevant,no_adas_keyword,,UNKNOWN,,,,,,,
rec_e3bf2828a6808b11,Jaecoo J5,Jaecoo J5 EV Indonesia (Search),https://www.facebook.com/search/top?q=jaecoo%20j5%20ev%20indonesia,post_3,post_3_comment_38,post_3,comment,,,,"BEKAS RASA BARU, GAK PERLU INDEN!! KM 2.700 PERAK!!
Jaecoo J5 EV PREMIUM 2026 Hitam [ Type tertinggi ]
KM ANTIK 2.700 PERAK !!
Plat B [ Jaksel ]
Tangan 1 dari baru nama perorangan
Lihat selengkapnya",https://www.facebook.com/search/top?q=jaecoo%20j5%20ev%20indonesia,1789640523000,raw_data_all.jsonl,rec_e3bf2828a6808b11,False,"BEKAS RASA BARU, GAK PERLU INDEN!! KM 2.700 PERAK!! Jaecoo J5 EV PREMIUM 2026 Hitam [ Type tertinggi ] KM ANTIK 2.700 PERAK !! Plat B [ Jaksel ] Tangan 1 dari baru nama perorangan Lihat selengkapnya","bekas rasa baru, gak perlu inden!! km 2.700 perak!! jaecoo j5 ev premium 2026 hitam [ type tertinggi ] km antik 2.700 perak !! plat b [ jaksel ] tangan 1 dari baru nama perorangan lihat selengkapnya",Jaecoo J5,high,explicit_text_alias_strong,False,,,,False,not_relevant,no_adas_keyword,,UNKNOWN,,,,,,,
rec_bc30c1c5eb9b8d9c,Jaecoo J5,Jaecoo J5 EV Indonesia (Search),https://www.facebook.com/search/top?q=jaecoo%20j5%20ev%20indonesia,post_3,post_3_comment_39,post_3,comment,,,,"JAECOO J5 EV - ELECTRIC SUV NO.1 DI INDONESIA!
… Lihat selengkapnya",https://www.facebook.com/search/top?q=jaecoo%20j5%20ev%20indonesia,1789640523000,raw_data_all.jsonl,rec_bc30c1c5eb9b8d9c,False,JAECOO J5 EV - ELECTRIC SUV NO.1 DI INDONESIA! … Lihat selengkapnya,jaecoo j5 ev - electric suv no.1 di indonesia! … lihat selengkapnya,Jaecoo J5,high,explicit_text_alias_strong,False,,,,False,not_relevant,no_adas_keyword,,UNKNOWN,,,,,,,
rec_f94663f23b53a3d9,Jaecoo J5,Jaecoo J5 EV Indonesia (Search),https://www.facebook.com/search/top?q=jaecoo%20j5%20ev%20indonesia,post_3,post_3_comment_40,post_3,comment,,,,"KARPET MOBIL JAECOO J5 EV 5D TPE PREMIUM 
1… Lihat selengkapnya",https://www.facebook.com/search/top?q=jaecoo%20j5%20ev%20indonesia,1789640523000,raw_data_all.jsonl,rec_f94663f23b53a3d9,False,KARPET MOBIL JAECOO J5 EV 5D TPE PREMIUM 1… Lihat selengkapnya,karpet mobil jaecoo j5 ev 5d tpe premium 1… lihat selengkapnya,Jaecoo J5,high,explicit_text_alias_strong,False,,,,False,not_relevant,no_adas_keyword,,UNKNOWN,,,,,,,
rec_bbd9d5bee5795a12,Jaecoo J5,Jaecoo J5 EV Indonesia (Search),https://www.facebook.com/search/top?q=jaecoo%20j5%20ev%20indonesia,post_3,post_3_comment_41,post_3,comment,,,,KARPET MOBIL JAECOO J5 EV 5D TPE PREMIUM,https://www.facebook.com/search/top?q=jaecoo%20j5%20ev%20indonesia,1789640523000,raw_data_all.jsonl,rec_bbd9d5bee5795a12,False,KARPET MOBIL JAECOO J5 EV 5D TPE PREMIUM,karpet mobil jaecoo j5 ev 5d tpe premium,Jaecoo J5,high,explicit_text_alias_strong,False,,,,False,not_relevant,no_adas_keyword,,UNKNOWN,,,,,,,
rec_7acf79e5af16b451,Jaecoo J5,Jaecoo J5 EV Indonesia (Search),https://www.facebook.com/search/top?q=jaecoo%20j5%20ev%20indonesia,post_3,post_3_comment_42,post_3,comment,,,,1… Lihat selengkapnya,https://www.facebook.com/search/top?q=jaecoo%20j5%20ev%20indonesia,1789640523000,raw_data_all.jsonl,rec_7acf79e5af16b451,False,1… Lihat selengkapnya,1… lihat selengkapnya,Jaecoo J5,medium,community_context,False,,,,False,not_relevant,no_adas_keyword,,UNKNOWN,,,,,,,
rec_25c7288408cdca5d,Jaecoo J5,Jaecoo J5 EV Indonesia (Search),https://www.facebook.com/search/top?q=jaecoo%20j5%20ev%20indonesia,post_3,post_3_comment_43,post_3,comment,,,,"[CASH] JUAL CEPAT NO INDENT JAECOO J5 PREMIUM 2025 LONG RANGE
.… Lihat selengkapnya",https://www.facebook.com/search/top?q=jaecoo%20j5%20ev%20indonesia,1789640525000,raw_data_all.jsonl,rec_25c7288408cdca5d,False,[CASH] JUAL CEPAT NO INDENT JAECOO J5 PREMIUM 2025 LONG RANGE .… Lihat selengkapnya,[cash] jual cepat no indent jaecoo j5 premium 2025 long range .… lihat selengkapnya,Jaecoo J5,high,explicit_text_alias_strong,False,,,,False,not_relevant,no_adas_keyword,,UNKNOWN,,,,,,,
rec_d018d3d7a5586ddd,Jaecoo J5,Jaecoo J5 EV Indonesia (Search),https://www.facebook.com/search/top?q=jaecoo%20j5%20ev%20indonesia,post_3,post_3_comment_44,post_3,comment,,,,[CASH] JUAL CEPAT NO INDENT JAECOO J5 PREMIUM 2025 LONG RANGE,https://www.facebook.com/search/top?q=jaecoo%20j5%20ev%20indonesia,1789640525000,raw_data_all.jsonl,rec_d018d3d7a5586ddd,False,[CASH] JUAL CEPAT NO INDENT JAECOO J5 PREMIUM 2025 LONG RANGE,[cash] jual cepat no indent jaecoo j5 premium 2025 long range,Jaecoo J5,high,explicit_text_alias_strong,False,,,,False,not_relevant,no_adas_keyword,,UNKNOWN,,,,,,,
rec_a8a3166d50562ca2,Jaecoo J5,Jaecoo J5 EV Indonesia (Search),https://www.facebook.com/search/top?q=jaecoo%20j5%20ev%20indonesia,post_3,post_3_comment_45,post_3,comment,,,,.… Lihat selengkapnya,https://www.facebook.com/search/top?q=jaecoo%20j5%20ev%20indonesia,1789640525000,raw_data_all.jsonl,rec_a8a3166d50562ca2,False,.… Lihat selengkapnya,.… lihat selengkapnya,Jaecoo J5,medium,community_context,False,,,,False,not_relevant,no_adas_keyword,,UNKNOWN,,,,,,,
rec_303a69d6575039fa,Jaecoo J5,Jaecoo J5 EV Indonesia (Search),https://www.facebook.com/search/top?q=jaecoo%20j5%20ev%20indonesia,post_3,post_3_comment_46,post_3,comment,,,,"JAECOO J5 EV Premium 
OTR : 319.900.000 (Plat B)… Lihat selengkapnya",https://www.facebook.com/search/top?q=jaecoo%20j5%20ev%20indonesia,1789640527000,raw_data_all.jsonl,rec_303a69d6575039fa,False,JAECOO J5 EV Premium OTR : 319.900.000 (Plat B)… Lihat selengkapnya,jaecoo j5 ev premium otr : 319.900.000 (plat b)… lihat selengkapnya,Jaecoo J5,high,explicit_text_alias_strong,False,,,,False,not_relevant,no_adas_keyword,,UNKNOWN,,,,,,,
rec_bad228591dbe71b7,Jaecoo J5,Jaecoo J5 EV Indonesia (Search),https://www.facebook.com/search/top?q=jaecoo%20j5%20ev%20indonesia,post_3,post_3_comment_47,post_3,comment,,,,JAECOO J5 EV Premium,https://www.facebook.com/search/top?q=jaecoo%20j5%20ev%20indonesia,1789640527000,raw_data_all.jsonl,rec_bad228591dbe71b7,False,JAECOO J5 EV Premium,jaecoo j5 ev premium,Jaecoo J5,high,explicit_text_alias_strong,False,,,,False,not_relevant,no_adas_keyword,,UNKNOWN,,,,,,,
rec_da657c885db0909a,Jaecoo J5,Jaecoo J5 EV Indonesia (Search),https://www.facebook.com/search/top?q=jaecoo%20j5%20ev%20indonesia,post_3,post_3_comment_48,post_3,comment,,,,OTR : 319.900.000 (Plat B)… Lihat selengkapnya,https://www.facebook.com/search/top?q=jaecoo%20j5%20ev%20indonesia,1789640527000,raw_data_all.jsonl,rec_da657c885db0909a,False,OTR : 319.900.000 (Plat B)… Lihat selengkapnya,otr : 319.900.000 (plat b)… lihat selengkapnya,Jaecoo J5,medium,community_context,False,,,,False,not_relevant,no_adas_keyword,,UNKNOWN,,,,,,,
rec_8599561320bfce24,Jaecoo J5,Jaecoo J5 EV Indonesia (Search),https://www.facebook.com/search/top?q=jaecoo%20j5%20ev%20indonesia,post_3,post_3_comment_49,post_3,comment,,,,"Dijual jaeco j5 ev thn 2026
Sdh terpasang accesoris +- 8 jt an antara lain dashcam depan, karpet premium model mie, anti bocor ban (halston), pelindung bumper depan belakang.
Ada Asuransi sampai tahun depan
Surat surat lengkap… Lihat selengkapnya",https://www.facebook.com/search/top?q=jaecoo%20j5%20ev%20indonesia,1789640528000,raw_data_all.jsonl,rec_8599561320bfce24,False,"Dijual jaeco j5 ev thn 2026 Sdh terpasang accesoris +- 8 jt an antara lain dashcam depan, karpet premium model mie, anti bocor ban (halston), pelindung bumper depan belakang. Ada Asuransi sampai tahun depan Surat surat lengkap… Lihat selengkapnya","dijual jaeco j5 ev thn 2026 sdh terpasang accesoris +- 8 jt an antara lain dashcam depan, karpet premium model mie, anti bocor ban (halston), pelindung bumper depan belakang. ada asuransi sampai tahun depan surat surat lengkap… lihat selengkapnya",Jaecoo J5,high,explicit_text_alias_strong,False,,,,False,not_relevant,no_adas_keyword,,UNKNOWN,,,,,,,
rec_014052e337b36bf2,Jaecoo J5,Jaecoo J5 EV Indonesia (Search),https://www.facebook.com/search/top?q=jaecoo%20j5%20ev%20indonesia,post_3,post_3_comment_50,post_3,comment,,,,"Plat B ngecas di Semarang, ownernya ninggal mobil ga ninggalin nomer hape ke security.. pdhl sdh penuh... di Semarang SPKLU tdk sebanyak di Jakarta... 
kasihan yg antri… Lihat selengkapnya",https://www.facebook.com/search/top?q=jaecoo%20j5%20ev%20indonesia,1789640530000,raw_data_all.jsonl,rec_014052e337b36bf2,False,"Plat B ngecas di Semarang, ownernya ninggal mobil ga ninggalin nomer hape ke security.. pdhl sdh penuh... di Semarang SPKLU tdk sebanyak di Jakarta... kasihan yg antri… Lihat selengkapnya","plat b ngecas di semarang, ownernya ninggal mobil ga ninggalin nomer hape ke security.. pdhl sdh penuh... di semarang spklu tdk sebanyak di jakarta... kasihan yg antri… lihat selengkapnya",Jaecoo J5,medium,community_context,False,,,,False,not_relevant,no_adas_keyword,,UNKNOWN,,,,,,,
rec_464a288f5ec658f1,Jaecoo J5,Jaecoo J5 EV Indonesia (Search),https://www.facebook.com/search/top?q=jaecoo%20j5%20ev%20indonesia,post_3,post_3_comment_51,post_3,comment,,,,"Plat B ngecas di Semarang, ownernya ninggal mobil ga ninggalin nomer hape ke security.. pdhl sdh penuh... di Semarang SPKLU tdk sebanyak di Jakarta...",https://www.facebook.com/search/top?q=jaecoo%20j5%20ev%20indonesia,1789640530000,raw_data_all.jsonl,rec_464a288f5ec658f1,False,"Plat B ngecas di Semarang, ownernya ninggal mobil ga ninggalin nomer hape ke security.. pdhl sdh penuh... di Semarang SPKLU tdk sebanyak di Jakarta...","plat b ngecas di semarang, ownernya ninggal mobil ga ninggalin nomer hape ke security.. pdhl sdh penuh... di semarang spklu tdk sebanyak di jakarta...",Jaecoo J5,medium,community_context,False,,,,False,not_relevant,no_adas_keyword,,UNKNOWN,,,,,,,
rec_efeee87d7805d49e,Jaecoo J5,Jaecoo J5 EV Indonesia (Search),https://www.facebook.com/search/top?q=jaecoo%20j5%20ev%20indonesia,post_3,post_3_comment_52,post_3,comment,,,,kasihan yg antri… Lihat selengkapnya,https://www.facebook.com/search/top?q=jaecoo%20j5%20ev%20indonesia,1789640530000,raw_data_all.jsonl,rec_efeee87d7805d49e,False,kasihan yg antri… Lihat selengkapnya,kasihan yg antri… lihat selengkapnya,Jaecoo J5,medium,community_context,False,,,,False,not_relevant,no_adas_keyword,,UNKNOWN,,,,,,,
rec_2e20d6a53e750235,Jaecoo J5,Jaecoo J5 EV Indonesia (Search),https://www.facebook.com/search/top?q=jaecoo%20j5%20ev%20indonesia,post_3,post_3_comment_53,post_3,comment,,,,"Jaecoo J5 EV  menjadi salah satu mobil listrik terlaris di Indonesia, bahkan  berada di posisi nomor satu untuk penjualan model EV pada periode di 2026. 
 Jaecoo J5 EV di Indonesia
 J5 EV menjadi mobil listrik terlaris di Indonesia dengan distribusi sekitar 2.959 unit. 
Penjualan sebelumnya juga tinggi:… Lihat selengkapnya",https://www.facebook.com/search/top?q=jaecoo%20j5%20ev%20indonesia,1789640530000,raw_data_all.jsonl,rec_2e20d6a53e750235,False,"Jaecoo J5 EV menjadi salah satu mobil listrik terlaris di Indonesia, bahkan berada di posisi nomor satu untuk penjualan model EV pada periode di 2026. Jaecoo J5 EV di Indonesia J5 EV menjadi mobil listrik terlaris di Indonesia dengan distribusi sekitar 2.959 unit. Penjualan sebelumnya juga tinggi:… Lihat selengkapnya","jaecoo j5 ev menjadi salah satu mobil listrik terlaris di indonesia, bahkan berada di posisi nomor satu untuk penjualan model ev pada periode di 2026. jaecoo j5 ev di indonesia j5 ev menjadi mobil listrik terlaris di indonesia dengan distribusi sekitar 2.959 unit. penjualan sebelumnya juga tinggi:… lihat selengkapnya",Jaecoo J5,high,explicit_text_alias_strong,False,,,,False,not_relevant,no_adas_keyword,,UNKNOWN,,,,,,,
rec_b3e5690cea61a759,Jaecoo J5,Jaecoo J5 EV Indonesia (Search),https://www.facebook.com/search/top?q=jaecoo%20j5%20ev%20indonesia,post_3,post_3_comment_54,post_3,comment,,,,"Jaecoo J5 EV  menjadi salah satu mobil listrik terlaris di Indonesia, bahkan  berada di posisi nomor satu untuk penjualan model EV pada periode di 2026.",https://www.facebook.com/search/top?q=jaecoo%20j5%20ev%20indonesia,1789640530000,raw_data_all.jsonl,rec_b3e5690cea61a759,False,"Jaecoo J5 EV menjadi salah satu mobil listrik terlaris di Indonesia, bahkan berada di posisi nomor satu untuk penjualan model EV pada periode di 2026.","jaecoo j5 ev menjadi salah satu mobil listrik terlaris di indonesia, bahkan berada di posisi nomor satu untuk penjualan model ev pada periode di 2026.",Jaecoo J5,high,explicit_text_alias_strong,False,,,,False,not_relevant,no_adas_keyword,,UNKNOWN,,,,,,,
rec_f258445afeddeadc,Jaecoo J5,Jaecoo J5 EV Indonesia (Search),https://www.facebook.com/search/top?q=jaecoo%20j5%20ev%20indonesia,post_3,post_3_comment_55,post_3,comment,,,,Jaecoo J5 EV di Indonesia,https://www.facebook.com/search/top?q=jaecoo%20j5%20ev%20indonesia,1789640530000,raw_data_all.jsonl,rec_f258445afeddeadc,False,Jaecoo J5 EV di Indonesia,jaecoo j5 ev di indonesia,Jaecoo J5,high,explicit_text_alias_strong,False,,,,False,not_relevant,no_adas_keyword,,UNKNOWN,,,,,,,
rec_41748c2f3d4b210b,Jaecoo J5,Jaecoo J5 EV Indonesia (Search),https://www.facebook.com/search/top?q=jaecoo%20j5%20ev%20indonesia,post_3,post_3_comment_56,post_3,comment,,,,J5 EV menjadi mobil listrik terlaris di Indonesia dengan distribusi sekitar 2.959 unit.,https://www.facebook.com/search/top?q=jaecoo%20j5%20ev%20indonesia,1789640530000,raw_data_all.jsonl,rec_41748c2f3d4b210b,False,J5 EV menjadi mobil listrik terlaris di Indonesia dengan distribusi sekitar 2.959 unit.,j5 ev menjadi mobil listrik terlaris di indonesia dengan distribusi sekitar 2.959 unit.,Jaecoo J5,high,explicit_text_alias_strong,False,,,,False,not_relevant,no_adas_keyword,,UNKNOWN,,,,,,,
rec_bb2846359d691e3d,Jaecoo J5,Jaecoo J5 EV Indonesia (Search),https://www.facebook.com/search/top?q=jaecoo%20j5%20ev%20indonesia,post_3,post_3_comment_57,post_3,comment,,,,Penjualan sebelumnya juga tinggi:… Lihat selengkapnya,https://www.facebook.com/search/top?q=jaecoo%20j5%20ev%20indonesia,1789640530000,raw_data_all.jsonl,rec_bb2846359d691e3d,False,Penjualan sebelumnya juga tinggi:… Lihat selengkapnya,penjualan sebelumnya juga tinggi:… lihat selengkapnya,Jaecoo J5,medium,community_context,False,,,,False,not_relevant,no_adas_keyword,,UNKNOWN,,,,,,,
rec_2e192a46b563d401,Jaecoo J5,Jaecoo J5 EV Indonesia (Search),https://www.facebook.com/search/top?q=jaecoo%20j5%20ev%20indonesia,post_3,post_3_comment_58,post_3,comment,,,,"SPK JAECOO J5 EV PREMIUM AT GIIAS
OTR 319.900.000 
 Delivery Agustus!… Lihat selengkapnya",https://www.facebook.com/search/top?q=jaecoo%20j5%20ev%20indonesia,1789640532000,raw_data_all.jsonl,rec_2e192a46b563d401,False,SPK JAECOO J5 EV PREMIUM AT GIIAS OTR 319.900.000 Delivery Agustus!… Lihat selengkapnya,spk jaecoo j5 ev premium at giias otr 319.900.000 delivery agustus!… lihat selengkapnya,Jaecoo J5,high,explicit_text_alias_strong,False,,,,False,not_relevant,no_adas_keyword,,UNKNOWN,,,,,,,
rec_43948555d6958e06,Jaecoo J5,Jaecoo J5 EV Indonesia (Search),https://www.facebook.com/search/top?q=jaecoo%20j5%20ev%20indonesia,post_3,post_3_comment_59,post_3,comment,,,,SPK JAECOO J5 EV PREMIUM AT GIIAS,https://www.facebook.com/search/top?q=jaecoo%20j5%20ev%20indonesia,1789640532000,raw_data_all.jsonl,rec_43948555d6958e06,False,SPK JAECOO J5 EV PREMIUM AT GIIAS,spk jaecoo j5 ev premium at giias,Jaecoo J5,high,explicit_text_alias_strong,False,,,,False,not_relevant,no_adas_keyword,,UNKNOWN,,,,,,,
rec_31a2a3fdab8f8e24,Jaecoo J5,Jaecoo J5 EV Indonesia (Search),https://www.facebook.com/search/top?q=jaecoo%20j5%20ev%20indonesia,post_3,post_3_comment_60,post_3,comment,,,,"OTR 319.900.000 
 Delivery Agustus!… Lihat selengkapnya",https://www.facebook.com/search/top?q=jaecoo%20j5%20ev%20indonesia,1789640532000,raw_data_all.jsonl,rec_31a2a3fdab8f8e24,False,OTR 319.900.000 Delivery Agustus!… Lihat selengkapnya,otr 319.900.000 delivery agustus!… lihat selengkapnya,Jaecoo J5,medium,community_context,False,,,,False,not_relevant,no_adas_keyword,,UNKNOWN,,,,,,,
rec_86c2074c5910ab7f,Jaecoo J5,Jaecoo J5 EV Indonesia (Search),https://www.facebook.com/search/top?q=jaecoo%20j5%20ev%20indonesia,post_4,,,post,,,,"Wuling Motors Indonesia
 ⁠
  ·
Setiap perjalanan terasa lebih tenang dengan Aira ev yang nyaman dan penuh inovasi.
0:00 / 0:15
WULING.ID
Aman di Setiap Langkah
Temani Semua Perjalanan
469
2",https://www.facebook.com/search/top?q=jaecoo%20j5%20ev%20indonesia,1789640535000,raw_data_all.jsonl,rec_86c2074c5910ab7f,False,Wuling Motors Indonesia ⁠ · Setiap perjalanan terasa lebih tenang dengan Aira ev yang nyaman dan penuh inovasi. 0:00 / 0:15 WULING.ID Aman di Setiap Langkah Temani Semua Perjalanan 469 2,wuling motors indonesia ⁠ · setiap perjalanan terasa lebih tenang dengan aira ev yang nyaman dan penuh inovasi. 0:00 / 0:15 wuling.id aman di setiap langkah temani semua perjalanan 469 2,Jaecoo J5,medium,community_context,False,,,,False,not_relevant,no_adas_keyword,,UNKNOWN,,,,,,,
rec_acd9d957c343bb75,Jaecoo J5,Jaecoo J5 EV Indonesia (Search),https://www.facebook.com/search/top?q=jaecoo%20j5%20ev%20indonesia,post_4,post_4_comment_1,post_4,comment,,,,"Jaecoo J5 EV 
 Masa depan dimulai hari ini.
Silent power, bold presence. #JaecooJ5EV… Lihat selengkapnya",https://www.facebook.com/search/top?q=jaecoo%20j5%20ev%20indonesia,1789640539000,raw_data_all.jsonl,rec_acd9d957c343bb75,False,"Jaecoo J5 EV Masa depan dimulai hari ini. Silent power, bold presence. #JaecooJ5EV… Lihat selengkapnya","jaecoo j5 ev masa depan dimulai hari ini. silent power, bold presence. #jaecooj5ev… lihat selengkapnya",Jaecoo J5,high,explicit_text_alias_strong,False,,,,False,not_relevant,no_adas_keyword,,UNKNOWN,,,,,,,
rec_c9064ab822744ea8,Jaecoo J5,Jaecoo J5 EV Indonesia (Search),https://www.facebook.com/search/top?q=jaecoo%20j5%20ev%20indonesia,post_4,post_4_comment_2,post_4,comment,,,,"Jaecoo J5 EV 
 Masa depan dimulai hari ini.",https://www.facebook.com/search/top?q=jaecoo%20j5%20ev%20indonesia,1789640539000,raw_data_all.jsonl,rec_c9064ab822744ea8,False,Jaecoo J5 EV Masa depan dimulai hari ini.,jaecoo j5 ev masa depan dimulai hari ini.,Jaecoo J5,high,explicit_text_alias_strong,False,,,,False,not_relevant,no_adas_keyword,,UNKNOWN,,,,,,,
rec_0b91635d14d88a9a,Jaecoo J5,Jaecoo J5 EV Indonesia (Search),https://www.facebook.com/search/top?q=jaecoo%20j5%20ev%20indonesia,post_4,post_4_comment_3,post_4,comment,,,,"Silent power, bold presence. #JaecooJ5EV… Lihat selengkapnya",https://www.facebook.com/search/top?q=jaecoo%20j5%20ev%20indonesia,1789640540000,raw_data_all.jsonl,rec_0b91635d14d88a9a,False,"Silent power, bold presence. #JaecooJ5EV… Lihat selengkapnya","silent power, bold presence. #jaecooj5ev… lihat selengkapnya",Jaecoo J5,medium,community_context,False,,,,False,not_relevant,no_adas_keyword,,UNKNOWN,,,,,,,
rec_c98385f32cf2e825,Jaecoo J5,Jaecoo J5 EV Indonesia (Search),https://www.facebook.com/search/top?q=jaecoo%20j5%20ev%20indonesia,post_4,post_4_comment_4,post_4,comment,,,,"Bismillah numpang jual om admin
Edisi ingin upgrade mobil EV lagi dan meminimalisir depresiasi
Forsale Jaecoo J5 Premium White
Lihat selengkapnya",https://www.facebook.com/search/top?q=jaecoo%20j5%20ev%20indonesia,1789640540000,raw_data_all.jsonl,rec_c98385f32cf2e825,False,Bismillah numpang jual om admin Edisi ingin upgrade mobil EV lagi dan meminimalisir depresiasi Forsale Jaecoo J5 Premium White Lihat selengkapnya,bismillah numpang jual om admin edisi ingin upgrade mobil ev lagi dan meminimalisir depresiasi forsale jaecoo j5 premium white lihat selengkapnya,Jaecoo J5,high,explicit_text_alias_strong,False,,,,False,not_relevant,no_adas_keyword,,UNKNOWN,,,,,,,
rec_4b5258df57f01eb8,Jaecoo J5,Jaecoo J5 EV Indonesia (Search),https://www.facebook.com/search/top?q=jaecoo%20j5%20ev%20indonesia,post_4,post_4_comment_5,post_4,comment,,,,"Forsale jaecoo j5 ivory grey 2026
Jual cepat ga perlu indent di dealer
Jaecoo j5 ivory gerey 2026
ss stnk, BPKB belum turun (bisa di urus)
Km terakhir 240
Lihat selengkapnya",https://www.facebook.com/search/top?q=jaecoo%20j5%20ev%20indonesia,1789640541000,raw_data_all.jsonl,rec_4b5258df57f01eb8,False,"Forsale jaecoo j5 ivory grey 2026 Jual cepat ga perlu indent di dealer Jaecoo j5 ivory gerey 2026 ss stnk, BPKB belum turun (bisa di urus) Km terakhir 240 Lihat selengkapnya","forsale jaecoo j5 ivory grey 2026 jual cepat ga perlu indent di dealer jaecoo j5 ivory gerey 2026 ss stnk, bpkb belum turun (bisa di urus) km terakhir 240 lihat selengkapnya",Jaecoo J5,high,explicit_text_alias_strong,False,,,,False,not_relevant,no_adas_keyword,,UNKNOWN,,,,,,,
rec_796bc6a73ec13187,Jaecoo J5,Jaecoo J5 EV Indonesia (Search),https://www.facebook.com/search/top?q=jaecoo%20j5%20ev%20indonesia,post_4,post_4_comment_6,post_4,comment,,,,"Ijin menawarkan takeover SPK
Ijin menawarkan Takeover SPK jaecoo J5 premium
Warna Jet Black
Lihat selengkapnya",https://www.facebook.com/search/top?q=jaecoo%20j5%20ev%20indonesia,1789640543000,raw_data_all.jsonl,rec_796bc6a73ec13187,False,Ijin menawarkan takeover SPK Ijin menawarkan Takeover SPK jaecoo J5 premium Warna Jet Black Lihat selengkapnya,ijin menawarkan takeover spk ijin menawarkan takeover spk jaecoo j5 premium warna jet black lihat selengkapnya,Jaecoo J5,high,explicit_text_alias_strong,False,,,,False,not_relevant,no_adas_keyword,,UNKNOWN,,,,,,,
rec_c7943267238a9d38,Jaecoo J5,Jaecoo J5 EV Indonesia (Search),https://www.facebook.com/search/top?q=jaecoo%20j5%20ev%20indonesia,post_4,post_4_comment_7,post_4,comment,,,,"SOLD OUT 
Dijual jaeco j5 ev thn 2026
Sdh terpasang accesoris +- 8 jt an antara lain dashcam depan, karpet premium model mie, anti bocor ban (halston), pelindung bumper depan belakang.
Ada Asuransi sampai tahun depan
Surat surat lengkap… Lihat selengkapnya",https://www.facebook.com/search/top?q=jaecoo%20j5%20ev%20indonesia,1789640544000,raw_data_all.jsonl,rec_c7943267238a9d38,False,"SOLD OUT Dijual jaeco j5 ev thn 2026 Sdh terpasang accesoris +- 8 jt an antara lain dashcam depan, karpet premium model mie, anti bocor ban (halston), pelindung bumper depan belakang. Ada Asuransi sampai tahun depan Surat surat lengkap… Lihat selengkapnya","sold out dijual jaeco j5 ev thn 2026 sdh terpasang accesoris +- 8 jt an antara lain dashcam depan, karpet premium model mie, anti bocor ban (halston), pelindung bumper depan belakang. ada asuransi sampai tahun depan surat surat lengkap… lihat selengkapnya",Jaecoo J5,high,explicit_text_alias_strong,False,,,,False,not_relevant,no_adas_keyword,,UNKNOWN,,,,,,,
rec_ac1afeaf8d0f720f,Jaecoo J5,Jaecoo J5 EV Indonesia (Search),https://www.facebook.com/search/top?q=jaecoo%20j5%20ev%20indonesia,post_4,post_4_comment_8,post_4,comment,,,,SOLD OUT,https://www.facebook.com/search/top?q=jaecoo%20j5%20ev%20indonesia,1789640544000,raw_data_all.jsonl,rec_ac1afeaf8d0f720f,False,SOLD OUT,sold out,Jaecoo J5,medium,community_context,False,,,,False,not_relevant,no_adas_keyword,,UNKNOWN,,,,,,,
rec_1016ac3f1afe4295,Jaecoo J5,Jaecoo J5 EV Indonesia (Search),https://www.facebook.com/search/top?q=jaecoo%20j5%20ev%20indonesia,post_4,post_4_comment_9,post_4,comment,,,,Dijual jaeco j5 ev thn 2026,https://www.facebook.com/search/top?q=jaecoo%20j5%20ev%20indonesia,1789640544000,raw_data_all.jsonl,rec_1016ac3f1afe4295,False,Dijual jaeco j5 ev thn 2026,dijual jaeco j5 ev thn 2026,Jaecoo J5,high,explicit_text_alias_strong,False,,,,False,not_relevant,no_adas_keyword,,UNKNOWN,,,,,,,
rec_5e4d3f16fb7a948d,Jaecoo J5,Jaecoo J5 EV Indonesia (Search),https://www.facebook.com/search/top?q=jaecoo%20j5%20ev%20indonesia,post_4,post_4_comment_10,post_4,comment,,,,"Sdh terpasang accesoris +- 8 jt an antara lain dashcam depan, karpet premium model mie, anti bocor ban (halston), pelindung bumper depan belakang.",https://www.facebook.com/search/top?q=jaecoo%20j5%20ev%20indonesia,1789640544000,raw_data_all.jsonl,rec_5e4d3f16fb7a948d,False,"Sdh terpasang accesoris +- 8 jt an antara lain dashcam depan, karpet premium model mie, anti bocor ban (halston), pelindung bumper depan belakang.","sdh terpasang accesoris +- 8 jt an antara lain dashcam depan, karpet premium model mie, anti bocor ban (halston), pelindung bumper depan belakang.",Jaecoo J5,medium,community_context,False,,,,False,not_relevant,no_adas_keyword,,UNKNOWN,,,,,,,
rec_1e30c50b2bfdc48f,Jaecoo J5,Jaecoo J5 EV Indonesia (Search),https://www.facebook.com/search/top?q=jaecoo%20j5%20ev%20indonesia,post_4,post_4_comment_11,post_4,comment,,,,Ada Asuransi sampai tahun depan,https://www.facebook.com/search/top?q=jaecoo%20j5%20ev%20indonesia,1789640544000,raw_data_all.jsonl,rec_1e30c50b2bfdc48f,False,Ada Asuransi sampai tahun depan,ada asuransi sampai tahun depan,Jaecoo J5,medium,community_context,False,,,,False,not_relevant,no_adas_keyword,,UNKNOWN,,,,,,,
rec_540eeb91a4e34998,Jaecoo J5,Jaecoo J5 EV Indonesia (Search),https://www.facebook.com/search/top?q=jaecoo%20j5%20ev%20indonesia,post_4,post_4_comment_12,post_4,comment,,,,Surat surat lengkap… Lihat selengkapnya,https://www.facebook.com/search/top?q=jaecoo%20j5%20ev%20indonesia,1789640544000,raw_data_all.jsonl,rec_540eeb91a4e34998,False,Surat surat lengkap… Lihat selengkapnya,surat surat lengkap… lihat selengkapnya,Jaecoo J5,medium,community_context,False,,,,False,not_relevant,no_adas_keyword,,UNKNOWN,,,,,,,
rec_60ae14b185e3163c,Jaecoo J5,Jaecoo J5 EV Indonesia (Search),https://www.facebook.com/search/top?q=jaecoo%20j5%20ev%20indonesia,post_4,post_4_comment_13,post_4,comment,,,,"Berbagi Pengalaman mengunakan Jaecoo J5 EV Premium. 
Sabtu 12 Sept 2026, pukul 15.30 WIB mencoba mengendarai dari Jakarta - Bandung. (Setelah turun service pertama)
Start Kalibata (Jakarta) - Finish Hotel Ibis Styles Grand Central (Bandung) tanpa berhenti. (Melalui MBZ)… Lihat selengkapnya",https://www.facebook.com/search/top?q=jaecoo%20j5%20ev%20indonesia,1789640546000,raw_data_all.jsonl,rec_60ae14b185e3163c,False,"Berbagi Pengalaman mengunakan Jaecoo J5 EV Premium. Sabtu 12 Sept 2026, pukul 15.30 WIB mencoba mengendarai dari Jakarta - Bandung. (Setelah turun service pertama) Start Kalibata (Jakarta) - Finish Hotel Ibis Styles Grand Central (Bandung) tanpa berhenti. (Melalui MBZ)… Lihat selengkapnya","berbagi pengalaman mengunakan jaecoo j5 ev premium. sabtu 12 sept 2026, pukul 15.30 wib mencoba mengendarai dari jakarta - bandung. (setelah turun service pertama) start kalibata (jakarta) - finish hotel ibis styles grand central (bandung) tanpa berhenti. (melalui mbz)… lihat selengkapnya",Jaecoo J5,high,explicit_text_alias_strong,False,,,,False,not_relevant,no_adas_keyword,,UNKNOWN,,,,,,,
rec_a7239ea81bff887f,Jaecoo J5,Jaecoo J5 EV Indonesia (Search),https://www.facebook.com/search/top?q=jaecoo%20j5%20ev%20indonesia,post_4,post_4_comment_14,post_4,comment,,,,Berbagi Pengalaman mengunakan Jaecoo J5 EV Premium.,https://www.facebook.com/search/top?q=jaecoo%20j5%20ev%20indonesia,1789640546000,raw_data_all.jsonl,rec_a7239ea81bff887f,False,Berbagi Pengalaman mengunakan Jaecoo J5 EV Premium.,berbagi pengalaman mengunakan jaecoo j5 ev premium.,Jaecoo J5,high,explicit_text_alias_strong,False,,,,False,not_relevant,no_adas_keyword,,UNKNOWN,,,,,,,
rec_668607e64c04343d,Jaecoo J5,Jaecoo J5 EV Indonesia (Search),https://www.facebook.com/search/top?q=jaecoo%20j5%20ev%20indonesia,post_4,post_4_comment_15,post_4,comment,,,,"Sabtu 12 Sept 2026, pukul 15.30 WIB mencoba mengendarai dari Jakarta - Bandung. (Setelah turun service pertama)",https://www.facebook.com/search/top?q=jaecoo%20j5%20ev%20indonesia,1789640546000,raw_data_all.jsonl,rec_668607e64c04343d,False,"Sabtu 12 Sept 2026, pukul 15.30 WIB mencoba mengendarai dari Jakarta - Bandung. (Setelah turun service pertama)","sabtu 12 sept 2026, pukul 15.30 wib mencoba mengendarai dari jakarta - bandung. (setelah turun service pertama)",Jaecoo J5,medium,community_context,False,,,,False,not_relevant,no_adas_keyword,,UNKNOWN,,,,,,,
rec_7855d50664889891,Jaecoo J5,Jaecoo J5 EV Indonesia (Search),https://www.facebook.com/search/top?q=jaecoo%20j5%20ev%20indonesia,post_4,post_4_comment_16,post_4,comment,,,,Start Kalibata (Jakarta) - Finish Hotel Ibis Styles Grand Central (Bandung) tanpa berhenti. (Melalui MBZ)… Lihat selengkapnya,https://www.facebook.com/search/top?q=jaecoo%20j5%20ev%20indonesia,1789640546000,raw_data_all.jsonl,rec_7855d50664889891,False,Start Kalibata (Jakarta) - Finish Hotel Ibis Styles Grand Central (Bandung) tanpa berhenti. (Melalui MBZ)… Lihat selengkapnya,start kalibata (jakarta) - finish hotel ibis styles grand central (bandung) tanpa berhenti. (melalui mbz)… lihat selengkapnya,Jaecoo J5,medium,community_context,False,,,,False,not_relevant,no_adas_keyword,,UNKNOWN,,,,,,,
rec_ed1046eb2ebf6d3a,Jaecoo J5,Jaecoo J5 EV Indonesia (Search),https://www.facebook.com/search/top?q=jaecoo%20j5%20ev%20indonesia,post_4,post_4_comment_17,post_4,comment,,,,"#wts
Jual jaecoo j5 ev premium
Warna putih, ga jadi pake buat daily kepincut ev lain, … Lihat selengkapnya",https://www.facebook.com/search/top?q=jaecoo%20j5%20ev%20indonesia,1789640548000,raw_data_all.jsonl,rec_ed1046eb2ebf6d3a,False,"#wts Jual jaecoo j5 ev premium Warna putih, ga jadi pake buat daily kepincut ev lain, … Lihat selengkapnya","#wts jual jaecoo j5 ev premium warna putih, ga jadi pake buat daily kepincut ev lain, … lihat selengkapnya",Jaecoo J5,high,explicit_text_alias_strong,False,,,,False,not_relevant,no_adas_keyword,,UNKNOWN,,,,,,,
rec_6e4da7e015fd920d,Jaecoo J5,Jaecoo J5 EV Indonesia (Search),https://www.facebook.com/search/top?q=jaecoo%20j5%20ev%20indonesia,post_4,post_4_comment_18,post_4,comment,,,,Jual jaecoo j5 ev premium,https://www.facebook.com/search/top?q=jaecoo%20j5%20ev%20indonesia,1789640548000,raw_data_all.jsonl,rec_6e4da7e015fd920d,False,Jual jaecoo j5 ev premium,jual jaecoo j5 ev premium,Jaecoo J5,high,explicit_text_alias_strong,False,,,,False,not_relevant,no_adas_keyword,,UNKNOWN,,,,,,,
rec_42e5dc2b40283ed0,Jaecoo J5,Jaecoo J5 EV Indonesia (Search),https://www.facebook.com/search/top?q=jaecoo%20j5%20ev%20indonesia,post_4,post_4_comment_19,post_4,comment,,,,"Warna putih, ga jadi pake buat daily kepincut ev lain, … Lihat selengkapnya",https://www.facebook.com/search/top?q=jaecoo%20j5%20ev%20indonesia,1789640548000,raw_data_all.jsonl,rec_42e5dc2b40283ed0,False,"Warna putih, ga jadi pake buat daily kepincut ev lain, … Lihat selengkapnya","warna putih, ga jadi pake buat daily kepincut ev lain, … lihat selengkapnya",Jaecoo J5,medium,community_context,False,,,,False,not_relevant,no_adas_keyword,,UNKNOWN,,,,,,,
rec_3bda207068b80c94,Jaecoo J5,Jaecoo J5 EV Indonesia (Search),https://www.facebook.com/search/top?q=jaecoo%20j5%20ev%20indonesia,post_4,post_4_comment_20,post_4,comment,,,,"JAECOO J5 EV – The Real SUV! 
… Lihat selengkapnya",https://www.facebook.com/search/top?q=jaecoo%20j5%20ev%20indonesia,1789640549000,raw_data_all.jsonl,rec_3bda207068b80c94,False,JAECOO J5 EV – The Real SUV! … Lihat selengkapnya,jaecoo j5 ev – the real suv! … lihat selengkapnya,Jaecoo J5,high,explicit_text_alias_strong,False,,,,False,not_relevant,no_adas_keyword,,UNKNOWN,,,,,,,
rec_3e79e726c1e3bd67,Jaecoo J5,Jaecoo J5 EV Indonesia (Search),https://www.facebook.com/search/top?q=jaecoo%20j5%20ev%20indonesia,post_4,post_4_comment_21,post_4,comment,,,,"Butuh JAECOO J5 EV PREMIUM lebih cepat? Melayani seluruh Indonesia. Hubungi segera, sebelum harga naik!… Lihat selengkapnya",https://www.facebook.com/search/top?q=jaecoo%20j5%20ev%20indonesia,1789640551000,raw_data_all.jsonl,rec_3e79e726c1e3bd67,False,"Butuh JAECOO J5 EV PREMIUM lebih cepat? Melayani seluruh Indonesia. Hubungi segera, sebelum harga naik!… Lihat selengkapnya","butuh jaecoo j5 ev premium lebih cepat? melayani seluruh indonesia. hubungi segera, sebelum harga naik!… lihat selengkapnya",Jaecoo J5,high,explicit_text_alias_strong,False,,,,False,not_relevant,no_adas_keyword,,UNKNOWN,,,,,,,
rec_fec8d0f973258b79,Jaecoo J5,Jaecoo J5 EV Indonesia (Search),https://www.facebook.com/search/top?q=jaecoo%20j5%20ev%20indonesia,post_4,post_4_comment_22,post_4,comment,,,,"PROMO LOVE JAECOO J5 TUKER TAMBAH VELG CUMA 500 RIBU AN AJA GAESS BEBAS PILIH MODEL 
I… Lihat selengkapnya",https://www.facebook.com/search/top?q=jaecoo%20j5%20ev%20indonesia,1789640553000,raw_data_all.jsonl,rec_fec8d0f973258b79,False,PROMO LOVE JAECOO J5 TUKER TAMBAH VELG CUMA 500 RIBU AN AJA GAESS BEBAS PILIH MODEL I… Lihat selengkapnya,promo love jaecoo j5 tuker tambah velg cuma 500 ribu an aja gaess bebas pilih model i… lihat selengkapnya,Jaecoo J5,high,explicit_text_alias_strong,False,,,,False,not_relevant,no_adas_keyword,,UNKNOWN,,,,,,,
rec_cbd24cbec8503371,Jaecoo J5,Jaecoo J5 EV Indonesia (Search),https://www.facebook.com/search/top?q=jaecoo%20j5%20ev%20indonesia,post_4,post_4_comment_23,post_4,comment,,,,PROMO LOVE JAECOO J5 TUKER TAMBAH VELG CUMA 500 RIBU AN AJA GAESS BEBAS PILIH MODEL,https://www.facebook.com/search/top?q=jaecoo%20j5%20ev%20indonesia,1789640553000,raw_data_all.jsonl,rec_cbd24cbec8503371,False,PROMO LOVE JAECOO J5 TUKER TAMBAH VELG CUMA 500 RIBU AN AJA GAESS BEBAS PILIH MODEL,promo love jaecoo j5 tuker tambah velg cuma 500 ribu an aja gaess bebas pilih model,Jaecoo J5,high,explicit_text_alias_strong,False,,,,False,not_relevant,no_adas_keyword,,UNKNOWN,,,,,,,
rec_30902cb2c2395e85,Jaecoo J5,Jaecoo J5 EV Indonesia (Search),https://www.facebook.com/search/top?q=jaecoo%20j5%20ev%20indonesia,post_4,post_4_comment_24,post_4,comment,,,,I… Lihat selengkapnya,https://www.facebook.com/search/top?q=jaecoo%20j5%20ev%20indonesia,1789640553000,raw_data_all.jsonl,rec_30902cb2c2395e85,False,I… Lihat selengkapnya,i… lihat selengkapnya,Jaecoo J5,medium,community_context,False,,,,False,not_relevant,no_adas_keyword,,UNKNOWN,,,,,,,
rec_a175aca8f77f89e5,Jaecoo J5,Jaecoo J5 EV Indonesia (Search),https://www.facebook.com/search/top?q=jaecoo%20j5%20ev%20indonesia,post_4,post_4_comment_25,post_4,comment,,,,"●●●●●●●●●●●●●●●
Setelah serah terima pada 17 Februari 2026, berikut beberapa hal yang sudah saya lakukan untuk J5:… Lihat selengkapnya",https://www.facebook.com/search/top?q=jaecoo%20j5%20ev%20indonesia,1789640553000,raw_data_all.jsonl,rec_a175aca8f77f89e5,False,"●●●●●●●●●●●●●●● Setelah serah terima pada 17 Februari 2026, berikut beberapa hal yang sudah saya lakukan untuk J5:… Lihat selengkapnya","●●●●●●●●●●●●●●● setelah serah terima pada 17 februari 2026, berikut beberapa hal yang sudah saya lakukan untuk j5:… lihat selengkapnya",Jaecoo J5,high,explicit_text_alias_strong,False,,,,False,not_relevant,no_adas_keyword,,UNKNOWN,,,,,,,
rec_39f272615a2fe289,Jaecoo J5,Jaecoo J5 EV Indonesia (Search),https://www.facebook.com/search/top?q=jaecoo%20j5%20ev%20indonesia,post_4,post_4_comment_26,post_4,comment,,,,●●●●●●●●●●●●●●●,https://www.facebook.com/search/top?q=jaecoo%20j5%20ev%20indonesia,1789640553000,raw_data_all.jsonl,rec_39f272615a2fe289,False,●●●●●●●●●●●●●●●,●●●●●●●●●●●●●●●,Jaecoo J5,medium,community_context,False,,,,False,not_relevant,no_adas_keyword,,UNKNOWN,,,,,,,
rec_1a843d9bea9d3a12,Jaecoo J5,Jaecoo J5 EV Indonesia (Search),https://www.facebook.com/search/top?q=jaecoo%20j5%20ev%20indonesia,post_4,post_4_comment_27,post_4,comment,,,,"Setelah serah terima pada 17 Februari 2026, berikut beberapa hal yang sudah saya lakukan untuk J5:… Lihat selengkapnya",https://www.facebook.com/search/top?q=jaecoo%20j5%20ev%20indonesia,1789640553000,raw_data_all.jsonl,rec_1a843d9bea9d3a12,False,"Setelah serah terima pada 17 Februari 2026, berikut beberapa hal yang sudah saya lakukan untuk J5:… Lihat selengkapnya","setelah serah terima pada 17 februari 2026, berikut beberapa hal yang sudah saya lakukan untuk j5:… lihat selengkapnya",Jaecoo J5,high,explicit_text_alias_strong,False,,,,False,not_relevant,no_adas_keyword,,UNKNOWN,,,,,,,
rec_e755f047ae8010e6,Jaecoo J5,Jaecoo J5 EV Indonesia (Search),https://www.facebook.com/search/top?q=jaecoo%20j5%20ev%20indonesia,post_4,post_4_comment_28,post_4,comment,,,,"Jaecoo J5 EV Premium 
 VIN 2026
IDR 309.900.000 Promise Delivery … Lihat selengkapnya",https://www.facebook.com/search/top?q=jaecoo%20j5%20ev%20indonesia,1789640554000,raw_data_all.jsonl,rec_e755f047ae8010e6,False,Jaecoo J5 EV Premium VIN 2026 IDR 309.900.000 Promise Delivery … Lihat selengkapnya,jaecoo j5 ev premium vin 2026 idr 309.900.000 promise delivery … lihat selengkapnya,Jaecoo J5,high,explicit_text_alias_strong,False,,,,False,not_relevant,no_adas_keyword,,UNKNOWN,,,,,,,
rec_dcdbd71eb6a50016,Jaecoo J5,Jaecoo J5 EV Indonesia (Search),https://www.facebook.com/search/top?q=jaecoo%20j5%20ev%20indonesia,post_4,post_4_comment_29,post_4,comment,,,,"Jaecoo J5 EV Premium 
 VIN 2026",https://www.facebook.com/search/top?q=jaecoo%20j5%20ev%20indonesia,1789640554000,raw_data_all.jsonl,rec_dcdbd71eb6a50016,False,Jaecoo J5 EV Premium VIN 2026,jaecoo j5 ev premium vin 2026,Jaecoo J5,high,explicit_text_alias_strong,False,,,,False,not_relevant,no_adas_keyword,,UNKNOWN,,,,,,,
rec_944c734cae93ab9c,Jaecoo J5,Jaecoo J5 EV Indonesia (Search),https://www.facebook.com/search/top?q=jaecoo%20j5%20ev%20indonesia,post_4,post_4_comment_30,post_4,comment,,,,IDR 309.900.000 Promise Delivery … Lihat selengkapnya,https://www.facebook.com/search/top?q=jaecoo%20j5%20ev%20indonesia,1789640554000,raw_data_all.jsonl,rec_944c734cae93ab9c,False,IDR 309.900.000 Promise Delivery … Lihat selengkapnya,idr 309.900.000 promise delivery … lihat selengkapnya,Jaecoo J5,medium,community_context,False,,,,False,not_relevant,no_adas_keyword,,UNKNOWN,,,,,,,
rec_ef3f1a60f6342731,Jaecoo J5,Jaecoo J5 EV Indonesia (Search),https://www.facebook.com/search/top?q=jaecoo%20j5%20ev%20indonesia,post_4,post_4_comment_31,post_4,comment,,,,"JANGAN CUMA LIHAT, LANGSUNG AMBIL! 
… Lihat selengkapnya",https://www.facebook.com/search/top?q=jaecoo%20j5%20ev%20indonesia,1789640556000,raw_data_all.jsonl,rec_ef3f1a60f6342731,False,"JANGAN CUMA LIHAT, LANGSUNG AMBIL! … Lihat selengkapnya","jangan cuma lihat, langsung ambil! … lihat selengkapnya",Jaecoo J5,medium,community_context,False,,,,False,not_relevant,no_adas_keyword,,UNKNOWN,,,,,,,
rec_4e61776dfb997101,Jaecoo J5,Jaecoo J5 EV Indonesia (Search),https://www.facebook.com/search/top?q=jaecoo%20j5%20ev%20indonesia,post_4,post_4_comment_32,post_4,comment,,,,"JANGAN CUMA LIHAT, LANGSUNG AMBIL!",https://www.facebook.com/search/top?q=jaecoo%20j5%20ev%20indonesia,1789640556000,raw_data_all.jsonl,rec_4e61776dfb997101,False,"JANGAN CUMA LIHAT, LANGSUNG AMBIL!","jangan cuma lihat, langsung ambil!",Jaecoo J5,medium,community_context,False,,,,False,not_relevant,no_adas_keyword,,UNKNOWN,,,,,,,
rec_2fd6ddfd1fe5d4b8,Jaecoo J5,Jaecoo J5 EV Indonesia (Search),https://www.facebook.com/search/top?q=jaecoo%20j5%20ev%20indonesia,post_4,post_4_comment_33,post_4,comment,,,,… Lihat selengkapnya,https://www.facebook.com/search/top?q=jaecoo%20j5%20ev%20indonesia,1789640556000,raw_data_all.jsonl,rec_2fd6ddfd1fe5d4b8,False,… Lihat selengkapnya,… lihat selengkapnya,Jaecoo J5,medium,community_context,False,,,,False,not_relevant,no_adas_keyword,,UNKNOWN,,,,,,,
rec_9669d35f236616d9,Jaecoo J5,Jaecoo J5 EV Indonesia (Search),https://www.facebook.com/search/top?q=jaecoo%20j5%20ev%20indonesia,post_4,post_4_comment_34,post_4,comment,,,,"izin ACC mas admin
---… Lihat selengkapnya",https://www.facebook.com/search/top?q=jaecoo%20j5%20ev%20indonesia,1789640558000,raw_data_all.jsonl,rec_9669d35f236616d9,False,izin ACC mas admin ---… Lihat selengkapnya,izin acc mas admin ---… lihat selengkapnya,Jaecoo J5,medium,community_context,False,ACC,layer_a_feature_names,,False,not_relevant,admin_approval_marketplace_noise,,UNKNOWN,,,,,,,
rec_a47f8550507ad021,Jaecoo J5,Jaecoo J5 EV Indonesia (Search),https://www.facebook.com/search/top?q=jaecoo%20j5%20ev%20indonesia,post_4,post_4_comment_35,post_4,comment,,,,izin ACC mas admin,https://www.facebook.com/search/top?q=jaecoo%20j5%20ev%20indonesia,1789640558000,raw_data_all.jsonl,rec_a47f8550507ad021,False,izin ACC mas admin,izin acc mas admin,Jaecoo J5,medium,community_context,False,ACC,layer_a_feature_names,,False,not_relevant,admin_approval_marketplace_noise,,UNKNOWN,,,,,,,
rec_204ffc4a622115ed,Jaecoo J5,Jaecoo J5 EV Indonesia (Search),https://www.facebook.com/search/top?q=jaecoo%20j5%20ev%20indonesia,post_4,post_4_comment_36,post_4,comment,,,,---… Lihat selengkapnya,https://www.facebook.com/search/top?q=jaecoo%20j5%20ev%20indonesia,1789640558000,raw_data_all.jsonl,rec_204ffc4a622115ed,False,---… Lihat selengkapnya,---… lihat selengkapnya,Jaecoo J5,medium,community_context,False,,,,False,not_relevant,no_adas_keyword,,UNKNOWN,,,,,,,
rec_7b48daa6825f2d3e,Jaecoo J5,Jaecoo J5 EV Indonesia (Search),https://www.facebook.com/search/top?q=jaecoo%20j5%20ev%20indonesia,post_4,post_4_comment_37,post_4,comment,,,,"BEKAS RASA BARU, GAK PERLU INDEN!! KM 2.700 PERAK!!
Jaecoo J5 EV PREMIUM 2026 Hitam [ Type tertinggi ]
KM ANTIK 2.700 PERAK !!
Plat B [ Jaksel ]
Tangan 1 dari baru nama perorangan
Lihat selengkapnya",https://www.facebook.com/search/top?q=jaecoo%20j5%20ev%20indonesia,1789640559000,raw_data_all.jsonl,rec_7b48daa6825f2d3e,False,"BEKAS RASA BARU, GAK PERLU INDEN!! KM 2.700 PERAK!! Jaecoo J5 EV PREMIUM 2026 Hitam [ Type tertinggi ] KM ANTIK 2.700 PERAK !! Plat B [ Jaksel ] Tangan 1 dari baru nama perorangan Lihat selengkapnya","bekas rasa baru, gak perlu inden!! km 2.700 perak!! jaecoo j5 ev premium 2026 hitam [ type tertinggi ] km antik 2.700 perak !! plat b [ jaksel ] tangan 1 dari baru nama perorangan lihat selengkapnya",Jaecoo J5,high,explicit_text_alias_strong,False,,,,False,not_relevant,no_adas_keyword,,UNKNOWN,,,,,,,
rec_2b33b76df7928a82,Jaecoo J5,Jaecoo J5 EV Indonesia (Search),https://www.facebook.com/search/top?q=jaecoo%20j5%20ev%20indonesia,post_4,post_4_comment_38,post_4,comment,,,,"JAECOO J5 EV - ELECTRIC SUV NO.1 DI INDONESIA!
… Lihat selengkapnya",https://www.facebook.com/search/top?q=jaecoo%20j5%20ev%20indonesia,1789640559000,raw_data_all.jsonl,rec_2b33b76df7928a82,False,JAECOO J5 EV - ELECTRIC SUV NO.1 DI INDONESIA! … Lihat selengkapnya,jaecoo j5 ev - electric suv no.1 di indonesia! … lihat selengkapnya,Jaecoo J5,high,explicit_text_alias_strong,False,,,,False,not_relevant,no_adas_keyword,,UNKNOWN,,,,,,,
rec_b26843b454a71744,Jaecoo J5,Jaecoo J5 EV Indonesia (Search),https://www.facebook.com/search/top?q=jaecoo%20j5%20ev%20indonesia,post_4,post_4_comment_39,post_4,comment,,,,"KARPET MOBIL JAECOO J5 EV 5D TPE PREMIUM 
1… Lihat selengkapnya",https://www.facebook.com/search/top?q=jaecoo%20j5%20ev%20indonesia,1789640561000,raw_data_all.jsonl,rec_b26843b454a71744,False,KARPET MOBIL JAECOO J5 EV 5D TPE PREMIUM 1… Lihat selengkapnya,karpet mobil jaecoo j5 ev 5d tpe premium 1… lihat selengkapnya,Jaecoo J5,high,explicit_text_alias_strong,False,,,,False,not_relevant,no_adas_keyword,,UNKNOWN,,,,,,,
rec_5dbc449ec65dc1e4,Jaecoo J5,Jaecoo J5 EV Indonesia (Search),https://www.facebook.com/search/top?q=jaecoo%20j5%20ev%20indonesia,post_4,post_4_comment_40,post_4,comment,,,,KARPET MOBIL JAECOO J5 EV 5D TPE PREMIUM,https://www.facebook.com/search/top?q=jaecoo%20j5%20ev%20indonesia,1789640561000,raw_data_all.jsonl,rec_5dbc449ec65dc1e4,False,KARPET MOBIL JAECOO J5 EV 5D TPE PREMIUM,karpet mobil jaecoo j5 ev 5d tpe premium,Jaecoo J5,high,explicit_text_alias_strong,False,,,,False,not_relevant,no_adas_keyword,,UNKNOWN,,,,,,,
rec_ee4b4825a9f9aef4,Jaecoo J5,Jaecoo J5 EV Indonesia (Search),https://www.facebook.com/search/top?q=jaecoo%20j5%20ev%20indonesia,post_4,post_4_comment_41,post_4,comment,,,,1… Lihat selengkapnya,https://www.facebook.com/search/top?q=jaecoo%20j5%20ev%20indonesia,1789640561000,raw_data_all.jsonl,rec_ee4b4825a9f9aef4,False,1… Lihat selengkapnya,1… lihat selengkapnya,Jaecoo J5,medium,community_context,False,,,,False,not_relevant,no_adas_keyword,,UNKNOWN,,,,,,,
rec_93e46b32efc0eb75,Jaecoo J5,Jaecoo J5 EV Indonesia (Search),https://www.facebook.com/search/top?q=jaecoo%20j5%20ev%20indonesia,post_4,post_4_comment_42,post_4,comment,,,,"[CASH] JUAL CEPAT NO INDENT JAECOO J5 PREMIUM 2025 LONG RANGE
.… Lihat selengkapnya",https://www.facebook.com/search/top?q=jaecoo%20j5%20ev%20indonesia,1789640563000,raw_data_all.jsonl,rec_93e46b32efc0eb75,False,[CASH] JUAL CEPAT NO INDENT JAECOO J5 PREMIUM 2025 LONG RANGE .… Lihat selengkapnya,[cash] jual cepat no indent jaecoo j5 premium 2025 long range .… lihat selengkapnya,Jaecoo J5,high,explicit_text_alias_strong,False,,,,False,not_relevant,no_adas_keyword,,UNKNOWN,,,,,,,
rec_581f42dd37d9ecfc,Jaecoo J5,Jaecoo J5 EV Indonesia (Search),https://www.facebook.com/search/top?q=jaecoo%20j5%20ev%20indonesia,post_4,post_4_comment_43,post_4,comment,,,,[CASH] JUAL CEPAT NO INDENT JAECOO J5 PREMIUM 2025 LONG RANGE,https://www.facebook.com/search/top?q=jaecoo%20j5%20ev%20indonesia,1789640563000,raw_data_all.jsonl,rec_581f42dd37d9ecfc,False,[CASH] JUAL CEPAT NO INDENT JAECOO J5 PREMIUM 2025 LONG RANGE,[cash] jual cepat no indent jaecoo j5 premium 2025 long range,Jaecoo J5,high,explicit_text_alias_strong,False,,,,False,not_relevant,no_adas_keyword,,UNKNOWN,,,,,,,
rec_ce14bd6053775cf3,Jaecoo J5,Jaecoo J5 EV Indonesia (Search),https://www.facebook.com/search/top?q=jaecoo%20j5%20ev%20indonesia,post_4,post_4_comment_44,post_4,comment,,,,.… Lihat selengkapnya,https://www.facebook.com/search/top?q=jaecoo%20j5%20ev%20indonesia,1789640563000,raw_data_all.jsonl,rec_ce14bd6053775cf3,False,.… Lihat selengkapnya,.… lihat selengkapnya,Jaecoo J5,medium,community_context,False,,,,False,not_relevant,no_adas_keyword,,UNKNOWN,,,,,,,
rec_01db58c89e3e9cc5,Jaecoo J5,Jaecoo J5 EV Indonesia (Search),https://www.facebook.com/search/top?q=jaecoo%20j5%20ev%20indonesia,post_4,post_4_comment_45,post_4,comment,,,,"JAECOO J5 EV Premium 
OTR : 319.900.000 (Plat B)… Lihat selengkapnya",https://www.facebook.com/search/top?q=jaecoo%20j5%20ev%20indonesia,1789640564000,raw_data_all.jsonl,rec_01db58c89e3e9cc5,False,JAECOO J5 EV Premium OTR : 319.900.000 (Plat B)… Lihat selengkapnya,jaecoo j5 ev premium otr : 319.900.000 (plat b)… lihat selengkapnya,Jaecoo J5,high,explicit_text_alias_strong,False,,,,False,not_relevant,no_adas_keyword,,UNKNOWN,,,,,,,
rec_f63cd66022cd7dc7,Jaecoo J5,Jaecoo J5 EV Indonesia (Search),https://www.facebook.com/search/top?q=jaecoo%20j5%20ev%20indonesia,post_4,post_4_comment_46,post_4,comment,,,,JAECOO J5 EV Premium,https://www.facebook.com/search/top?q=jaecoo%20j5%20ev%20indonesia,1789640564000,raw_data_all.jsonl,rec_f63cd66022cd7dc7,False,JAECOO J5 EV Premium,jaecoo j5 ev premium,Jaecoo J5,high,explicit_text_alias_strong,False,,,,False,not_relevant,no_adas_keyword,,UNKNOWN,,,,,,,
rec_d688e3f28cea9a34,Jaecoo J5,Jaecoo J5 EV Indonesia (Search),https://www.facebook.com/search/top?q=jaecoo%20j5%20ev%20indonesia,post_4,post_4_comment_47,post_4,comment,,,,OTR : 319.900.000 (Plat B)… Lihat selengkapnya,https://www.facebook.com/search/top?q=jaecoo%20j5%20ev%20indonesia,1789640564000,raw_data_all.jsonl,rec_d688e3f28cea9a34,False,OTR : 319.900.000 (Plat B)… Lihat selengkapnya,otr : 319.900.000 (plat b)… lihat selengkapnya,Jaecoo J5,medium,community_context,False,,,,False,not_relevant,no_adas_keyword,,UNKNOWN,,,,,,,
rec_e25378422f709e8e,Jaecoo J5,Jaecoo J5 EV Indonesia (Search),https://www.facebook.com/search/top?q=jaecoo%20j5%20ev%20indonesia,post_4,post_4_comment_48,post_4,comment,,,,"Dijual jaeco j5 ev thn 2026
Sdh terpasang accesoris +- 8 jt an antara lain dashcam depan, karpet premium model mie, anti bocor ban (halston), pelindung bumper depan belakang.
Ada Asuransi sampai tahun depan
Surat surat lengkap… Lihat selengkapnya",https://www.facebook.com/search/top?q=jaecoo%20j5%20ev%20indonesia,1789640566000,raw_data_all.jsonl,rec_e25378422f709e8e,False,"Dijual jaeco j5 ev thn 2026 Sdh terpasang accesoris +- 8 jt an antara lain dashcam depan, karpet premium model mie, anti bocor ban (halston), pelindung bumper depan belakang. Ada Asuransi sampai tahun depan Surat surat lengkap… Lihat selengkapnya","dijual jaeco j5 ev thn 2026 sdh terpasang accesoris +- 8 jt an antara lain dashcam depan, karpet premium model mie, anti bocor ban (halston), pelindung bumper depan belakang. ada asuransi sampai tahun depan surat surat lengkap… lihat selengkapnya",Jaecoo J5,high,explicit_text_alias_strong,False,,,,False,not_relevant,no_adas_keyword,,UNKNOWN,,,,,,,
rec_edccf6b5087ca46e,Jaecoo J5,Jaecoo J5 EV Indonesia (Search),https://www.facebook.com/search/top?q=jaecoo%20j5%20ev%20indonesia,post_4,post_4_comment_49,post_4,comment,,,,"Plat B ngecas di Semarang, ownernya ninggal mobil ga ninggalin nomer hape ke security.. pdhl sdh penuh... di Semarang SPKLU tdk sebanyak di Jakarta... 
kasihan yg antri… Lihat selengkapnya",https://www.facebook.com/search/top?q=jaecoo%20j5%20ev%20indonesia,1789640570000,raw_data_all.jsonl,rec_edccf6b5087ca46e,False,"Plat B ngecas di Semarang, ownernya ninggal mobil ga ninggalin nomer hape ke security.. pdhl sdh penuh... di Semarang SPKLU tdk sebanyak di Jakarta... kasihan yg antri… Lihat selengkapnya","plat b ngecas di semarang, ownernya ninggal mobil ga ninggalin nomer hape ke security.. pdhl sdh penuh... di semarang spklu tdk sebanyak di jakarta... kasihan yg antri… lihat selengkapnya",Jaecoo J5,medium,community_context,False,,,,False,not_relevant,no_adas_keyword,,UNKNOWN,,,,,,,
rec_21c6ed3fe6a248c8,Jaecoo J5,Jaecoo J5 EV Indonesia (Search),https://www.facebook.com/search/top?q=jaecoo%20j5%20ev%20indonesia,post_4,post_4_comment_50,post_4,comment,,,,"Plat B ngecas di Semarang, ownernya ninggal mobil ga ninggalin nomer hape ke security.. pdhl sdh penuh... di Semarang SPKLU tdk sebanyak di Jakarta...",https://www.facebook.com/search/top?q=jaecoo%20j5%20ev%20indonesia,1789640570000,raw_data_all.jsonl,rec_21c6ed3fe6a248c8,False,"Plat B ngecas di Semarang, ownernya ninggal mobil ga ninggalin nomer hape ke security.. pdhl sdh penuh... di Semarang SPKLU tdk sebanyak di Jakarta...","plat b ngecas di semarang, ownernya ninggal mobil ga ninggalin nomer hape ke security.. pdhl sdh penuh... di semarang spklu tdk sebanyak di jakarta...",Jaecoo J5,medium,community_context,False,,,,False,not_relevant,no_adas_keyword,,UNKNOWN,,,,,,,
rec_d7b35abe8d87800d,Jaecoo J5,Jaecoo J5 EV Indonesia (Search),https://www.facebook.com/search/top?q=jaecoo%20j5%20ev%20indonesia,post_4,post_4_comment_51,post_4,comment,,,,kasihan yg antri… Lihat selengkapnya,https://www.facebook.com/search/top?q=jaecoo%20j5%20ev%20indonesia,1789640570000,raw_data_all.jsonl,rec_d7b35abe8d87800d,False,kasihan yg antri… Lihat selengkapnya,kasihan yg antri… lihat selengkapnya,Jaecoo J5,medium,community_context,False,,,,False,not_relevant,no_adas_keyword,,UNKNOWN,,,,,,,
rec_11acecfd820350e4,Jaecoo J5,Jaecoo J5 EV Indonesia (Search),https://www.facebook.com/search/top?q=jaecoo%20j5%20ev%20indonesia,post_4,post_4_comment_52,post_4,comment,,,,"Jaecoo J5 EV  menjadi salah satu mobil listrik terlaris di Indonesia, bahkan  berada di posisi nomor satu untuk penjualan model EV pada periode di 2026. 
 Jaecoo J5 EV di Indonesia
 J5 EV menjadi mobil listrik terlaris di Indonesia dengan distribusi sekitar 2.959 unit. 
Penjualan sebelumnya juga tinggi:… Lihat selengkapnya",https://www.facebook.com/search/top?q=jaecoo%20j5%20ev%20indonesia,1789640570000,raw_data_all.jsonl,rec_11acecfd820350e4,False,"Jaecoo J5 EV menjadi salah satu mobil listrik terlaris di Indonesia, bahkan berada di posisi nomor satu untuk penjualan model EV pada periode di 2026. Jaecoo J5 EV di Indonesia J5 EV menjadi mobil listrik terlaris di Indonesia dengan distribusi sekitar 2.959 unit. Penjualan sebelumnya juga tinggi:… Lihat selengkapnya","jaecoo j5 ev menjadi salah satu mobil listrik terlaris di indonesia, bahkan berada di posisi nomor satu untuk penjualan model ev pada periode di 2026. jaecoo j5 ev di indonesia j5 ev menjadi mobil listrik terlaris di indonesia dengan distribusi sekitar 2.959 unit. penjualan sebelumnya juga tinggi:… lihat selengkapnya",Jaecoo J5,high,explicit_text_alias_strong,False,,,,False,not_relevant,no_adas_keyword,,UNKNOWN,,,,,,,
rec_c461d56150bc7cf9,Jaecoo J5,Jaecoo J5 EV Indonesia (Search),https://www.facebook.com/search/top?q=jaecoo%20j5%20ev%20indonesia,post_4,post_4_comment_53,post_4,comment,,,,"Jaecoo J5 EV  menjadi salah satu mobil listrik terlaris di Indonesia, bahkan  berada di posisi nomor satu untuk penjualan model EV pada periode di 2026.",https://www.facebook.com/search/top?q=jaecoo%20j5%20ev%20indonesia,1789640570000,raw_data_all.jsonl,rec_c461d56150bc7cf9,False,"Jaecoo J5 EV menjadi salah satu mobil listrik terlaris di Indonesia, bahkan berada di posisi nomor satu untuk penjualan model EV pada periode di 2026.","jaecoo j5 ev menjadi salah satu mobil listrik terlaris di indonesia, bahkan berada di posisi nomor satu untuk penjualan model ev pada periode di 2026.",Jaecoo J5,high,explicit_text_alias_strong,False,,,,False,not_relevant,no_adas_keyword,,UNKNOWN,,,,,,,
rec_a5543f9a7e362d58,Jaecoo J5,Jaecoo J5 EV Indonesia (Search),https://www.facebook.com/search/top?q=jaecoo%20j5%20ev%20indonesia,post_4,post_4_comment_54,post_4,comment,,,,Jaecoo J5 EV di Indonesia,https://www.facebook.com/search/top?q=jaecoo%20j5%20ev%20indonesia,1789640570000,raw_data_all.jsonl,rec_a5543f9a7e362d58,False,Jaecoo J5 EV di Indonesia,jaecoo j5 ev di indonesia,Jaecoo J5,high,explicit_text_alias_strong,False,,,,False,not_relevant,no_adas_keyword,,UNKNOWN,,,,,,,
rec_e671a6d23d56f7e6,Jaecoo J5,Jaecoo J5 EV Indonesia (Search),https://www.facebook.com/search/top?q=jaecoo%20j5%20ev%20indonesia,post_4,post_4_comment_55,post_4,comment,,,,J5 EV menjadi mobil listrik terlaris di Indonesia dengan distribusi sekitar 2.959 unit.,https://www.facebook.com/search/top?q=jaecoo%20j5%20ev%20indonesia,1789640570000,raw_data_all.jsonl,rec_e671a6d23d56f7e6,False,J5 EV menjadi mobil listrik terlaris di Indonesia dengan distribusi sekitar 2.959 unit.,j5 ev menjadi mobil listrik terlaris di indonesia dengan distribusi sekitar 2.959 unit.,Jaecoo J5,high,explicit_text_alias_strong,False,,,,False,not_relevant,no_adas_keyword,,UNKNOWN,,,,,,,
rec_a5c43d2647622020,Jaecoo J5,Jaecoo J5 EV Indonesia (Search),https://www.facebook.com/search/top?q=jaecoo%20j5%20ev%20indonesia,post_4,post_4_comment_56,post_4,comment,,,,Penjualan sebelumnya juga tinggi:… Lihat selengkapnya,https://www.facebook.com/search/top?q=jaecoo%20j5%20ev%20indonesia,1789640570000,raw_data_all.jsonl,rec_a5c43d2647622020,False,Penjualan sebelumnya juga tinggi:… Lihat selengkapnya,penjualan sebelumnya juga tinggi:… lihat selengkapnya,Jaecoo J5,medium,community_context,False,,,,False,not_relevant,no_adas_keyword,,UNKNOWN,,,,,,,
rec_d16dc367ed4a646c,Jaecoo J5,Jaecoo J5 EV Indonesia (Search),https://www.facebook.com/search/top?q=jaecoo%20j5%20ev%20indonesia,post_4,post_4_comment_57,post_4,comment,,,,"SPK JAECOO J5 EV PREMIUM AT GIIAS
OTR 319.900.000 
 Delivery Agustus!… Lihat selengkapnya",https://www.facebook.com/search/top?q=jaecoo%20j5%20ev%20indonesia,1789640570000,raw_data_all.jsonl,rec_d16dc367ed4a646c,False,SPK JAECOO J5 EV PREMIUM AT GIIAS OTR 319.900.000 Delivery Agustus!… Lihat selengkapnya,spk jaecoo j5 ev premium at giias otr 319.900.000 delivery agustus!… lihat selengkapnya,Jaecoo J5,high,explicit_text_alias_strong,False,,,,False,not_relevant,no_adas_keyword,,UNKNOWN,,,,,,,
rec_f4d04b9e6a47819a,Jaecoo J5,Jaecoo J5 EV Indonesia (Search),https://www.facebook.com/search/top?q=jaecoo%20j5%20ev%20indonesia,post_4,post_4_comment_58,post_4,comment,,,,SPK JAECOO J5 EV PREMIUM AT GIIAS,https://www.facebook.com/search/top?q=jaecoo%20j5%20ev%20indonesia,1789640570000,raw_data_all.jsonl,rec_f4d04b9e6a47819a,False,SPK JAECOO J5 EV PREMIUM AT GIIAS,spk jaecoo j5 ev premium at giias,Jaecoo J5,high,explicit_text_alias_strong,False,,,,False,not_relevant,no_adas_keyword,,UNKNOWN,,,,,,,
rec_362a521724d3cf26,Jaecoo J5,Jaecoo J5 EV Indonesia (Search),https://www.facebook.com/search/top?q=jaecoo%20j5%20ev%20indonesia,post_4,post_4_comment_59,post_4,comment,,,,"OTR 319.900.000 
 Delivery Agustus!… Lihat selengkapnya",https://www.facebook.com/search/top?q=jaecoo%20j5%20ev%20indonesia,1789640570000,raw_data_all.jsonl,rec_362a521724d3cf26,False,OTR 319.900.000 Delivery Agustus!… Lihat selengkapnya,otr 319.900.000 delivery agustus!… lihat selengkapnya,Jaecoo J5,medium,community_context,False,,,,False,not_relevant,no_adas_keyword,,UNKNOWN,,,,,,,
rec_81fb90eafa66b330,Jaecoo J5,Jaecoo J5 EV Indonesia (Search),https://www.facebook.com/search/top?q=jaecoo%20j5%20ev%20indonesia,post_4,post_4_comment_60,post_4,comment,,,,"Cerita pengalaman SPK J5
17 hari dari SPK sudah DO
4 hari kemudian Ompang/plat sementata datang
19 Hari setelah DO STNK dan No Plat Asli sudah mendarat di Rumah
Lihat selengkapnya",https://www.facebook.com/search/top?q=jaecoo%20j5%20ev%20indonesia,1789640571000,raw_data_all.jsonl,rec_81fb90eafa66b330,False,Cerita pengalaman SPK J5 17 hari dari SPK sudah DO 4 hari kemudian Ompang/plat sementata datang 19 Hari setelah DO STNK dan No Plat Asli sudah mendarat di Rumah Lihat selengkapnya,cerita pengalaman spk j5 17 hari dari spk sudah do 4 hari kemudian ompang/plat sementata datang 19 hari setelah do stnk dan no plat asli sudah mendarat di rumah lihat selengkapnya,Jaecoo J5,high,explicit_text_alias_strong,False,,,,False,not_relevant,no_adas_keyword,,UNKNOWN,,,,,,,
rec_923eb6ece25c2e60,Jaecoo J5,Jaecoo J5 EV Indonesia (Search),https://www.facebook.com/search/top?q=jaecoo%20j5%20ev%20indonesia,post_5,,,post,,,,"Halaman
Jaecoo Makassar
Agen Mobil · $$ · Makassar, South Sulawesi, Kota Makassar, Sulawesi Selatan · Selalu buka · 666 pengikut
Tisna Jaecoo, Dealer Resmi Jaecoo Makassar | J5 EV (Full Listrik) J7 SHS & J7 AWD J8 SHS ARDIS & J8 AWD (4x4) Promo Cash & Kredit | Test Drive Tersedia wa.me/6281243480849 www.jaecoomakassar.id
Ikuti
Lihat semua",https://www.facebook.com/search/top?q=jaecoo%20j5%20ev%20indonesia,1789640575000,raw_data_all.jsonl,rec_923eb6ece25c2e60,False,"Halaman Jaecoo Makassar Agen Mobil · $$ · Makassar, South Sulawesi, Kota Makassar, Sulawesi Selatan · Selalu buka · 666 pengikut Tisna Jaecoo, Dealer Resmi Jaecoo Makassar | J5 EV (Full Listrik) J7 SHS & J7 AWD J8 SHS ARDIS & J8 AWD (4x4) Promo Cash & Kredit | Test Drive Tersedia wa.me/6281243480849 [url] Ikuti Lihat semua","halaman jaecoo makassar agen mobil · $$ · makassar, south sulawesi, kota makassar, sulawesi selatan · selalu buka · 666 pengikut tisna jaecoo, dealer resmi jaecoo makassar | j5 ev (full listrik) j7 shs & j7 awd j8 shs ardis & j8 awd (4x4) promo cash & kredit | test drive tersedia wa.me/6281243480849 [url] ikuti lihat semua",Jaecoo J5,high,explicit_text_alias_strong,False,,,,False,not_relevant,no_adas_keyword,,UNKNOWN,,,,,,,
rec_3d9b0ba308d9c1de,Jaecoo J5,Jaecoo J5 EV Indonesia (Search),https://www.facebook.com/search/top?q=jaecoo%20j5%20ev%20indonesia,post_5,post_5_comment_1,post_5,comment,,,,"Jaecoo J5 EV 
 Masa depan dimulai hari ini.
Silent power, bold presence. #JaecooJ5EV… Lihat selengkapnya",https://www.facebook.com/search/top?q=jaecoo%20j5%20ev%20indonesia,1789640579000,raw_data_all.jsonl,rec_3d9b0ba308d9c1de,False,"Jaecoo J5 EV Masa depan dimulai hari ini. Silent power, bold presence. #JaecooJ5EV… Lihat selengkapnya","jaecoo j5 ev masa depan dimulai hari ini. silent power, bold presence. #jaecooj5ev… lihat selengkapnya",Jaecoo J5,high,explicit_text_alias_strong,False,,,,False,not_relevant,no_adas_keyword,,UNKNOWN,,,,,,,
rec_2676b81ca221bbb6,Jaecoo J5,Jaecoo J5 EV Indonesia (Search),https://www.facebook.com/search/top?q=jaecoo%20j5%20ev%20indonesia,post_5,post_5_comment_2,post_5,comment,,,,"Jaecoo J5 EV 
 Masa depan dimulai hari ini.",https://www.facebook.com/search/top?q=jaecoo%20j5%20ev%20indonesia,1789640579000,raw_data_all.jsonl,rec_2676b81ca221bbb6,False,Jaecoo J5 EV Masa depan dimulai hari ini.,jaecoo j5 ev masa depan dimulai hari ini.,Jaecoo J5,high,explicit_text_alias_strong,False,,,,False,not_relevant,no_adas_keyword,,UNKNOWN,,,,,,,
rec_e6eace8e354120ab,Jaecoo J5,Jaecoo J5 EV Indonesia (Search),https://www.facebook.com/search/top?q=jaecoo%20j5%20ev%20indonesia,post_5,post_5_comment_3,post_5,comment,,,,"Silent power, bold presence. #JaecooJ5EV… Lihat selengkapnya",https://www.facebook.com/search/top?q=jaecoo%20j5%20ev%20indonesia,1789640579000,raw_data_all.jsonl,rec_e6eace8e354120ab,False,"Silent power, bold presence. #JaecooJ5EV… Lihat selengkapnya","silent power, bold presence. #jaecooj5ev… lihat selengkapnya",Jaecoo J5,medium,community_context,False,,,,False,not_relevant,no_adas_keyword,,UNKNOWN,,,,,,,
rec_d448461d2a84153f,Jaecoo J5,Jaecoo J5 EV Indonesia (Search),https://www.facebook.com/search/top?q=jaecoo%20j5%20ev%20indonesia,post_5,post_5_comment_4,post_5,comment,,,,"Bismillah numpang jual om admin
Edisi ingin upgrade mobil EV lagi dan meminimalisir depresiasi
Forsale Jaecoo J5 Premium White
Lihat selengkapnya",https://www.facebook.com/search/top?q=jaecoo%20j5%20ev%20indonesia,1789640579000,raw_data_all.jsonl,rec_d448461d2a84153f,False,Bismillah numpang jual om admin Edisi ingin upgrade mobil EV lagi dan meminimalisir depresiasi Forsale Jaecoo J5 Premium White Lihat selengkapnya,bismillah numpang jual om admin edisi ingin upgrade mobil ev lagi dan meminimalisir depresiasi forsale jaecoo j5 premium white lihat selengkapnya,Jaecoo J5,high,explicit_text_alias_strong,False,,,,False,not_relevant,no_adas_keyword,,UNKNOWN,,,,,,,
rec_f883a1f269ee58e6,Jaecoo J5,Jaecoo J5 EV Indonesia (Search),https://www.facebook.com/search/top?q=jaecoo%20j5%20ev%20indonesia,post_5,post_5_comment_5,post_5,comment,,,,"Forsale jaecoo j5 ivory grey 2026
Jual cepat ga perlu indent di dealer
Jaecoo j5 ivory gerey 2026
ss stnk, BPKB belum turun (bisa di urus)
Km terakhir 240
Lihat selengkapnya",https://www.facebook.com/search/top?q=jaecoo%20j5%20ev%20indonesia,1789640581000,raw_data_all.jsonl,rec_f883a1f269ee58e6,False,"Forsale jaecoo j5 ivory grey 2026 Jual cepat ga perlu indent di dealer Jaecoo j5 ivory gerey 2026 ss stnk, BPKB belum turun (bisa di urus) Km terakhir 240 Lihat selengkapnya","forsale jaecoo j5 ivory grey 2026 jual cepat ga perlu indent di dealer jaecoo j5 ivory gerey 2026 ss stnk, bpkb belum turun (bisa di urus) km terakhir 240 lihat selengkapnya",Jaecoo J5,high,explicit_text_alias_strong,False,,,,False,not_relevant,no_adas_keyword,,UNKNOWN,,,,,,,
rec_715a6e19bc1e732c,Jaecoo J5,Jaecoo J5 EV Indonesia (Search),https://www.facebook.com/search/top?q=jaecoo%20j5%20ev%20indonesia,post_5,post_5_comment_6,post_5,comment,,,,"Rasakan perpaduan performa tangguh, teknologi pintar, dan daya jelajah lebih jauh JETOUR T2 i-DM seharga Rp688 Juta OTR Jakarta.",https://www.facebook.com/search/top?q=jaecoo%20j5%20ev%20indonesia,1789640582000,raw_data_all.jsonl,rec_715a6e19bc1e732c,False,"Rasakan perpaduan performa tangguh, teknologi pintar, dan daya jelajah lebih jauh JETOUR T2 i-DM seharga Rp688 Juta OTR Jakarta.","rasakan perpaduan performa tangguh, teknologi pintar, dan daya jelajah lebih jauh jetour t2 i-dm seharga rp688 juta otr jakarta.",Jaecoo J5,medium,community_context,False,,,,False,not_relevant,no_adas_keyword,,UNKNOWN,,,,,,,
rec_19b7557301bca9f0,Jaecoo J5,Jaecoo J5 EV Indonesia (Search),https://www.facebook.com/search/top?q=jaecoo%20j5%20ev%20indonesia,post_5,post_5_comment_7,post_5,comment,,,,"Ijin menawarkan takeover SPK
Ijin menawarkan Takeover SPK jaecoo J5 premium
Warna Jet Black
Lihat selengkapnya",https://www.facebook.com/search/top?q=jaecoo%20j5%20ev%20indonesia,1789640584000,raw_data_all.jsonl,rec_19b7557301bca9f0,False,Ijin menawarkan takeover SPK Ijin menawarkan Takeover SPK jaecoo J5 premium Warna Jet Black Lihat selengkapnya,ijin menawarkan takeover spk ijin menawarkan takeover spk jaecoo j5 premium warna jet black lihat selengkapnya,Jaecoo J5,high,explicit_text_alias_strong,False,,,,False,not_relevant,no_adas_keyword,,UNKNOWN,,,,,,,
rec_d1728233c40ce3b6,Jaecoo J5,Jaecoo J5 EV Indonesia (Search),https://www.facebook.com/search/top?q=jaecoo%20j5%20ev%20indonesia,post_5,post_5_comment_8,post_5,comment,,,,"SOLD OUT 
Dijual jaeco j5 ev thn 2026
Sdh terpasang accesoris +- 8 jt an antara lain dashcam depan, karpet premium model mie, anti bocor ban (halston), pelindung bumper depan belakang.
Ada Asuransi sampai tahun depan
Surat surat lengkap… Lihat selengkapnya",https://www.facebook.com/search/top?q=jaecoo%20j5%20ev%20indonesia,1789640587000,raw_data_all.jsonl,rec_d1728233c40ce3b6,False,"SOLD OUT Dijual jaeco j5 ev thn 2026 Sdh terpasang accesoris +- 8 jt an antara lain dashcam depan, karpet premium model mie, anti bocor ban (halston), pelindung bumper depan belakang. Ada Asuransi sampai tahun depan Surat surat lengkap… Lihat selengkapnya","sold out dijual jaeco j5 ev thn 2026 sdh terpasang accesoris +- 8 jt an antara lain dashcam depan, karpet premium model mie, anti bocor ban (halston), pelindung bumper depan belakang. ada asuransi sampai tahun depan surat surat lengkap… lihat selengkapnya",Jaecoo J5,high,explicit_text_alias_strong,False,,,,False,not_relevant,no_adas_keyword,,UNKNOWN,,,,,,,
rec_11d2fa9d203cd41e,Jaecoo J5,Jaecoo J5 EV Indonesia (Search),https://www.facebook.com/search/top?q=jaecoo%20j5%20ev%20indonesia,post_5,post_5_comment_9,post_5,comment,,,,SOLD OUT,https://www.facebook.com/search/top?q=jaecoo%20j5%20ev%20indonesia,1789640587000,raw_data_all.jsonl,rec_11d2fa9d203cd41e,False,SOLD OUT,sold out,Jaecoo J5,medium,community_context,False,,,,False,not_relevant,no_adas_keyword,,UNKNOWN,,,,,,,
rec_594c7293be7afb5b,Jaecoo J5,Jaecoo J5 EV Indonesia (Search),https://www.facebook.com/search/top?q=jaecoo%20j5%20ev%20indonesia,post_5,post_5_comment_10,post_5,comment,,,,Dijual jaeco j5 ev thn 2026,https://www.facebook.com/search/top?q=jaecoo%20j5%20ev%20indonesia,1789640587000,raw_data_all.jsonl,rec_594c7293be7afb5b,False,Dijual jaeco j5 ev thn 2026,dijual jaeco j5 ev thn 2026,Jaecoo J5,high,explicit_text_alias_strong,False,,,,False,not_relevant,no_adas_keyword,,UNKNOWN,,,,,,,
rec_84f9fa84a6a290ea,Jaecoo J5,Jaecoo J5 EV Indonesia (Search),https://www.facebook.com/search/top?q=jaecoo%20j5%20ev%20indonesia,post_5,post_5_comment_11,post_5,comment,,,,"Sdh terpasang accesoris +- 8 jt an antara lain dashcam depan, karpet premium model mie, anti bocor ban (halston), pelindung bumper depan belakang.",https://www.facebook.com/search/top?q=jaecoo%20j5%20ev%20indonesia,1789640587000,raw_data_all.jsonl,rec_84f9fa84a6a290ea,False,"Sdh terpasang accesoris +- 8 jt an antara lain dashcam depan, karpet premium model mie, anti bocor ban (halston), pelindung bumper depan belakang.","sdh terpasang accesoris +- 8 jt an antara lain dashcam depan, karpet premium model mie, anti bocor ban (halston), pelindung bumper depan belakang.",Jaecoo J5,medium,community_context,False,,,,False,not_relevant,no_adas_keyword,,UNKNOWN,,,,,,,
rec_7b4aaa4344cf2916,Jaecoo J5,Jaecoo J5 EV Indonesia (Search),https://www.facebook.com/search/top?q=jaecoo%20j5%20ev%20indonesia,post_5,post_5_comment_12,post_5,comment,,,,Ada Asuransi sampai tahun depan,https://www.facebook.com/search/top?q=jaecoo%20j5%20ev%20indonesia,1789640587000,raw_data_all.jsonl,rec_7b4aaa4344cf2916,False,Ada Asuransi sampai tahun depan,ada asuransi sampai tahun depan,Jaecoo J5,medium,community_context,False,,,,False,not_relevant,no_adas_keyword,,UNKNOWN,,,,,,,
rec_7e46475c74a8dba6,Jaecoo J5,Jaecoo J5 EV Indonesia (Search),https://www.facebook.com/search/top?q=jaecoo%20j5%20ev%20indonesia,post_5,post_5_comment_13,post_5,comment,,,,Surat surat lengkap… Lihat selengkapnya,https://www.facebook.com/search/top?q=jaecoo%20j5%20ev%20indonesia,1789640587000,raw_data_all.jsonl,rec_7e46475c74a8dba6,False,Surat surat lengkap… Lihat selengkapnya,surat surat lengkap… lihat selengkapnya,Jaecoo J5,medium,community_context,False,,,,False,not_relevant,no_adas_keyword,,UNKNOWN,,,,,,,
rec_937342e658d1053d,Jaecoo J5,Jaecoo J5 EV Indonesia (Search),https://www.facebook.com/search/top?q=jaecoo%20j5%20ev%20indonesia,post_5,post_5_comment_14,post_5,comment,,,,"Berbagi Pengalaman mengunakan Jaecoo J5 EV Premium. 
Sabtu 12 Sept 2026, pukul 15.30 WIB mencoba mengendarai dari Jakarta - Bandung. (Setelah turun service pertama)
Start Kalibata (Jakarta) - Finish Hotel Ibis Styles Grand Central (Bandung) tanpa berhenti. (Melalui MBZ)… Lihat selengkapnya",https://www.facebook.com/search/top?q=jaecoo%20j5%20ev%20indonesia,1789640588000,raw_data_all.jsonl,rec_937342e658d1053d,False,"Berbagi Pengalaman mengunakan Jaecoo J5 EV Premium. Sabtu 12 Sept 2026, pukul 15.30 WIB mencoba mengendarai dari Jakarta - Bandung. (Setelah turun service pertama) Start Kalibata (Jakarta) - Finish Hotel Ibis Styles Grand Central (Bandung) tanpa berhenti. (Melalui MBZ)… Lihat selengkapnya","berbagi pengalaman mengunakan jaecoo j5 ev premium. sabtu 12 sept 2026, pukul 15.30 wib mencoba mengendarai dari jakarta - bandung. (setelah turun service pertama) start kalibata (jakarta) - finish hotel ibis styles grand central (bandung) tanpa berhenti. (melalui mbz)… lihat selengkapnya",Jaecoo J5,high,explicit_text_alias_strong,False,,,,False,not_relevant,no_adas_keyword,,UNKNOWN,,,,,,,
rec_e340d8300cd45202,Jaecoo J5,Jaecoo J5 EV Indonesia (Search),https://www.facebook.com/search/top?q=jaecoo%20j5%20ev%20indonesia,post_5,post_5_comment_15,post_5,comment,,,,Berbagi Pengalaman mengunakan Jaecoo J5 EV Premium.,https://www.facebook.com/search/top?q=jaecoo%20j5%20ev%20indonesia,1789640588000,raw_data_all.jsonl,rec_e340d8300cd45202,False,Berbagi Pengalaman mengunakan Jaecoo J5 EV Premium.,berbagi pengalaman mengunakan jaecoo j5 ev premium.,Jaecoo J5,high,explicit_text_alias_strong,False,,,,False,not_relevant,no_adas_keyword,,UNKNOWN,,,,,,,
rec_9978f5efb8f4891e,Jaecoo J5,Jaecoo J5 EV Indonesia (Search),https://www.facebook.com/search/top?q=jaecoo%20j5%20ev%20indonesia,post_5,post_5_comment_16,post_5,comment,,,,"Sabtu 12 Sept 2026, pukul 15.30 WIB mencoba mengendarai dari Jakarta - Bandung. (Setelah turun service pertama)",https://www.facebook.com/search/top?q=jaecoo%20j5%20ev%20indonesia,1789640588000,raw_data_all.jsonl,rec_9978f5efb8f4891e,False,"Sabtu 12 Sept 2026, pukul 15.30 WIB mencoba mengendarai dari Jakarta - Bandung. (Setelah turun service pertama)","sabtu 12 sept 2026, pukul 15.30 wib mencoba mengendarai dari jakarta - bandung. (setelah turun service pertama)",Jaecoo J5,medium,community_context,False,,,,False,not_relevant,no_adas_keyword,,UNKNOWN,,,,,,,
rec_f05067e0ba950574,Jaecoo J5,Jaecoo J5 EV Indonesia (Search),https://www.facebook.com/search/top?q=jaecoo%20j5%20ev%20indonesia,post_5,post_5_comment_17,post_5,comment,,,,Start Kalibata (Jakarta) - Finish Hotel Ibis Styles Grand Central (Bandung) tanpa berhenti. (Melalui MBZ)… Lihat selengkapnya,https://www.facebook.com/search/top?q=jaecoo%20j5%20ev%20indonesia,1789640588000,raw_data_all.jsonl,rec_f05067e0ba950574,False,Start Kalibata (Jakarta) - Finish Hotel Ibis Styles Grand Central (Bandung) tanpa berhenti. (Melalui MBZ)… Lihat selengkapnya,start kalibata (jakarta) - finish hotel ibis styles grand central (bandung) tanpa berhenti. (melalui mbz)… lihat selengkapnya,Jaecoo J5,medium,community_context,False,,,,False,not_relevant,no_adas_keyword,,UNKNOWN,,,,,,,
rec_e0ccb5a9e66ad3cc,Jaecoo J5,Jaecoo J5 EV Indonesia (Search),https://www.facebook.com/search/top?q=jaecoo%20j5%20ev%20indonesia,post_5,post_5_comment_18,post_5,comment,,,,"#wts
Jual jaecoo j5 ev premium
Warna putih, ga jadi pake buat daily kepincut ev lain, … Lihat selengkapnya",https://www.facebook.com/search/top?q=jaecoo%20j5%20ev%20indonesia,1789640588000,raw_data_all.jsonl,rec_e0ccb5a9e66ad3cc,False,"#wts Jual jaecoo j5 ev premium Warna putih, ga jadi pake buat daily kepincut ev lain, … Lihat selengkapnya","#wts jual jaecoo j5 ev premium warna putih, ga jadi pake buat daily kepincut ev lain, … lihat selengkapnya",Jaecoo J5,high,explicit_text_alias_strong,False,,,,False,not_relevant,no_adas_keyword,,UNKNOWN,,,,,,,
rec_0a4f449e2358a90c,Jaecoo J5,Jaecoo J5 EV Indonesia (Search),https://www.facebook.com/search/top?q=jaecoo%20j5%20ev%20indonesia,post_5,post_5_comment_19,post_5,comment,,,,Jual jaecoo j5 ev premium,https://www.facebook.com/search/top?q=jaecoo%20j5%20ev%20indonesia,1789640589000,raw_data_all.jsonl,rec_0a4f449e2358a90c,False,Jual jaecoo j5 ev premium,jual jaecoo j5 ev premium,Jaecoo J5,high,explicit_text_alias_strong,False,,,,False,not_relevant,no_adas_keyword,,UNKNOWN,,,,,,,
rec_687f24a41948d32d,Jaecoo J5,Jaecoo J5 EV Indonesia (Search),https://www.facebook.com/search/top?q=jaecoo%20j5%20ev%20indonesia,post_5,post_5_comment_20,post_5,comment,,,,"Warna putih, ga jadi pake buat daily kepincut ev lain, … Lihat selengkapnya",https://www.facebook.com/search/top?q=jaecoo%20j5%20ev%20indonesia,1789640589000,raw_data_all.jsonl,rec_687f24a41948d32d,False,"Warna putih, ga jadi pake buat daily kepincut ev lain, … Lihat selengkapnya","warna putih, ga jadi pake buat daily kepincut ev lain, … lihat selengkapnya",Jaecoo J5,medium,community_context,False,,,,False,not_relevant,no_adas_keyword,,UNKNOWN,,,,,,,
rec_a6d1c8cd1d35ad9c,Jaecoo J5,Jaecoo J5 EV Indonesia (Search),https://www.facebook.com/search/top?q=jaecoo%20j5%20ev%20indonesia,post_5,post_5_comment_21,post_5,comment,,,,"JAECOO J5 EV – The Real SUV! 
… Lihat selengkapnya",https://www.facebook.com/search/top?q=jaecoo%20j5%20ev%20indonesia,1789640590000,raw_data_all.jsonl,rec_a6d1c8cd1d35ad9c,False,JAECOO J5 EV – The Real SUV! … Lihat selengkapnya,jaecoo j5 ev – the real suv! … lihat selengkapnya,Jaecoo J5,high,explicit_text_alias_strong,False,,,,False,not_relevant,no_adas_keyword,,UNKNOWN,,,,,,,
rec_02b5171bc978d81f,Jaecoo J5,Jaecoo J5 EV Indonesia (Search),https://www.facebook.com/search/top?q=jaecoo%20j5%20ev%20indonesia,post_5,post_5_comment_22,post_5,comment,,,,"Butuh JAECOO J5 EV PREMIUM lebih cepat? Melayani seluruh Indonesia. Hubungi segera, sebelum harga naik!… Lihat selengkapnya",https://www.facebook.com/search/top?q=jaecoo%20j5%20ev%20indonesia,1789640592000,raw_data_all.jsonl,rec_02b5171bc978d81f,False,"Butuh JAECOO J5 EV PREMIUM lebih cepat? Melayani seluruh Indonesia. Hubungi segera, sebelum harga naik!… Lihat selengkapnya","butuh jaecoo j5 ev premium lebih cepat? melayani seluruh indonesia. hubungi segera, sebelum harga naik!… lihat selengkapnya",Jaecoo J5,high,explicit_text_alias_strong,False,,,,False,not_relevant,no_adas_keyword,,UNKNOWN,,,,,,,
rec_ff954fdef4e7f55c,Jaecoo J5,Jaecoo J5 EV Indonesia (Search),https://www.facebook.com/search/top?q=jaecoo%20j5%20ev%20indonesia,post_5,post_5_comment_23,post_5,comment,,,,"PROMO LOVE JAECOO J5 TUKER TAMBAH VELG CUMA 500 RIBU AN AJA GAESS BEBAS PILIH MODEL 
I… Lihat selengkapnya",https://www.facebook.com/search/top?q=jaecoo%20j5%20ev%20indonesia,1789640594000,raw_data_all.jsonl,rec_ff954fdef4e7f55c,False,PROMO LOVE JAECOO J5 TUKER TAMBAH VELG CUMA 500 RIBU AN AJA GAESS BEBAS PILIH MODEL I… Lihat selengkapnya,promo love jaecoo j5 tuker tambah velg cuma 500 ribu an aja gaess bebas pilih model i… lihat selengkapnya,Jaecoo J5,high,explicit_text_alias_strong,False,,,,False,not_relevant,no_adas_keyword,,UNKNOWN,,,,,,,
rec_90716b9045a334d8,Jaecoo J5,Jaecoo J5 EV Indonesia (Search),https://www.facebook.com/search/top?q=jaecoo%20j5%20ev%20indonesia,post_5,post_5_comment_24,post_5,comment,,,,PROMO LOVE JAECOO J5 TUKER TAMBAH VELG CUMA 500 RIBU AN AJA GAESS BEBAS PILIH MODEL,https://www.facebook.com/search/top?q=jaecoo%20j5%20ev%20indonesia,1789640594000,raw_data_all.jsonl,rec_90716b9045a334d8,False,PROMO LOVE JAECOO J5 TUKER TAMBAH VELG CUMA 500 RIBU AN AJA GAESS BEBAS PILIH MODEL,promo love jaecoo j5 tuker tambah velg cuma 500 ribu an aja gaess bebas pilih model,Jaecoo J5,high,explicit_text_alias_strong,False,,,,False,not_relevant,no_adas_keyword,,UNKNOWN,,,,,,,
rec_8fe87ba41802ffe3,Jaecoo J5,Jaecoo J5 EV Indonesia (Search),https://www.facebook.com/search/top?q=jaecoo%20j5%20ev%20indonesia,post_5,post_5_comment_25,post_5,comment,,,,I… Lihat selengkapnya,https://www.facebook.com/search/top?q=jaecoo%20j5%20ev%20indonesia,1789640594000,raw_data_all.jsonl,rec_8fe87ba41802ffe3,False,I… Lihat selengkapnya,i… lihat selengkapnya,Jaecoo J5,medium,community_context,False,,,,False,not_relevant,no_adas_keyword,,UNKNOWN,,,,,,,
rec_5c1ba5e32b1676ee,Jaecoo J5,Jaecoo J5 EV Indonesia (Search),https://www.facebook.com/search/top?q=jaecoo%20j5%20ev%20indonesia,post_5,post_5_comment_26,post_5,comment,,,,"●●●●●●●●●●●●●●●
Setelah serah terima pada 17 Februari 2026, berikut beberapa hal yang sudah saya lakukan untuk J5:… Lihat selengkapnya",https://www.facebook.com/search/top?q=jaecoo%20j5%20ev%20indonesia,1789640595000,raw_data_all.jsonl,rec_5c1ba5e32b1676ee,False,"●●●●●●●●●●●●●●● Setelah serah terima pada 17 Februari 2026, berikut beberapa hal yang sudah saya lakukan untuk J5:… Lihat selengkapnya","●●●●●●●●●●●●●●● setelah serah terima pada 17 februari 2026, berikut beberapa hal yang sudah saya lakukan untuk j5:… lihat selengkapnya",Jaecoo J5,high,explicit_text_alias_strong,False,,,,False,not_relevant,no_adas_keyword,,UNKNOWN,,,,,,,
rec_dc681cac89025e5c,Jaecoo J5,Jaecoo J5 EV Indonesia (Search),https://www.facebook.com/search/top?q=jaecoo%20j5%20ev%20indonesia,post_5,post_5_comment_27,post_5,comment,,,,●●●●●●●●●●●●●●●,https://www.facebook.com/search/top?q=jaecoo%20j5%20ev%20indonesia,1789640595000,raw_data_all.jsonl,rec_dc681cac89025e5c,False,●●●●●●●●●●●●●●●,●●●●●●●●●●●●●●●,Jaecoo J5,medium,community_context,False,,,,False,not_relevant,no_adas_keyword,,UNKNOWN,,,,,,,
rec_e02c5be0c044d3a2,Jaecoo J5,Jaecoo J5 EV Indonesia (Search),https://www.facebook.com/search/top?q=jaecoo%20j5%20ev%20indonesia,post_5,post_5_comment_28,post_5,comment,,,,"Setelah serah terima pada 17 Februari 2026, berikut beberapa hal yang sudah saya lakukan untuk J5:… Lihat selengkapnya",https://www.facebook.com/search/top?q=jaecoo%20j5%20ev%20indonesia,1789640595000,raw_data_all.jsonl,rec_e02c5be0c044d3a2,False,"Setelah serah terima pada 17 Februari 2026, berikut beberapa hal yang sudah saya lakukan untuk J5:… Lihat selengkapnya","setelah serah terima pada 17 februari 2026, berikut beberapa hal yang sudah saya lakukan untuk j5:… lihat selengkapnya",Jaecoo J5,high,explicit_text_alias_strong,False,,,,False,not_relevant,no_adas_keyword,,UNKNOWN,,,,,,,
rec_08ccf42cfe03528c,Jaecoo J5,Jaecoo J5 EV Indonesia (Search),https://www.facebook.com/search/top?q=jaecoo%20j5%20ev%20indonesia,post_5,post_5_comment_29,post_5,comment,,,,"Jaecoo J5 EV Premium 
 VIN 2026
IDR 309.900.000 Promise Delivery … Lihat selengkapnya",https://www.facebook.com/search/top?q=jaecoo%20j5%20ev%20indonesia,1789640597000,raw_data_all.jsonl,rec_08ccf42cfe03528c,False,Jaecoo J5 EV Premium VIN 2026 IDR 309.900.000 Promise Delivery … Lihat selengkapnya,jaecoo j5 ev premium vin 2026 idr 309.900.000 promise delivery … lihat selengkapnya,Jaecoo J5,high,explicit_text_alias_strong,False,,,,False,not_relevant,no_adas_keyword,,UNKNOWN,,,,,,,
rec_e2f78e45a44722c1,Jaecoo J5,Jaecoo J5 EV Indonesia (Search),https://www.facebook.com/search/top?q=jaecoo%20j5%20ev%20indonesia,post_5,post_5_comment_30,post_5,comment,,,,"Jaecoo J5 EV Premium 
 VIN 2026",https://www.facebook.com/search/top?q=jaecoo%20j5%20ev%20indonesia,1789640597000,raw_data_all.jsonl,rec_e2f78e45a44722c1,False,Jaecoo J5 EV Premium VIN 2026,jaecoo j5 ev premium vin 2026,Jaecoo J5,high,explicit_text_alias_strong,False,,,,False,not_relevant,no_adas_keyword,,UNKNOWN,,,,,,,
rec_96ba8080f8331152,Jaecoo J5,Jaecoo J5 EV Indonesia (Search),https://www.facebook.com/search/top?q=jaecoo%20j5%20ev%20indonesia,post_5,post_5_comment_31,post_5,comment,,,,IDR 309.900.000 Promise Delivery … Lihat selengkapnya,https://www.facebook.com/search/top?q=jaecoo%20j5%20ev%20indonesia,1789640597000,raw_data_all.jsonl,rec_96ba8080f8331152,False,IDR 309.900.000 Promise Delivery … Lihat selengkapnya,idr 309.900.000 promise delivery … lihat selengkapnya,Jaecoo J5,medium,community_context,False,,,,False,not_relevant,no_adas_keyword,,UNKNOWN,,,,,,,
rec_1f0bc66294d5ac14,Jaecoo J5,Jaecoo J5 EV Indonesia (Search),https://www.facebook.com/search/top?q=jaecoo%20j5%20ev%20indonesia,post_5,post_5_comment_32,post_5,comment,,,,"JANGAN CUMA LIHAT, LANGSUNG AMBIL! 
… Lihat selengkapnya",https://www.facebook.com/search/top?q=jaecoo%20j5%20ev%20indonesia,1789640597000,raw_data_all.jsonl,rec_1f0bc66294d5ac14,False,"JANGAN CUMA LIHAT, LANGSUNG AMBIL! … Lihat selengkapnya","jangan cuma lihat, langsung ambil! … lihat selengkapnya",Jaecoo J5,medium,community_context,False,,,,False,not_relevant,no_adas_keyword,,UNKNOWN,,,,,,,
rec_1b381ffc20d30142,Jaecoo J5,Jaecoo J5 EV Indonesia (Search),https://www.facebook.com/search/top?q=jaecoo%20j5%20ev%20indonesia,post_5,post_5_comment_33,post_5,comment,,,,"JANGAN CUMA LIHAT, LANGSUNG AMBIL!",https://www.facebook.com/search/top?q=jaecoo%20j5%20ev%20indonesia,1789640597000,raw_data_all.jsonl,rec_1b381ffc20d30142,False,"JANGAN CUMA LIHAT, LANGSUNG AMBIL!","jangan cuma lihat, langsung ambil!",Jaecoo J5,medium,community_context,False,,,,False,not_relevant,no_adas_keyword,,UNKNOWN,,,,,,,
rec_bbcb694aa8e7dec6,Jaecoo J5,Jaecoo J5 EV Indonesia (Search),https://www.facebook.com/search/top?q=jaecoo%20j5%20ev%20indonesia,post_5,post_5_comment_34,post_5,comment,,,,… Lihat selengkapnya,https://www.facebook.com/search/top?q=jaecoo%20j5%20ev%20indonesia,1789640597000,raw_data_all.jsonl,rec_bbcb694aa8e7dec6,False,… Lihat selengkapnya,… lihat selengkapnya,Jaecoo J5,medium,community_context,False,,,,False,not_relevant,no_adas_keyword,,UNKNOWN,,,,,,,
rec_fddd71d6788f646f,Jaecoo J5,Jaecoo J5 EV Indonesia (Search),https://www.facebook.com/search/top?q=jaecoo%20j5%20ev%20indonesia,post_5,post_5_comment_35,post_5,comment,,,,"izin ACC mas admin
---… Lihat selengkapnya",https://www.facebook.com/search/top?q=jaecoo%20j5%20ev%20indonesia,1789640599000,raw_data_all.jsonl,rec_fddd71d6788f646f,False,izin ACC mas admin ---… Lihat selengkapnya,izin acc mas admin ---… lihat selengkapnya,Jaecoo J5,medium,community_context,False,ACC,layer_a_feature_names,,False,not_relevant,admin_approval_marketplace_noise,,UNKNOWN,,,,,,,
rec_c1ee9f8a394b74e4,Jaecoo J5,Jaecoo J5 EV Indonesia (Search),https://www.facebook.com/search/top?q=jaecoo%20j5%20ev%20indonesia,post_5,post_5_comment_36,post_5,comment,,,,izin ACC mas admin,https://www.facebook.com/search/top?q=jaecoo%20j5%20ev%20indonesia,1789640599000,raw_data_all.jsonl,rec_c1ee9f8a394b74e4,False,izin ACC mas admin,izin acc mas admin,Jaecoo J5,medium,community_context,False,ACC,layer_a_feature_names,,False,not_relevant,admin_approval_marketplace_noise,,UNKNOWN,,,,,,,
rec_e945d6e7d50804e8,Jaecoo J5,Jaecoo J5 EV Indonesia (Search),https://www.facebook.com/search/top?q=jaecoo%20j5%20ev%20indonesia,post_5,post_5_comment_37,post_5,comment,,,,---… Lihat selengkapnya,https://www.facebook.com/search/top?q=jaecoo%20j5%20ev%20indonesia,1789640599000,raw_data_all.jsonl,rec_e945d6e7d50804e8,False,---… Lihat selengkapnya,---… lihat selengkapnya,Jaecoo J5,medium,community_context,False,,,,False,not_relevant,no_adas_keyword,,UNKNOWN,,,,,,,
rec_65ed8796ea19eaa9,Jaecoo J5,Jaecoo J5 EV Indonesia (Search),https://www.facebook.com/search/top?q=jaecoo%20j5%20ev%20indonesia,post_5,post_5_comment_38,post_5,comment,,,,"BEKAS RASA BARU, GAK PERLU INDEN!! KM 2.700 PERAK!!
Jaecoo J5 EV PREMIUM 2026 Hitam [ Type tertinggi ]
KM ANTIK 2.700 PERAK !!
Plat B [ Jaksel ]
Tangan 1 dari baru nama perorangan
Lihat selengkapnya",https://www.facebook.com/search/top?q=jaecoo%20j5%20ev%20indonesia,1789640600000,raw_data_all.jsonl,rec_65ed8796ea19eaa9,False,"BEKAS RASA BARU, GAK PERLU INDEN!! KM 2.700 PERAK!! Jaecoo J5 EV PREMIUM 2026 Hitam [ Type tertinggi ] KM ANTIK 2.700 PERAK !! Plat B [ Jaksel ] Tangan 1 dari baru nama perorangan Lihat selengkapnya","bekas rasa baru, gak perlu inden!! km 2.700 perak!! jaecoo j5 ev premium 2026 hitam [ type tertinggi ] km antik 2.700 perak !! plat b [ jaksel ] tangan 1 dari baru nama perorangan lihat selengkapnya",Jaecoo J5,high,explicit_text_alias_strong,False,,,,False,not_relevant,no_adas_keyword,,UNKNOWN,,,,,,,
rec_0e179e39a4f4db89,Jaecoo J5,Jaecoo J5 EV Indonesia (Search),https://www.facebook.com/search/top?q=jaecoo%20j5%20ev%20indonesia,post_5,post_5_comment_39,post_5,comment,,,,"JAECOO J5 EV - ELECTRIC SUV NO.1 DI INDONESIA!
… Lihat selengkapnya",https://www.facebook.com/search/top?q=jaecoo%20j5%20ev%20indonesia,1789640602000,raw_data_all.jsonl,rec_0e179e39a4f4db89,False,JAECOO J5 EV - ELECTRIC SUV NO.1 DI INDONESIA! … Lihat selengkapnya,jaecoo j5 ev - electric suv no.1 di indonesia! … lihat selengkapnya,Jaecoo J5,high,explicit_text_alias_strong,False,,,,False,not_relevant,no_adas_keyword,,UNKNOWN,,,,,,,
rec_ecc89050c47aa528,Jaecoo J5,Jaecoo J5 EV Indonesia (Search),https://www.facebook.com/search/top?q=jaecoo%20j5%20ev%20indonesia,post_5,post_5_comment_40,post_5,comment,,,,"KARPET MOBIL JAECOO J5 EV 5D TPE PREMIUM 
1… Lihat selengkapnya",https://www.facebook.com/search/top?q=jaecoo%20j5%20ev%20indonesia,1789640604000,raw_data_all.jsonl,rec_ecc89050c47aa528,False,KARPET MOBIL JAECOO J5 EV 5D TPE PREMIUM 1… Lihat selengkapnya,karpet mobil jaecoo j5 ev 5d tpe premium 1… lihat selengkapnya,Jaecoo J5,high,explicit_text_alias_strong,False,,,,False,not_relevant,no_adas_keyword,,UNKNOWN,,,,,,,
rec_f9dbdfb6de08ed65,Jaecoo J5,Jaecoo J5 EV Indonesia (Search),https://www.facebook.com/search/top?q=jaecoo%20j5%20ev%20indonesia,post_5,post_5_comment_41,post_5,comment,,,,KARPET MOBIL JAECOO J5 EV 5D TPE PREMIUM,https://www.facebook.com/search/top?q=jaecoo%20j5%20ev%20indonesia,1789640604000,raw_data_all.jsonl,rec_f9dbdfb6de08ed65,False,KARPET MOBIL JAECOO J5 EV 5D TPE PREMIUM,karpet mobil jaecoo j5 ev 5d tpe premium,Jaecoo J5,high,explicit_text_alias_strong,False,,,,False,not_relevant,no_adas_keyword,,UNKNOWN,,,,,,,
rec_df9fe8c96c653d1a,Jaecoo J5,Jaecoo J5 EV Indonesia (Search),https://www.facebook.com/search/top?q=jaecoo%20j5%20ev%20indonesia,post_5,post_5_comment_42,post_5,comment,,,,1… Lihat selengkapnya,https://www.facebook.com/search/top?q=jaecoo%20j5%20ev%20indonesia,1789640604000,raw_data_all.jsonl,rec_df9fe8c96c653d1a,False,1… Lihat selengkapnya,1… lihat selengkapnya,Jaecoo J5,medium,community_context,False,,,,False,not_relevant,no_adas_keyword,,UNKNOWN,,,,,,,
rec_4beab1000ca29751,Jaecoo J5,Jaecoo J5 EV Indonesia (Search),https://www.facebook.com/search/top?q=jaecoo%20j5%20ev%20indonesia,post_5,post_5_comment_43,post_5,comment,,,,"[CASH] JUAL CEPAT NO INDENT JAECOO J5 PREMIUM 2025 LONG RANGE
.… Lihat selengkapnya",https://www.facebook.com/search/top?q=jaecoo%20j5%20ev%20indonesia,1789640604000,raw_data_all.jsonl,rec_4beab1000ca29751,False,[CASH] JUAL CEPAT NO INDENT JAECOO J5 PREMIUM 2025 LONG RANGE .… Lihat selengkapnya,[cash] jual cepat no indent jaecoo j5 premium 2025 long range .… lihat selengkapnya,Jaecoo J5,high,explicit_text_alias_strong,False,,,,False,not_relevant,no_adas_keyword,,UNKNOWN,,,,,,,
rec_37d10d78ddc79d07,Jaecoo J5,Jaecoo J5 EV Indonesia (Search),https://www.facebook.com/search/top?q=jaecoo%20j5%20ev%20indonesia,post_5,post_5_comment_44,post_5,comment,,,,[CASH] JUAL CEPAT NO INDENT JAECOO J5 PREMIUM 2025 LONG RANGE,https://www.facebook.com/search/top?q=jaecoo%20j5%20ev%20indonesia,1789640604000,raw_data_all.jsonl,rec_37d10d78ddc79d07,False,[CASH] JUAL CEPAT NO INDENT JAECOO J5 PREMIUM 2025 LONG RANGE,[cash] jual cepat no indent jaecoo j5 premium 2025 long range,Jaecoo J5,high,explicit_text_alias_strong,False,,,,False,not_relevant,no_adas_keyword,,UNKNOWN,,,,,,,
rec_0ac7c5ce73f053d5,Jaecoo J5,Jaecoo J5 EV Indonesia (Search),https://www.facebook.com/search/top?q=jaecoo%20j5%20ev%20indonesia,post_5,post_5_comment_45,post_5,comment,,,,.… Lihat selengkapnya,https://www.facebook.com/search/top?q=jaecoo%20j5%20ev%20indonesia,1789640604000,raw_data_all.jsonl,rec_0ac7c5ce73f053d5,False,.… Lihat selengkapnya,.… lihat selengkapnya,Jaecoo J5,medium,community_context,False,,,,False,not_relevant,no_adas_keyword,,UNKNOWN,,,,,,,
rec_435a7f26d55e84f4,Jaecoo J5,Jaecoo J5 EV Indonesia (Search),https://www.facebook.com/search/top?q=jaecoo%20j5%20ev%20indonesia,post_5,post_5_comment_46,post_5,comment,,,,"JAECOO J5 EV Premium 
OTR : 319.900.000 (Plat B)… Lihat selengkapnya",https://www.facebook.com/search/top?q=jaecoo%20j5%20ev%20indonesia,1789640606000,raw_data_all.jsonl,rec_435a7f26d55e84f4,False,JAECOO J5 EV Premium OTR : 319.900.000 (Plat B)… Lihat selengkapnya,jaecoo j5 ev premium otr : 319.900.000 (plat b)… lihat selengkapnya,Jaecoo J5,high,explicit_text_alias_strong,False,,,,False,not_relevant,no_adas_keyword,,UNKNOWN,,,,,,,
rec_46f567e0e0c924f8,Jaecoo J5,Jaecoo J5 EV Indonesia (Search),https://www.facebook.com/search/top?q=jaecoo%20j5%20ev%20indonesia,post_5,post_5_comment_47,post_5,comment,,,,JAECOO J5 EV Premium,https://www.facebook.com/search/top?q=jaecoo%20j5%20ev%20indonesia,1789640606000,raw_data_all.jsonl,rec_46f567e0e0c924f8,False,JAECOO J5 EV Premium,jaecoo j5 ev premium,Jaecoo J5,high,explicit_text_alias_strong,False,,,,False,not_relevant,no_adas_keyword,,UNKNOWN,,,,,,,
rec_45e4781c14befc47,Jaecoo J5,Jaecoo J5 EV Indonesia (Search),https://www.facebook.com/search/top?q=jaecoo%20j5%20ev%20indonesia,post_5,post_5_comment_48,post_5,comment,,,,OTR : 319.900.000 (Plat B)… Lihat selengkapnya,https://www.facebook.com/search/top?q=jaecoo%20j5%20ev%20indonesia,1789640606000,raw_data_all.jsonl,rec_45e4781c14befc47,False,OTR : 319.900.000 (Plat B)… Lihat selengkapnya,otr : 319.900.000 (plat b)… lihat selengkapnya,Jaecoo J5,medium,community_context,False,,,,False,not_relevant,no_adas_keyword,,UNKNOWN,,,,,,,
rec_3aa050d2c2665871,Jaecoo J5,Jaecoo J5 EV Indonesia (Search),https://www.facebook.com/search/top?q=jaecoo%20j5%20ev%20indonesia,post_5,post_5_comment_49,post_5,comment,,,,"Dijual jaeco j5 ev thn 2026
Sdh terpasang accesoris +- 8 jt an antara lain dashcam depan, karpet premium model mie, anti bocor ban (halston), pelindung bumper depan belakang.
Ada Asuransi sampai tahun depan
Surat surat lengkap… Lihat selengkapnya",https://www.facebook.com/search/top?q=jaecoo%20j5%20ev%20indonesia,1789640607000,raw_data_all.jsonl,rec_3aa050d2c2665871,False,"Dijual jaeco j5 ev thn 2026 Sdh terpasang accesoris +- 8 jt an antara lain dashcam depan, karpet premium model mie, anti bocor ban (halston), pelindung bumper depan belakang. Ada Asuransi sampai tahun depan Surat surat lengkap… Lihat selengkapnya","dijual jaeco j5 ev thn 2026 sdh terpasang accesoris +- 8 jt an antara lain dashcam depan, karpet premium model mie, anti bocor ban (halston), pelindung bumper depan belakang. ada asuransi sampai tahun depan surat surat lengkap… lihat selengkapnya",Jaecoo J5,high,explicit_text_alias_strong,False,,,,False,not_relevant,no_adas_keyword,,UNKNOWN,,,,,,,
rec_daf5de4a6e44f0d2,Jaecoo J5,Jaecoo J5 EV Indonesia (Search),https://www.facebook.com/search/top?q=jaecoo%20j5%20ev%20indonesia,post_5,post_5_comment_50,post_5,comment,,,,"Plat B ngecas di Semarang, ownernya ninggal mobil ga ninggalin nomer hape ke security.. pdhl sdh penuh... di Semarang SPKLU tdk sebanyak di Jakarta... 
kasihan yg antri… Lihat selengkapnya",https://www.facebook.com/search/top?q=jaecoo%20j5%20ev%20indonesia,1789640609000,raw_data_all.jsonl,rec_daf5de4a6e44f0d2,False,"Plat B ngecas di Semarang, ownernya ninggal mobil ga ninggalin nomer hape ke security.. pdhl sdh penuh... di Semarang SPKLU tdk sebanyak di Jakarta... kasihan yg antri… Lihat selengkapnya","plat b ngecas di semarang, ownernya ninggal mobil ga ninggalin nomer hape ke security.. pdhl sdh penuh... di semarang spklu tdk sebanyak di jakarta... kasihan yg antri… lihat selengkapnya",Jaecoo J5,medium,community_context,False,,,,False,not_relevant,no_adas_keyword,,UNKNOWN,,,,,,,
rec_5248707c53675b80,Jaecoo J5,Jaecoo J5 EV Indonesia (Search),https://www.facebook.com/search/top?q=jaecoo%20j5%20ev%20indonesia,post_5,post_5_comment_51,post_5,comment,,,,"Plat B ngecas di Semarang, ownernya ninggal mobil ga ninggalin nomer hape ke security.. pdhl sdh penuh... di Semarang SPKLU tdk sebanyak di Jakarta...",https://www.facebook.com/search/top?q=jaecoo%20j5%20ev%20indonesia,1789640609000,raw_data_all.jsonl,rec_5248707c53675b80,False,"Plat B ngecas di Semarang, ownernya ninggal mobil ga ninggalin nomer hape ke security.. pdhl sdh penuh... di Semarang SPKLU tdk sebanyak di Jakarta...","plat b ngecas di semarang, ownernya ninggal mobil ga ninggalin nomer hape ke security.. pdhl sdh penuh... di semarang spklu tdk sebanyak di jakarta...",Jaecoo J5,medium,community_context,False,,,,False,not_relevant,no_adas_keyword,,UNKNOWN,,,,,,,
rec_5adafa2ac75053e7,Jaecoo J5,Jaecoo J5 EV Indonesia (Search),https://www.facebook.com/search/top?q=jaecoo%20j5%20ev%20indonesia,post_5,post_5_comment_52,post_5,comment,,,,kasihan yg antri… Lihat selengkapnya,https://www.facebook.com/search/top?q=jaecoo%20j5%20ev%20indonesia,1789640609000,raw_data_all.jsonl,rec_5adafa2ac75053e7,False,kasihan yg antri… Lihat selengkapnya,kasihan yg antri… lihat selengkapnya,Jaecoo J5,medium,community_context,False,,,,False,not_relevant,no_adas_keyword,,UNKNOWN,,,,,,,
rec_6c59e1efa3d29cef,Jaecoo J5,Jaecoo J5 EV Indonesia (Search),https://www.facebook.com/search/top?q=jaecoo%20j5%20ev%20indonesia,post_5,post_5_comment_53,post_5,comment,,,,"Jaecoo J5 EV  menjadi salah satu mobil listrik terlaris di Indonesia, bahkan  berada di posisi nomor satu untuk penjualan model EV pada periode di 2026. 
 Jaecoo J5 EV di Indonesia
 J5 EV menjadi mobil listrik terlaris di Indonesia dengan distribusi sekitar 2.959 unit. 
Penjualan sebelumnya juga tinggi:… Lihat selengkapnya",https://www.facebook.com/search/top?q=jaecoo%20j5%20ev%20indonesia,1789640611000,raw_data_all.jsonl,rec_6c59e1efa3d29cef,False,"Jaecoo J5 EV menjadi salah satu mobil listrik terlaris di Indonesia, bahkan berada di posisi nomor satu untuk penjualan model EV pada periode di 2026. Jaecoo J5 EV di Indonesia J5 EV menjadi mobil listrik terlaris di Indonesia dengan distribusi sekitar 2.959 unit. Penjualan sebelumnya juga tinggi:… Lihat selengkapnya","jaecoo j5 ev menjadi salah satu mobil listrik terlaris di indonesia, bahkan berada di posisi nomor satu untuk penjualan model ev pada periode di 2026. jaecoo j5 ev di indonesia j5 ev menjadi mobil listrik terlaris di indonesia dengan distribusi sekitar 2.959 unit. penjualan sebelumnya juga tinggi:… lihat selengkapnya",Jaecoo J5,high,explicit_text_alias_strong,False,,,,False,not_relevant,no_adas_keyword,,UNKNOWN,,,,,,,
rec_ab9ac31adcbd03d3,Jaecoo J5,Jaecoo J5 EV Indonesia (Search),https://www.facebook.com/search/top?q=jaecoo%20j5%20ev%20indonesia,post_5,post_5_comment_54,post_5,comment,,,,"Jaecoo J5 EV  menjadi salah satu mobil listrik terlaris di Indonesia, bahkan  berada di posisi nomor satu untuk penjualan model EV pada periode di 2026.",https://www.facebook.com/search/top?q=jaecoo%20j5%20ev%20indonesia,1789640611000,raw_data_all.jsonl,rec_ab9ac31adcbd03d3,False,"Jaecoo J5 EV menjadi salah satu mobil listrik terlaris di Indonesia, bahkan berada di posisi nomor satu untuk penjualan model EV pada periode di 2026.","jaecoo j5 ev menjadi salah satu mobil listrik terlaris di indonesia, bahkan berada di posisi nomor satu untuk penjualan model ev pada periode di 2026.",Jaecoo J5,high,explicit_text_alias_strong,False,,,,False,not_relevant,no_adas_keyword,,UNKNOWN,,,,,,,
rec_267266a5613948bc,Jaecoo J5,Jaecoo J5 EV Indonesia (Search),https://www.facebook.com/search/top?q=jaecoo%20j5%20ev%20indonesia,post_5,post_5_comment_55,post_5,comment,,,,Jaecoo J5 EV di Indonesia,https://www.facebook.com/search/top?q=jaecoo%20j5%20ev%20indonesia,1789640611000,raw_data_all.jsonl,rec_267266a5613948bc,False,Jaecoo J5 EV di Indonesia,jaecoo j5 ev di indonesia,Jaecoo J5,high,explicit_text_alias_strong,False,,,,False,not_relevant,no_adas_keyword,,UNKNOWN,,,,,,,
rec_b80923c8669dfa0b,Jaecoo J5,Jaecoo J5 EV Indonesia (Search),https://www.facebook.com/search/top?q=jaecoo%20j5%20ev%20indonesia,post_5,post_5_comment_56,post_5,comment,,,,J5 EV menjadi mobil listrik terlaris di Indonesia dengan distribusi sekitar 2.959 unit.,https://www.facebook.com/search/top?q=jaecoo%20j5%20ev%20indonesia,1789640611000,raw_data_all.jsonl,rec_b80923c8669dfa0b,False,J5 EV menjadi mobil listrik terlaris di Indonesia dengan distribusi sekitar 2.959 unit.,j5 ev menjadi mobil listrik terlaris di indonesia dengan distribusi sekitar 2.959 unit.,Jaecoo J5,high,explicit_text_alias_strong,False,,,,False,not_relevant,no_adas_keyword,,UNKNOWN,,,,,,,
rec_999f8fa58853b5d1,Jaecoo J5,Jaecoo J5 EV Indonesia (Search),https://www.facebook.com/search/top?q=jaecoo%20j5%20ev%20indonesia,post_5,post_5_comment_57,post_5,comment,,,,Penjualan sebelumnya juga tinggi:… Lihat selengkapnya,https://www.facebook.com/search/top?q=jaecoo%20j5%20ev%20indonesia,1789640611000,raw_data_all.jsonl,rec_999f8fa58853b5d1,False,Penjualan sebelumnya juga tinggi:… Lihat selengkapnya,penjualan sebelumnya juga tinggi:… lihat selengkapnya,Jaecoo J5,medium,community_context,False,,,,False,not_relevant,no_adas_keyword,,UNKNOWN,,,,,,,
rec_937305c72d55ff1d,Jaecoo J5,Jaecoo J5 EV Indonesia (Search),https://www.facebook.com/search/top?q=jaecoo%20j5%20ev%20indonesia,post_5,post_5_comment_58,post_5,comment,,,,"SPK JAECOO J5 EV PREMIUM AT GIIAS
OTR 319.900.000 
 Delivery Agustus!… Lihat selengkapnya",https://www.facebook.com/search/top?q=jaecoo%20j5%20ev%20indonesia,1789640612000,raw_data_all.jsonl,rec_937305c72d55ff1d,False,SPK JAECOO J5 EV PREMIUM AT GIIAS OTR 319.900.000 Delivery Agustus!… Lihat selengkapnya,spk jaecoo j5 ev premium at giias otr 319.900.000 delivery agustus!… lihat selengkapnya,Jaecoo J5,high,explicit_text_alias_strong,False,,,,False,not_relevant,no_adas_keyword,,UNKNOWN,,,,,,,
rec_4e3e53109997cfc1,Jaecoo J5,Jaecoo J5 EV Indonesia (Search),https://www.facebook.com/search/top?q=jaecoo%20j5%20ev%20indonesia,post_5,post_5_comment_59,post_5,comment,,,,SPK JAECOO J5 EV PREMIUM AT GIIAS,https://www.facebook.com/search/top?q=jaecoo%20j5%20ev%20indonesia,1789640612000,raw_data_all.jsonl,rec_4e3e53109997cfc1,False,SPK JAECOO J5 EV PREMIUM AT GIIAS,spk jaecoo j5 ev premium at giias,Jaecoo J5,high,explicit_text_alias_strong,False,,,,False,not_relevant,no_adas_keyword,,UNKNOWN,,,,,,,
rec_4e09fecb9a7e2079,Jaecoo J5,Jaecoo J5 EV Indonesia (Search),https://www.facebook.com/search/top?q=jaecoo%20j5%20ev%20indonesia,post_5,post_5_comment_60,post_5,comment,,,,"OTR 319.900.000 
 Delivery Agustus!… Lihat selengkapnya",https://www.facebook.com/search/top?q=jaecoo%20j5%20ev%20indonesia,1789640612000,raw_data_all.jsonl,rec_4e09fecb9a7e2079,False,OTR 319.900.000 Delivery Agustus!… Lihat selengkapnya,otr 319.900.000 delivery agustus!… lihat selengkapnya,Jaecoo J5,medium,community_context,False,,,,False,not_relevant,no_adas_keyword,,UNKNOWN,,,,,,,
rec_5486f0a2e8fd91aa,Jaecoo J5,JFiver - Jaecoo J5 EV Owners (Search),https://www.facebook.com/search/top?q=jfiver%20-%20jaecoo%20j5%20ev%20owners%20%26%20community%20indonesia,post_1,,,post,,,,"Grup
Varionisty Indonesia
Publik · 519 rb anggota · 90+ postingan per hari
Selamat Bergabung di grup Varionisty Indonesia, just for fun, jangan lupa follow IG nya juga ya Varionisty Indonesia 🇮🇩
Gabung
Jastip Bagasi Malaysia Indonesia 🇮🇩🇲🇾
Publik · 6,4 rb anggota · 10+ postingan per hari
Grup Sharing & Berbagi Info Seputar Jastip Hand Carry Bagasi Cargo Malaysia Kuala Lumpur ke Indonesia Segala Transaksi Merupakan Tanggung Jawab Pribadi. Admin Tidak Bertanggung Jawab Atas Transaksi Apapun. Harap Setiap Anggota Menjaga Kenyamanan Bersama.
Gabung
Chevrolet Spin Indonesia Owners
Publik · 30 rb anggota · 8 postingan per hari
Grup sosial media ini adalah bagian dari Program CSR (Community Social Responsibility) komunitas Chevy Spin Indonesia (CSI) sebagai wadah komunikasi bagi semua pengguna Chevrolet Spin di seluruh wilayah Indonesia. Untuk bergabung dalam group sosial media ini Om dan Tante kami persilakan untuk membaca aturan yang berlaku dibawah ini: 1. Grup ini terbuka untuk umum, siapapun di izinkan membuat posting yang berhubungan dengan mobil Chevrolet Spin sesuai dengan etika dan norma yang baik dalam ber-sosial media. Dilarang membuat posting yang berhubungan dengan SARA, POLITIK, AFILIASI tertentu dan PORNOGRAFI atau bentuk PERMUSUHAN yang menimbulkan kegaduhan dalam group ini. 2. Semua komunitas / klub mobil Chevrolet Spin di izinkan untuk mem-posting kegiatan komunitasnya tanpa melanggar etika dan norma dalam ber-sosial media. Dilarang keras melakukan perekrutan anggota untuk dan atas kepentingan komunitas / klub mobil atau organisasi tertentu dalam bentuk apapun. 3. Kepada yang ingin berniat untuk berniaga, kami hanya mengizinkan membuat posting niaga di hari Jumat tanpa terkecuali. Demi transparansi dan kenyamanan Om dan Tante, serta menghindari kejahatan di dunia maya yang marak terjadi, ikuti aturan sebagai berikut; barang/jasa yang di niagakan berhubungan dengan mobil Chevrolet Spin lengkap dengan spesifikasi teknis, harga, nomer kontak, profile yang jelas terbuka. Untuk pembeli, kami mengingatkan agar bentuk komplain dari transaksi yang dilakukan di buat dengan jelas, lengkap dan tidak tendensius agar segera selesai permasalahannya. 4. Group sosial media ini tidak pernah membuat group komunikasi WA/TELEGRAM/Messenger dan lain sebagainya atas nama apapun. Jika tertarik untuk bergabung dalam wadah komunitas Chevy Spin Indonesia dapat menghubungi Kordinator Wilayah CSI yang terdapat dalam pengumuman (announcement) yang dibuat oleh admin. Kami selaku admin group ini tidak bertanggung jawab terhadap hal-hal yang tidak di inginkan, jika ada pihak lain yang membuat atau mengajak bergabung dalam sebuah group tertentu. 5. Berhati-hatilah dalam ber-interaksi dan ber-transaksi dalam group ini. Jagalah data privasi anda. Mintalah informasi dengan baik dan jelas. Gunakan fitur search (cari) dalam group ini untuk mempercepat informasi yang di inginkan. 6. Admin akan melakukan tindakan berupa mematikan fitur komentar dan posting, menghapus postingan dan mengeluarkan anggota tersebut jika terjadi pelanggaran dalam aturan yang disebutkan diatas.
Gabung
Lihat semua",https://www.facebook.com/search/top?q=jfiver%20-%20jaecoo%20j5%20ev%20owners%20%26%20community%20indonesia,1789640627000,raw_data_all.jsonl,rec_5486f0a2e8fd91aa,False,"Grup Varionisty Indonesia Publik · 519 rb anggota · 90+ postingan per hari Selamat Bergabung di grup Varionisty Indonesia, just for fun, jangan lupa follow IG nya juga ya Varionisty Indonesia 🇮🇩 Gabung Jastip Bagasi Malaysia Indonesia 🇮🇩🇲🇾 Publik · 6,4 rb anggota · 10+ postingan per hari Grup Sharing & Berbagi Info Seputar Jastip Hand Carry Bagasi Cargo Malaysia Kuala Lumpur ke Indonesia Segala Transaksi Merupakan Tanggung Jawab Pribadi. Admin Tidak Bertanggung Jawab Atas Transaksi Apapun. Harap Setiap Anggota Menjaga Kenyamanan Bersama. Gabung Chevrolet Spin Indonesia Owners Publik · 30 rb anggota · 8 postingan per hari Grup sosial media ini adalah bagian dari Program CSR (Community Social Responsibility) komunitas Chevy Spin Indonesia (CSI) sebagai wadah komunikasi bagi semua pengguna Chevrolet Spin di seluruh wilayah Indonesia. Untuk bergabung dalam group sosial media ini Om dan Tante kami persilakan untuk membaca aturan yang berlaku dibawah ini: 1. Grup ini terbuka untuk umum, siapapun di izinkan membuat posting yang berhubungan dengan mobil Chevrolet Spin sesuai dengan etika dan norma yang baik dalam ber-sosial media. Dilarang membuat posting yang berhubungan dengan SARA, POLITIK, AFILIASI tertentu dan PORNOGRAFI atau bentuk PERMUSUHAN yang menimbulkan kegaduhan dalam group ini. 2. Semua komunitas / klub mobil Chevrolet Spin di izinkan untuk mem-posting kegiatan komunitasnya tanpa melanggar etika dan norma dalam ber-sosial media. Dilarang keras melakukan perekrutan anggota untuk dan atas kepentingan komunitas / klub mobil atau organisasi tertentu dalam bentuk apapun. 3. Kepada yang ingin berniat untuk berniaga, kami hanya mengizinkan membuat posting niaga di hari Jumat tanpa terkecuali. Demi transparansi dan kenyamanan Om dan Tante, serta menghindari kejahatan di dunia maya yang marak terjadi, ikuti aturan sebagai berikut; barang/jasa yang di niagakan berhubungan dengan mobil Chevrolet Spin lengkap dengan spesifikasi teknis, harga, nomer kontak, profile yang jelas terbuka. Untuk pembeli, kami mengingatkan agar bentuk komplain dari transaksi yang dilakukan di buat dengan jelas, lengkap dan tidak tendensius agar segera selesai permasalahannya. 4. Group sosial media ini tidak pernah membuat group komunikasi WA/TELEGRAM/Messenger dan lain sebagainya atas nama apapun. Jika tertarik untuk bergabung dalam wadah komunitas Chevy Spin Indonesia dapat menghubungi Kordinator Wilayah CSI yang terdapat dalam pengumuman (announcement) yang dibuat oleh admin. Kami selaku admin group ini tidak bertanggung jawab terhadap hal-hal yang tidak di inginkan, jika ada pihak lain yang membuat atau mengajak bergabung dalam sebuah group tertentu. 5. Berhati-hatilah dalam ber-interaksi dan ber-transaksi dalam group ini. Jagalah data privasi anda. Mintalah informasi dengan baik dan jelas. Gunakan fitur search (cari) dalam group ini untuk mempercepat informasi yang di inginkan. 6. Admin akan melakukan tindakan berupa mematikan fitur komentar dan posting, menghapus postingan dan mengeluarkan anggota tersebut jika terjadi pelanggaran dalam aturan yang disebutkan diatas. Gabung Lihat semua","grup varionisty indonesia publik · 519 rb anggota · 90+ postingan per hari selamat bergabung di grup varionisty indonesia, just for fun, jangan lupa follow ig nya juga ya varionisty indonesia 🇮🇩 gabung jastip bagasi malaysia indonesia 🇮🇩🇲🇾 publik · 6,4 rb anggota · 10+ postingan per hari grup sharing & berbagi info seputar jastip hand carry bagasi cargo malaysia kuala lumpur ke indonesia segala transaksi merupakan tanggung jawab pribadi. admin tidak bertanggung jawab atas transaksi apapun. harap setiap anggota menjaga kenyamanan bersama. gabung chevrolet spin indonesia owners publik · 30 rb anggota · 8 postingan per hari grup sosial media ini adalah bagian dari program csr (community social responsibility) komunitas chevy spin indonesia (csi) sebagai wadah komunikasi bagi semua pengguna chevrolet spin di seluruh wilayah indonesia. untuk bergabung dalam group sosial media ini om dan tante kami persilakan untuk membaca aturan yang berlaku dibawah ini: 1. grup ini terbuka untuk umum, siapapun di izinkan membuat posting yang berhubungan dengan mobil chevrolet spin sesuai dengan etika dan norma yang baik dalam ber-sosial media. dilarang membuat posting yang berhubungan dengan sara, politik, afiliasi tertentu dan pornografi atau bentuk permusuhan yang menimbulkan kegaduhan dalam group ini. 2. semua komunitas / klub mobil chevrolet spin di izinkan untuk mem-posting kegiatan komunitasnya tanpa melanggar etika dan norma dalam ber-sosial media. dilarang keras melakukan perekrutan anggota untuk dan atas kepentingan komunitas / klub mobil atau organisasi tertentu dalam bentuk apapun. 3. kepada yang ingin berniat untuk berniaga, kami hanya mengizinkan membuat posting niaga di hari jumat tanpa terkecuali. demi transparansi dan kenyamanan om dan tante, serta menghindari kejahatan di dunia maya yang marak terjadi, ikuti aturan sebagai berikut; barang/jasa yang di niagakan berhubungan dengan mobil chevrolet spin lengkap dengan spesifikasi teknis, harga, nomer kontak, profile yang jelas terbuka. untuk pembeli, kami mengingatkan agar bentuk komplain dari transaksi yang dilakukan di buat dengan jelas, lengkap dan tidak tendensius agar segera selesai permasalahannya. 4. group sosial media ini tidak pernah membuat group komunikasi wa/telegram/messenger dan lain sebagainya atas nama apapun. jika tertarik untuk bergabung dalam wadah komunitas chevy spin indonesia dapat menghubungi kordinator wilayah csi yang terdapat dalam pengumuman (announcement) yang dibuat oleh admin. kami selaku admin group ini tidak bertanggung jawab terhadap hal-hal yang tidak di inginkan, jika ada pihak lain yang membuat atau mengajak bergabung dalam sebuah group tertentu. 5. berhati-hatilah dalam ber-interaksi dan ber-transaksi dalam group ini. jagalah data privasi anda. mintalah informasi dengan baik dan jelas. gunakan fitur search (cari) dalam group ini untuk mempercepat informasi yang di inginkan. 6. admin akan melakukan tindakan berupa mematikan fitur komentar dan posting, menghapus postingan dan mengeluarkan anggota tersebut jika terjadi pelanggaran dalam aturan yang disebutkan diatas. gabung lihat semua",Jaecoo J5,medium,community_context,False,,,,False,not_relevant,no_adas_keyword,,UNKNOWN,,,,,,,
rec_8bfc36150e0d012a,Jaecoo J5,JFiver - Jaecoo J5 EV Owners (Search),https://www.facebook.com/search/top?q=jfiver%20-%20jaecoo%20j5%20ev%20owners%20%26%20community%20indonesia,post_1,post_1_comment_1,post_1,comment,,,,"Lindungi masa depan mobil listrikmu dengan Asuransi Mobil Listrik OONA. Dapatkan juga: 
Klaim cepat … Lihat selengkapnya",https://www.facebook.com/search/top?q=jfiver%20-%20jaecoo%20j5%20ev%20owners%20%26%20community%20indonesia,1789640632000,raw_data_all.jsonl,rec_8bfc36150e0d012a,False,Lindungi masa depan mobil listrikmu dengan Asuransi Mobil Listrik OONA. Dapatkan juga: Klaim cepat … Lihat selengkapnya,lindungi masa depan mobil listrikmu dengan asuransi mobil listrik oona. dapatkan juga: klaim cepat … lihat selengkapnya,Jaecoo J5,medium,community_context,False,,,,False,not_relevant,no_adas_keyword,,UNKNOWN,,,,,,,
rec_87549cfb815c83f0,Jaecoo J5,JFiver - Jaecoo J5 EV Owners (Search),https://www.facebook.com/search/top?q=jfiver%20-%20jaecoo%20j5%20ev%20owners%20%26%20community%20indonesia,post_1,post_1_comment_2,post_1,comment,,,,Lindungi masa depan mobil listrikmu dengan Asuransi Mobil Listrik OONA. Dapatkan juga:,https://www.facebook.com/search/top?q=jfiver%20-%20jaecoo%20j5%20ev%20owners%20%26%20community%20indonesia,1789640632000,raw_data_all.jsonl,rec_87549cfb815c83f0,False,Lindungi masa depan mobil listrikmu dengan Asuransi Mobil Listrik OONA. Dapatkan juga:,lindungi masa depan mobil listrikmu dengan asuransi mobil listrik oona. dapatkan juga:,Jaecoo J5,medium,community_context,False,,,,False,not_relevant,no_adas_keyword,,UNKNOWN,,,,,,,
rec_3b0640694a7a09b1,Jaecoo J5,JFiver - Jaecoo J5 EV Owners (Search),https://www.facebook.com/search/top?q=jfiver%20-%20jaecoo%20j5%20ev%20owners%20%26%20community%20indonesia,post_1,post_1_comment_3,post_1,comment,,,,Klaim cepat … Lihat selengkapnya,https://www.facebook.com/search/top?q=jfiver%20-%20jaecoo%20j5%20ev%20owners%20%26%20community%20indonesia,1789640632000,raw_data_all.jsonl,rec_3b0640694a7a09b1,False,Klaim cepat … Lihat selengkapnya,klaim cepat … lihat selengkapnya,Jaecoo J5,medium,community_context,False,,,,False,not_relevant,no_adas_keyword,,UNKNOWN,,,,,,,
rec_dffa7ab32aaa4038,Jaecoo J5,JFiver - Jaecoo J5 EV Owners (Search),https://www.facebook.com/search/top?q=jfiver%20-%20jaecoo%20j5%20ev%20owners%20%26%20community%20indonesia,post_1,post_1_comment_4,post_1,comment,,,,"Halo teman-teman pemilik Jaecoo J5!
Perkenalkan, saya James, owner Media Sticker di Surabaya. Kami bergerak di bidang vehicle wrapping, paint protection film (PPF), dan car detailing protection.
Saat ini kami sedang mengembangkan Interior PPF Kit yang dibuat khusus untuk Jaecoo J5, dan kami membutuhkan 1 unit Jaecoo J5 sebagai kendaraan prototype agar kami bisa membuat template yang presisi.
Yang kami tawarkan:
•
Gratis 1 set Interior PPF Kit
•
Gratis pemasangan
•
Pengu… Lihat selengkapnya",https://www.facebook.com/search/top?q=jfiver%20-%20jaecoo%20j5%20ev%20owners%20%26%20community%20indonesia,1789640632000,raw_data_all.jsonl,rec_dffa7ab32aaa4038,False,"Halo teman-teman pemilik Jaecoo J5! Perkenalkan, saya James, owner Media Sticker di Surabaya. Kami bergerak di bidang vehicle wrapping, paint protection film (PPF), dan car detailing protection. Saat ini kami sedang mengembangkan Interior PPF Kit yang dibuat khusus untuk Jaecoo J5, dan kami membutuhkan 1 unit Jaecoo J5 sebagai kendaraan prototype agar kami bisa membuat template yang presisi. Yang kami tawarkan: • Gratis 1 set Interior PPF Kit • Gratis pemasangan • Pengu… Lihat selengkapnya","halo teman-teman pemilik jaecoo j5! perkenalkan, saya james, owner media sticker di surabaya. kami bergerak di bidang vehicle wrapping, paint protection film (ppf), dan car detailing protection. saat ini kami sedang mengembangkan interior ppf kit yang dibuat khusus untuk jaecoo j5, dan kami membutuhkan 1 unit jaecoo j5 sebagai kendaraan prototype agar kami bisa membuat template yang presisi. yang kami tawarkan: • gratis 1 set interior ppf kit • gratis pemasangan • pengu… lihat selengkapnya",Jaecoo J5,high,explicit_text_alias_strong,False,,,,False,not_relevant,no_adas_keyword,,UNKNOWN,,,,,,,
rec_670a0af8342a283a,Jaecoo J5,JFiver - Jaecoo J5 EV Owners (Search),https://www.facebook.com/search/top?q=jfiver%20-%20jaecoo%20j5%20ev%20owners%20%26%20community%20indonesia,post_1,post_1_comment_5,post_1,comment,,,,"Omoda Jaecoo Malaysia has just launched the J5 EV at RM118,800, making it RM10k more than the ICE-powered J5, giving some posh choices for fully electric SUV buyers loo… Lihat selengkapnya
Lihat terjemahan",https://www.facebook.com/search/top?q=jfiver%20-%20jaecoo%20j5%20ev%20owners%20%26%20community%20indonesia,1789640632000,raw_data_all.jsonl,rec_670a0af8342a283a,False,"Omoda Jaecoo Malaysia has just launched the J5 EV at RM118,800, making it RM10k more than the ICE-powered J5, giving some posh choices for fully electric SUV buyers loo… Lihat selengkapnya Lihat terjemahan","omoda jaecoo malaysia has just launched the j5 ev at rm118,800, making it rm10k more than the ice-powered j5, giving some posh choices for fully electric suv buyers loo… lihat selengkapnya lihat terjemahan",Jaecoo J5,high,explicit_text_alias_strong,False,,,,False,not_relevant,no_adas_keyword,,UNKNOWN,,,,,,,
rec_340cdca3843c8ecb,Jaecoo J5,JFiver - Jaecoo J5 EV Owners (Search),https://www.facebook.com/search/top?q=jfiver%20-%20jaecoo%20j5%20ev%20owners%20%26%20community%20indonesia,post_1,post_1_comment_6,post_1,comment,,,,"Omoda Jaecoo Malaysia has just launched the J5 EV at RM118,800, making it RM10k more than the ICE-powered J5, giving some posh choices for fully electric SUV buyers loo… Lihat selengkapnya",https://www.facebook.com/search/top?q=jfiver%20-%20jaecoo%20j5%20ev%20owners%20%26%20community%20indonesia,1789640632000,raw_data_all.jsonl,rec_340cdca3843c8ecb,False,"Omoda Jaecoo Malaysia has just launched the J5 EV at RM118,800, making it RM10k more than the ICE-powered J5, giving some posh choices for fully electric SUV buyers loo… Lihat selengkapnya","omoda jaecoo malaysia has just launched the j5 ev at rm118,800, making it rm10k more than the ice-powered j5, giving some posh choices for fully electric suv buyers loo… lihat selengkapnya",Jaecoo J5,high,explicit_text_alias_strong,False,,,,False,not_relevant,no_adas_keyword,,UNKNOWN,,,,,,,
rec_98e3c7b32fc8fe00,Jaecoo J5,JFiver - Jaecoo J5 EV Owners (Search),https://www.facebook.com/search/top?q=jfiver%20-%20jaecoo%20j5%20ev%20owners%20%26%20community%20indonesia,post_1,post_1_comment_7,post_1,comment,,,,JAECOO J5 EV Premium… Lihat selengkapnya,https://www.facebook.com/search/top?q=jfiver%20-%20jaecoo%20j5%20ev%20owners%20%26%20community%20indonesia,1789640635000,raw_data_all.jsonl,rec_98e3c7b32fc8fe00,False,JAECOO J5 EV Premium… Lihat selengkapnya,jaecoo j5 ev premium… lihat selengkapnya,Jaecoo J5,high,explicit_text_alias_strong,False,,,,False,not_relevant,no_adas_keyword,,UNKNOWN,,,,,,,
rec_c2060150b779c0ab,Jaecoo J5,JFiver - Jaecoo J5 EV Owners (Search),https://www.facebook.com/search/top?q=jfiver%20-%20jaecoo%20j5%20ev%20owners%20%26%20community%20indonesia,post_1,post_1_comment_8,post_1,comment,,,,"The Jaecoo J5 EV is officially open for booking, with an estimated price of RM 125,000.… Lihat selengkapnya
Lihat terjemahan",https://www.facebook.com/search/top?q=jfiver%20-%20jaecoo%20j5%20ev%20owners%20%26%20community%20indonesia,1789640637000,raw_data_all.jsonl,rec_c2060150b779c0ab,False,"The Jaecoo J5 EV is officially open for booking, with an estimated price of RM 125,000.… Lihat selengkapnya Lihat terjemahan","the jaecoo j5 ev is officially open for booking, with an estimated price of rm 125,000.… lihat selengkapnya lihat terjemahan",Jaecoo J5,high,explicit_text_alias_strong,False,,,,False,not_relevant,no_adas_keyword,,UNKNOWN,,,,,,,
rec_18aaaf40846e7239,Jaecoo J5,JFiver - Jaecoo J5 EV Owners (Search),https://www.facebook.com/search/top?q=jfiver%20-%20jaecoo%20j5%20ev%20owners%20%26%20community%20indonesia,post_1,post_1_comment_9,post_1,comment,,,,"The Jaecoo J5 EV is officially open for booking, with an estimated price of RM 125,000.… Lihat selengkapnya",https://www.facebook.com/search/top?q=jfiver%20-%20jaecoo%20j5%20ev%20owners%20%26%20community%20indonesia,1789640637000,raw_data_all.jsonl,rec_18aaaf40846e7239,False,"The Jaecoo J5 EV is officially open for booking, with an estimated price of RM 125,000.… Lihat selengkapnya","the jaecoo j5 ev is officially open for booking, with an estimated price of rm 125,000.… lihat selengkapnya",Jaecoo J5,high,explicit_text_alias_strong,False,,,,False,not_relevant,no_adas_keyword,,UNKNOWN,,,,,,,
rec_a40318e933091fbe,Jaecoo J5,JFiver - Jaecoo J5 EV Owners (Search),https://www.facebook.com/search/top?q=jfiver%20-%20jaecoo%20j5%20ev%20owners%20%26%20community%20indonesia,post_1,post_1_comment_10,post_1,comment,,,,𝗛𝗲𝗿𝗲'𝘀 𝘄𝗵𝘆 𝘆𝗼𝘂 𝘀𝗵𝗼𝘂𝗹𝗱 𝗰𝗼𝗻𝘀𝗶𝗱𝗲𝗿 𝘁𝗵𝗲 𝗡𝗲𝘄 𝗝𝗮𝗲𝗰𝗼𝗼 𝗝𝟱 𝗘𝗩 𝗮𝘀 𝘆𝗼𝘂𝗿 𝗱𝗮𝗶𝗹𝘆 𝗰𝗼𝗺𝗺𝘂𝘁𝗲𝗿!,https://www.facebook.com/search/top?q=jfiver%20-%20jaecoo%20j5%20ev%20owners%20%26%20community%20indonesia,1789640638000,raw_data_all.jsonl,rec_a40318e933091fbe,False,𝗛𝗲𝗿𝗲'𝘀 𝘄𝗵𝘆 𝘆𝗼𝘂 𝘀𝗵𝗼𝘂𝗹𝗱 𝗰𝗼𝗻𝘀𝗶𝗱𝗲𝗿 𝘁𝗵𝗲 𝗡𝗲𝘄 𝗝𝗮𝗲𝗰𝗼𝗼 𝗝𝟱 𝗘𝗩 𝗮𝘀 𝘆𝗼𝘂𝗿 𝗱𝗮𝗶𝗹𝘆 𝗰𝗼𝗺𝗺𝘂𝘁𝗲𝗿!,𝗛𝗲𝗿𝗲'𝘀 𝘄𝗵𝘆 𝘆𝗼𝘂 𝘀𝗵𝗼𝘂𝗹𝗱 𝗰𝗼𝗻𝘀𝗶𝗱𝗲𝗿 𝘁𝗵𝗲 𝗡𝗲𝘄 𝗝𝗮𝗲𝗰𝗼𝗼 𝗝𝟱 𝗘𝗩 𝗮𝘀 𝘆𝗼𝘂𝗿 𝗱𝗮𝗶𝗹𝘆 𝗰𝗼𝗺𝗺𝘂𝘁𝗲𝗿!,Jaecoo J5,medium,community_context,False,,,,False,not_relevant,no_adas_keyword,,UNKNOWN,,,,,,,
rec_48e8cdb6ce1c02f3,Jaecoo J5,JFiver - Jaecoo J5 EV Owners (Search),https://www.facebook.com/search/top?q=jfiver%20-%20jaecoo%20j5%20ev%20owners%20%26%20community%20indonesia,post_1,post_1_comment_11,post_1,comment,,,,Tajveer 哲玮 016-233 6101,https://www.facebook.com/search/top?q=jfiver%20-%20jaecoo%20j5%20ev%20owners%20%26%20community%20indonesia,1789640638000,raw_data_all.jsonl,rec_48e8cdb6ce1c02f3,False,Tajveer 哲玮 016-233 6101,tajveer 哲玮 016-233 6101,Jaecoo J5,medium,community_context,False,,,,False,not_relevant,no_adas_keyword,,UNKNOWN,,,,,,,
rec_1bc8aff04f21b68e,Jaecoo J5,JFiver - Jaecoo J5 EV Owners (Search),https://www.facebook.com/search/top?q=jfiver%20-%20jaecoo%20j5%20ev%20owners%20%26%20community%20indonesia,post_1,post_1_comment_12,post_1,comment,,,,Looking for a car that’s comfortabl… Lihat selengkapnya,https://www.facebook.com/search/top?q=jfiver%20-%20jaecoo%20j5%20ev%20owners%20%26%20community%20indonesia,1789640638000,raw_data_all.jsonl,rec_1bc8aff04f21b68e,False,Looking for a car that’s comfortabl… Lihat selengkapnya,looking for a car that’s comfortabl… lihat selengkapnya,Jaecoo J5,medium,community_context,False,,,,False,not_relevant,no_adas_keyword,,UNKNOWN,,,,,,,
rec_19b1daf2ba933e00,Jaecoo J5,JFiver - Jaecoo J5 EV Owners (Search),https://www.facebook.com/search/top?q=jfiver%20-%20jaecoo%20j5%20ev%20owners%20%26%20community%20indonesia,post_1,post_1_comment_13,post_1,comment,,,,Lebih dari sekadar perjalanan.… Lihat selengkapnya,https://www.facebook.com/search/top?q=jfiver%20-%20jaecoo%20j5%20ev%20owners%20%26%20community%20indonesia,1789640640000,raw_data_all.jsonl,rec_19b1daf2ba933e00,False,Lebih dari sekadar perjalanan.… Lihat selengkapnya,lebih dari sekadar perjalanan.… lihat selengkapnya,Jaecoo J5,medium,community_context,False,,,,False,not_relevant,no_adas_keyword,,UNKNOWN,,,,,,,
rec_471bb795929db5df,Jaecoo J5,JFiver - Jaecoo J5 EV Owners (Search),https://www.facebook.com/search/top?q=jfiver%20-%20jaecoo%20j5%20ev%20owners%20%26%20community%20indonesia,post_1,post_1_comment_14,post_1,comment,,,,"Jaecoo Indonesia akhirnya merilis SUV listrik terbarunya, Jaecoo J5 EV, di pasar Tanah Air. Mobil listrik ini hadir dalam dua varian, yakni Standar dan Premium, dengan … Lihat selengkapnya",https://www.facebook.com/search/top?q=jfiver%20-%20jaecoo%20j5%20ev%20owners%20%26%20community%20indonesia,1789640640000,raw_data_all.jsonl,rec_471bb795929db5df,False,"Jaecoo Indonesia akhirnya merilis SUV listrik terbarunya, Jaecoo J5 EV, di pasar Tanah Air. Mobil listrik ini hadir dalam dua varian, yakni Standar dan Premium, dengan … Lihat selengkapnya","jaecoo indonesia akhirnya merilis suv listrik terbarunya, jaecoo j5 ev, di pasar tanah air. mobil listrik ini hadir dalam dua varian, yakni standar dan premium, dengan … lihat selengkapnya",Jaecoo J5,high,explicit_text_alias_strong,False,,,,False,not_relevant,no_adas_keyword,,UNKNOWN,,,,,,,
rec_b1cf8e605598256a,Jaecoo J5,JFiver - Jaecoo J5 EV Owners (Search),https://www.facebook.com/search/top?q=jfiver%20-%20jaecoo%20j5%20ev%20owners%20%26%20community%20indonesia,post_1,post_1_comment_15,post_1,comment,,,,"admin 
083805652248",https://www.facebook.com/search/top?q=jfiver%20-%20jaecoo%20j5%20ev%20owners%20%26%20community%20indonesia,1789640642000,raw_data_all.jsonl,rec_b1cf8e605598256a,False,admin 083805652248,admin 083805652248,Jaecoo J5,medium,community_context,False,,,,False,not_relevant,no_adas_keyword,,UNKNOWN,,,,,,,
rec_66b8c7b3e90028a9,Jaecoo J5,JFiver - Jaecoo J5 EV Owners (Search),https://www.facebook.com/search/top?q=jfiver%20-%20jaecoo%20j5%20ev%20owners%20%26%20community%20indonesia,post_1,post_1_comment_16,post_1,comment,,,,admin,https://www.facebook.com/search/top?q=jfiver%20-%20jaecoo%20j5%20ev%20owners%20%26%20community%20indonesia,1789640642000,raw_data_all.jsonl,rec_66b8c7b3e90028a9,False,admin,admin,Jaecoo J5,medium,community_context,False,,,,False,not_relevant,no_adas_keyword,,UNKNOWN,,,,,,,
rec_09239312732c5515,Jaecoo J5,JFiver - Jaecoo J5 EV Owners (Search),https://www.facebook.com/search/top?q=jfiver%20-%20jaecoo%20j5%20ev%20owners%20%26%20community%20indonesia,post_1,post_1_comment_17,post_1,comment,,,,083805652248,https://www.facebook.com/search/top?q=jfiver%20-%20jaecoo%20j5%20ev%20owners%20%26%20community%20indonesia,1789640642000,raw_data_all.jsonl,rec_09239312732c5515,False,083805652248,083805652248,Jaecoo J5,medium,community_context,False,,,,False,not_relevant,no_adas_keyword,,UNKNOWN,,,,,,,
rec_01e6f6db955575f9,Jaecoo J5,JFiver - Jaecoo J5 EV Owners (Search),https://www.facebook.com/search/top?q=jfiver%20-%20jaecoo%20j5%20ev%20owners%20%26%20community%20indonesia,post_1,post_1_comment_18,post_1,comment,,,,"JAECOO J5 EV
 Kelebihan Utama… Lihat selengkapnya",https://www.facebook.com/search/top?q=jfiver%20-%20jaecoo%20j5%20ev%20owners%20%26%20community%20indonesia,1789640643000,raw_data_all.jsonl,rec_01e6f6db955575f9,False,JAECOO J5 EV Kelebihan Utama… Lihat selengkapnya,jaecoo j5 ev kelebihan utama… lihat selengkapnya,Jaecoo J5,high,explicit_text_alias_strong,False,,,,False,not_relevant,no_adas_keyword,,UNKNOWN,,,,,,,
rec_3c333d6833bf8a60,Jaecoo J5,JFiver - Jaecoo J5 EV Owners (Search),https://www.facebook.com/search/top?q=jfiver%20-%20jaecoo%20j5%20ev%20owners%20%26%20community%20indonesia,post_1,post_1_comment_19,post_1,comment,,,,JAECOO J5 EV,https://www.facebook.com/search/top?q=jfiver%20-%20jaecoo%20j5%20ev%20owners%20%26%20community%20indonesia,1789640643000,raw_data_all.jsonl,rec_3c333d6833bf8a60,False,JAECOO J5 EV,jaecoo j5 ev,Jaecoo J5,high,explicit_text_alias_strong,False,,,,False,not_relevant,no_adas_keyword,,UNKNOWN,,,,,,,
rec_56f061cebe07fdf6,Jaecoo J5,JFiver - Jaecoo J5 EV Owners (Search),https://www.facebook.com/search/top?q=jfiver%20-%20jaecoo%20j5%20ev%20owners%20%26%20community%20indonesia,post_1,post_1_comment_20,post_1,comment,,,,Kelebihan Utama… Lihat selengkapnya,https://www.facebook.com/search/top?q=jfiver%20-%20jaecoo%20j5%20ev%20owners%20%26%20community%20indonesia,1789640643000,raw_data_all.jsonl,rec_56f061cebe07fdf6,False,Kelebihan Utama… Lihat selengkapnya,kelebihan utama… lihat selengkapnya,Jaecoo J5,medium,community_context,False,,,,False,not_relevant,no_adas_keyword,,UNKNOWN,,,,,,,
rec_b38ecc7aacf5848f,Jaecoo J5,JFiver - Jaecoo J5 EV Owners (Search),https://www.facebook.com/search/top?q=jfiver%20-%20jaecoo%20j5%20ev%20owners%20%26%20community%20indonesia,post_1,post_1_comment_21,post_1,comment,,,,"JAECOO J5 EV PREMIUM — Saatnya Beralih ke Mobilitas Listrik!
Tampil stylish, nyaman, dan siap menemani perjalananmu dengan jarak tempuh hingga 461 km sekali pengisian— di 
Pekanbaru, Riau, Indonesia
.… Lihat selengkapnya",https://www.facebook.com/search/top?q=jfiver%20-%20jaecoo%20j5%20ev%20owners%20%26%20community%20indonesia,1789640645000,raw_data_all.jsonl,rec_b38ecc7aacf5848f,False,"JAECOO J5 EV PREMIUM — Saatnya Beralih ke Mobilitas Listrik! Tampil stylish, nyaman, dan siap menemani perjalananmu dengan jarak tempuh hingga 461 km sekali pengisian— di Pekanbaru, Riau, Indonesia .… Lihat selengkapnya","jaecoo j5 ev premium — saatnya beralih ke mobilitas listrik! tampil stylish, nyaman, dan siap menemani perjalananmu dengan jarak tempuh hingga 461 km sekali pengisian— di pekanbaru, riau, indonesia .… lihat selengkapnya",Jaecoo J5,high,explicit_text_alias_strong,False,,,,False,not_relevant,no_adas_keyword,,UNKNOWN,,,,,,,
rec_dbb913520d04a43b,Jaecoo J5,JFiver - Jaecoo J5 EV Owners (Search),https://www.facebook.com/search/top?q=jfiver%20-%20jaecoo%20j5%20ev%20owners%20%26%20community%20indonesia,post_1,post_1_comment_22,post_1,comment,,,,JAECOO J5 EV PREMIUM — Saatnya Beralih ke Mobilitas Listrik!,https://www.facebook.com/search/top?q=jfiver%20-%20jaecoo%20j5%20ev%20owners%20%26%20community%20indonesia,1789640645000,raw_data_all.jsonl,rec_dbb913520d04a43b,False,JAECOO J5 EV PREMIUM — Saatnya Beralih ke Mobilitas Listrik!,jaecoo j5 ev premium — saatnya beralih ke mobilitas listrik!,Jaecoo J5,high,explicit_text_alias_strong,False,,,,False,not_relevant,no_adas_keyword,,UNKNOWN,,,,,,,
rec_8df1509f8166093a,Jaecoo J5,JFiver - Jaecoo J5 EV Owners (Search),https://www.facebook.com/search/top?q=jfiver%20-%20jaecoo%20j5%20ev%20owners%20%26%20community%20indonesia,post_1,post_1_comment_23,post_1,comment,,,,"Tampil stylish, nyaman, dan siap menemani perjalananmu dengan jarak tempuh hingga 461 km sekali pengisian— di 
Pekanbaru, Riau, Indonesia
.… Lihat selengkapnya",https://www.facebook.com/search/top?q=jfiver%20-%20jaecoo%20j5%20ev%20owners%20%26%20community%20indonesia,1789640645000,raw_data_all.jsonl,rec_8df1509f8166093a,False,"Tampil stylish, nyaman, dan siap menemani perjalananmu dengan jarak tempuh hingga 461 km sekali pengisian— di Pekanbaru, Riau, Indonesia .… Lihat selengkapnya","tampil stylish, nyaman, dan siap menemani perjalananmu dengan jarak tempuh hingga 461 km sekali pengisian— di pekanbaru, riau, indonesia .… lihat selengkapnya",Jaecoo J5,medium,community_context,False,,,,False,not_relevant,no_adas_keyword,,UNKNOWN,,,,,,,
rec_0ade9b41b21aaae2,Jaecoo J5,JFiver - Jaecoo J5 EV Owners (Search),https://www.facebook.com/search/top?q=jfiver%20-%20jaecoo%20j5%20ev%20owners%20%26%20community%20indonesia,post_1,post_1_comment_24,post_1,comment,,,,"Masa depan berkendara tanpa emisi, tapi tetap punya gaya yang presisi. Meet the Jaecoo J5 EV.Info Pemesanan Hubungi Putri 0857-8153-1226.Cek Selengkapnya Di YT Carstore… Lihat selengkapnya",https://www.facebook.com/search/top?q=jfiver%20-%20jaecoo%20j5%20ev%20owners%20%26%20community%20indonesia,1789640650000,raw_data_all.jsonl,rec_0ade9b41b21aaae2,False,"Masa depan berkendara tanpa emisi, tapi tetap punya gaya yang presisi. Meet the Jaecoo J5 EV.Info Pemesanan Hubungi Putri 0857-8153-1226.Cek Selengkapnya Di YT Carstore… Lihat selengkapnya","masa depan berkendara tanpa emisi, tapi tetap punya gaya yang presisi. meet the jaecoo j5 ev.info pemesanan hubungi putri 0857-8153-1226.cek selengkapnya di yt carstore… lihat selengkapnya",Jaecoo J5,high,explicit_text_alias_strong,False,,,,False,not_relevant,no_adas_keyword,,UNKNOWN,,,,,,,
rec_5928f1400a077bfe,Jaecoo J5,JFiver - Jaecoo J5 EV Owners (Search),https://www.facebook.com/search/top?q=jfiver%20-%20jaecoo%20j5%20ev%20owners%20%26%20community%20indonesia,post_1,post_1_comment_25,post_1,comment,,,,"Fullbodyy (PPF) paint protection film 
Ppf adalah bahan khusus perlindungan body mobil , yg mana bahan sangat berkualitas tinggi,, anti jamur\baret\kerak\
Mobil akan slalu trlihat kinclong setiap hari
Prawatan sangat mudah karna bahan meliputi kualitas seperti
… Lihat selengkapnya",https://www.facebook.com/search/top?q=jfiver%20-%20jaecoo%20j5%20ev%20owners%20%26%20community%20indonesia,1789640651000,raw_data_all.jsonl,rec_5928f1400a077bfe,False,"Fullbodyy (PPF) paint protection film Ppf adalah bahan khusus perlindungan body mobil , yg mana bahan sangat berkualitas tinggi,, anti jamur\baret\kerak\ Mobil akan slalu trlihat kinclong setiap hari Prawatan sangat mudah karna bahan meliputi kualitas seperti … Lihat selengkapnya","fullbodyy (ppf) paint protection film ppf adalah bahan khusus perlindungan body mobil , yg mana bahan sangat berkualitas tinggi,, anti jamur\baret\kerak\ mobil akan slalu trlihat kinclong setiap hari prawatan sangat mudah karna bahan meliputi kualitas seperti … lihat selengkapnya",Jaecoo J5,medium,community_context,False,,,,False,not_relevant,no_adas_keyword,,UNKNOWN,,,,,,,
rec_a4d328a02b745b52,Jaecoo J5,JFiver - Jaecoo J5 EV Owners (Search),https://www.facebook.com/search/top?q=jfiver%20-%20jaecoo%20j5%20ev%20owners%20%26%20community%20indonesia,post_1,post_1_comment_26,post_1,comment,,,,Fullbodyy (PPF) paint protection film,https://www.facebook.com/search/top?q=jfiver%20-%20jaecoo%20j5%20ev%20owners%20%26%20community%20indonesia,1789640651000,raw_data_all.jsonl,rec_a4d328a02b745b52,False,Fullbodyy (PPF) paint protection film,fullbodyy (ppf) paint protection film,Jaecoo J5,medium,community_context,False,,,,False,not_relevant,no_adas_keyword,,UNKNOWN,,,,,,,
rec_4e0edc5aadda44dd,Jaecoo J5,JFiver - Jaecoo J5 EV Owners (Search),https://www.facebook.com/search/top?q=jfiver%20-%20jaecoo%20j5%20ev%20owners%20%26%20community%20indonesia,post_1,post_1_comment_27,post_1,comment,,,,"Ppf adalah bahan khusus perlindungan body mobil , yg mana bahan sangat berkualitas tinggi,, anti jamur\baret\kerak\",https://www.facebook.com/search/top?q=jfiver%20-%20jaecoo%20j5%20ev%20owners%20%26%20community%20indonesia,1789640651000,raw_data_all.jsonl,rec_4e0edc5aadda44dd,False,"Ppf adalah bahan khusus perlindungan body mobil , yg mana bahan sangat berkualitas tinggi,, anti jamur\baret\kerak\","ppf adalah bahan khusus perlindungan body mobil , yg mana bahan sangat berkualitas tinggi,, anti jamur\baret\kerak\",Jaecoo J5,medium,community_context,False,,,,False,not_relevant,no_adas_keyword,,UNKNOWN,,,,,,,
rec_fd773a3001b4627f,Jaecoo J5,JFiver - Jaecoo J5 EV Owners (Search),https://www.facebook.com/search/top?q=jfiver%20-%20jaecoo%20j5%20ev%20owners%20%26%20community%20indonesia,post_1,post_1_comment_28,post_1,comment,,,,Mobil akan slalu trlihat kinclong setiap hari,https://www.facebook.com/search/top?q=jfiver%20-%20jaecoo%20j5%20ev%20owners%20%26%20community%20indonesia,1789640652000,raw_data_all.jsonl,rec_fd773a3001b4627f,False,Mobil akan slalu trlihat kinclong setiap hari,mobil akan slalu trlihat kinclong setiap hari,Jaecoo J5,medium,community_context,False,,,,False,not_relevant,no_adas_keyword,,UNKNOWN,,,,,,,
rec_d64b42729df2d40d,Jaecoo J5,JFiver - Jaecoo J5 EV Owners (Search),https://www.facebook.com/search/top?q=jfiver%20-%20jaecoo%20j5%20ev%20owners%20%26%20community%20indonesia,post_1,post_1_comment_29,post_1,comment,,,,"Prawatan sangat mudah karna bahan meliputi kualitas seperti
… Lihat selengkapnya",https://www.facebook.com/search/top?q=jfiver%20-%20jaecoo%20j5%20ev%20owners%20%26%20community%20indonesia,1789640652000,raw_data_all.jsonl,rec_d64b42729df2d40d,False,Prawatan sangat mudah karna bahan meliputi kualitas seperti … Lihat selengkapnya,prawatan sangat mudah karna bahan meliputi kualitas seperti … lihat selengkapnya,Jaecoo J5,medium,community_context,False,,,,False,not_relevant,no_adas_keyword,,UNKNOWN,,,,,,,
rec_66802a756d13700f,Jaecoo J5,JFiver - Jaecoo J5 EV Owners (Search),https://www.facebook.com/search/top?q=jfiver%20-%20jaecoo%20j5%20ev%20owners%20%26%20community%20indonesia,post_1,post_1_comment_30,post_1,comment,,,,"Setelah ribuan pemesanan masuk (SPK lebih dari 12.000 unit), Jaecoo Indonesia baru dapat mendistribusikan 3.000 unit tahap pertama kepada konsumen di berbagai wilayah T… Lihat selengkapnya",https://www.facebook.com/search/top?q=jfiver%20-%20jaecoo%20j5%20ev%20owners%20%26%20community%20indonesia,1789640652000,raw_data_all.jsonl,rec_66802a756d13700f,False,"Setelah ribuan pemesanan masuk (SPK lebih dari 12.000 unit), Jaecoo Indonesia baru dapat mendistribusikan 3.000 unit tahap pertama kepada konsumen di berbagai wilayah T… Lihat selengkapnya","setelah ribuan pemesanan masuk (spk lebih dari 12.000 unit), jaecoo indonesia baru dapat mendistribusikan 3.000 unit tahap pertama kepada konsumen di berbagai wilayah t… lihat selengkapnya",Jaecoo J5,high,explicit_text_alias_strong,False,,,,False,not_relevant,no_adas_keyword,,UNKNOWN,,,,,,,
rec_0346e978ffffa507,Jaecoo J5,JFiver - Jaecoo J5 EV Owners (Search),https://www.facebook.com/search/top?q=jfiver%20-%20jaecoo%20j5%20ev%20owners%20%26%20community%20indonesia,post_1,post_1_comment_31,post_1,comment,,,,"Let’s Go Buat Tampilan JAECOO J5 EV Kalian Makin Stand Out
… Lihat selengkapnya",https://www.facebook.com/search/top?q=jfiver%20-%20jaecoo%20j5%20ev%20owners%20%26%20community%20indonesia,1789640654000,raw_data_all.jsonl,rec_0346e978ffffa507,False,Let’s Go Buat Tampilan JAECOO J5 EV Kalian Makin Stand Out … Lihat selengkapnya,let’s go buat tampilan jaecoo j5 ev kalian makin stand out … lihat selengkapnya,Jaecoo J5,high,explicit_text_alias_strong,False,,,,False,not_relevant,no_adas_keyword,,UNKNOWN,,,,,,,
rec_a6b6c1c89209a28b,Jaecoo J5,JFiver - Jaecoo J5 EV Owners (Search),https://www.facebook.com/search/top?q=jfiver%20-%20jaecoo%20j5%20ev%20owners%20%26%20community%20indonesia,post_1,post_1_comment_32,post_1,comment,,,,"[JAECOO J5 EV Launch at PARC]… Lihat selengkapnya
Lihat terjemahan",https://www.facebook.com/search/top?q=jfiver%20-%20jaecoo%20j5%20ev%20owners%20%26%20community%20indonesia,1789640655000,raw_data_all.jsonl,rec_a6b6c1c89209a28b,False,[JAECOO J5 EV Launch at PARC]… Lihat selengkapnya Lihat terjemahan,[jaecoo j5 ev launch at parc]… lihat selengkapnya lihat terjemahan,Jaecoo J5,high,explicit_text_alias_strong,False,,,,False,not_relevant,no_adas_keyword,,UNKNOWN,,,,,,,
rec_8ec1318b133b5ee5,Jaecoo J5,JFiver - Jaecoo J5 EV Owners (Search),https://www.facebook.com/search/top?q=jfiver%20-%20jaecoo%20j5%20ev%20owners%20%26%20community%20indonesia,post_1,post_1_comment_33,post_1,comment,,,,[JAECOO J5 EV Launch at PARC]… Lihat selengkapnya,https://www.facebook.com/search/top?q=jfiver%20-%20jaecoo%20j5%20ev%20owners%20%26%20community%20indonesia,1789640655000,raw_data_all.jsonl,rec_8ec1318b133b5ee5,False,[JAECOO J5 EV Launch at PARC]… Lihat selengkapnya,[jaecoo j5 ev launch at parc]… lihat selengkapnya,Jaecoo J5,high,explicit_text_alias_strong,False,,,,False,not_relevant,no_adas_keyword,,UNKNOWN,,,,,,,
rec_8b2148428f115e79,Jaecoo J5,JFiver - Jaecoo J5 EV Owners (Search),https://www.facebook.com/search/top?q=jfiver%20-%20jaecoo%20j5%20ev%20owners%20%26%20community%20indonesia,post_1,post_1_comment_34,post_1,comment,,,,"Jaecoo Indonesia mengadakan acara “Jaecoo Weekend Drive, Together For More” pada Minggu, 24 Mei 2026 bertempat di District Entertainment, PIK 2.
Acara ini digelar untuk merayakan pencapaian pengiriman 16.000 unit Jaecoo J5 kepada konsumen di Indonesia sejak Januari hingga April 2026.
Acara ini menjadi ajang berkumpulnya konsumen, media, pecinta otomotif dan juga Komunitas Jaecoo diantaranya J5 Owners community , Jfiver dan J5 Evo Community.… Lihat selengkapnya",https://www.facebook.com/search/top?q=jfiver%20-%20jaecoo%20j5%20ev%20owners%20%26%20community%20indonesia,1789640657000,raw_data_all.jsonl,rec_8b2148428f115e79,False,"Jaecoo Indonesia mengadakan acara “Jaecoo Weekend Drive, Together For More” pada Minggu, 24 Mei 2026 bertempat di District Entertainment, PIK 2. Acara ini digelar untuk merayakan pencapaian pengiriman 16.000 unit Jaecoo J5 kepada konsumen di Indonesia sejak Januari hingga April 2026. Acara ini menjadi ajang berkumpulnya konsumen, media, pecinta otomotif dan juga Komunitas Jaecoo diantaranya J5 Owners community , Jfiver dan J5 Evo Community.… Lihat selengkapnya","jaecoo indonesia mengadakan acara “jaecoo weekend drive, together for more” pada minggu, 24 mei 2026 bertempat di district entertainment, pik 2. acara ini digelar untuk merayakan pencapaian pengiriman 16.000 unit jaecoo j5 kepada konsumen di indonesia sejak januari hingga april 2026. acara ini menjadi ajang berkumpulnya konsumen, media, pecinta otomotif dan juga komunitas jaecoo diantaranya j5 owners community , jfiver dan j5 evo community.… lihat selengkapnya",Jaecoo J5,high,explicit_text_alias_strong,False,,,,False,not_relevant,no_adas_keyword,,UNKNOWN,,,,,,,
rec_e8452a30ea97099a,Jaecoo J5,JFiver - Jaecoo J5 EV Owners (Search),https://www.facebook.com/search/top?q=jfiver%20-%20jaecoo%20j5%20ev%20owners%20%26%20community%20indonesia,post_1,post_1_comment_35,post_1,comment,,,,"Jaecoo Indonesia mengadakan acara “Jaecoo Weekend Drive, Together For More” pada Minggu, 24 Mei 2026 bertempat di District Entertainment, PIK 2.",https://www.facebook.com/search/top?q=jfiver%20-%20jaecoo%20j5%20ev%20owners%20%26%20community%20indonesia,1789640657000,raw_data_all.jsonl,rec_e8452a30ea97099a,False,"Jaecoo Indonesia mengadakan acara “Jaecoo Weekend Drive, Together For More” pada Minggu, 24 Mei 2026 bertempat di District Entertainment, PIK 2.","jaecoo indonesia mengadakan acara “jaecoo weekend drive, together for more” pada minggu, 24 mei 2026 bertempat di district entertainment, pik 2.",Jaecoo J5,high,explicit_text_alias_strong,False,,,,False,not_relevant,no_adas_keyword,,UNKNOWN,,,,,,,
rec_bdbeccb6ef7c2c01,Jaecoo J5,JFiver - Jaecoo J5 EV Owners (Search),https://www.facebook.com/search/top?q=jfiver%20-%20jaecoo%20j5%20ev%20owners%20%26%20community%20indonesia,post_1,post_1_comment_36,post_1,comment,,,,Acara ini digelar untuk merayakan pencapaian pengiriman 16.000 unit Jaecoo J5 kepada konsumen di Indonesia sejak Januari hingga April 2026.,https://www.facebook.com/search/top?q=jfiver%20-%20jaecoo%20j5%20ev%20owners%20%26%20community%20indonesia,1789640657000,raw_data_all.jsonl,rec_bdbeccb6ef7c2c01,False,Acara ini digelar untuk merayakan pencapaian pengiriman 16.000 unit Jaecoo J5 kepada konsumen di Indonesia sejak Januari hingga April 2026.,acara ini digelar untuk merayakan pencapaian pengiriman 16.000 unit jaecoo j5 kepada konsumen di indonesia sejak januari hingga april 2026.,Jaecoo J5,high,explicit_text_alias_strong,False,,,,False,not_relevant,no_adas_keyword,,UNKNOWN,,,,,,,
rec_487015602a9d17da,Jaecoo J5,JFiver - Jaecoo J5 EV Owners (Search),https://www.facebook.com/search/top?q=jfiver%20-%20jaecoo%20j5%20ev%20owners%20%26%20community%20indonesia,post_1,post_1_comment_37,post_1,comment,,,,"Acara ini menjadi ajang berkumpulnya konsumen, media, pecinta otomotif dan juga Komunitas Jaecoo diantaranya J5 Owners community , Jfiver dan J5 Evo Community.… Lihat selengkapnya",https://www.facebook.com/search/top?q=jfiver%20-%20jaecoo%20j5%20ev%20owners%20%26%20community%20indonesia,1789640657000,raw_data_all.jsonl,rec_487015602a9d17da,False,"Acara ini menjadi ajang berkumpulnya konsumen, media, pecinta otomotif dan juga Komunitas Jaecoo diantaranya J5 Owners community , Jfiver dan J5 Evo Community.… Lihat selengkapnya","acara ini menjadi ajang berkumpulnya konsumen, media, pecinta otomotif dan juga komunitas jaecoo diantaranya j5 owners community , jfiver dan j5 evo community.… lihat selengkapnya",Jaecoo J5,high,explicit_text_alias_strong,False,,,,False,not_relevant,no_adas_keyword,,UNKNOWN,,,,,,,
rec_6444a2e956a32637,Jaecoo J5,JFiver - Jaecoo J5 EV Owners (Search),https://www.facebook.com/search/top?q=jfiver%20-%20jaecoo%20j5%20ev%20owners%20%26%20community%20indonesia,post_1,post_1_comment_38,post_1,comment,,,,"The All-New JAECOO J5 EV has officially launched and is ready to make a bold presence on the streets. … Lihat selengkapnya
Lihat terjemahan",https://www.facebook.com/search/top?q=jfiver%20-%20jaecoo%20j5%20ev%20owners%20%26%20community%20indonesia,1789640661000,raw_data_all.jsonl,rec_6444a2e956a32637,False,The All-New JAECOO J5 EV has officially launched and is ready to make a bold presence on the streets. … Lihat selengkapnya Lihat terjemahan,the all-new jaecoo j5 ev has officially launched and is ready to make a bold presence on the streets. … lihat selengkapnya lihat terjemahan,Jaecoo J5,high,explicit_text_alias_strong,False,,,,False,not_relevant,no_adas_keyword,,UNKNOWN,,,,,,,
rec_5c983e1ad9b9f160,Jaecoo J5,JFiver - Jaecoo J5 EV Owners (Search),https://www.facebook.com/search/top?q=jfiver%20-%20jaecoo%20j5%20ev%20owners%20%26%20community%20indonesia,post_1,post_1_comment_39,post_1,comment,,,,The All-New JAECOO J5 EV has officially launched and is ready to make a bold presence on the streets. … Lihat selengkapnya,https://www.facebook.com/search/top?q=jfiver%20-%20jaecoo%20j5%20ev%20owners%20%26%20community%20indonesia,1789640661000,raw_data_all.jsonl,rec_5c983e1ad9b9f160,False,The All-New JAECOO J5 EV has officially launched and is ready to make a bold presence on the streets. … Lihat selengkapnya,the all-new jaecoo j5 ev has officially launched and is ready to make a bold presence on the streets. … lihat selengkapnya,Jaecoo J5,high,explicit_text_alias_strong,False,,,,False,not_relevant,no_adas_keyword,,UNKNOWN,,,,,,,
rec_4ffb1b967cf1cfaa,Jaecoo J5,JFiver - Jaecoo J5 EV Owners (Search),https://www.facebook.com/search/top?q=jfiver%20-%20jaecoo%20j5%20ev%20owners%20%26%20community%20indonesia,post_1,post_1_comment_40,post_1,comment,,,,"Jaecoo J5 EV PREMIUM— di 
Mall Kelapa Gading
.",https://www.facebook.com/search/top?q=jfiver%20-%20jaecoo%20j5%20ev%20owners%20%26%20community%20indonesia,1789640661000,raw_data_all.jsonl,rec_4ffb1b967cf1cfaa,False,Jaecoo J5 EV PREMIUM— di Mall Kelapa Gading .,jaecoo j5 ev premium— di mall kelapa gading .,Jaecoo J5,high,explicit_text_alias_strong,False,,,,False,not_relevant,no_adas_keyword,,UNKNOWN,,,,,,,
rec_77dfa76aacc4085d,Jaecoo J5,JFiver - Jaecoo J5 EV Owners (Search),https://www.facebook.com/search/top?q=jfiver%20-%20jaecoo%20j5%20ev%20owners%20%26%20community%20indonesia,post_1,post_1_comment_41,post_1,comment,,,,Welcome to EV era bapak & family,https://www.facebook.com/search/top?q=jfiver%20-%20jaecoo%20j5%20ev%20owners%20%26%20community%20indonesia,1789640663000,raw_data_all.jsonl,rec_77dfa76aacc4085d,False,Welcome to EV era bapak & family,welcome to ev era bapak & family,Jaecoo J5,medium,community_context,False,,,,False,not_relevant,no_adas_keyword,,UNKNOWN,,,,,,,
rec_b93d7bb88f30ddce,Jaecoo J5,JFiver - Jaecoo J5 EV Owners (Search),https://www.facebook.com/search/top?q=jfiver%20-%20jaecoo%20j5%20ev%20owners%20%26%20community%20indonesia,post_1,post_1_comment_42,post_1,comment,,,,"E— di 
Lebak Bulus, Jakarta Selatan
.… Lihat selengkapnya",https://www.facebook.com/search/top?q=jfiver%20-%20jaecoo%20j5%20ev%20owners%20%26%20community%20indonesia,1789640663000,raw_data_all.jsonl,rec_b93d7bb88f30ddce,False,"E— di Lebak Bulus, Jakarta Selatan .… Lihat selengkapnya","e— di lebak bulus, jakarta selatan .… lihat selengkapnya",Jaecoo J5,medium,community_context,False,,,,False,not_relevant,no_adas_keyword,,UNKNOWN,,,,,,,
rec_6cbb3eb65d80c059,Jaecoo J5,JFiver - Jaecoo J5 EV Owners (Search),https://www.facebook.com/search/top?q=jfiver%20-%20jaecoo%20j5%20ev%20owners%20%26%20community%20indonesia,post_1,post_1_comment_43,post_1,comment,,,,"Harga Terbaru daru Mobil Terlaris fi indonesia 
Jaecoo J5 EV cuma 324.900.000… Lihat selengkapnya",https://www.facebook.com/search/top?q=jfiver%20-%20jaecoo%20j5%20ev%20owners%20%26%20community%20indonesia,1789640665000,raw_data_all.jsonl,rec_6cbb3eb65d80c059,False,Harga Terbaru daru Mobil Terlaris fi indonesia Jaecoo J5 EV cuma 324.900.000… Lihat selengkapnya,harga terbaru daru mobil terlaris fi indonesia jaecoo j5 ev cuma 324.900.000… lihat selengkapnya,Jaecoo J5,high,explicit_text_alias_strong,False,,,,False,not_relevant,no_adas_keyword,,UNKNOWN,,,,,,,
rec_219f0f320d252b19,Jaecoo J5,JFiver - Jaecoo J5 EV Owners (Search),https://www.facebook.com/search/top?q=jfiver%20-%20jaecoo%20j5%20ev%20owners%20%26%20community%20indonesia,post_1,post_1_comment_44,post_1,comment,,,,Harga Terbaru daru Mobil Terlaris fi indonesia,https://www.facebook.com/search/top?q=jfiver%20-%20jaecoo%20j5%20ev%20owners%20%26%20community%20indonesia,1789640665000,raw_data_all.jsonl,rec_219f0f320d252b19,False,Harga Terbaru daru Mobil Terlaris fi indonesia,harga terbaru daru mobil terlaris fi indonesia,Jaecoo J5,medium,community_context,False,,,,False,not_relevant,no_adas_keyword,,UNKNOWN,,,,,,,
rec_ef96b27c13543fc7,Jaecoo J5,JFiver - Jaecoo J5 EV Owners (Search),https://www.facebook.com/search/top?q=jfiver%20-%20jaecoo%20j5%20ev%20owners%20%26%20community%20indonesia,post_1,post_1_comment_45,post_1,comment,,,,Jaecoo J5 EV cuma 324.900.000… Lihat selengkapnya,https://www.facebook.com/search/top?q=jfiver%20-%20jaecoo%20j5%20ev%20owners%20%26%20community%20indonesia,1789640665000,raw_data_all.jsonl,rec_ef96b27c13543fc7,False,Jaecoo J5 EV cuma 324.900.000… Lihat selengkapnya,jaecoo j5 ev cuma 324.900.000… lihat selengkapnya,Jaecoo J5,high,explicit_text_alias_strong,False,,,,False,not_relevant,no_adas_keyword,,UNKNOWN,,,,,,,
rec_1e4fb9f68a7a8874,Jaecoo J5,JFiver - Jaecoo J5 EV Owners (Search),https://www.facebook.com/search/top?q=jfiver%20-%20jaecoo%20j5%20ev%20owners%20%26%20community%20indonesia,post_1,post_1_comment_46,post_1,comment,,,,"It's official.… Lihat selengkapnya
Lihat terjemahan",https://www.facebook.com/search/top?q=jfiver%20-%20jaecoo%20j5%20ev%20owners%20%26%20community%20indonesia,1789640666000,raw_data_all.jsonl,rec_1e4fb9f68a7a8874,False,It's official.… Lihat selengkapnya Lihat terjemahan,it's official.… lihat selengkapnya lihat terjemahan,Jaecoo J5,medium,community_context,False,,,,False,not_relevant,no_adas_keyword,,UNKNOWN,,,,,,,
rec_7b152713c08f29b8,Jaecoo J5,JFiver - Jaecoo J5 EV Owners (Search),https://www.facebook.com/search/top?q=jfiver%20-%20jaecoo%20j5%20ev%20owners%20%26%20community%20indonesia,post_1,post_1_comment_47,post_1,comment,,,,It's official.… Lihat selengkapnya,https://www.facebook.com/search/top?q=jfiver%20-%20jaecoo%20j5%20ev%20owners%20%26%20community%20indonesia,1789640666000,raw_data_all.jsonl,rec_7b152713c08f29b8,False,It's official.… Lihat selengkapnya,it's official.… lihat selengkapnya,Jaecoo J5,medium,community_context,False,,,,False,not_relevant,no_adas_keyword,,UNKNOWN,,,,,,,
rec_f72b3756902256c3,Jaecoo J5,JFiver - Jaecoo J5 EV Owners (Search),https://www.facebook.com/search/top?q=jfiver%20-%20jaecoo%20j5%20ev%20owners%20%26%20community%20indonesia,post_1,post_1_comment_48,post_1,comment,,,,"𝐏𝐑𝐄𝐕𝐈𝐄𝐖𝐄𝐃: 𝐉𝐚𝐞𝐜𝐨𝐨 𝐉𝟓 𝐢𝐧 𝐌𝐚𝐥𝐚𝐲𝐬𝐢𝐚 - 𝐄𝐬𝐭. 𝐑𝐌𝟏𝟐𝟎,𝟎𝟎𝟎",https://www.facebook.com/search/top?q=jfiver%20-%20jaecoo%20j5%20ev%20owners%20%26%20community%20indonesia,1789640666000,raw_data_all.jsonl,rec_f72b3756902256c3,False,"𝐏𝐑𝐄𝐕𝐈𝐄𝐖𝐄𝐃: 𝐉𝐚𝐞𝐜𝐨𝐨 𝐉𝟓 𝐢𝐧 𝐌𝐚𝐥𝐚𝐲𝐬𝐢𝐚 - 𝐄𝐬𝐭. 𝐑𝐌𝟏𝟐𝟎,𝟎𝟎𝟎","𝐏𝐑𝐄𝐕𝐈𝐄𝐖𝐄𝐃: 𝐉𝐚𝐞𝐜𝐨𝐨 𝐉𝟓 𝐢𝐧 𝐌𝐚𝐥𝐚𝐲𝐬𝐢𝐚 - 𝐄𝐬𝐭. 𝐑𝐌𝟏𝟐𝟎,𝟎𝟎𝟎",Jaecoo J5,medium,community_context,False,,,,False,not_relevant,no_adas_keyword,,UNKNOWN,,,,,,,
rec_bf14b1f8b0e201d8,Jaecoo J5,JFiver - Jaecoo J5 EV Owners (Search),https://www.facebook.com/search/top?q=jfiver%20-%20jaecoo%20j5%20ev%20owners%20%26%20community%20indonesia,post_1,post_1_comment_49,post_1,comment,,,,The new Jaecoo J5 is set to be the br… Lihat selengkapnya,https://www.facebook.com/search/top?q=jfiver%20-%20jaecoo%20j5%20ev%20owners%20%26%20community%20indonesia,1789640666000,raw_data_all.jsonl,rec_bf14b1f8b0e201d8,False,The new Jaecoo J5 is set to be the br… Lihat selengkapnya,the new jaecoo j5 is set to be the br… lihat selengkapnya,Jaecoo J5,high,explicit_text_alias_strong,False,,,,False,not_relevant,no_adas_keyword,,UNKNOWN,,,,,,,
rec_17f46e86e0c8a476,Jaecoo J5,JFiver - Jaecoo J5 EV Owners (Search),https://www.facebook.com/search/top?q=jfiver%20-%20jaecoo%20j5%20ev%20owners%20%26%20community%20indonesia,post_1,post_1_comment_50,post_1,comment,,,,"Meet the All-New JAECOO J5 EV 
… Lihat selengkapnya",https://www.facebook.com/search/top?q=jfiver%20-%20jaecoo%20j5%20ev%20owners%20%26%20community%20indonesia,1789640668000,raw_data_all.jsonl,rec_17f46e86e0c8a476,False,Meet the All-New JAECOO J5 EV … Lihat selengkapnya,meet the all-new jaecoo j5 ev … lihat selengkapnya,Jaecoo J5,high,explicit_text_alias_strong,False,,,,False,not_relevant,no_adas_keyword,,UNKNOWN,,,,,,,
rec_4e540afc80ebbc1c,Jaecoo J5,JFiver - Jaecoo J5 EV Owners (Search),https://www.facebook.com/search/top?q=jfiver%20-%20jaecoo%20j5%20ev%20owners%20%26%20community%20indonesia,post_1,post_1_comment_51,post_1,comment,,,,"Nasib punya Jaecoo J5 ev yang isi battery cuma 1 X seminggu. Jaecoo j5 ev mobil SUV listrik. Lupakan stigma kalau mobil listrik itu tidak bisa jalan jauh, lihatlah Jaec— di 
Pekanbaru, Riau
.… Lihat selengkapnya",https://www.facebook.com/search/top?q=jfiver%20-%20jaecoo%20j5%20ev%20owners%20%26%20community%20indonesia,1789640670000,raw_data_all.jsonl,rec_4e540afc80ebbc1c,False,"Nasib punya Jaecoo J5 ev yang isi battery cuma 1 X seminggu. Jaecoo j5 ev mobil SUV listrik. Lupakan stigma kalau mobil listrik itu tidak bisa jalan jauh, lihatlah Jaec— di Pekanbaru, Riau .… Lihat selengkapnya","nasib punya jaecoo j5 ev yang isi battery cuma 1 x seminggu. jaecoo j5 ev mobil suv listrik. lupakan stigma kalau mobil listrik itu tidak bisa jalan jauh, lihatlah jaec— di pekanbaru, riau .… lihat selengkapnya",Jaecoo J5,high,explicit_text_alias_strong,False,,,,False,not_relevant,no_adas_keyword,,UNKNOWN,,,,,,,
rec_6c3137a26f0f6726,Jaecoo J5,JFiver - Jaecoo J5 EV Owners (Search),https://www.facebook.com/search/top?q=jfiver%20-%20jaecoo%20j5%20ev%20owners%20%26%20community%20indonesia,post_1,post_1_comment_52,post_1,comment,,,,"JAECOO J5 EV PREMIUM — di 
Jaecoo Cibubur
.… Lihat selengkapnya",https://www.facebook.com/search/top?q=jfiver%20-%20jaecoo%20j5%20ev%20owners%20%26%20community%20indonesia,1789640673000,raw_data_all.jsonl,rec_6c3137a26f0f6726,False,JAECOO J5 EV PREMIUM — di Jaecoo Cibubur .… Lihat selengkapnya,jaecoo j5 ev premium — di jaecoo cibubur .… lihat selengkapnya,Jaecoo J5,high,explicit_text_alias_strong,False,,,,False,not_relevant,no_adas_keyword,,UNKNOWN,,,,,,,
rec_9d6fde3e77608f70,Jaecoo J5,JFiver - Jaecoo J5 EV Owners (Search),https://www.facebook.com/search/top?q=jfiver%20-%20jaecoo%20j5%20ev%20owners%20%26%20community%20indonesia,post_1,post_1_comment_53,post_1,comment,,,,Explore the JAECOO J5 EV,https://www.facebook.com/search/top?q=jfiver%20-%20jaecoo%20j5%20ev%20owners%20%26%20community%20indonesia,1789640673000,raw_data_all.jsonl,rec_9d6fde3e77608f70,False,Explore the JAECOO J5 EV,explore the jaecoo j5 ev,Jaecoo J5,high,explicit_text_alias_strong,False,,,,False,not_relevant,no_adas_keyword,,UNKNOWN,,,,,,,
rec_60de846cc697df33,Jaecoo J5,JFiver - Jaecoo J5 EV Owners (Search),https://www.facebook.com/search/top?q=jfiver%20-%20jaecoo%20j5%20ev%20owners%20%26%20community%20indonesia,post_1,post_1_comment_54,post_1,comment,,,,Experience the drive with a Test Drive… Lihat selengkapnya,https://www.facebook.com/search/top?q=jfiver%20-%20jaecoo%20j5%20ev%20owners%20%26%20community%20indonesia,1789640673000,raw_data_all.jsonl,rec_60de846cc697df33,False,Experience the drive with a Test Drive… Lihat selengkapnya,experience the drive with a test drive… lihat selengkapnya,Jaecoo J5,medium,community_context,False,,,,False,not_relevant,no_adas_keyword,,UNKNOWN,,,,,,,
rec_14aef43f26d9ad06,Jaecoo J5,JFiver - Jaecoo J5 EV Owners (Search),https://www.facebook.com/search/top?q=jfiver%20-%20jaecoo%20j5%20ev%20owners%20%26%20community%20indonesia,post_1,post_1_comment_55,post_1,comment,,,,"Masa depan berkendara sudah tiba, dan dia terlihat sangat memukau. Meet the Jaecoo J5 EV. Info Pemesanan Hubungi Ivan 0857-0467-8844. Cek Selengkapnya Di YT Carstore In… Lihat selengkapnya",https://www.facebook.com/search/top?q=jfiver%20-%20jaecoo%20j5%20ev%20owners%20%26%20community%20indonesia,1789640675000,raw_data_all.jsonl,rec_14aef43f26d9ad06,False,"Masa depan berkendara sudah tiba, dan dia terlihat sangat memukau. Meet the Jaecoo J5 EV. Info Pemesanan Hubungi Ivan 0857-0467-8844. Cek Selengkapnya Di YT Carstore In… Lihat selengkapnya","masa depan berkendara sudah tiba, dan dia terlihat sangat memukau. meet the jaecoo j5 ev. info pemesanan hubungi ivan 0857-0467-8844. cek selengkapnya di yt carstore in… lihat selengkapnya",Jaecoo J5,high,explicit_text_alias_strong,False,,,,False,not_relevant,no_adas_keyword,,UNKNOWN,,,,,,,
rec_30902dad8edf041b,Jaecoo J5,JFiver - Jaecoo J5 EV Owners (Search),https://www.facebook.com/search/top?q=jfiver%20-%20jaecoo%20j5%20ev%20owners%20%26%20community%20indonesia,post_1,post_1_comment_56,post_1,comment,,,,"The Jaecoo J5 is finally here in Malaysia, priced from RM118,800 - and the first 1,000 customers even get 1 year of free charging!… Lihat selengkapnya
Lihat terjemahan",https://www.facebook.com/search/top?q=jfiver%20-%20jaecoo%20j5%20ev%20owners%20%26%20community%20indonesia,1789640676000,raw_data_all.jsonl,rec_30902dad8edf041b,False,"The Jaecoo J5 is finally here in Malaysia, priced from RM118,800 - and the first 1,000 customers even get 1 year of free charging!… Lihat selengkapnya Lihat terjemahan","the jaecoo j5 is finally here in malaysia, priced from rm118,800 - and the first 1,000 customers even get 1 year of free charging!… lihat selengkapnya lihat terjemahan",Jaecoo J5,high,explicit_text_alias_strong,False,,,,False,not_relevant,no_adas_keyword,,UNKNOWN,,,,,,,
rec_b28c54f1cf186f91,Jaecoo J5,JFiver - Jaecoo J5 EV Owners (Search),https://www.facebook.com/search/top?q=jfiver%20-%20jaecoo%20j5%20ev%20owners%20%26%20community%20indonesia,post_1,post_1_comment_57,post_1,comment,,,,"The Jaecoo J5 is finally here in Malaysia, priced from RM118,800 - and the first 1,000 customers even get 1 year of free charging!… Lihat selengkapnya",https://www.facebook.com/search/top?q=jfiver%20-%20jaecoo%20j5%20ev%20owners%20%26%20community%20indonesia,1789640676000,raw_data_all.jsonl,rec_b28c54f1cf186f91,False,"The Jaecoo J5 is finally here in Malaysia, priced from RM118,800 - and the first 1,000 customers even get 1 year of free charging!… Lihat selengkapnya","the jaecoo j5 is finally here in malaysia, priced from rm118,800 - and the first 1,000 customers even get 1 year of free charging!… lihat selengkapnya",Jaecoo J5,high,explicit_text_alias_strong,False,,,,False,not_relevant,no_adas_keyword,,UNKNOWN,,,,,,,
rec_de9bea82d81ddf3b,Jaecoo J5,JFiver - Jaecoo J5 EV Owners (Search),https://www.facebook.com/search/top?q=jfiver%20-%20jaecoo%20j5%20ev%20owners%20%26%20community%20indonesia,post_1,post_1_comment_58,post_1,comment,,,,Experience Electric Driving with the New JAECOO J5 EV. … Lihat selengkapnya,https://www.facebook.com/search/top?q=jfiver%20-%20jaecoo%20j5%20ev%20owners%20%26%20community%20indonesia,1789640678000,raw_data_all.jsonl,rec_de9bea82d81ddf3b,False,Experience Electric Driving with the New JAECOO J5 EV. … Lihat selengkapnya,experience electric driving with the new jaecoo j5 ev. … lihat selengkapnya,Jaecoo J5,high,explicit_text_alias_strong,False,,,,False,not_relevant,no_adas_keyword,,UNKNOWN,,,,,,,
rec_6f515bfcf8667ecd,Jaecoo J5,JFiver - Jaecoo J5 EV Owners (Search),https://www.facebook.com/search/top?q=jfiver%20-%20jaecoo%20j5%20ev%20owners%20%26%20community%20indonesia,post_1,post_1_comment_59,post_1,comment,,,,"Kolaborasi JAECOO J5 EV x 347 Homebreaks membuktikan kalau modifikasi bisa menjadi bentuk ekspresi karakter tanpa mengorbankan fungsi utama sebuah SUV. Tetap gagah, tet— bersama 
Helmi Mohammad Alfriandi
.… Lihat selengkapnya",https://www.facebook.com/search/top?q=jfiver%20-%20jaecoo%20j5%20ev%20owners%20%26%20community%20indonesia,1789640680000,raw_data_all.jsonl,rec_6f515bfcf8667ecd,False,"Kolaborasi JAECOO J5 EV x 347 Homebreaks membuktikan kalau modifikasi bisa menjadi bentuk ekspresi karakter tanpa mengorbankan fungsi utama sebuah SUV. Tetap gagah, tet— bersama Helmi Mohammad Alfriandi .… Lihat selengkapnya","kolaborasi jaecoo j5 ev x 347 homebreaks membuktikan kalau modifikasi bisa menjadi bentuk ekspresi karakter tanpa mengorbankan fungsi utama sebuah suv. tetap gagah, tet— bersama helmi mohammad alfriandi .… lihat selengkapnya",Jaecoo J5,high,explicit_text_alias_strong,False,,,,False,not_relevant,no_adas_keyword,,UNKNOWN,,,,,,,
rec_974448235c0c7862,Jaecoo J5,JFiver - Jaecoo J5 EV Owners (Search),https://www.facebook.com/search/top?q=jfiver%20-%20jaecoo%20j5%20ev%20owners%20%26%20community%20indonesia,post_1,post_1_comment_60,post_1,comment,,,,Celebrating World EV Day with JAECOO J5 EV. … Lihat selengkapnya,https://www.facebook.com/search/top?q=jfiver%20-%20jaecoo%20j5%20ev%20owners%20%26%20community%20indonesia,1789640684000,raw_data_all.jsonl,rec_974448235c0c7862,False,Celebrating World EV Day with JAECOO J5 EV. … Lihat selengkapnya,celebrating world ev day with jaecoo j5 ev. … lihat selengkapnya,Jaecoo J5,high,explicit_text_alias_strong,False,,,,False,not_relevant,no_adas_keyword,,UNKNOWN,,,,,,,
rec_8567222f3271d81e,Jaecoo J5,JFiver - Jaecoo J5 EV Owners (Search),https://www.facebook.com/search/top?q=jfiver%20-%20jaecoo%20j5%20ev%20owners%20%26%20community%20indonesia,post_1,post_1_comment_61,post_1,comment,,,,"Celebrating World EV Day with JAECOO J5 EV. … Lihat selengkapnya
Lihat terjemahan",https://www.facebook.com/search/top?q=jfiver%20-%20jaecoo%20j5%20ev%20owners%20%26%20community%20indonesia,1789640684000,raw_data_all.jsonl,rec_8567222f3271d81e,False,Celebrating World EV Day with JAECOO J5 EV. … Lihat selengkapnya Lihat terjemahan,celebrating world ev day with jaecoo j5 ev. … lihat selengkapnya lihat terjemahan,Jaecoo J5,high,explicit_text_alias_strong,False,,,,False,not_relevant,no_adas_keyword,,UNKNOWN,,,,,,,
rec_d9126eef78cd233e,Jaecoo J5,JFiver - Jaecoo J5 EV Owners (Search),https://www.facebook.com/search/top?q=jfiver%20-%20jaecoo%20j5%20ev%20owners%20%26%20community%20indonesia,post_1,post_1_comment_62,post_1,comment,,,,𝗝𝗔𝗘𝗖𝗢𝗢 𝗝𝟱 𝗘𝗩 𝗡𝗢𝗪 𝗜𝗡 𝗞𝗨𝗖𝗛𝗜𝗡𝗚!,https://www.facebook.com/search/top?q=jfiver%20-%20jaecoo%20j5%20ev%20owners%20%26%20community%20indonesia,1789640684000,raw_data_all.jsonl,rec_d9126eef78cd233e,False,𝗝𝗔𝗘𝗖𝗢𝗢 𝗝𝟱 𝗘𝗩 𝗡𝗢𝗪 𝗜𝗡 𝗞𝗨𝗖𝗛𝗜𝗡𝗚!,𝗝𝗔𝗘𝗖𝗢𝗢 𝗝𝟱 𝗘𝗩 𝗡𝗢𝗪 𝗜𝗡 𝗞𝗨𝗖𝗛𝗜𝗡𝗚!,Jaecoo J5,medium,community_context,False,,,,False,not_relevant,no_adas_keyword,,UNKNOWN,,,,,,,
rec_3a74e266fb967c10,Jaecoo J5,JFiver - Jaecoo J5 EV Owners (Search),https://www.facebook.com/search/top?q=jfiver%20-%20jaecoo%20j5%20ev%20owners%20%26%20community%20indonesia,post_1,post_1_comment_63,post_1,comment,,,,𝗕𝗲 𝗮𝗺𝗼𝗻𝗴 𝘁𝗵𝗲 𝗙𝗜𝗥𝗦𝗧 𝘁𝗼 𝗼𝘄𝗻 𝘁𝗵𝗲 𝗝𝗔𝗘𝗖𝗢𝗢 𝗝𝟱 𝗘𝗩 𝗶𝗻 𝗞𝘂𝗰𝗵𝗶𝗻𝗴!,https://www.facebook.com/search/top?q=jfiver%20-%20jaecoo%20j5%20ev%20owners%20%26%20community%20indonesia,1789640684000,raw_data_all.jsonl,rec_3a74e266fb967c10,False,𝗕𝗲 𝗮𝗺𝗼𝗻𝗴 𝘁𝗵𝗲 𝗙𝗜𝗥𝗦𝗧 𝘁𝗼 𝗼𝘄𝗻 𝘁𝗵𝗲 𝗝𝗔𝗘𝗖𝗢𝗢 𝗝𝟱 𝗘𝗩 𝗶𝗻 𝗞𝘂𝗰𝗵𝗶𝗻𝗴!,𝗕𝗲 𝗮𝗺𝗼𝗻𝗴 𝘁𝗵𝗲 𝗙𝗜𝗥𝗦𝗧 𝘁𝗼 𝗼𝘄𝗻 𝘁𝗵𝗲 𝗝𝗔𝗘𝗖𝗢𝗢 𝗝𝟱 𝗘𝗩 𝗶𝗻 𝗞𝘂𝗰𝗵𝗶𝗻𝗴!,Jaecoo J5,medium,community_context,False,,,,False,not_relevant,no_adas_keyword,,UNKNOWN,,,,,,,
rec_48599733ba2275ce,Jaecoo J5,JFiver - Jaecoo J5 EV Owners (Search),https://www.facebook.com/search/top?q=jfiver%20-%20jaecoo%20j5%20ev%20owners%20%26%20community%20indonesia,post_1,post_1_comment_64,post_1,comment,,,,𝗠𝗼𝗻𝘁𝗵𝗹𝘆 𝗶𝗻𝘀𝘁𝗮𝗹𝗹𝗺𝗲𝗻𝘁 𝗳𝗿𝗼𝗺 𝗥𝗠𝟭𝟭𝗫𝗫 𝗼𝗻𝗹𝘆!,https://www.facebook.com/search/top?q=jfiver%20-%20jaecoo%20j5%20ev%20owners%20%26%20community%20indonesia,1789640685000,raw_data_all.jsonl,rec_48599733ba2275ce,False,𝗠𝗼𝗻𝘁𝗵𝗹𝘆 𝗶𝗻𝘀𝘁𝗮𝗹𝗹𝗺𝗲𝗻𝘁 𝗳𝗿𝗼𝗺 𝗥𝗠𝟭𝟭𝗫𝗫 𝗼𝗻𝗹𝘆!,𝗠𝗼𝗻𝘁𝗵𝗹𝘆 𝗶𝗻𝘀𝘁𝗮𝗹𝗹𝗺𝗲𝗻𝘁 𝗳𝗿𝗼𝗺 𝗥𝗠𝟭𝟭𝗫𝗫 𝗼𝗻𝗹𝘆!,Jaecoo J5,medium,community_context,False,,,,False,not_relevant,no_adas_keyword,,UNKNOWN,,,,,,,
rec_6402b87933bac3b8,Jaecoo J5,JFiver - Jaecoo J5 EV Owners (Search),https://www.facebook.com/search/top?q=jfiver%20-%20jaecoo%20j5%20ev%20owners%20%26%20community%20indonesia,post_1,post_1_comment_65,post_1,comment,,,,𝗢𝗡𝗟𝗬 𝟮 𝗥𝗘𝗔𝗗𝗬 𝗦𝗧𝗢𝗖𝗞 𝗨𝗡𝗜… Lihat selengkapnya,https://www.facebook.com/search/top?q=jfiver%20-%20jaecoo%20j5%20ev%20owners%20%26%20community%20indonesia,1789640685000,raw_data_all.jsonl,rec_6402b87933bac3b8,False,𝗢𝗡𝗟𝗬 𝟮 𝗥𝗘𝗔𝗗𝗬 𝗦𝗧𝗢𝗖𝗞 𝗨𝗡𝗜… Lihat selengkapnya,𝗢𝗡𝗟𝗬 𝟮 𝗥𝗘𝗔𝗗𝗬 𝗦𝗧𝗢𝗖𝗞 𝗨𝗡𝗜… lihat selengkapnya,Jaecoo J5,medium,community_context,False,,,,False,not_relevant,no_adas_keyword,,UNKNOWN,,,,,,,
rec_dd68697c71c65a95,Jaecoo J5,JFiver - Jaecoo J5 EV Owners (Search),https://www.facebook.com/search/top?q=jfiver%20-%20jaecoo%20j5%20ev%20owners%20%26%20community%20indonesia,post_2,,,post,,,,"OONA Insurance Indonesia
⁠
  ·
Lindungi masa depan mobil listrikmu dengan Asuransi Mobil Listrik OONA. Dapatkan juga: 
Klaim cepat … Lihat selengkapnya
0:00 / 0:10
MYOONA.ID
Asuransi Mobil Oona
Premi mulai Rp1.125.000/tahun
392

Tulis komentar...",https://www.facebook.com/search/top?q=jfiver%20-%20jaecoo%20j5%20ev%20owners%20%26%20community%20indonesia,1789640688000,raw_data_all.jsonl,rec_dd68697c71c65a95,False,OONA Insurance Indonesia ⁠ · Lindungi masa depan mobil listrikmu dengan Asuransi Mobil Listrik OONA. Dapatkan juga: Klaim cepat … Lihat selengkapnya 0:00 / 0:10 MYOONA.ID Asuransi Mobil Oona Premi mulai Rp1.125.000/tahun 392 Tulis komentar...,oona insurance indonesia ⁠ · lindungi masa depan mobil listrikmu dengan asuransi mobil listrik oona. dapatkan juga: klaim cepat … lihat selengkapnya 0:00 / 0:10 myoona.id asuransi mobil oona premi mulai rp1.125.000/tahun 392 tulis komentar...,Jaecoo J5,medium,community_context,False,,,,False,not_relevant,no_adas_keyword,,UNKNOWN,,,,,,,
rec_4d30bd126f649f8a,Jaecoo J5,JFiver - Jaecoo J5 EV Owners (Search),https://www.facebook.com/search/top?q=jfiver%20-%20jaecoo%20j5%20ev%20owners%20%26%20community%20indonesia,post_2,post_2_comment_1,post_2,comment,,,,"Lindungi masa depan mobil listrikmu dengan Asuransi Mobil Listrik OONA. Dapatkan juga: 
Klaim cepat … Lihat selengkapnya",https://www.facebook.com/search/top?q=jfiver%20-%20jaecoo%20j5%20ev%20owners%20%26%20community%20indonesia,1789640692000,raw_data_all.jsonl,rec_4d30bd126f649f8a,False,Lindungi masa depan mobil listrikmu dengan Asuransi Mobil Listrik OONA. Dapatkan juga: Klaim cepat … Lihat selengkapnya,lindungi masa depan mobil listrikmu dengan asuransi mobil listrik oona. dapatkan juga: klaim cepat … lihat selengkapnya,Jaecoo J5,medium,community_context,False,,,,False,not_relevant,no_adas_keyword,,UNKNOWN,,,,,,,
rec_140fc08e07e6ad07,Jaecoo J5,JFiver - Jaecoo J5 EV Owners (Search),https://www.facebook.com/search/top?q=jfiver%20-%20jaecoo%20j5%20ev%20owners%20%26%20community%20indonesia,post_2,post_2_comment_2,post_2,comment,,,,Lindungi masa depan mobil listrikmu dengan Asuransi Mobil Listrik OONA. Dapatkan juga:,https://www.facebook.com/search/top?q=jfiver%20-%20jaecoo%20j5%20ev%20owners%20%26%20community%20indonesia,1789640692000,raw_data_all.jsonl,rec_140fc08e07e6ad07,False,Lindungi masa depan mobil listrikmu dengan Asuransi Mobil Listrik OONA. Dapatkan juga:,lindungi masa depan mobil listrikmu dengan asuransi mobil listrik oona. dapatkan juga:,Jaecoo J5,medium,community_context,False,,,,False,not_relevant,no_adas_keyword,,UNKNOWN,,,,,,,
rec_25968a0cfb14fce0,Jaecoo J5,JFiver - Jaecoo J5 EV Owners (Search),https://www.facebook.com/search/top?q=jfiver%20-%20jaecoo%20j5%20ev%20owners%20%26%20community%20indonesia,post_2,post_2_comment_3,post_2,comment,,,,Klaim cepat … Lihat selengkapnya,https://www.facebook.com/search/top?q=jfiver%20-%20jaecoo%20j5%20ev%20owners%20%26%20community%20indonesia,1789640692000,raw_data_all.jsonl,rec_25968a0cfb14fce0,False,Klaim cepat … Lihat selengkapnya,klaim cepat … lihat selengkapnya,Jaecoo J5,medium,community_context,False,,,,False,not_relevant,no_adas_keyword,,UNKNOWN,,,,,,,
rec_b9935c367b172017,Jaecoo J5,JFiver - Jaecoo J5 EV Owners (Search),https://www.facebook.com/search/top?q=jfiver%20-%20jaecoo%20j5%20ev%20owners%20%26%20community%20indonesia,post_2,post_2_comment_4,post_2,comment,,,,"Halo teman-teman pemilik Jaecoo J5!
Perkenalkan, saya James, owner Media Sticker di Surabaya. Kami bergerak di bidang vehicle wrapping, paint protection film (PPF), dan car detailing protection.
Saat ini kami sedang mengembangkan Interior PPF Kit yang dibuat khusus untuk Jaecoo J5, dan kami membutuhkan 1 unit Jaecoo J5 sebagai kendaraan prototype agar kami bisa membuat template yang presisi.
Yang kami tawarkan:
•
Gratis 1 set Interior PPF Kit
•
Gratis pemasangan
•
Pengu… Lihat selengkapnya",https://www.facebook.com/search/top?q=jfiver%20-%20jaecoo%20j5%20ev%20owners%20%26%20community%20indonesia,1789640692000,raw_data_all.jsonl,rec_b9935c367b172017,False,"Halo teman-teman pemilik Jaecoo J5! Perkenalkan, saya James, owner Media Sticker di Surabaya. Kami bergerak di bidang vehicle wrapping, paint protection film (PPF), dan car detailing protection. Saat ini kami sedang mengembangkan Interior PPF Kit yang dibuat khusus untuk Jaecoo J5, dan kami membutuhkan 1 unit Jaecoo J5 sebagai kendaraan prototype agar kami bisa membuat template yang presisi. Yang kami tawarkan: • Gratis 1 set Interior PPF Kit • Gratis pemasangan • Pengu… Lihat selengkapnya","halo teman-teman pemilik jaecoo j5! perkenalkan, saya james, owner media sticker di surabaya. kami bergerak di bidang vehicle wrapping, paint protection film (ppf), dan car detailing protection. saat ini kami sedang mengembangkan interior ppf kit yang dibuat khusus untuk jaecoo j5, dan kami membutuhkan 1 unit jaecoo j5 sebagai kendaraan prototype agar kami bisa membuat template yang presisi. yang kami tawarkan: • gratis 1 set interior ppf kit • gratis pemasangan • pengu… lihat selengkapnya",Jaecoo J5,high,explicit_text_alias_strong,False,,,,False,not_relevant,no_adas_keyword,,UNKNOWN,,,,,,,
rec_576d57249ddc7517,Jaecoo J5,JFiver - Jaecoo J5 EV Owners (Search),https://www.facebook.com/search/top?q=jfiver%20-%20jaecoo%20j5%20ev%20owners%20%26%20community%20indonesia,post_2,post_2_comment_5,post_2,comment,,,,"Omoda Jaecoo Malaysia has just launched the J5 EV at RM118,800, making it RM10k more than the ICE-powered J5, giving some posh choices for fully electric SUV buyers loo… Lihat selengkapnya
Lihat terjemahan",https://www.facebook.com/search/top?q=jfiver%20-%20jaecoo%20j5%20ev%20owners%20%26%20community%20indonesia,1789640692000,raw_data_all.jsonl,rec_576d57249ddc7517,False,"Omoda Jaecoo Malaysia has just launched the J5 EV at RM118,800, making it RM10k more than the ICE-powered J5, giving some posh choices for fully electric SUV buyers loo… Lihat selengkapnya Lihat terjemahan","omoda jaecoo malaysia has just launched the j5 ev at rm118,800, making it rm10k more than the ice-powered j5, giving some posh choices for fully electric suv buyers loo… lihat selengkapnya lihat terjemahan",Jaecoo J5,high,explicit_text_alias_strong,False,,,,False,not_relevant,no_adas_keyword,,UNKNOWN,,,,,,,
rec_18ac30e5b509d24f,Jaecoo J5,JFiver - Jaecoo J5 EV Owners (Search),https://www.facebook.com/search/top?q=jfiver%20-%20jaecoo%20j5%20ev%20owners%20%26%20community%20indonesia,post_2,post_2_comment_6,post_2,comment,,,,"Omoda Jaecoo Malaysia has just launched the J5 EV at RM118,800, making it RM10k more than the ICE-powered J5, giving some posh choices for fully electric SUV buyers loo… Lihat selengkapnya",https://www.facebook.com/search/top?q=jfiver%20-%20jaecoo%20j5%20ev%20owners%20%26%20community%20indonesia,1789640692000,raw_data_all.jsonl,rec_18ac30e5b509d24f,False,"Omoda Jaecoo Malaysia has just launched the J5 EV at RM118,800, making it RM10k more than the ICE-powered J5, giving some posh choices for fully electric SUV buyers loo… Lihat selengkapnya","omoda jaecoo malaysia has just launched the j5 ev at rm118,800, making it rm10k more than the ice-powered j5, giving some posh choices for fully electric suv buyers loo… lihat selengkapnya",Jaecoo J5,high,explicit_text_alias_strong,False,,,,False,not_relevant,no_adas_keyword,,UNKNOWN,,,,,,,
rec_49f0cf6207663c60,Jaecoo J5,JFiver - Jaecoo J5 EV Owners (Search),https://www.facebook.com/search/top?q=jfiver%20-%20jaecoo%20j5%20ev%20owners%20%26%20community%20indonesia,post_2,post_2_comment_7,post_2,comment,,,,JAECOO J5 EV Premium… Lihat selengkapnya,https://www.facebook.com/search/top?q=jfiver%20-%20jaecoo%20j5%20ev%20owners%20%26%20community%20indonesia,1789640698000,raw_data_all.jsonl,rec_49f0cf6207663c60,False,JAECOO J5 EV Premium… Lihat selengkapnya,jaecoo j5 ev premium… lihat selengkapnya,Jaecoo J5,high,explicit_text_alias_strong,False,,,,False,not_relevant,no_adas_keyword,,UNKNOWN,,,,,,,
rec_deaa2e412118d718,Jaecoo J5,JFiver - Jaecoo J5 EV Owners (Search),https://www.facebook.com/search/top?q=jfiver%20-%20jaecoo%20j5%20ev%20owners%20%26%20community%20indonesia,post_2,post_2_comment_8,post_2,comment,,,,"The Jaecoo J5 EV is officially open for booking, with an estimated price of RM 125,000.… Lihat selengkapnya
Lihat terjemahan",https://www.facebook.com/search/top?q=jfiver%20-%20jaecoo%20j5%20ev%20owners%20%26%20community%20indonesia,1789640698000,raw_data_all.jsonl,rec_deaa2e412118d718,False,"The Jaecoo J5 EV is officially open for booking, with an estimated price of RM 125,000.… Lihat selengkapnya Lihat terjemahan","the jaecoo j5 ev is officially open for booking, with an estimated price of rm 125,000.… lihat selengkapnya lihat terjemahan",Jaecoo J5,high,explicit_text_alias_strong,False,,,,False,not_relevant,no_adas_keyword,,UNKNOWN,,,,,,,
rec_1c848ad0bb77e17b,Jaecoo J5,JFiver - Jaecoo J5 EV Owners (Search),https://www.facebook.com/search/top?q=jfiver%20-%20jaecoo%20j5%20ev%20owners%20%26%20community%20indonesia,post_2,post_2_comment_9,post_2,comment,,,,"The Jaecoo J5 EV is officially open for booking, with an estimated price of RM 125,000.… Lihat selengkapnya",https://www.facebook.com/search/top?q=jfiver%20-%20jaecoo%20j5%20ev%20owners%20%26%20community%20indonesia,1789640698000,raw_data_all.jsonl,rec_1c848ad0bb77e17b,False,"The Jaecoo J5 EV is officially open for booking, with an estimated price of RM 125,000.… Lihat selengkapnya","the jaecoo j5 ev is officially open for booking, with an estimated price of rm 125,000.… lihat selengkapnya",Jaecoo J5,high,explicit_text_alias_strong,False,,,,False,not_relevant,no_adas_keyword,,UNKNOWN,,,,,,,
rec_46636153d5fe4d40,Jaecoo J5,JFiver - Jaecoo J5 EV Owners (Search),https://www.facebook.com/search/top?q=jfiver%20-%20jaecoo%20j5%20ev%20owners%20%26%20community%20indonesia,post_2,post_2_comment_10,post_2,comment,,,,𝗛𝗲𝗿𝗲'𝘀 𝘄𝗵𝘆 𝘆𝗼𝘂 𝘀𝗵𝗼𝘂𝗹𝗱 𝗰𝗼𝗻𝘀𝗶𝗱𝗲𝗿 𝘁𝗵𝗲 𝗡𝗲𝘄 𝗝𝗮𝗲𝗰𝗼𝗼 𝗝𝟱 𝗘𝗩 𝗮𝘀 𝘆𝗼𝘂𝗿 𝗱𝗮𝗶𝗹𝘆 𝗰𝗼𝗺𝗺𝘂𝘁𝗲𝗿!,https://www.facebook.com/search/top?q=jfiver%20-%20jaecoo%20j5%20ev%20owners%20%26%20community%20indonesia,1789640699000,raw_data_all.jsonl,rec_46636153d5fe4d40,False,𝗛𝗲𝗿𝗲'𝘀 𝘄𝗵𝘆 𝘆𝗼𝘂 𝘀𝗵𝗼𝘂𝗹𝗱 𝗰𝗼𝗻𝘀𝗶𝗱𝗲𝗿 𝘁𝗵𝗲 𝗡𝗲𝘄 𝗝𝗮𝗲𝗰𝗼𝗼 𝗝𝟱 𝗘𝗩 𝗮𝘀 𝘆𝗼𝘂𝗿 𝗱𝗮𝗶𝗹𝘆 𝗰𝗼𝗺𝗺𝘂𝘁𝗲𝗿!,𝗛𝗲𝗿𝗲'𝘀 𝘄𝗵𝘆 𝘆𝗼𝘂 𝘀𝗵𝗼𝘂𝗹𝗱 𝗰𝗼𝗻𝘀𝗶𝗱𝗲𝗿 𝘁𝗵𝗲 𝗡𝗲𝘄 𝗝𝗮𝗲𝗰𝗼𝗼 𝗝𝟱 𝗘𝗩 𝗮𝘀 𝘆𝗼𝘂𝗿 𝗱𝗮𝗶𝗹𝘆 𝗰𝗼𝗺𝗺𝘂𝘁𝗲𝗿!,Jaecoo J5,medium,community_context,False,,,,False,not_relevant,no_adas_keyword,,UNKNOWN,,,,,,,
rec_1c051c5299599e37,Jaecoo J5,JFiver - Jaecoo J5 EV Owners (Search),https://www.facebook.com/search/top?q=jfiver%20-%20jaecoo%20j5%20ev%20owners%20%26%20community%20indonesia,post_2,post_2_comment_11,post_2,comment,,,,Tajveer 哲玮 016-233 6101,https://www.facebook.com/search/top?q=jfiver%20-%20jaecoo%20j5%20ev%20owners%20%26%20community%20indonesia,1789640699000,raw_data_all.jsonl,rec_1c051c5299599e37,False,Tajveer 哲玮 016-233 6101,tajveer 哲玮 016-233 6101,Jaecoo J5,medium,community_context,False,,,,False,not_relevant,no_adas_keyword,,UNKNOWN,,,,,,,
rec_896495f053701964,Jaecoo J5,JFiver - Jaecoo J5 EV Owners (Search),https://www.facebook.com/search/top?q=jfiver%20-%20jaecoo%20j5%20ev%20owners%20%26%20community%20indonesia,post_2,post_2_comment_12,post_2,comment,,,,Looking for a car that’s comfortabl… Lihat selengkapnya,https://www.facebook.com/search/top?q=jfiver%20-%20jaecoo%20j5%20ev%20owners%20%26%20community%20indonesia,1789640699000,raw_data_all.jsonl,rec_896495f053701964,False,Looking for a car that’s comfortabl… Lihat selengkapnya,looking for a car that’s comfortabl… lihat selengkapnya,Jaecoo J5,medium,community_context,False,,,,False,not_relevant,no_adas_keyword,,UNKNOWN,,,,,,,
rec_c25d3ce6f60b8dd2,Jaecoo J5,JFiver - Jaecoo J5 EV Owners (Search),https://www.facebook.com/search/top?q=jfiver%20-%20jaecoo%20j5%20ev%20owners%20%26%20community%20indonesia,post_2,post_2_comment_13,post_2,comment,,,,Lebih dari sekadar perjalanan.… Lihat selengkapnya,https://www.facebook.com/search/top?q=jfiver%20-%20jaecoo%20j5%20ev%20owners%20%26%20community%20indonesia,1789640701000,raw_data_all.jsonl,rec_c25d3ce6f60b8dd2,False,Lebih dari sekadar perjalanan.… Lihat selengkapnya,lebih dari sekadar perjalanan.… lihat selengkapnya,Jaecoo J5,medium,community_context,False,,,,False,not_relevant,no_adas_keyword,,UNKNOWN,,,,,,,
rec_7534c63fbcab9d5b,Jaecoo J5,JFiver - Jaecoo J5 EV Owners (Search),https://www.facebook.com/search/top?q=jfiver%20-%20jaecoo%20j5%20ev%20owners%20%26%20community%20indonesia,post_2,post_2_comment_14,post_2,comment,,,,"Jaecoo Indonesia akhirnya merilis SUV listrik terbarunya, Jaecoo J5 EV, di pasar Tanah Air. Mobil listrik ini hadir dalam dua varian, yakni Standar dan Premium, dengan … Lihat selengkapnya",https://www.facebook.com/search/top?q=jfiver%20-%20jaecoo%20j5%20ev%20owners%20%26%20community%20indonesia,1789640703000,raw_data_all.jsonl,rec_7534c63fbcab9d5b,False,"Jaecoo Indonesia akhirnya merilis SUV listrik terbarunya, Jaecoo J5 EV, di pasar Tanah Air. Mobil listrik ini hadir dalam dua varian, yakni Standar dan Premium, dengan … Lihat selengkapnya","jaecoo indonesia akhirnya merilis suv listrik terbarunya, jaecoo j5 ev, di pasar tanah air. mobil listrik ini hadir dalam dua varian, yakni standar dan premium, dengan … lihat selengkapnya",Jaecoo J5,high,explicit_text_alias_strong,False,,,,False,not_relevant,no_adas_keyword,,UNKNOWN,,,,,,,
rec_a25d5b19d688f5b6,Jaecoo J5,JFiver - Jaecoo J5 EV Owners (Search),https://www.facebook.com/search/top?q=jfiver%20-%20jaecoo%20j5%20ev%20owners%20%26%20community%20indonesia,post_2,post_2_comment_15,post_2,comment,,,,"admin 
083805652248",https://www.facebook.com/search/top?q=jfiver%20-%20jaecoo%20j5%20ev%20owners%20%26%20community%20indonesia,1789640703000,raw_data_all.jsonl,rec_a25d5b19d688f5b6,False,admin 083805652248,admin 083805652248,Jaecoo J5,medium,community_context,False,,,,False,not_relevant,no_adas_keyword,,UNKNOWN,,,,,,,
rec_7cef4ae9b74b6ea9,Jaecoo J5,JFiver - Jaecoo J5 EV Owners (Search),https://www.facebook.com/search/top?q=jfiver%20-%20jaecoo%20j5%20ev%20owners%20%26%20community%20indonesia,post_2,post_2_comment_16,post_2,comment,,,,admin,https://www.facebook.com/search/top?q=jfiver%20-%20jaecoo%20j5%20ev%20owners%20%26%20community%20indonesia,1789640703000,raw_data_all.jsonl,rec_7cef4ae9b74b6ea9,False,admin,admin,Jaecoo J5,medium,community_context,False,,,,False,not_relevant,no_adas_keyword,,UNKNOWN,,,,,,,
rec_9e7777ac8ad0f878,Jaecoo J5,JFiver - Jaecoo J5 EV Owners (Search),https://www.facebook.com/search/top?q=jfiver%20-%20jaecoo%20j5%20ev%20owners%20%26%20community%20indonesia,post_2,post_2_comment_17,post_2,comment,,,,083805652248,https://www.facebook.com/search/top?q=jfiver%20-%20jaecoo%20j5%20ev%20owners%20%26%20community%20indonesia,1789640703000,raw_data_all.jsonl,rec_9e7777ac8ad0f878,False,083805652248,083805652248,Jaecoo J5,medium,community_context,False,,,,False,not_relevant,no_adas_keyword,,UNKNOWN,,,,,,,
rec_881234e7ceb5c5cb,Jaecoo J5,JFiver - Jaecoo J5 EV Owners (Search),https://www.facebook.com/search/top?q=jfiver%20-%20jaecoo%20j5%20ev%20owners%20%26%20community%20indonesia,post_2,post_2_comment_18,post_2,comment,,,,"JAECOO J5 EV
 Kelebihan Utama… Lihat selengkapnya",https://www.facebook.com/search/top?q=jfiver%20-%20jaecoo%20j5%20ev%20owners%20%26%20community%20indonesia,1789640704000,raw_data_all.jsonl,rec_881234e7ceb5c5cb,False,JAECOO J5 EV Kelebihan Utama… Lihat selengkapnya,jaecoo j5 ev kelebihan utama… lihat selengkapnya,Jaecoo J5,high,explicit_text_alias_strong,False,,,,False,not_relevant,no_adas_keyword,,UNKNOWN,,,,,,,
rec_8bcc10ce32af958d,Jaecoo J5,JFiver - Jaecoo J5 EV Owners (Search),https://www.facebook.com/search/top?q=jfiver%20-%20jaecoo%20j5%20ev%20owners%20%26%20community%20indonesia,post_2,post_2_comment_19,post_2,comment,,,,JAECOO J5 EV,https://www.facebook.com/search/top?q=jfiver%20-%20jaecoo%20j5%20ev%20owners%20%26%20community%20indonesia,1789640704000,raw_data_all.jsonl,rec_8bcc10ce32af958d,False,JAECOO J5 EV,jaecoo j5 ev,Jaecoo J5,high,explicit_text_alias_strong,False,,,,False,not_relevant,no_adas_keyword,,UNKNOWN,,,,,,,
rec_3b27b1f9b804004d,Jaecoo J5,JFiver - Jaecoo J5 EV Owners (Search),https://www.facebook.com/search/top?q=jfiver%20-%20jaecoo%20j5%20ev%20owners%20%26%20community%20indonesia,post_2,post_2_comment_20,post_2,comment,,,,Kelebihan Utama… Lihat selengkapnya,https://www.facebook.com/search/top?q=jfiver%20-%20jaecoo%20j5%20ev%20owners%20%26%20community%20indonesia,1789640704000,raw_data_all.jsonl,rec_3b27b1f9b804004d,False,Kelebihan Utama… Lihat selengkapnya,kelebihan utama… lihat selengkapnya,Jaecoo J5,medium,community_context,False,,,,False,not_relevant,no_adas_keyword,,UNKNOWN,,,,,,,
rec_f136cf2432a568c4,Jaecoo J5,JFiver - Jaecoo J5 EV Owners (Search),https://www.facebook.com/search/top?q=jfiver%20-%20jaecoo%20j5%20ev%20owners%20%26%20community%20indonesia,post_2,post_2_comment_21,post_2,comment,,,,"JAECOO J5 EV PREMIUM — Saatnya Beralih ke Mobilitas Listrik!
Tampil stylish, nyaman, dan siap menemani perjalananmu dengan jarak tempuh hingga 461 km sekali pengisian— di 
Pekanbaru, Riau, Indonesia
.… Lihat selengkapnya",https://www.facebook.com/search/top?q=jfiver%20-%20jaecoo%20j5%20ev%20owners%20%26%20community%20indonesia,1789640706000,raw_data_all.jsonl,rec_f136cf2432a568c4,False,"JAECOO J5 EV PREMIUM — Saatnya Beralih ke Mobilitas Listrik! Tampil stylish, nyaman, dan siap menemani perjalananmu dengan jarak tempuh hingga 461 km sekali pengisian— di Pekanbaru, Riau, Indonesia .… Lihat selengkapnya","jaecoo j5 ev premium — saatnya beralih ke mobilitas listrik! tampil stylish, nyaman, dan siap menemani perjalananmu dengan jarak tempuh hingga 461 km sekali pengisian— di pekanbaru, riau, indonesia .… lihat selengkapnya",Jaecoo J5,high,explicit_text_alias_strong,False,,,,False,not_relevant,no_adas_keyword,,UNKNOWN,,,,,,,
rec_3ea4cf341e539018,Jaecoo J5,JFiver - Jaecoo J5 EV Owners (Search),https://www.facebook.com/search/top?q=jfiver%20-%20jaecoo%20j5%20ev%20owners%20%26%20community%20indonesia,post_2,post_2_comment_22,post_2,comment,,,,JAECOO J5 EV PREMIUM — Saatnya Beralih ke Mobilitas Listrik!,https://www.facebook.com/search/top?q=jfiver%20-%20jaecoo%20j5%20ev%20owners%20%26%20community%20indonesia,1789640706000,raw_data_all.jsonl,rec_3ea4cf341e539018,False,JAECOO J5 EV PREMIUM — Saatnya Beralih ke Mobilitas Listrik!,jaecoo j5 ev premium — saatnya beralih ke mobilitas listrik!,Jaecoo J5,high,explicit_text_alias_strong,False,,,,False,not_relevant,no_adas_keyword,,UNKNOWN,,,,,,,
rec_f2673b899fdbef97,Jaecoo J5,JFiver - Jaecoo J5 EV Owners (Search),https://www.facebook.com/search/top?q=jfiver%20-%20jaecoo%20j5%20ev%20owners%20%26%20community%20indonesia,post_2,post_2_comment_23,post_2,comment,,,,"Tampil stylish, nyaman, dan siap menemani perjalananmu dengan jarak tempuh hingga 461 km sekali pengisian— di 
Pekanbaru, Riau, Indonesia
.… Lihat selengkapnya",https://www.facebook.com/search/top?q=jfiver%20-%20jaecoo%20j5%20ev%20owners%20%26%20community%20indonesia,1789640706000,raw_data_all.jsonl,rec_f2673b899fdbef97,False,"Tampil stylish, nyaman, dan siap menemani perjalananmu dengan jarak tempuh hingga 461 km sekali pengisian— di Pekanbaru, Riau, Indonesia .… Lihat selengkapnya","tampil stylish, nyaman, dan siap menemani perjalananmu dengan jarak tempuh hingga 461 km sekali pengisian— di pekanbaru, riau, indonesia .… lihat selengkapnya",Jaecoo J5,medium,community_context,False,,,,False,not_relevant,no_adas_keyword,,UNKNOWN,,,,,,,
rec_9351c11311488d2f,Jaecoo J5,JFiver - Jaecoo J5 EV Owners (Search),https://www.facebook.com/search/top?q=jfiver%20-%20jaecoo%20j5%20ev%20owners%20%26%20community%20indonesia,post_2,post_2_comment_24,post_2,comment,,,,"Masa depan berkendara tanpa emisi, tapi tetap punya gaya yang presisi. Meet the Jaecoo J5 EV.Info Pemesanan Hubungi Putri 0857-8153-1226.Cek Selengkapnya Di YT Carstore… Lihat selengkapnya",https://www.facebook.com/search/top?q=jfiver%20-%20jaecoo%20j5%20ev%20owners%20%26%20community%20indonesia,1789640710000,raw_data_all.jsonl,rec_9351c11311488d2f,False,"Masa depan berkendara tanpa emisi, tapi tetap punya gaya yang presisi. Meet the Jaecoo J5 EV.Info Pemesanan Hubungi Putri 0857-8153-1226.Cek Selengkapnya Di YT Carstore… Lihat selengkapnya","masa depan berkendara tanpa emisi, tapi tetap punya gaya yang presisi. meet the jaecoo j5 ev.info pemesanan hubungi putri 0857-8153-1226.cek selengkapnya di yt carstore… lihat selengkapnya",Jaecoo J5,high,explicit_text_alias_strong,False,,,,False,not_relevant,no_adas_keyword,,UNKNOWN,,,,,,,
rec_887490ff2ad0fd64,Jaecoo J5,JFiver - Jaecoo J5 EV Owners (Search),https://www.facebook.com/search/top?q=jfiver%20-%20jaecoo%20j5%20ev%20owners%20%26%20community%20indonesia,post_2,post_2_comment_25,post_2,comment,,,,"Fullbodyy (PPF) paint protection film 
Ppf adalah bahan khusus perlindungan body mobil , yg mana bahan sangat berkualitas tinggi,, anti jamur\baret\kerak\
Mobil akan slalu trlihat kinclong setiap hari
Prawatan sangat mudah karna bahan meliputi kualitas seperti
… Lihat selengkapnya",https://www.facebook.com/search/top?q=jfiver%20-%20jaecoo%20j5%20ev%20owners%20%26%20community%20indonesia,1789640710000,raw_data_all.jsonl,rec_887490ff2ad0fd64,False,"Fullbodyy (PPF) paint protection film Ppf adalah bahan khusus perlindungan body mobil , yg mana bahan sangat berkualitas tinggi,, anti jamur\baret\kerak\ Mobil akan slalu trlihat kinclong setiap hari Prawatan sangat mudah karna bahan meliputi kualitas seperti … Lihat selengkapnya","fullbodyy (ppf) paint protection film ppf adalah bahan khusus perlindungan body mobil , yg mana bahan sangat berkualitas tinggi,, anti jamur\baret\kerak\ mobil akan slalu trlihat kinclong setiap hari prawatan sangat mudah karna bahan meliputi kualitas seperti … lihat selengkapnya",Jaecoo J5,medium,community_context,False,,,,False,not_relevant,no_adas_keyword,,UNKNOWN,,,,,,,
rec_60cfd0089652e14d,Jaecoo J5,JFiver - Jaecoo J5 EV Owners (Search),https://www.facebook.com/search/top?q=jfiver%20-%20jaecoo%20j5%20ev%20owners%20%26%20community%20indonesia,post_2,post_2_comment_26,post_2,comment,,,,Fullbodyy (PPF) paint protection film,https://www.facebook.com/search/top?q=jfiver%20-%20jaecoo%20j5%20ev%20owners%20%26%20community%20indonesia,1789640710000,raw_data_all.jsonl,rec_60cfd0089652e14d,False,Fullbodyy (PPF) paint protection film,fullbodyy (ppf) paint protection film,Jaecoo J5,medium,community_context,False,,,,False,not_relevant,no_adas_keyword,,UNKNOWN,,,,,,,
rec_b3d027e7c61b7393,Jaecoo J5,JFiver - Jaecoo J5 EV Owners (Search),https://www.facebook.com/search/top?q=jfiver%20-%20jaecoo%20j5%20ev%20owners%20%26%20community%20indonesia,post_2,post_2_comment_27,post_2,comment,,,,"Ppf adalah bahan khusus perlindungan body mobil , yg mana bahan sangat berkualitas tinggi,, anti jamur\baret\kerak\",https://www.facebook.com/search/top?q=jfiver%20-%20jaecoo%20j5%20ev%20owners%20%26%20community%20indonesia,1789640710000,raw_data_all.jsonl,rec_b3d027e7c61b7393,False,"Ppf adalah bahan khusus perlindungan body mobil , yg mana bahan sangat berkualitas tinggi,, anti jamur\baret\kerak\","ppf adalah bahan khusus perlindungan body mobil , yg mana bahan sangat berkualitas tinggi,, anti jamur\baret\kerak\",Jaecoo J5,medium,community_context,False,,,,False,not_relevant,no_adas_keyword,,UNKNOWN,,,,,,,
rec_d04ee8146d868a09,Jaecoo J5,JFiver - Jaecoo J5 EV Owners (Search),https://www.facebook.com/search/top?q=jfiver%20-%20jaecoo%20j5%20ev%20owners%20%26%20community%20indonesia,post_2,post_2_comment_28,post_2,comment,,,,Mobil akan slalu trlihat kinclong setiap hari,https://www.facebook.com/search/top?q=jfiver%20-%20jaecoo%20j5%20ev%20owners%20%26%20community%20indonesia,1789640710000,raw_data_all.jsonl,rec_d04ee8146d868a09,False,Mobil akan slalu trlihat kinclong setiap hari,mobil akan slalu trlihat kinclong setiap hari,Jaecoo J5,medium,community_context,False,,,,False,not_relevant,no_adas_keyword,,UNKNOWN,,,,,,,
rec_e2b29f6d73995d1a,Jaecoo J5,JFiver - Jaecoo J5 EV Owners (Search),https://www.facebook.com/search/top?q=jfiver%20-%20jaecoo%20j5%20ev%20owners%20%26%20community%20indonesia,post_2,post_2_comment_29,post_2,comment,,,,"Prawatan sangat mudah karna bahan meliputi kualitas seperti
… Lihat selengkapnya",https://www.facebook.com/search/top?q=jfiver%20-%20jaecoo%20j5%20ev%20owners%20%26%20community%20indonesia,1789640710000,raw_data_all.jsonl,rec_e2b29f6d73995d1a,False,Prawatan sangat mudah karna bahan meliputi kualitas seperti … Lihat selengkapnya,prawatan sangat mudah karna bahan meliputi kualitas seperti … lihat selengkapnya,Jaecoo J5,medium,community_context,False,,,,False,not_relevant,no_adas_keyword,,UNKNOWN,,,,,,,
rec_f09a5c0e1c86eb63,Jaecoo J5,JFiver - Jaecoo J5 EV Owners (Search),https://www.facebook.com/search/top?q=jfiver%20-%20jaecoo%20j5%20ev%20owners%20%26%20community%20indonesia,post_2,post_2_comment_30,post_2,comment,,,,"Setelah ribuan pemesanan masuk (SPK lebih dari 12.000 unit), Jaecoo Indonesia baru dapat mendistribusikan 3.000 unit tahap pertama kepada konsumen di berbagai wilayah T… Lihat selengkapnya",https://www.facebook.com/search/top?q=jfiver%20-%20jaecoo%20j5%20ev%20owners%20%26%20community%20indonesia,1789640710000,raw_data_all.jsonl,rec_f09a5c0e1c86eb63,False,"Setelah ribuan pemesanan masuk (SPK lebih dari 12.000 unit), Jaecoo Indonesia baru dapat mendistribusikan 3.000 unit tahap pertama kepada konsumen di berbagai wilayah T… Lihat selengkapnya","setelah ribuan pemesanan masuk (spk lebih dari 12.000 unit), jaecoo indonesia baru dapat mendistribusikan 3.000 unit tahap pertama kepada konsumen di berbagai wilayah t… lihat selengkapnya",Jaecoo J5,high,explicit_text_alias_strong,False,,,,False,not_relevant,no_adas_keyword,,UNKNOWN,,,,,,,
rec_c7e822bbe92dee73,Jaecoo J5,JFiver - Jaecoo J5 EV Owners (Search),https://www.facebook.com/search/top?q=jfiver%20-%20jaecoo%20j5%20ev%20owners%20%26%20community%20indonesia,post_2,post_2_comment_31,post_2,comment,,,,"Let’s Go Buat Tampilan JAECOO J5 EV Kalian Makin Stand Out
… Lihat selengkapnya",https://www.facebook.com/search/top?q=jfiver%20-%20jaecoo%20j5%20ev%20owners%20%26%20community%20indonesia,1789640712000,raw_data_all.jsonl,rec_c7e822bbe92dee73,False,Let’s Go Buat Tampilan JAECOO J5 EV Kalian Makin Stand Out … Lihat selengkapnya,let’s go buat tampilan jaecoo j5 ev kalian makin stand out … lihat selengkapnya,Jaecoo J5,high,explicit_text_alias_strong,False,,,,False,not_relevant,no_adas_keyword,,UNKNOWN,,,,,,,
rec_910709e8c3619413,Jaecoo J5,JFiver - Jaecoo J5 EV Owners (Search),https://www.facebook.com/search/top?q=jfiver%20-%20jaecoo%20j5%20ev%20owners%20%26%20community%20indonesia,post_2,post_2_comment_32,post_2,comment,,,,"[JAECOO J5 EV Launch at PARC]… Lihat selengkapnya
Lihat terjemahan",https://www.facebook.com/search/top?q=jfiver%20-%20jaecoo%20j5%20ev%20owners%20%26%20community%20indonesia,1789640714000,raw_data_all.jsonl,rec_910709e8c3619413,False,[JAECOO J5 EV Launch at PARC]… Lihat selengkapnya Lihat terjemahan,[jaecoo j5 ev launch at parc]… lihat selengkapnya lihat terjemahan,Jaecoo J5,high,explicit_text_alias_strong,False,,,,False,not_relevant,no_adas_keyword,,UNKNOWN,,,,,,,
rec_a9829c09d3c6e873,Jaecoo J5,JFiver - Jaecoo J5 EV Owners (Search),https://www.facebook.com/search/top?q=jfiver%20-%20jaecoo%20j5%20ev%20owners%20%26%20community%20indonesia,post_2,post_2_comment_33,post_2,comment,,,,[JAECOO J5 EV Launch at PARC]… Lihat selengkapnya,https://www.facebook.com/search/top?q=jfiver%20-%20jaecoo%20j5%20ev%20owners%20%26%20community%20indonesia,1789640714000,raw_data_all.jsonl,rec_a9829c09d3c6e873,False,[JAECOO J5 EV Launch at PARC]… Lihat selengkapnya,[jaecoo j5 ev launch at parc]… lihat selengkapnya,Jaecoo J5,high,explicit_text_alias_strong,False,,,,False,not_relevant,no_adas_keyword,,UNKNOWN,,,,,,,
rec_4d7b19c308ce7aeb,Jaecoo J5,JFiver - Jaecoo J5 EV Owners (Search),https://www.facebook.com/search/top?q=jfiver%20-%20jaecoo%20j5%20ev%20owners%20%26%20community%20indonesia,post_2,post_2_comment_34,post_2,comment,,,,"Jaecoo Indonesia mengadakan acara “Jaecoo Weekend Drive, Together For More” pada Minggu, 24 Mei 2026 bertempat di District Entertainment, PIK 2.
Acara ini digelar untuk merayakan pencapaian pengiriman 16.000 unit Jaecoo J5 kepada konsumen di Indonesia sejak Januari hingga April 2026.
Acara ini menjadi ajang berkumpulnya konsumen, media, pecinta otomotif dan juga Komunitas Jaecoo diantaranya J5 Owners community , Jfiver dan J5 Evo Community.… Lihat selengkapnya",https://www.facebook.com/search/top?q=jfiver%20-%20jaecoo%20j5%20ev%20owners%20%26%20community%20indonesia,1789640715000,raw_data_all.jsonl,rec_4d7b19c308ce7aeb,False,"Jaecoo Indonesia mengadakan acara “Jaecoo Weekend Drive, Together For More” pada Minggu, 24 Mei 2026 bertempat di District Entertainment, PIK 2. Acara ini digelar untuk merayakan pencapaian pengiriman 16.000 unit Jaecoo J5 kepada konsumen di Indonesia sejak Januari hingga April 2026. Acara ini menjadi ajang berkumpulnya konsumen, media, pecinta otomotif dan juga Komunitas Jaecoo diantaranya J5 Owners community , Jfiver dan J5 Evo Community.… Lihat selengkapnya","jaecoo indonesia mengadakan acara “jaecoo weekend drive, together for more” pada minggu, 24 mei 2026 bertempat di district entertainment, pik 2. acara ini digelar untuk merayakan pencapaian pengiriman 16.000 unit jaecoo j5 kepada konsumen di indonesia sejak januari hingga april 2026. acara ini menjadi ajang berkumpulnya konsumen, media, pecinta otomotif dan juga komunitas jaecoo diantaranya j5 owners community , jfiver dan j5 evo community.… lihat selengkapnya",Jaecoo J5,high,explicit_text_alias_strong,False,,,,False,not_relevant,no_adas_keyword,,UNKNOWN,,,,,,,
rec_409de6546881a1b1,Jaecoo J5,JFiver - Jaecoo J5 EV Owners (Search),https://www.facebook.com/search/top?q=jfiver%20-%20jaecoo%20j5%20ev%20owners%20%26%20community%20indonesia,post_2,post_2_comment_35,post_2,comment,,,,"Jaecoo Indonesia mengadakan acara “Jaecoo Weekend Drive, Together For More” pada Minggu, 24 Mei 2026 bertempat di District Entertainment, PIK 2.",https://www.facebook.com/search/top?q=jfiver%20-%20jaecoo%20j5%20ev%20owners%20%26%20community%20indonesia,1789640715000,raw_data_all.jsonl,rec_409de6546881a1b1,False,"Jaecoo Indonesia mengadakan acara “Jaecoo Weekend Drive, Together For More” pada Minggu, 24 Mei 2026 bertempat di District Entertainment, PIK 2.","jaecoo indonesia mengadakan acara “jaecoo weekend drive, together for more” pada minggu, 24 mei 2026 bertempat di district entertainment, pik 2.",Jaecoo J5,high,explicit_text_alias_strong,False,,,,False,not_relevant,no_adas_keyword,,UNKNOWN,,,,,,,
rec_99f442f4c355368e,Jaecoo J5,JFiver - Jaecoo J5 EV Owners (Search),https://www.facebook.com/search/top?q=jfiver%20-%20jaecoo%20j5%20ev%20owners%20%26%20community%20indonesia,post_2,post_2_comment_36,post_2,comment,,,,Acara ini digelar untuk merayakan pencapaian pengiriman 16.000 unit Jaecoo J5 kepada konsumen di Indonesia sejak Januari hingga April 2026.,https://www.facebook.com/search/top?q=jfiver%20-%20jaecoo%20j5%20ev%20owners%20%26%20community%20indonesia,1789640715000,raw_data_all.jsonl,rec_99f442f4c355368e,False,Acara ini digelar untuk merayakan pencapaian pengiriman 16.000 unit Jaecoo J5 kepada konsumen di Indonesia sejak Januari hingga April 2026.,acara ini digelar untuk merayakan pencapaian pengiriman 16.000 unit jaecoo j5 kepada konsumen di indonesia sejak januari hingga april 2026.,Jaecoo J5,high,explicit_text_alias_strong,False,,,,False,not_relevant,no_adas_keyword,,UNKNOWN,,,,,,,
rec_b4eb8761426884bb,Jaecoo J5,JFiver - Jaecoo J5 EV Owners (Search),https://www.facebook.com/search/top?q=jfiver%20-%20jaecoo%20j5%20ev%20owners%20%26%20community%20indonesia,post_2,post_2_comment_37,post_2,comment,,,,"Acara ini menjadi ajang berkumpulnya konsumen, media, pecinta otomotif dan juga Komunitas Jaecoo diantaranya J5 Owners community , Jfiver dan J5 Evo Community.… Lihat selengkapnya",https://www.facebook.com/search/top?q=jfiver%20-%20jaecoo%20j5%20ev%20owners%20%26%20community%20indonesia,1789640715000,raw_data_all.jsonl,rec_b4eb8761426884bb,False,"Acara ini menjadi ajang berkumpulnya konsumen, media, pecinta otomotif dan juga Komunitas Jaecoo diantaranya J5 Owners community , Jfiver dan J5 Evo Community.… Lihat selengkapnya","acara ini menjadi ajang berkumpulnya konsumen, media, pecinta otomotif dan juga komunitas jaecoo diantaranya j5 owners community , jfiver dan j5 evo community.… lihat selengkapnya",Jaecoo J5,high,explicit_text_alias_strong,False,,,,False,not_relevant,no_adas_keyword,,UNKNOWN,,,,,,,
rec_e56e549ce13c93c3,Jaecoo J5,JFiver - Jaecoo J5 EV Owners (Search),https://www.facebook.com/search/top?q=jfiver%20-%20jaecoo%20j5%20ev%20owners%20%26%20community%20indonesia,post_2,post_2_comment_38,post_2,comment,,,,"The All-New JAECOO J5 EV has officially launched and is ready to make a bold presence on the streets. … Lihat selengkapnya
Lihat terjemahan",https://www.facebook.com/search/top?q=jfiver%20-%20jaecoo%20j5%20ev%20owners%20%26%20community%20indonesia,1789640719000,raw_data_all.jsonl,rec_e56e549ce13c93c3,False,The All-New JAECOO J5 EV has officially launched and is ready to make a bold presence on the streets. … Lihat selengkapnya Lihat terjemahan,the all-new jaecoo j5 ev has officially launched and is ready to make a bold presence on the streets. … lihat selengkapnya lihat terjemahan,Jaecoo J5,high,explicit_text_alias_strong,False,,,,False,not_relevant,no_adas_keyword,,UNKNOWN,,,,,,,
rec_44e91402b28024ba,Jaecoo J5,JFiver - Jaecoo J5 EV Owners (Search),https://www.facebook.com/search/top?q=jfiver%20-%20jaecoo%20j5%20ev%20owners%20%26%20community%20indonesia,post_2,post_2_comment_39,post_2,comment,,,,The All-New JAECOO J5 EV has officially launched and is ready to make a bold presence on the streets. … Lihat selengkapnya,https://www.facebook.com/search/top?q=jfiver%20-%20jaecoo%20j5%20ev%20owners%20%26%20community%20indonesia,1789640719000,raw_data_all.jsonl,rec_44e91402b28024ba,False,The All-New JAECOO J5 EV has officially launched and is ready to make a bold presence on the streets. … Lihat selengkapnya,the all-new jaecoo j5 ev has officially launched and is ready to make a bold presence on the streets. … lihat selengkapnya,Jaecoo J5,high,explicit_text_alias_strong,False,,,,False,not_relevant,no_adas_keyword,,UNKNOWN,,,,,,,
rec_ef3d5cd5491ac9d0,Jaecoo J5,JFiver - Jaecoo J5 EV Owners (Search),https://www.facebook.com/search/top?q=jfiver%20-%20jaecoo%20j5%20ev%20owners%20%26%20community%20indonesia,post_2,post_2_comment_40,post_2,comment,,,,"Jaecoo J5 EV PREMIUM— di 
Mall Kelapa Gading
.",https://www.facebook.com/search/top?q=jfiver%20-%20jaecoo%20j5%20ev%20owners%20%26%20community%20indonesia,1789640719000,raw_data_all.jsonl,rec_ef3d5cd5491ac9d0,False,Jaecoo J5 EV PREMIUM— di Mall Kelapa Gading .,jaecoo j5 ev premium— di mall kelapa gading .,Jaecoo J5,high,explicit_text_alias_strong,False,,,,False,not_relevant,no_adas_keyword,,UNKNOWN,,,,,,,
rec_c8f5fa2d8fe7776d,Jaecoo J5,JFiver - Jaecoo J5 EV Owners (Search),https://www.facebook.com/search/top?q=jfiver%20-%20jaecoo%20j5%20ev%20owners%20%26%20community%20indonesia,post_2,post_2_comment_41,post_2,comment,,,,Welcome to EV era bapak & family,https://www.facebook.com/search/top?q=jfiver%20-%20jaecoo%20j5%20ev%20owners%20%26%20community%20indonesia,1789640720000,raw_data_all.jsonl,rec_c8f5fa2d8fe7776d,False,Welcome to EV era bapak & family,welcome to ev era bapak & family,Jaecoo J5,medium,community_context,False,,,,False,not_relevant,no_adas_keyword,,UNKNOWN,,,,,,,
rec_fccfe059629a93d9,Jaecoo J5,JFiver - Jaecoo J5 EV Owners (Search),https://www.facebook.com/search/top?q=jfiver%20-%20jaecoo%20j5%20ev%20owners%20%26%20community%20indonesia,post_2,post_2_comment_42,post_2,comment,,,,"E— di 
Lebak Bulus, Jakarta Selatan
.… Lihat selengkapnya",https://www.facebook.com/search/top?q=jfiver%20-%20jaecoo%20j5%20ev%20owners%20%26%20community%20indonesia,1789640720000,raw_data_all.jsonl,rec_fccfe059629a93d9,False,"E— di Lebak Bulus, Jakarta Selatan .… Lihat selengkapnya","e— di lebak bulus, jakarta selatan .… lihat selengkapnya",Jaecoo J5,medium,community_context,False,,,,False,not_relevant,no_adas_keyword,,UNKNOWN,,,,,,,
rec_f02ecff254dfa9ea,Jaecoo J5,JFiver - Jaecoo J5 EV Owners (Search),https://www.facebook.com/search/top?q=jfiver%20-%20jaecoo%20j5%20ev%20owners%20%26%20community%20indonesia,post_2,post_2_comment_43,post_2,comment,,,,"Harga Terbaru daru Mobil Terlaris fi indonesia 
Jaecoo J5 EV cuma 324.900.000… Lihat selengkapnya",https://www.facebook.com/search/top?q=jfiver%20-%20jaecoo%20j5%20ev%20owners%20%26%20community%20indonesia,1789640722000,raw_data_all.jsonl,rec_f02ecff254dfa9ea,False,Harga Terbaru daru Mobil Terlaris fi indonesia Jaecoo J5 EV cuma 324.900.000… Lihat selengkapnya,harga terbaru daru mobil terlaris fi indonesia jaecoo j5 ev cuma 324.900.000… lihat selengkapnya,Jaecoo J5,high,explicit_text_alias_strong,False,,,,False,not_relevant,no_adas_keyword,,UNKNOWN,,,,,,,
rec_70bd563641bf4537,Jaecoo J5,JFiver - Jaecoo J5 EV Owners (Search),https://www.facebook.com/search/top?q=jfiver%20-%20jaecoo%20j5%20ev%20owners%20%26%20community%20indonesia,post_2,post_2_comment_44,post_2,comment,,,,Harga Terbaru daru Mobil Terlaris fi indonesia,https://www.facebook.com/search/top?q=jfiver%20-%20jaecoo%20j5%20ev%20owners%20%26%20community%20indonesia,1789640722000,raw_data_all.jsonl,rec_70bd563641bf4537,False,Harga Terbaru daru Mobil Terlaris fi indonesia,harga terbaru daru mobil terlaris fi indonesia,Jaecoo J5,medium,community_context,False,,,,False,not_relevant,no_adas_keyword,,UNKNOWN,,,,,,,
rec_36a105e930d4b4da,Jaecoo J5,JFiver - Jaecoo J5 EV Owners (Search),https://www.facebook.com/search/top?q=jfiver%20-%20jaecoo%20j5%20ev%20owners%20%26%20community%20indonesia,post_2,post_2_comment_45,post_2,comment,,,,Jaecoo J5 EV cuma 324.900.000… Lihat selengkapnya,https://www.facebook.com/search/top?q=jfiver%20-%20jaecoo%20j5%20ev%20owners%20%26%20community%20indonesia,1789640722000,raw_data_all.jsonl,rec_36a105e930d4b4da,False,Jaecoo J5 EV cuma 324.900.000… Lihat selengkapnya,jaecoo j5 ev cuma 324.900.000… lihat selengkapnya,Jaecoo J5,high,explicit_text_alias_strong,False,,,,False,not_relevant,no_adas_keyword,,UNKNOWN,,,,,,,
rec_d57e31235b364383,Jaecoo J5,JFiver - Jaecoo J5 EV Owners (Search),https://www.facebook.com/search/top?q=jfiver%20-%20jaecoo%20j5%20ev%20owners%20%26%20community%20indonesia,post_2,post_2_comment_46,post_2,comment,,,,"It's official.… Lihat selengkapnya
Lihat terjemahan",https://www.facebook.com/search/top?q=jfiver%20-%20jaecoo%20j5%20ev%20owners%20%26%20community%20indonesia,1789640724000,raw_data_all.jsonl,rec_d57e31235b364383,False,It's official.… Lihat selengkapnya Lihat terjemahan,it's official.… lihat selengkapnya lihat terjemahan,Jaecoo J5,medium,community_context,False,,,,False,not_relevant,no_adas_keyword,,UNKNOWN,,,,,,,
rec_6c3fa394ac8e7938,Jaecoo J5,JFiver - Jaecoo J5 EV Owners (Search),https://www.facebook.com/search/top?q=jfiver%20-%20jaecoo%20j5%20ev%20owners%20%26%20community%20indonesia,post_2,post_2_comment_47,post_2,comment,,,,It's official.… Lihat selengkapnya,https://www.facebook.com/search/top?q=jfiver%20-%20jaecoo%20j5%20ev%20owners%20%26%20community%20indonesia,1789640724000,raw_data_all.jsonl,rec_6c3fa394ac8e7938,False,It's official.… Lihat selengkapnya,it's official.… lihat selengkapnya,Jaecoo J5,medium,community_context,False,,,,False,not_relevant,no_adas_keyword,,UNKNOWN,,,,,,,
rec_39514d5ba69c3b4c,Jaecoo J5,JFiver - Jaecoo J5 EV Owners (Search),https://www.facebook.com/search/top?q=jfiver%20-%20jaecoo%20j5%20ev%20owners%20%26%20community%20indonesia,post_2,post_2_comment_48,post_2,comment,,,,"𝐏𝐑𝐄𝐕𝐈𝐄𝐖𝐄𝐃: 𝐉𝐚𝐞𝐜𝐨𝐨 𝐉𝟓 𝐢𝐧 𝐌𝐚𝐥𝐚𝐲𝐬𝐢𝐚 - 𝐄𝐬𝐭. 𝐑𝐌𝟏𝟐𝟎,𝟎𝟎𝟎",https://www.facebook.com/search/top?q=jfiver%20-%20jaecoo%20j5%20ev%20owners%20%26%20community%20indonesia,1789640724000,raw_data_all.jsonl,rec_39514d5ba69c3b4c,False,"𝐏𝐑𝐄𝐕𝐈𝐄𝐖𝐄𝐃: 𝐉𝐚𝐞𝐜𝐨𝐨 𝐉𝟓 𝐢𝐧 𝐌𝐚𝐥𝐚𝐲𝐬𝐢𝐚 - 𝐄𝐬𝐭. 𝐑𝐌𝟏𝟐𝟎,𝟎𝟎𝟎","𝐏𝐑𝐄𝐕𝐈𝐄𝐖𝐄𝐃: 𝐉𝐚𝐞𝐜𝐨𝐨 𝐉𝟓 𝐢𝐧 𝐌𝐚𝐥𝐚𝐲𝐬𝐢𝐚 - 𝐄𝐬𝐭. 𝐑𝐌𝟏𝟐𝟎,𝟎𝟎𝟎",Jaecoo J5,medium,community_context,False,,,,False,not_relevant,no_adas_keyword,,UNKNOWN,,,,,,,
rec_865de627592d27e4,Jaecoo J5,JFiver - Jaecoo J5 EV Owners (Search),https://www.facebook.com/search/top?q=jfiver%20-%20jaecoo%20j5%20ev%20owners%20%26%20community%20indonesia,post_2,post_2_comment_49,post_2,comment,,,,The new Jaecoo J5 is set to be the br… Lihat selengkapnya,https://www.facebook.com/search/top?q=jfiver%20-%20jaecoo%20j5%20ev%20owners%20%26%20community%20indonesia,1789640724000,raw_data_all.jsonl,rec_865de627592d27e4,False,The new Jaecoo J5 is set to be the br… Lihat selengkapnya,the new jaecoo j5 is set to be the br… lihat selengkapnya,Jaecoo J5,high,explicit_text_alias_strong,False,,,,False,not_relevant,no_adas_keyword,,UNKNOWN,,,,,,,
rec_43dba3e61e218428,Jaecoo J5,JFiver - Jaecoo J5 EV Owners (Search),https://www.facebook.com/search/top?q=jfiver%20-%20jaecoo%20j5%20ev%20owners%20%26%20community%20indonesia,post_2,post_2_comment_50,post_2,comment,,,,"Meet the All-New JAECOO J5 EV 
… Lihat selengkapnya",https://www.facebook.com/search/top?q=jfiver%20-%20jaecoo%20j5%20ev%20owners%20%26%20community%20indonesia,1789640725000,raw_data_all.jsonl,rec_43dba3e61e218428,False,Meet the All-New JAECOO J5 EV … Lihat selengkapnya,meet the all-new jaecoo j5 ev … lihat selengkapnya,Jaecoo J5,high,explicit_text_alias_strong,False,,,,False,not_relevant,no_adas_keyword,,UNKNOWN,,,,,,,
rec_8039019257d0f4b0,Jaecoo J5,JFiver - Jaecoo J5 EV Owners (Search),https://www.facebook.com/search/top?q=jfiver%20-%20jaecoo%20j5%20ev%20owners%20%26%20community%20indonesia,post_2,post_2_comment_51,post_2,comment,,,,"Nasib punya Jaecoo J5 ev yang isi battery cuma 1 X seminggu. Jaecoo j5 ev mobil SUV listrik. Lupakan stigma kalau mobil listrik itu tidak bisa jalan jauh, lihatlah Jaec— di 
Pekanbaru, Riau
.… Lihat selengkapnya",https://www.facebook.com/search/top?q=jfiver%20-%20jaecoo%20j5%20ev%20owners%20%26%20community%20indonesia,1789640727000,raw_data_all.jsonl,rec_8039019257d0f4b0,False,"Nasib punya Jaecoo J5 ev yang isi battery cuma 1 X seminggu. Jaecoo j5 ev mobil SUV listrik. Lupakan stigma kalau mobil listrik itu tidak bisa jalan jauh, lihatlah Jaec— di Pekanbaru, Riau .… Lihat selengkapnya","nasib punya jaecoo j5 ev yang isi battery cuma 1 x seminggu. jaecoo j5 ev mobil suv listrik. lupakan stigma kalau mobil listrik itu tidak bisa jalan jauh, lihatlah jaec— di pekanbaru, riau .… lihat selengkapnya",Jaecoo J5,high,explicit_text_alias_strong,False,,,,False,not_relevant,no_adas_keyword,,UNKNOWN,,,,,,,
rec_492b783bbeb1cfe0,Jaecoo J5,JFiver - Jaecoo J5 EV Owners (Search),https://www.facebook.com/search/top?q=jfiver%20-%20jaecoo%20j5%20ev%20owners%20%26%20community%20indonesia,post_2,post_2_comment_52,post_2,comment,,,,"JAECOO J5 EV PREMIUM — di 
Jaecoo Cibubur
.… Lihat selengkapnya",https://www.facebook.com/search/top?q=jfiver%20-%20jaecoo%20j5%20ev%20owners%20%26%20community%20indonesia,1789640729000,raw_data_all.jsonl,rec_492b783bbeb1cfe0,False,JAECOO J5 EV PREMIUM — di Jaecoo Cibubur .… Lihat selengkapnya,jaecoo j5 ev premium — di jaecoo cibubur .… lihat selengkapnya,Jaecoo J5,high,explicit_text_alias_strong,False,,,,False,not_relevant,no_adas_keyword,,UNKNOWN,,,,,,,
rec_00cedf50efa2c4e8,Jaecoo J5,JFiver - Jaecoo J5 EV Owners (Search),https://www.facebook.com/search/top?q=jfiver%20-%20jaecoo%20j5%20ev%20owners%20%26%20community%20indonesia,post_2,post_2_comment_53,post_2,comment,,,,Explore the JAECOO J5 EV,https://www.facebook.com/search/top?q=jfiver%20-%20jaecoo%20j5%20ev%20owners%20%26%20community%20indonesia,1789640730000,raw_data_all.jsonl,rec_00cedf50efa2c4e8,False,Explore the JAECOO J5 EV,explore the jaecoo j5 ev,Jaecoo J5,high,explicit_text_alias_strong,False,,,,False,not_relevant,no_adas_keyword,,UNKNOWN,,,,,,,
rec_fbf632f9c150c3d4,Jaecoo J5,JFiver - Jaecoo J5 EV Owners (Search),https://www.facebook.com/search/top?q=jfiver%20-%20jaecoo%20j5%20ev%20owners%20%26%20community%20indonesia,post_2,post_2_comment_54,post_2,comment,,,,Experience the drive with a Test Drive… Lihat selengkapnya,https://www.facebook.com/search/top?q=jfiver%20-%20jaecoo%20j5%20ev%20owners%20%26%20community%20indonesia,1789640730000,raw_data_all.jsonl,rec_fbf632f9c150c3d4,False,Experience the drive with a Test Drive… Lihat selengkapnya,experience the drive with a test drive… lihat selengkapnya,Jaecoo J5,medium,community_context,False,,,,False,not_relevant,no_adas_keyword,,UNKNOWN,,,,,,,
rec_3d24da827021c163,Jaecoo J5,JFiver - Jaecoo J5 EV Owners (Search),https://www.facebook.com/search/top?q=jfiver%20-%20jaecoo%20j5%20ev%20owners%20%26%20community%20indonesia,post_2,post_2_comment_55,post_2,comment,,,,"Masa depan berkendara sudah tiba, dan dia terlihat sangat memukau. Meet the Jaecoo J5 EV. Info Pemesanan Hubungi Ivan 0857-0467-8844. Cek Selengkapnya Di YT Carstore In… Lihat selengkapnya",https://www.facebook.com/search/top?q=jfiver%20-%20jaecoo%20j5%20ev%20owners%20%26%20community%20indonesia,1789640732000,raw_data_all.jsonl,rec_3d24da827021c163,False,"Masa depan berkendara sudah tiba, dan dia terlihat sangat memukau. Meet the Jaecoo J5 EV. Info Pemesanan Hubungi Ivan 0857-0467-8844. Cek Selengkapnya Di YT Carstore In… Lihat selengkapnya","masa depan berkendara sudah tiba, dan dia terlihat sangat memukau. meet the jaecoo j5 ev. info pemesanan hubungi ivan 0857-0467-8844. cek selengkapnya di yt carstore in… lihat selengkapnya",Jaecoo J5,high,explicit_text_alias_strong,False,,,,False,not_relevant,no_adas_keyword,,UNKNOWN,,,,,,,
rec_cd2a2211f58146cc,Jaecoo J5,JFiver - Jaecoo J5 EV Owners (Search),https://www.facebook.com/search/top?q=jfiver%20-%20jaecoo%20j5%20ev%20owners%20%26%20community%20indonesia,post_2,post_2_comment_56,post_2,comment,,,,"The Jaecoo J5 is finally here in Malaysia, priced from RM118,800 - and the first 1,000 customers even get 1 year of free charging!… Lihat selengkapnya
Lihat terjemahan",https://www.facebook.com/search/top?q=jfiver%20-%20jaecoo%20j5%20ev%20owners%20%26%20community%20indonesia,1789640732000,raw_data_all.jsonl,rec_cd2a2211f58146cc,False,"The Jaecoo J5 is finally here in Malaysia, priced from RM118,800 - and the first 1,000 customers even get 1 year of free charging!… Lihat selengkapnya Lihat terjemahan","the jaecoo j5 is finally here in malaysia, priced from rm118,800 - and the first 1,000 customers even get 1 year of free charging!… lihat selengkapnya lihat terjemahan",Jaecoo J5,high,explicit_text_alias_strong,False,,,,False,not_relevant,no_adas_keyword,,UNKNOWN,,,,,,,
rec_d4fd9357d53f2cef,Jaecoo J5,JFiver - Jaecoo J5 EV Owners (Search),https://www.facebook.com/search/top?q=jfiver%20-%20jaecoo%20j5%20ev%20owners%20%26%20community%20indonesia,post_2,post_2_comment_57,post_2,comment,,,,"The Jaecoo J5 is finally here in Malaysia, priced from RM118,800 - and the first 1,000 customers even get 1 year of free charging!… Lihat selengkapnya",https://www.facebook.com/search/top?q=jfiver%20-%20jaecoo%20j5%20ev%20owners%20%26%20community%20indonesia,1789640732000,raw_data_all.jsonl,rec_d4fd9357d53f2cef,False,"The Jaecoo J5 is finally here in Malaysia, priced from RM118,800 - and the first 1,000 customers even get 1 year of free charging!… Lihat selengkapnya","the jaecoo j5 is finally here in malaysia, priced from rm118,800 - and the first 1,000 customers even get 1 year of free charging!… lihat selengkapnya",Jaecoo J5,high,explicit_text_alias_strong,False,,,,False,not_relevant,no_adas_keyword,,UNKNOWN,,,,,,,
rec_b157169a41e1fc9b,Jaecoo J5,JFiver - Jaecoo J5 EV Owners (Search),https://www.facebook.com/search/top?q=jfiver%20-%20jaecoo%20j5%20ev%20owners%20%26%20community%20indonesia,post_2,post_2_comment_58,post_2,comment,,,,Experience Electric Driving with the New JAECOO J5 EV. … Lihat selengkapnya,https://www.facebook.com/search/top?q=jfiver%20-%20jaecoo%20j5%20ev%20owners%20%26%20community%20indonesia,1789640734000,raw_data_all.jsonl,rec_b157169a41e1fc9b,False,Experience Electric Driving with the New JAECOO J5 EV. … Lihat selengkapnya,experience electric driving with the new jaecoo j5 ev. … lihat selengkapnya,Jaecoo J5,high,explicit_text_alias_strong,False,,,,False,not_relevant,no_adas_keyword,,UNKNOWN,,,,,,,
rec_db72a44239869d90,Jaecoo J5,JFiver - Jaecoo J5 EV Owners (Search),https://www.facebook.com/search/top?q=jfiver%20-%20jaecoo%20j5%20ev%20owners%20%26%20community%20indonesia,post_2,post_2_comment_59,post_2,comment,,,,"Kolaborasi JAECOO J5 EV x 347 Homebreaks membuktikan kalau modifikasi bisa menjadi bentuk ekspresi karakter tanpa mengorbankan fungsi utama sebuah SUV. Tetap gagah, tet— bersama 
Helmi Mohammad Alfriandi
.… Lihat selengkapnya",https://www.facebook.com/search/top?q=jfiver%20-%20jaecoo%20j5%20ev%20owners%20%26%20community%20indonesia,1789640735000,raw_data_all.jsonl,rec_db72a44239869d90,False,"Kolaborasi JAECOO J5 EV x 347 Homebreaks membuktikan kalau modifikasi bisa menjadi bentuk ekspresi karakter tanpa mengorbankan fungsi utama sebuah SUV. Tetap gagah, tet— bersama Helmi Mohammad Alfriandi .… Lihat selengkapnya","kolaborasi jaecoo j5 ev x 347 homebreaks membuktikan kalau modifikasi bisa menjadi bentuk ekspresi karakter tanpa mengorbankan fungsi utama sebuah suv. tetap gagah, tet— bersama helmi mohammad alfriandi .… lihat selengkapnya",Jaecoo J5,high,explicit_text_alias_strong,False,,,,False,not_relevant,no_adas_keyword,,UNKNOWN,,,,,,,
rec_9d0a41543105ba99,Jaecoo J5,JFiver - Jaecoo J5 EV Owners (Search),https://www.facebook.com/search/top?q=jfiver%20-%20jaecoo%20j5%20ev%20owners%20%26%20community%20indonesia,post_2,post_2_comment_60,post_2,comment,,,,Celebrating World EV Day with JAECOO J5 EV. … Lihat selengkapnya,https://www.facebook.com/search/top?q=jfiver%20-%20jaecoo%20j5%20ev%20owners%20%26%20community%20indonesia,1789640740000,raw_data_all.jsonl,rec_9d0a41543105ba99,False,Celebrating World EV Day with JAECOO J5 EV. … Lihat selengkapnya,celebrating world ev day with jaecoo j5 ev. … lihat selengkapnya,Jaecoo J5,high,explicit_text_alias_strong,False,,,,False,not_relevant,no_adas_keyword,,UNKNOWN,,,,,,,
rec_5b35c10ac77b9d37,Jaecoo J5,JFiver - Jaecoo J5 EV Owners (Search),https://www.facebook.com/search/top?q=jfiver%20-%20jaecoo%20j5%20ev%20owners%20%26%20community%20indonesia,post_2,post_2_comment_61,post_2,comment,,,,"Celebrating World EV Day with JAECOO J5 EV. … Lihat selengkapnya
Lihat terjemahan",https://www.facebook.com/search/top?q=jfiver%20-%20jaecoo%20j5%20ev%20owners%20%26%20community%20indonesia,1789640740000,raw_data_all.jsonl,rec_5b35c10ac77b9d37,False,Celebrating World EV Day with JAECOO J5 EV. … Lihat selengkapnya Lihat terjemahan,celebrating world ev day with jaecoo j5 ev. … lihat selengkapnya lihat terjemahan,Jaecoo J5,high,explicit_text_alias_strong,False,,,,False,not_relevant,no_adas_keyword,,UNKNOWN,,,,,,,
rec_f1612e83035fb477,Jaecoo J5,JFiver - Jaecoo J5 EV Owners (Search),https://www.facebook.com/search/top?q=jfiver%20-%20jaecoo%20j5%20ev%20owners%20%26%20community%20indonesia,post_2,post_2_comment_62,post_2,comment,,,,𝗝𝗔𝗘𝗖𝗢𝗢 𝗝𝟱 𝗘𝗩 𝗡𝗢𝗪 𝗜𝗡 𝗞𝗨𝗖𝗛𝗜𝗡𝗚!,https://www.facebook.com/search/top?q=jfiver%20-%20jaecoo%20j5%20ev%20owners%20%26%20community%20indonesia,1789640740000,raw_data_all.jsonl,rec_f1612e83035fb477,False,𝗝𝗔𝗘𝗖𝗢𝗢 𝗝𝟱 𝗘𝗩 𝗡𝗢𝗪 𝗜𝗡 𝗞𝗨𝗖𝗛𝗜𝗡𝗚!,𝗝𝗔𝗘𝗖𝗢𝗢 𝗝𝟱 𝗘𝗩 𝗡𝗢𝗪 𝗜𝗡 𝗞𝗨𝗖𝗛𝗜𝗡𝗚!,Jaecoo J5,medium,community_context,False,,,,False,not_relevant,no_adas_keyword,,UNKNOWN,,,,,,,
rec_c65d7093885d980a,Jaecoo J5,JFiver - Jaecoo J5 EV Owners (Search),https://www.facebook.com/search/top?q=jfiver%20-%20jaecoo%20j5%20ev%20owners%20%26%20community%20indonesia,post_2,post_2_comment_63,post_2,comment,,,,𝗕𝗲 𝗮𝗺𝗼𝗻𝗴 𝘁𝗵𝗲 𝗙𝗜𝗥𝗦𝗧 𝘁𝗼 𝗼𝘄𝗻 𝘁𝗵𝗲 𝗝𝗔𝗘𝗖𝗢𝗢 𝗝𝟱 𝗘𝗩 𝗶𝗻 𝗞𝘂𝗰𝗵𝗶𝗻𝗴!,https://www.facebook.com/search/top?q=jfiver%20-%20jaecoo%20j5%20ev%20owners%20%26%20community%20indonesia,1789640740000,raw_data_all.jsonl,rec_c65d7093885d980a,False,𝗕𝗲 𝗮𝗺𝗼𝗻𝗴 𝘁𝗵𝗲 𝗙𝗜𝗥𝗦𝗧 𝘁𝗼 𝗼𝘄𝗻 𝘁𝗵𝗲 𝗝𝗔𝗘𝗖𝗢𝗢 𝗝𝟱 𝗘𝗩 𝗶𝗻 𝗞𝘂𝗰𝗵𝗶𝗻𝗴!,𝗕𝗲 𝗮𝗺𝗼𝗻𝗴 𝘁𝗵𝗲 𝗙𝗜𝗥𝗦𝗧 𝘁𝗼 𝗼𝘄𝗻 𝘁𝗵𝗲 𝗝𝗔𝗘𝗖𝗢𝗢 𝗝𝟱 𝗘𝗩 𝗶𝗻 𝗞𝘂𝗰𝗵𝗶𝗻𝗴!,Jaecoo J5,medium,community_context,False,,,,False,not_relevant,no_adas_keyword,,UNKNOWN,,,,,,,
rec_9a44ef5524b60f57,Jaecoo J5,JFiver - Jaecoo J5 EV Owners (Search),https://www.facebook.com/search/top?q=jfiver%20-%20jaecoo%20j5%20ev%20owners%20%26%20community%20indonesia,post_2,post_2_comment_64,post_2,comment,,,,𝗠𝗼𝗻𝘁𝗵𝗹𝘆 𝗶𝗻𝘀𝘁𝗮𝗹𝗹𝗺𝗲𝗻𝘁 𝗳𝗿𝗼𝗺 𝗥𝗠𝟭𝟭𝗫𝗫 𝗼𝗻𝗹𝘆!,https://www.facebook.com/search/top?q=jfiver%20-%20jaecoo%20j5%20ev%20owners%20%26%20community%20indonesia,1789640740000,raw_data_all.jsonl,rec_9a44ef5524b60f57,False,𝗠𝗼𝗻𝘁𝗵𝗹𝘆 𝗶𝗻𝘀𝘁𝗮𝗹𝗹𝗺𝗲𝗻𝘁 𝗳𝗿𝗼𝗺 𝗥𝗠𝟭𝟭𝗫𝗫 𝗼𝗻𝗹𝘆!,𝗠𝗼𝗻𝘁𝗵𝗹𝘆 𝗶𝗻𝘀𝘁𝗮𝗹𝗹𝗺𝗲𝗻𝘁 𝗳𝗿𝗼𝗺 𝗥𝗠𝟭𝟭𝗫𝗫 𝗼𝗻𝗹𝘆!,Jaecoo J5,medium,community_context,False,,,,False,not_relevant,no_adas_keyword,,UNKNOWN,,,,,,,
rec_380bc14d34b365ea,Jaecoo J5,JFiver - Jaecoo J5 EV Owners (Search),https://www.facebook.com/search/top?q=jfiver%20-%20jaecoo%20j5%20ev%20owners%20%26%20community%20indonesia,post_2,post_2_comment_65,post_2,comment,,,,𝗢𝗡𝗟𝗬 𝟮 𝗥𝗘𝗔𝗗𝗬 𝗦𝗧𝗢𝗖𝗞 𝗨𝗡𝗜… Lihat selengkapnya,https://www.facebook.com/search/top?q=jfiver%20-%20jaecoo%20j5%20ev%20owners%20%26%20community%20indonesia,1789640740000,raw_data_all.jsonl,rec_380bc14d34b365ea,False,𝗢𝗡𝗟𝗬 𝟮 𝗥𝗘𝗔𝗗𝗬 𝗦𝗧𝗢𝗖𝗞 𝗨𝗡𝗜… Lihat selengkapnya,𝗢𝗡𝗟𝗬 𝟮 𝗥𝗘𝗔𝗗𝗬 𝗦𝗧𝗢𝗖𝗞 𝗨𝗡𝗜… lihat selengkapnya,Jaecoo J5,medium,community_context,False,,,,False,not_relevant,no_adas_keyword,,UNKNOWN,,,,,,,
rec_275526e7de263a14,Jaecoo J5,Jaecoo J5 EV INDONESIA,https://www.facebook.com/groups/861576359777228,1119648907303304,,,post,,,,"Satria Darma
  ·
4 jam
Saya 34 om,
Balas
Bagikan
1",https://www.facebook.com/groups/861576359777228/posts/1119648907303304/?comment_id=1119772073957654&__cft__[0]=AZhNnvdD7K4vCFXXSQBhhHvwVPYKXFzh64oGReNpqMMMXIXSzAzn1z0Ufe2h9_wARgQlDHClTXkHvoLq1_N_JhzLUWFcC8adT8tzhk0oKjEF2o1v-sfOIYUaKjx4qOdBf4nL7CqldW-hnr1JsbXPMtsax-YumnXG9HUgVyrnC53Y29QGK4-3ml78hg&__tn__=R-R,1789657890000,raw_data_all.jsonl,rec_275526e7de263a14,False,"Satria Darma · 4 jam Saya 34 om, Balas Bagikan 1","satria darma · 4 jam saya 34 om, balas bagikan 1",Jaecoo J5,medium,community_context,False,,,,False,not_relevant,no_adas_keyword,,UNKNOWN,,,,,,,
rec_16255baac8af127d,Jaecoo J5,Jaecoo J5 EV INDONESIA,https://www.facebook.com/groups/861576359777228,1119648907303304,1119648907303304_comment_1,1119648907303304,comment,,,,"FORTUNER VNT TRD
TAHUN 2013
SURAT LENGKAP
PAJEK HIDUP 10.26
KM 88 RB RECORD
Lihat selengkapnya",https://www.facebook.com/groups/861576359777228/posts/1119648907303304/?comment_id=1119772073957654&__cft__[0]=AZhNnvdD7K4vCFXXSQBhhHvwVPYKXFzh64oGReNpqMMMXIXSzAzn1z0Ufe2h9_wARgQlDHClTXkHvoLq1_N_JhzLUWFcC8adT8tzhk0oKjEF2o1v-sfOIYUaKjx4qOdBf4nL7CqldW-hnr1JsbXPMtsax-YumnXG9HUgVyrnC53Y29QGK4-3ml78hg&__tn__=R-R,1789657897000,raw_data_all.jsonl,rec_16255baac8af127d,False,FORTUNER VNT TRD TAHUN 2013 SURAT LENGKAP PAJEK HIDUP 10.26 KM 88 RB RECORD Lihat selengkapnya,fortuner vnt trd tahun 2013 surat lengkap pajek hidup 10.26 km 88 rb record lihat selengkapnya,Jaecoo J5,medium,community_context,False,,,,False,not_relevant,no_adas_keyword,,UNKNOWN,,,,,,,
rec_1dedbb3284da6d5e,Jaecoo J5,Jaecoo J5 EV INDONESIA,https://www.facebook.com/groups/861576359777228,1119648907303304,1119648907303304_comment_2,1119648907303304,comment,,,,"izin tanya semua
tekanan angin paling nyaman di j5 berapa? thx all",https://www.facebook.com/groups/861576359777228/posts/1119648907303304/?comment_id=1119772073957654&__cft__[0]=AZhNnvdD7K4vCFXXSQBhhHvwVPYKXFzh64oGReNpqMMMXIXSzAzn1z0Ufe2h9_wARgQlDHClTXkHvoLq1_N_JhzLUWFcC8adT8tzhk0oKjEF2o1v-sfOIYUaKjx4qOdBf4nL7CqldW-hnr1JsbXPMtsax-YumnXG9HUgVyrnC53Y29QGK4-3ml78hg&__tn__=R-R,1789657897000,raw_data_all.jsonl,rec_1dedbb3284da6d5e,False,izin tanya semua tekanan angin paling nyaman di j5 berapa? thx all,izin tanya semua tekanan angin paling nyaman di j5 berapa? thx all,Jaecoo J5,high,explicit_text_alias_strong,False,,,,False,not_relevant,no_adas_keyword,,UNKNOWN,,,,,,,
rec_ea4e1ff6a70bc0e2,Jaecoo J5,Jaecoo J5 EV INDONESIA,https://www.facebook.com/groups/861576359777228,1119648907303304,1119648907303304_comment_3,1119648907303304,comment,,,,"Saya 34 om,",https://www.facebook.com/groups/861576359777228/posts/1119648907303304/?comment_id=1119772073957654&__cft__[0]=AZhNnvdD7K4vCFXXSQBhhHvwVPYKXFzh64oGReNpqMMMXIXSzAzn1z0Ufe2h9_wARgQlDHClTXkHvoLq1_N_JhzLUWFcC8adT8tzhk0oKjEF2o1v-sfOIYUaKjx4qOdBf4nL7CqldW-hnr1JsbXPMtsax-YumnXG9HUgVyrnC53Y29QGK4-3ml78hg&__tn__=R-R,1789657897000,raw_data_all.jsonl,rec_ea4e1ff6a70bc0e2,False,"Saya 34 om,","saya 34 om,",Jaecoo J5,medium,community_context,False,,,,False,not_relevant,no_adas_keyword,,UNKNOWN,,,,,,,
rec_b6db7126838afb75,Jaecoo J5,Jaecoo J5 EV INDONESIA,https://www.facebook.com/groups/861576359777228,1119648907303304,1119648907303304_comment_4,1119648907303304,comment,,,,"Satria Darma
ga kurang om segitu?",https://www.facebook.com/groups/861576359777228/posts/1119648907303304/?comment_id=1119772073957654&__cft__[0]=AZhNnvdD7K4vCFXXSQBhhHvwVPYKXFzh64oGReNpqMMMXIXSzAzn1z0Ufe2h9_wARgQlDHClTXkHvoLq1_N_JhzLUWFcC8adT8tzhk0oKjEF2o1v-sfOIYUaKjx4qOdBf4nL7CqldW-hnr1JsbXPMtsax-YumnXG9HUgVyrnC53Y29QGK4-3ml78hg&__tn__=R-R,1789657897000,raw_data_all.jsonl,rec_b6db7126838afb75,False,Satria Darma ga kurang om segitu?,satria darma ga kurang om segitu?,Jaecoo J5,medium,community_context,False,,,,False,not_relevant,no_adas_keyword,,UNKNOWN,,,,,,,
rec_7c4a328daf634b65,Jaecoo J5,Jaecoo J5 EV INDONESIA,https://www.facebook.com/groups/861576359777228,1119648907303304,1119648907303304_comment_5,1119648907303304,comment,,,,32 nyuaman sekali,https://www.facebook.com/groups/861576359777228/posts/1119648907303304/?comment_id=1119772073957654&__cft__[0]=AZhNnvdD7K4vCFXXSQBhhHvwVPYKXFzh64oGReNpqMMMXIXSzAzn1z0Ufe2h9_wARgQlDHClTXkHvoLq1_N_JhzLUWFcC8adT8tzhk0oKjEF2o1v-sfOIYUaKjx4qOdBf4nL7CqldW-hnr1JsbXPMtsax-YumnXG9HUgVyrnC53Y29QGK4-3ml78hg&__tn__=R-R,1789657897000,raw_data_all.jsonl,rec_7c4a328daf634b65,False,32 nyuaman sekali,32 nyuaman sekali,Jaecoo J5,medium,community_context,False,,,,False,not_relevant,no_adas_keyword,,UNKNOWN,,,,,,,
rec_6b0c9470989d1998,Jaecoo J5,Jaecoo J5 EV INDONESIA,https://www.facebook.com/groups/861576359777228,1119648907303304,1119648907303304_comment_6,1119648907303304,comment,,,,38 ketika mobil belum jalan.,https://www.facebook.com/groups/861576359777228/posts/1119648907303304/?comment_id=1119772073957654&__cft__[0]=AZhNnvdD7K4vCFXXSQBhhHvwVPYKXFzh64oGReNpqMMMXIXSzAzn1z0Ufe2h9_wARgQlDHClTXkHvoLq1_N_JhzLUWFcC8adT8tzhk0oKjEF2o1v-sfOIYUaKjx4qOdBf4nL7CqldW-hnr1JsbXPMtsax-YumnXG9HUgVyrnC53Y29QGK4-3ml78hg&__tn__=R-R,1789657897000,raw_data_all.jsonl,rec_6b0c9470989d1998,False,38 ketika mobil belum jalan.,38 ketika mobil belum jalan.,Jaecoo J5,medium,community_context,False,,,,False,not_relevant,no_adas_keyword,,UNKNOWN,,,,,,,
rec_a70ad453a89ee968,Jaecoo J5,Jaecoo J5 EV INDONESIA,https://www.facebook.com/groups/861576359777228,1119648907303304,1119648907303304_comment_7,1119648907303304,comment,,,,aturan pabrik 38 tp saya di 39,https://www.facebook.com/groups/861576359777228/posts/1119648907303304/?comment_id=1119772073957654&__cft__[0]=AZhNnvdD7K4vCFXXSQBhhHvwVPYKXFzh64oGReNpqMMMXIXSzAzn1z0Ufe2h9_wARgQlDHClTXkHvoLq1_N_JhzLUWFcC8adT8tzhk0oKjEF2o1v-sfOIYUaKjx4qOdBf4nL7CqldW-hnr1JsbXPMtsax-YumnXG9HUgVyrnC53Y29QGK4-3ml78hg&__tn__=R-R,1789657897000,raw_data_all.jsonl,rec_a70ad453a89ee968,False,aturan pabrik 38 tp saya di 39,aturan pabrik 38 tp saya di 39,Jaecoo J5,medium,community_context,False,,,,False,not_relevant,no_adas_keyword,,UNKNOWN,,,,,,,
rec_9915b3c8d36b8c1a,Jaecoo J5,Jaecoo J5 EV INDONESIA,https://www.facebook.com/groups/861576359777228,1119648907303304,1119648907303304_comment_8,1119648907303304,comment,,,,"Sesuai standard saja 38. Paling ganti pakai Niyrogen biar lebih ""dingin"".",https://www.facebook.com/groups/861576359777228/posts/1119648907303304/?comment_id=1119772073957654&__cft__[0]=AZhNnvdD7K4vCFXXSQBhhHvwVPYKXFzh64oGReNpqMMMXIXSzAzn1z0Ufe2h9_wARgQlDHClTXkHvoLq1_N_JhzLUWFcC8adT8tzhk0oKjEF2o1v-sfOIYUaKjx4qOdBf4nL7CqldW-hnr1JsbXPMtsax-YumnXG9HUgVyrnC53Y29QGK4-3ml78hg&__tn__=R-R,1789657897000,raw_data_all.jsonl,rec_9915b3c8d36b8c1a,False,"Sesuai standard saja 38. Paling ganti pakai Niyrogen biar lebih ""dingin"".","sesuai standard saja 38. paling ganti pakai niyrogen biar lebih ""dingin"".",Jaecoo J5,medium,community_context,False,,,,False,not_relevant,no_adas_keyword,,UNKNOWN,,,,,,,
rec_546667caf5e2eb5a,Jaecoo J5,Jaecoo J5 EV INDONESIA,https://www.facebook.com/groups/861576359777228,1119648907303304,1119648907303304_comment_9,1119648907303304,comment,,,,38 rata. 2 ton om ini mobil,https://www.facebook.com/groups/861576359777228/posts/1119648907303304/?comment_id=1119772073957654&__cft__[0]=AZhNnvdD7K4vCFXXSQBhhHvwVPYKXFzh64oGReNpqMMMXIXSzAzn1z0Ufe2h9_wARgQlDHClTXkHvoLq1_N_JhzLUWFcC8adT8tzhk0oKjEF2o1v-sfOIYUaKjx4qOdBf4nL7CqldW-hnr1JsbXPMtsax-YumnXG9HUgVyrnC53Y29QGK4-3ml78hg&__tn__=R-R,1789657897000,raw_data_all.jsonl,rec_546667caf5e2eb5a,False,38 rata. 2 ton om ini mobil,38 rata. 2 ton om ini mobil,Jaecoo J5,medium,community_context,False,,,,False,not_relevant,no_adas_keyword,,UNKNOWN,,,,,,,
rec_cc8d88fd89c64df4,Jaecoo J5,Jaecoo J5 EV INDONESIA,https://www.facebook.com/groups/861576359777228,1119648907303304,1119648907303304_comment_10,1119648907303304,comment,,,,Kalau berdua atau berempat masih oke sih om,https://www.facebook.com/groups/861576359777228/posts/1119648907303304/?comment_id=1119772073957654&__cft__[0]=AZhNnvdD7K4vCFXXSQBhhHvwVPYKXFzh64oGReNpqMMMXIXSzAzn1z0Ufe2h9_wARgQlDHClTXkHvoLq1_N_JhzLUWFcC8adT8tzhk0oKjEF2o1v-sfOIYUaKjx4qOdBf4nL7CqldW-hnr1JsbXPMtsax-YumnXG9HUgVyrnC53Y29QGK4-3ml78hg&__tn__=R-R,1789657897000,raw_data_all.jsonl,rec_cc8d88fd89c64df4,False,Kalau berdua atau berempat masih oke sih om,kalau berdua atau berempat masih oke sih om,Jaecoo J5,medium,community_context,False,,,,False,not_relevant,no_adas_keyword,,UNKNOWN,,,,,,,
rec_b0a1189afb15839e,Jaecoo J5,Jaecoo J5 EV INDONESIA,https://www.facebook.com/groups/861576359777228,1119648907303304,1119648907303304_comment_11,1119648907303304,comment,,,,Saya 37 rata,https://www.facebook.com/groups/861576359777228/posts/1119648907303304/?comment_id=1119772073957654&__cft__[0]=AZhNnvdD7K4vCFXXSQBhhHvwVPYKXFzh64oGReNpqMMMXIXSzAzn1z0Ufe2h9_wARgQlDHClTXkHvoLq1_N_JhzLUWFcC8adT8tzhk0oKjEF2o1v-sfOIYUaKjx4qOdBf4nL7CqldW-hnr1JsbXPMtsax-YumnXG9HUgVyrnC53Y29QGK4-3ml78hg&__tn__=R-R,1789657897000,raw_data_all.jsonl,rec_b0a1189afb15839e,False,Saya 37 rata,saya 37 rata,Jaecoo J5,medium,community_context,False,,,,False,not_relevant,no_adas_keyword,,UNKNOWN,,,,,,,
rec_cb35b9e2b3e20177,Jaecoo J5,Jaecoo J5 EV INDONESIA,https://www.facebook.com/groups/861576359777228,1119648907303304,1119648907303304_comment_12,1119648907303304,comment,,,,Klo di petunjuknya 38 psi brarti pengisian 36psi aja wkt dingin/malam hari krn jika mbl dipakai dan siang hari maka tekanan angin ban akan naik 2psi jd pas 38psi sesuai petunjuk,https://www.facebook.com/groups/861576359777228/posts/1119648907303304/?comment_id=1119772073957654&__cft__[0]=AZhNnvdD7K4vCFXXSQBhhHvwVPYKXFzh64oGReNpqMMMXIXSzAzn1z0Ufe2h9_wARgQlDHClTXkHvoLq1_N_JhzLUWFcC8adT8tzhk0oKjEF2o1v-sfOIYUaKjx4qOdBf4nL7CqldW-hnr1JsbXPMtsax-YumnXG9HUgVyrnC53Y29QGK4-3ml78hg&__tn__=R-R,1789657897000,raw_data_all.jsonl,rec_cb35b9e2b3e20177,False,Klo di petunjuknya 38 psi brarti pengisian 36psi aja wkt dingin/malam hari krn jika mbl dipakai dan siang hari maka tekanan angin ban akan naik 2psi jd pas 38psi sesuai petunjuk,klo di petunjuknya 38 psi brarti pengisian 36psi aja wkt dingin/malam hari krn jika mbl dipakai dan siang hari maka tekanan angin ban akan naik 2psi jd pas 38psi sesuai petunjuk,Jaecoo J5,medium,community_context,False,,,,False,not_relevant,no_adas_keyword,,UNKNOWN,,,,,,,
rec_81bcb2085adadab7,Jaecoo J5,Jaecoo J5 EV INDONESIA,https://www.facebook.com/groups/861576359777228,post_2,,,post,,,,"علي الخميدي
  ·
6 jam
32 nyuaman sekali
Balas
Bagikan
1",https://www.facebook.com/groups/861576359777228,1789657964000,raw_data_all.jsonl,rec_81bcb2085adadab7,False,علي الخميدي · 6 jam 32 nyuaman sekali Balas Bagikan 1,علي الخميدي · 6 jam 32 nyuaman sekali balas bagikan 1,Jaecoo J5,medium,community_context,False,,,,False,not_relevant,no_adas_keyword,,UNKNOWN,,,,,,,
rec_68d4b5a17441a2ee,Jaecoo J5,Jaecoo J5 EV INDONESIA,https://www.facebook.com/groups/861576359777228,post_2,post_2_comment_1,post_2,comment,,,,"izin tanya semua
tekanan angin paling nyaman di j5 berapa? thx all",https://www.facebook.com/groups/861576359777228,1789657967000,raw_data_all.jsonl,rec_68d4b5a17441a2ee,False,izin tanya semua tekanan angin paling nyaman di j5 berapa? thx all,izin tanya semua tekanan angin paling nyaman di j5 berapa? thx all,Jaecoo J5,high,explicit_text_alias_strong,False,,,,False,not_relevant,no_adas_keyword,,UNKNOWN,,,,,,,
rec_061967a1b809fa7d,Jaecoo J5,Jaecoo J5 EV INDONESIA,https://www.facebook.com/groups/861576359777228,post_2,post_2_comment_2,post_2,comment,,,,"Saya 34 om,",https://www.facebook.com/groups/861576359777228,1789657967000,raw_data_all.jsonl,rec_061967a1b809fa7d,False,"Saya 34 om,","saya 34 om,",Jaecoo J5,medium,community_context,False,,,,False,not_relevant,no_adas_keyword,,UNKNOWN,,,,,,,
rec_02ec5029e6d3e485,Jaecoo J5,Jaecoo J5 EV INDONESIA,https://www.facebook.com/groups/861576359777228,post_2,post_2_comment_3,post_2,comment,,,,32 nyuaman sekali,https://www.facebook.com/groups/861576359777228,1789657967000,raw_data_all.jsonl,rec_02ec5029e6d3e485,False,32 nyuaman sekali,32 nyuaman sekali,Jaecoo J5,medium,community_context,False,,,,False,not_relevant,no_adas_keyword,,UNKNOWN,,,,,,,
rec_1512560c4ed2a8d9,Jaecoo J5,Jaecoo J5 EV INDONESIA,https://www.facebook.com/groups/861576359777228,post_2,post_2_comment_4,post_2,comment,,,,"panjang 4.380 mm, lebar 1.860 mm, dan tinggi 1.650 mm dengan wheelbase 2.620 mm.",https://www.facebook.com/groups/861576359777228,1789657967000,raw_data_all.jsonl,rec_1512560c4ed2a8d9,False,"panjang 4.380 mm, lebar 1.860 mm, dan tinggi 1.650 mm dengan wheelbase 2.620 mm.","panjang 4.380 mm, lebar 1.860 mm, dan tinggi 1.650 mm dengan wheelbase 2.620 mm.",Jaecoo J5,medium,community_context,False,,,,False,not_relevant,no_adas_keyword,,UNKNOWN,,,,,,,
rec_d91843e1b965c5a3,Jaecoo J5,Jaecoo J5 EV INDONESIA,https://www.facebook.com/groups/861576359777228,post_2,post_2_comment_5,post_2,comment,,,,"profil ban 235/55 R18, suspensi depan MacPherson dan belakang multi-link.",https://www.facebook.com/groups/861576359777228,1789657967000,raw_data_all.jsonl,rec_d91843e1b965c5a3,False,"profil ban 235/55 R18, suspensi depan MacPherson dan belakang multi-link.","profil ban 235/55 r18, suspensi depan macpherson dan belakang multi-link.",Jaecoo J5,medium,community_context,False,,,,False,not_relevant,no_adas_keyword,,UNKNOWN,,,,,,,
rec_39ab75191d857af9,Jaecoo J5,Jaecoo J5 EV INDONESIA,https://www.facebook.com/groups/861576359777228,post_2,post_2_comment_6,post_2,comment,,,,"Saya beli Jaecoo J5 di dealer Jaecoo Cibubur, sudah 3.5 bulan masih belum jadi STNK saya. Barusan diberhentikan polisi karena plat surat jalan sudah kadaluarsa. Setiap 2-3 hari saya tanyakan ke dealer dan selalu dijawab akan dikabari jika sudah ad. Saya harus bagaimana ya?  Apakah ada yg sama pengalamannya?",https://www.facebook.com/groups/861576359777228,1789657969000,raw_data_all.jsonl,rec_39ab75191d857af9,False,"Saya beli Jaecoo J5 di dealer Jaecoo Cibubur, sudah 3.5 bulan masih belum jadi STNK saya. Barusan diberhentikan polisi karena plat surat jalan sudah kadaluarsa. Setiap 2-3 hari saya tanyakan ke dealer dan selalu dijawab akan dikabari jika sudah ad. Saya harus bagaimana ya? Apakah ada yg sama pengalamannya?","saya beli jaecoo j5 di dealer jaecoo cibubur, sudah 3.5 bulan masih belum jadi stnk saya. barusan diberhentikan polisi karena plat surat jalan sudah kadaluarsa. setiap 2-3 hari saya tanyakan ke dealer dan selalu dijawab akan dikabari jika sudah ad. saya harus bagaimana ya? apakah ada yg sama pengalamannya?",Jaecoo J5,high,explicit_text_alias_strong,False,,,,False,not_relevant,no_adas_keyword,,UNKNOWN,,,,,,,
rec_2d68abbf00f99f34,Jaecoo J5,Jaecoo J5 EV INDONESIA,https://www.facebook.com/groups/861576359777228,post_2,post_2_comment_7,post_2,comment,,,,"Temuin pimpinannya, kacab atau spv",https://www.facebook.com/groups/861576359777228,1789657969000,raw_data_all.jsonl,rec_2d68abbf00f99f34,False,"Temuin pimpinannya, kacab atau spv","temuin pimpinannya, kacab atau spv",Jaecoo J5,medium,community_context,False,,,,False,not_relevant,no_adas_keyword,,UNKNOWN,,,,,,,
rec_26b77785ed8c1ccb,Jaecoo J5,Jaecoo J5 EV INDONESIA,https://www.facebook.com/groups/861576359777228,post_2,post_2_comment_8,post_2,comment,,,,"Coba pm saya om, nanti di bantu",https://www.facebook.com/groups/861576359777228,1789657969000,raw_data_all.jsonl,rec_26b77785ed8c1ccb,False,"Coba pm saya om, nanti di bantu","coba pm saya om, nanti di bantu",Jaecoo J5,medium,community_context,False,,,,False,not_relevant,no_adas_keyword,,UNKNOWN,,,,,,,
rec_ceb8f12414e42c29,Jaecoo J5,Jaecoo J5 EV INDONESIA,https://www.facebook.com/groups/861576359777228,post_2,post_2_comment_9,post_2,comment,,,,"Terima jasa instalasi PORTABLE CHARGER+Grounding, jika berminat bisa langsung whatshap ke nomer berikut
wa.me//+6285716670816",https://www.facebook.com/groups/861576359777228,1789657969000,raw_data_all.jsonl,rec_ceb8f12414e42c29,False,"Terima jasa instalasi PORTABLE CHARGER+Grounding, jika berminat bisa langsung whatshap ke nomer berikut wa.me//+6285716670816","terima jasa instalasi portable charger+grounding, jika berminat bisa langsung whatshap ke nomer berikut wa.me//+6285716670816",Jaecoo J5,medium,community_context,False,,,,False,not_relevant,no_adas_keyword,,UNKNOWN,,,,,,,
rec_41457b9a3190a6b8,Jaecoo J5,Jaecoo J5 EV INDONESIA,https://www.facebook.com/groups/861576359777228,post_2,post_2_comment_10,post_2,comment,,,,"Terima jasa instalasi PORTABLE CHARGER+Grounding, jika berminat bisa langsung whatshap ke nomer berikut",https://www.facebook.com/groups/861576359777228,1789657969000,raw_data_all.jsonl,rec_41457b9a3190a6b8,False,"Terima jasa instalasi PORTABLE CHARGER+Grounding, jika berminat bisa langsung whatshap ke nomer berikut","terima jasa instalasi portable charger+grounding, jika berminat bisa langsung whatshap ke nomer berikut",Jaecoo J5,medium,community_context,False,,,,False,not_relevant,no_adas_keyword,,UNKNOWN,,,,,,,
rec_5424c0526116ad58,Jaecoo J5,Jaecoo J5 EV INDONESIA,https://www.facebook.com/groups/861576359777228,post_2,post_2_comment_11,post_2,comment,,,,wa.me//+6285716670816,https://www.facebook.com/groups/861576359777228,1789657969000,raw_data_all.jsonl,rec_5424c0526116ad58,False,wa.me//+6285716670816,wa.me//+6285716670816,Jaecoo J5,medium,community_context,False,,,,False,not_relevant,no_adas_keyword,,UNKNOWN,,,,,,,
rec_adf6fbe9fa0b82c9,Jaecoo J5,Jaecoo J5 EV INDONESIA,https://www.facebook.com/groups/861576359777228,post_2,post_2_comment_12,post_2,comment,,,,"Bingung cari Jasa Instalasi portable charger yang amanah?, Tekcer ev solusi nya, yang mau pakai jasa instalasi kita boleh langsung di WhatsApp nomor dibawah 
Wa.me/+6285716670816",https://www.facebook.com/groups/861576359777228,1789657969000,raw_data_all.jsonl,rec_adf6fbe9fa0b82c9,False,"Bingung cari Jasa Instalasi portable charger yang amanah?, Tekcer ev solusi nya, yang mau pakai jasa instalasi kita boleh langsung di WhatsApp nomor dibawah Wa.me/+6285716670816","bingung cari jasa instalasi portable charger yang amanah?, tekcer ev solusi nya, yang mau pakai jasa instalasi kita boleh langsung di whatsapp nomor dibawah wa.me/+6285716670816",Jaecoo J5,medium,community_context,False,,,,False,not_relevant,no_adas_keyword,,UNKNOWN,,,,,,,
rec_059ad08ae4f59c51,Jaecoo J5,Jaecoo J5 EV INDONESIA,https://www.facebook.com/groups/861576359777228,post_2,post_2_comment_13,post_2,comment,,,,"Bingung cari Jasa Instalasi portable charger yang amanah?, Tekcer ev solusi nya, yang mau pakai jasa instalasi kita boleh langsung di WhatsApp nomor dibawah",https://www.facebook.com/groups/861576359777228,1789657969000,raw_data_all.jsonl,rec_059ad08ae4f59c51,False,"Bingung cari Jasa Instalasi portable charger yang amanah?, Tekcer ev solusi nya, yang mau pakai jasa instalasi kita boleh langsung di WhatsApp nomor dibawah","bingung cari jasa instalasi portable charger yang amanah?, tekcer ev solusi nya, yang mau pakai jasa instalasi kita boleh langsung di whatsapp nomor dibawah",Jaecoo J5,medium,community_context,False,,,,False,not_relevant,no_adas_keyword,,UNKNOWN,,,,,,,
rec_372fe38ffa7b43c9,Jaecoo J5,Jaecoo J5 EV INDONESIA,https://www.facebook.com/groups/861576359777228,post_2,post_2_comment_14,post_2,comment,,,,Wa.me/+6285716670816,https://www.facebook.com/groups/861576359777228,1789657969000,raw_data_all.jsonl,rec_372fe38ffa7b43c9,False,Wa.me/+6285716670816,wa.me/+6285716670816,Jaecoo J5,medium,community_context,False,,,,False,not_relevant,no_adas_keyword,,UNKNOWN,,,,,,,
rec_b2880ae0b2fed819,Jaecoo J5,Jaecoo J5 EV INDONESIA,https://www.facebook.com/groups/861576359777228,post_2,post_2_comment_15,post_2,comment,,,,"Om.om mau bertanya,kapasitas listrik dirumah utk pemasangan wallcharger utk jaecooj5 itu berapa volt ampere ya..
3500 VA cukup yak ?
Terimakasih infonya..om om yg ganteng",https://www.facebook.com/groups/861576359777228,1789657971000,raw_data_all.jsonl,rec_b2880ae0b2fed819,False,"Om.om mau bertanya,kapasitas listrik dirumah utk pemasangan wallcharger utk jaecooj5 itu berapa volt ampere ya.. 3500 VA cukup yak ? Terimakasih infonya..om om yg ganteng","om.om mau bertanya,kapasitas listrik dirumah utk pemasangan wallcharger utk jaecooj5 itu berapa volt ampere ya.. 3500 va cukup yak ? terimakasih infonya..om om yg ganteng",Jaecoo J5,high,explicit_text_alias_strong,False,,,,False,not_relevant,no_adas_keyword,,UNKNOWN,,,,,,,
rec_08c85a51c0e247d2,Jaecoo J5,Jaecoo J5 EV INDONESIA,https://www.facebook.com/groups/861576359777228,post_2,post_2_comment_16,post_2,comment,,,,"Om.om mau bertanya,kapasitas listrik dirumah utk pemasangan wallcharger utk jaecooj5 itu berapa volt ampere ya..",https://www.facebook.com/groups/861576359777228,1789657971000,raw_data_all.jsonl,rec_08c85a51c0e247d2,False,"Om.om mau bertanya,kapasitas listrik dirumah utk pemasangan wallcharger utk jaecooj5 itu berapa volt ampere ya..","om.om mau bertanya,kapasitas listrik dirumah utk pemasangan wallcharger utk jaecooj5 itu berapa volt ampere ya..",Jaecoo J5,high,explicit_text_alias_strong,False,,,,False,not_relevant,no_adas_keyword,,UNKNOWN,,,,,,,
rec_6d4868ea1cb7877a,Jaecoo J5,Jaecoo J5 EV INDONESIA,https://www.facebook.com/groups/861576359777228,post_2,post_2_comment_17,post_2,comment,,,,3500 VA cukup yak ?,https://www.facebook.com/groups/861576359777228,1789657971000,raw_data_all.jsonl,rec_6d4868ea1cb7877a,False,3500 VA cukup yak ?,3500 va cukup yak ?,Jaecoo J5,medium,community_context,False,,,,False,not_relevant,no_adas_keyword,,UNKNOWN,,,,,,,
rec_0d005f9ac382a9da,Jaecoo J5,Jaecoo J5 EV INDONESIA,https://www.facebook.com/groups/861576359777228,post_2,post_2_comment_18,post_2,comment,,,,Terimakasih infonya..om om yg ganteng,https://www.facebook.com/groups/861576359777228,1789657971000,raw_data_all.jsonl,rec_0d005f9ac382a9da,False,Terimakasih infonya..om om yg ganteng,terimakasih infonya..om om yg ganteng,Jaecoo J5,medium,community_context,False,,,,False,not_relevant,no_adas_keyword,,UNKNOWN,,,,,,,
rec_2eec2bb64046edab,Jaecoo J5,Jaecoo J5 EV INDONESIA,https://www.facebook.com/groups/861576359777228,post_2,post_2_comment_19,post_2,comment,,,,"Cukup, kalau bisa masang aja terpisah dgn 2200 Om jgn dicampur dgn listrik rumah",https://www.facebook.com/groups/861576359777228,1789657971000,raw_data_all.jsonl,rec_2eec2bb64046edab,False,"Cukup, kalau bisa masang aja terpisah dgn 2200 Om jgn dicampur dgn listrik rumah","cukup, kalau bisa masang aja terpisah dgn 2200 om jgn dicampur dgn listrik rumah",Jaecoo J5,medium,community_context,False,,,,False,not_relevant,no_adas_keyword,,UNKNOWN,,,,,,,
rec_0e6b8fd97c222354,Jaecoo J5,Jaecoo J5 EV INDONESIA,https://www.facebook.com/groups/861576359777228,post_2,post_2_comment_20,post_2,comment,,,,"Kalau wall charger mah minimal 7.700VA Om, karena wall charger rata-rata dijual dengan daya 7000 watt (32A). Kalau daya metera… Lihat selengkapnya",https://www.facebook.com/groups/861576359777228,1789657971000,raw_data_all.jsonl,rec_0e6b8fd97c222354,False,"Kalau wall charger mah minimal 7.700VA Om, karena wall charger rata-rata dijual dengan daya 7000 watt (32A). Kalau daya metera… Lihat selengkapnya","kalau wall charger mah minimal 7.700va om, karena wall charger rata-rata dijual dengan daya 7000 watt (32a). kalau daya metera… lihat selengkapnya",Jaecoo J5,medium,community_context,False,,,,False,not_relevant,no_adas_keyword,,UNKNOWN,,,,,,,
rec_0477de2ceac35d22,Jaecoo J5,Jaecoo J5 EV INDONESIA,https://www.facebook.com/groups/861576359777228,post_2,post_2_comment_21,post_2,comment,,,,"Bismilah
Ready stok yah om
BODYKIT JAECCO J5 WILD
Lihat selengkapnya",https://www.facebook.com/groups/861576359777228,1789657971000,raw_data_all.jsonl,rec_0477de2ceac35d22,False,Bismilah Ready stok yah om BODYKIT JAECCO J5 WILD Lihat selengkapnya,bismilah ready stok yah om bodykit jaecco j5 wild lihat selengkapnya,Jaecoo J5,high,explicit_text_alias_strong,False,,,,False,not_relevant,no_adas_keyword,,UNKNOWN,,,,,,,
rec_1723c1e941f3d01c,Jaecoo J5,Jaecoo J5 EV INDONESIA,https://www.facebook.com/groups/861576359777228,post_2,post_2_comment_22,post_2,comment,,,,klo sudah terpasang sprri apa mas ?,https://www.facebook.com/groups/861576359777228,1789657971000,raw_data_all.jsonl,rec_1723c1e941f3d01c,False,klo sudah terpasang sprri apa mas ?,klo sudah terpasang sprri apa mas ?,Jaecoo J5,medium,community_context,False,,,,False,not_relevant,no_adas_keyword,,UNKNOWN,,,,,,,
rec_afa7d1069bb93f3b,Jaecoo J5,Jaecoo J5 EV INDONESIA,https://www.facebook.com/groups/861576359777228,post_2,post_2_comment_23,post_2,comment,,,,"Ma af nanya di sini ada yg pernah tes drive jaecoo J5 dengan Byd atto 1
Enak mana suspensi nya ???
dan perlindungan baterai nya bagus Atto 1 atau Jaecoo J5 ???",https://www.facebook.com/groups/861576359777228,1789657975000,raw_data_all.jsonl,rec_afa7d1069bb93f3b,False,Ma af nanya di sini ada yg pernah tes drive jaecoo J5 dengan Byd atto 1 Enak mana suspensi nya ??? dan perlindungan baterai nya bagus Atto 1 atau Jaecoo J5 ???,ma af nanya di sini ada yg pernah tes drive jaecoo j5 dengan byd atto 1 enak mana suspensi nya ??? dan perlindungan baterai nya bagus atto 1 atau jaecoo j5 ???,Jaecoo J5,high,explicit_text_alias_strong,False,,,,False,not_relevant,no_adas_keyword,,UNKNOWN,,,,,,,
rec_0a6fe3113fc6bf0b,Jaecoo J5,Jaecoo J5 EV INDONESIA,https://www.facebook.com/groups/861576359777228,post_2,post_2_comment_24,post_2,comment,,,,"Kalau segmentasi ny aja beda om, j5 premium city off-road, byw atto murni city car vs imbangnya chery q atau tiggo basic.",https://www.facebook.com/groups/861576359777228,1789657975000,raw_data_all.jsonl,rec_0a6fe3113fc6bf0b,False,"Kalau segmentasi ny aja beda om, j5 premium city off-road, byw atto murni city car vs imbangnya chery q atau tiggo basic.","kalau segmentasi ny aja beda om, j5 premium city off-road, byw atto murni city car vs imbangnya chery q atau tiggo basic.",Jaecoo J5,high,explicit_text_alias_strong,False,,,,False,not_relevant,no_adas_keyword,,UNKNOWN,,,,,,,
rec_a8170afe8743b3c5,Jaecoo J5,Jaecoo J5 EV INDONESIA,https://www.facebook.com/groups/861576359777228,post_2,post_2_comment_25,post_2,comment,,,,"Punya dua dua nya om.. secara experience kenyamanan suspensi masih mending j5, atto 1 enak di mobilitas dan regen masih nyaman..",https://www.facebook.com/groups/861576359777228,1789657975000,raw_data_all.jsonl,rec_a8170afe8743b3c5,False,"Punya dua dua nya om.. secara experience kenyamanan suspensi masih mending j5, atto 1 enak di mobilitas dan regen masih nyaman..","punya dua dua nya om.. secara experience kenyamanan suspensi masih mending j5, atto 1 enak di mobilitas dan regen masih nyaman..",Jaecoo J5,high,explicit_text_alias_strong,False,,,,False,not_relevant,no_adas_keyword,,UNKNOWN,,,,,,,
rec_8b4c88dff5d3bf0d,Jaecoo J5,Jaecoo J5 EV INDONESIA,https://www.facebook.com/groups/861576359777228,post_2,post_2_comment_26,post_2,comment,,,,"Plat B ngecas di Semarang, ownernya ninggal mobil ga ninggalin nomer hape ke security.. pdhl sdh penuh... di Semarang SPKLU tdk sebanyak di Jakarta... 
kasihan yg antri… Lihat selengkapnya",https://www.facebook.com/groups/861576359777228,1789657975000,raw_data_all.jsonl,rec_8b4c88dff5d3bf0d,False,"Plat B ngecas di Semarang, ownernya ninggal mobil ga ninggalin nomer hape ke security.. pdhl sdh penuh... di Semarang SPKLU tdk sebanyak di Jakarta... kasihan yg antri… Lihat selengkapnya","plat b ngecas di semarang, ownernya ninggal mobil ga ninggalin nomer hape ke security.. pdhl sdh penuh... di semarang spklu tdk sebanyak di jakarta... kasihan yg antri… lihat selengkapnya",Jaecoo J5,medium,community_context,False,,,,False,not_relevant,no_adas_keyword,,UNKNOWN,,,,,,,
rec_417f787d0325356d,Jaecoo J5,Jaecoo J5 EV INDONESIA,https://www.facebook.com/groups/861576359777228,post_2,post_2_comment_27,post_2,comment,,,,"Plat B ngecas di Semarang, ownernya ninggal mobil ga ninggalin nomer hape ke security.. pdhl sdh penuh... di Semarang SPKLU tdk sebanyak di Jakarta...",https://www.facebook.com/groups/861576359777228,1789657975000,raw_data_all.jsonl,rec_417f787d0325356d,False,"Plat B ngecas di Semarang, ownernya ninggal mobil ga ninggalin nomer hape ke security.. pdhl sdh penuh... di Semarang SPKLU tdk sebanyak di Jakarta...","plat b ngecas di semarang, ownernya ninggal mobil ga ninggalin nomer hape ke security.. pdhl sdh penuh... di semarang spklu tdk sebanyak di jakarta...",Jaecoo J5,medium,community_context,False,,,,False,not_relevant,no_adas_keyword,,UNKNOWN,,,,,,,
rec_d6af096eccb7ce0c,Jaecoo J5,Jaecoo J5 EV INDONESIA,https://www.facebook.com/groups/861576359777228,post_2,post_2_comment_28,post_2,comment,,,,kasihan yg antri… Lihat selengkapnya,https://www.facebook.com/groups/861576359777228,1789657975000,raw_data_all.jsonl,rec_d6af096eccb7ce0c,False,kasihan yg antri… Lihat selengkapnya,kasihan yg antri… lihat selengkapnya,Jaecoo J5,medium,community_context,False,,,,False,not_relevant,no_adas_keyword,,UNKNOWN,,,,,,,
rec_50484b3509eccb45,Jaecoo J5,Jaecoo J5 EV INDONESIA,https://www.facebook.com/groups/861576359777228,post_2,post_2_comment_29,post_2,comment,,,,Harusnya ada fee tambahan tiap menit kalau sudah full ngga dipindah,https://www.facebook.com/groups/861576359777228,1789657975000,raw_data_all.jsonl,rec_50484b3509eccb45,False,Harusnya ada fee tambahan tiap menit kalau sudah full ngga dipindah,harusnya ada fee tambahan tiap menit kalau sudah full ngga dipindah,Jaecoo J5,medium,community_context,False,,,,False,not_relevant,no_adas_keyword,,UNKNOWN,,,,,,,
rec_7d8fe6ea39816f0e,Jaecoo J5,Jaecoo J5 EV INDONESIA,https://www.facebook.com/groups/861576359777228,post_2,post_2_comment_30,post_2,comment,,,,"Next, produsen ev buat kendaraan otomotis release gun only, jika sudah 100% full. Soal mindahin mobil di spklu disediakan hidr… Lihat selengkapnya",https://www.facebook.com/groups/861576359777228,1789657975000,raw_data_all.jsonl,rec_7d8fe6ea39816f0e,False,"Next, produsen ev buat kendaraan otomotis release gun only, jika sudah 100% full. Soal mindahin mobil di spklu disediakan hidr… Lihat selengkapnya","next, produsen ev buat kendaraan otomotis release gun only, jika sudah 100% full. soal mindahin mobil di spklu disediakan hidr… lihat selengkapnya",Jaecoo J5,medium,community_context,False,,,,False,not_relevant,no_adas_keyword,,UNKNOWN,,,,,,,
rec_58686a95173c8b7b,Jaecoo J5,Jaecoo J5 EV INDONESIA,https://www.facebook.com/groups/861576359777228,post_2,post_2_comment_31,post_2,comment,,,,"Dengan semakin maraknya trend EV di Indonesia jadi makin marak juga penjual EV Charger di Indonesia.
Tapi banyak yg mengutamakan harga yg murah agar lebih bersaing dengan seller yg lain.
Jangan asal beli EV charger harus dipastikan:
1. Ada Garansi
2. Ada Certificate sudah lulus uji misalnya CE FCC Rohs dsb.
Lihat selengkapnya",https://www.facebook.com/groups/861576359777228,1789657978000,raw_data_all.jsonl,rec_58686a95173c8b7b,False,Dengan semakin maraknya trend EV di Indonesia jadi makin marak juga penjual EV Charger di Indonesia. Tapi banyak yg mengutamakan harga yg murah agar lebih bersaing dengan seller yg lain. Jangan asal beli EV charger harus dipastikan: 1. Ada Garansi 2. Ada Certificate sudah lulus uji misalnya CE FCC Rohs dsb. Lihat selengkapnya,dengan semakin maraknya trend ev di indonesia jadi makin marak juga penjual ev charger di indonesia. tapi banyak yg mengutamakan harga yg murah agar lebih bersaing dengan seller yg lain. jangan asal beli ev charger harus dipastikan: 1. ada garansi 2. ada certificate sudah lulus uji misalnya ce fcc rohs dsb. lihat selengkapnya,Jaecoo J5,medium,community_context,False,,,,False,not_relevant,no_adas_keyword,,UNKNOWN,,,,,,,
rec_5a7e34b25a5616bc,Jaecoo J5,Jaecoo J5 EV INDONESIA,https://www.facebook.com/groups/861576359777228,post_2,post_2_comment_32,post_2,comment,,,,Otoproject console storage Jaecoo J5,https://www.facebook.com/groups/861576359777228,1789657980000,raw_data_all.jsonl,rec_5a7e34b25a5616bc,False,Otoproject console storage Jaecoo J5,otoproject console storage jaecoo j5,Jaecoo J5,high,explicit_text_alias_strong,False,,,,False,not_relevant,no_adas_keyword,,UNKNOWN,,,,,,,
rec_95d7c58629bd95a6,Jaecoo J5,Jaecoo J5 EV INDONESIA,https://www.facebook.com/groups/861576359777228,post_2,post_2_comment_33,post_2,comment,,,,"Izin ya Min..
Buat temen-temen Jaecoo J5 yang pengen handling lebih mantap dan mobil terasa lebih stabil saat bermanuver maupun cornering, (Stabilizer ReinforX)  bisa jadi pilihan.
yang mau tanya tanya atau mau langsung pasang, boleh chat saya.… Lihat selengkapnya",https://www.facebook.com/groups/861576359777228,1789657982000,raw_data_all.jsonl,rec_95d7c58629bd95a6,False,"Izin ya Min.. Buat temen-temen Jaecoo J5 yang pengen handling lebih mantap dan mobil terasa lebih stabil saat bermanuver maupun cornering, (Stabilizer ReinforX) bisa jadi pilihan. yang mau tanya tanya atau mau langsung pasang, boleh chat saya.… Lihat selengkapnya","izin ya min.. buat temen-temen jaecoo j5 yang pengen handling lebih mantap dan mobil terasa lebih stabil saat bermanuver maupun cornering, (stabilizer reinforx) bisa jadi pilihan. yang mau tanya tanya atau mau langsung pasang, boleh chat saya.… lihat selengkapnya",Jaecoo J5,high,explicit_text_alias_strong,False,,,,False,not_relevant,no_adas_keyword,,UNKNOWN,,,,,,,
rec_1466c459eeaf5df0,Jaecoo J5,Jaecoo J5 EV INDONESIA,https://www.facebook.com/groups/861576359777228,post_2,post_2_comment_34,post_2,comment,,,,Izin ya Min..,https://www.facebook.com/groups/861576359777228,1789657982000,raw_data_all.jsonl,rec_1466c459eeaf5df0,False,Izin ya Min..,izin ya min..,Jaecoo J5,medium,community_context,False,,,,False,not_relevant,no_adas_keyword,,UNKNOWN,,,,,,,
rec_741209a1416ab6e7,Jaecoo J5,Jaecoo J5 EV INDONESIA,https://www.facebook.com/groups/861576359777228,post_2,post_2_comment_35,post_2,comment,,,,"Buat temen-temen Jaecoo J5 yang pengen handling lebih mantap dan mobil terasa lebih stabil saat bermanuver maupun cornering, (Stabilizer ReinforX)  bisa jadi pilihan.",https://www.facebook.com/groups/861576359777228,1789657982000,raw_data_all.jsonl,rec_741209a1416ab6e7,False,"Buat temen-temen Jaecoo J5 yang pengen handling lebih mantap dan mobil terasa lebih stabil saat bermanuver maupun cornering, (Stabilizer ReinforX) bisa jadi pilihan.","buat temen-temen jaecoo j5 yang pengen handling lebih mantap dan mobil terasa lebih stabil saat bermanuver maupun cornering, (stabilizer reinforx) bisa jadi pilihan.",Jaecoo J5,high,explicit_text_alias_strong,False,,,,False,not_relevant,no_adas_keyword,,UNKNOWN,,,,,,,
rec_e6a635229ef8834b,Jaecoo J5,Jaecoo J5 EV INDONESIA,https://www.facebook.com/groups/861576359777228,post_2,post_2_comment_36,post_2,comment,,,,"yang mau tanya tanya atau mau langsung pasang, boleh chat saya.… Lihat selengkapnya",https://www.facebook.com/groups/861576359777228,1789657982000,raw_data_all.jsonl,rec_e6a635229ef8834b,False,"yang mau tanya tanya atau mau langsung pasang, boleh chat saya.… Lihat selengkapnya","yang mau tanya tanya atau mau langsung pasang, boleh chat saya.… lihat selengkapnya",Jaecoo J5,medium,community_context,False,,,,False,not_relevant,no_adas_keyword,,UNKNOWN,,,,,,,
rec_0c78210feb8e9518,Jaecoo J5,Jaecoo J5 EV INDONESIA,https://www.facebook.com/groups/861576359777228,post_2,post_2_comment_37,post_2,comment,,,,"EVCity sebentar lagi hadir di Summarecon Crown Gading. Masih sneak peek dulu, detailnya jangan spill dulu ya 
… Lihat selengkapnya",https://www.facebook.com/groups/861576359777228,1789657982000,raw_data_all.jsonl,rec_0c78210feb8e9518,False,"EVCity sebentar lagi hadir di Summarecon Crown Gading. Masih sneak peek dulu, detailnya jangan spill dulu ya … Lihat selengkapnya","evcity sebentar lagi hadir di summarecon crown gading. masih sneak peek dulu, detailnya jangan spill dulu ya … lihat selengkapnya",Jaecoo J5,medium,community_context,False,,,,False,not_relevant,no_adas_keyword,,UNKNOWN,,,,,,,
rec_20feeefdee544eed,Jaecoo J5,Jaecoo J5 EV INDONESIA,https://www.facebook.com/groups/861576359777228,post_2,post_2_comment_38,post_2,comment,,,,"Yang mau pasang ppf full bodyy 
081226602624",https://www.facebook.com/groups/861576359777228,1789657983000,raw_data_all.jsonl,rec_20feeefdee544eed,False,Yang mau pasang ppf full bodyy 081226602624,yang mau pasang ppf full bodyy 081226602624,Jaecoo J5,medium,community_context,False,,,,False,not_relevant,no_adas_keyword,,UNKNOWN,,,,,,,
rec_b5c1b42088751f77,Jaecoo J5,Jaecoo J5 EV INDONESIA,https://www.facebook.com/groups/861576359777228,post_2,post_2_comment_39,post_2,comment,,,,Yang mau pasang ppf full bodyy,https://www.facebook.com/groups/861576359777228,1789657983000,raw_data_all.jsonl,rec_b5c1b42088751f77,False,Yang mau pasang ppf full bodyy,yang mau pasang ppf full bodyy,Jaecoo J5,medium,community_context,False,,,,False,not_relevant,no_adas_keyword,,UNKNOWN,,,,,,,
rec_500ee581b9d99555,Jaecoo J5,Jaecoo J5 EV INDONESIA,https://www.facebook.com/groups/861576359777228,post_2,post_2_comment_40,post_2,comment,,,,081226602624,https://www.facebook.com/groups/861576359777228,1789657983000,raw_data_all.jsonl,rec_500ee581b9d99555,False,081226602624,081226602624,Jaecoo J5,medium,community_context,False,,,,False,not_relevant,no_adas_keyword,,UNKNOWN,,,,,,,
rec_52b2fd858e2c3670,Jaecoo J5,Jaecoo J5 EV INDONESIA,https://www.facebook.com/groups/861576359777228,post_2,post_2_comment_41,post_2,comment,,,,Di mana ini..,https://www.facebook.com/groups/861576359777228,1789657983000,raw_data_all.jsonl,rec_52b2fd858e2c3670,False,Di mana ini..,di mana ini..,Jaecoo J5,medium,community_context,False,,,,False,not_relevant,no_adas_keyword,,UNKNOWN,,,,,,,
rec_800f2e8a55da503d,Jaecoo J5,Jaecoo J5 EV INDONESIA,https://www.facebook.com/groups/861576359777228,post_2,post_2_comment_42,post_2,comment,,,,"Di jual velg + ban oem jaecoo j5.
Harga @4.8 bisa nego.
Lokasi jalan duku, Petukangan Utara.jaksel.
Di utamakan cod biar sama2 aman..
Wa 089635865649..
Lihat selengkapnya",https://www.facebook.com/groups/861576359777228,1789657985000,raw_data_all.jsonl,rec_800f2e8a55da503d,False,"Di jual velg + ban oem jaecoo j5. Harga [mention] .8 bisa nego. Lokasi jalan duku, Petukangan Utara.jaksel. Di utamakan cod biar sama2 aman.. Wa 089635865649.. Lihat selengkapnya","di jual velg + ban oem jaecoo j5. harga [mention] .8 bisa nego. lokasi jalan duku, petukangan utara.jaksel. di utamakan cod biar sama2 aman.. wa 089635865649.. lihat selengkapnya",Jaecoo J5,high,explicit_text_alias_strong,False,,,,False,not_relevant,no_adas_keyword,,UNKNOWN,,,,,,,
rec_ef2048d1560f8861,Jaecoo J5,Jaecoo J5 EV INDONESIA,https://www.facebook.com/groups/861576359777228,post_2,post_2_comment_43,post_2,comment,,,,Bisa cod pak,https://www.facebook.com/groups/861576359777228,1789657985000,raw_data_all.jsonl,rec_ef2048d1560f8861,False,Bisa cod pak,bisa cod pak,Jaecoo J5,medium,community_context,False,,,,False,not_relevant,no_adas_keyword,,UNKNOWN,,,,,,,
rec_6988f55b447ed1b2,Jaecoo J5,Jaecoo J5 EV INDONESIA,https://www.facebook.com/groups/861576359777228,post_2,post_2_comment_44,post_2,comment,,,,Harga satuan 4.8 bisa nego,https://www.facebook.com/groups/861576359777228,1789657985000,raw_data_all.jsonl,rec_6988f55b447ed1b2,False,Harga satuan 4.8 bisa nego,harga satuan 4.8 bisa nego,Jaecoo J5,medium,community_context,False,,,,False,not_relevant,no_adas_keyword,,UNKNOWN,,,,,,,
rec_c189e3e44c758361,Jaecoo J5,Jaecoo J5 EV INDONESIA,https://www.facebook.com/groups/861576359777228,post_2,post_2_comment_45,post_2,comment,,,,"WTB
Velg + Ban original copotan Jaecoo J5, dm aja harganya, penipu minggir dulu buang2 wkt, cocok harga lgsg COD di Tangerang yaa, makasih",https://www.facebook.com/groups/861576359777228,1789657987000,raw_data_all.jsonl,rec_c189e3e44c758361,False,"WTB Velg + Ban original copotan Jaecoo J5, dm aja harganya, penipu minggir dulu buang2 wkt, cocok harga lgsg COD di Tangerang yaa, makasih","wtb velg + ban original copotan jaecoo j5, dm aja harganya, penipu minggir dulu buang2 wkt, cocok harga lgsg cod di tangerang yaa, makasih",Jaecoo J5,high,explicit_text_alias_strong,False,,,,False,not_relevant,no_adas_keyword,,UNKNOWN,,,,,,,
rec_fd24b025916b0144,Jaecoo J5,Jaecoo J5 EV INDONESIA,https://www.facebook.com/groups/861576359777228,post_2,post_2_comment_46,post_2,comment,,,,Home service wrap,https://www.facebook.com/groups/861576359777228,1789657987000,raw_data_all.jsonl,rec_fd24b025916b0144,False,Home service wrap,home service wrap,Jaecoo J5,medium,community_context,False,,,,False,not_relevant,no_adas_keyword,,UNKNOWN,,,,,,,
rec_b71dbcc15e4c3e2d,Jaecoo J5,Jaecoo J5 EV INDONESIA,https://www.facebook.com/groups/861576359777228,post_2,post_2_comment_47,post_2,comment,,,,"Bisa hubungi
085781060695",https://www.facebook.com/groups/861576359777228,1789657987000,raw_data_all.jsonl,rec_b71dbcc15e4c3e2d,False,Bisa hubungi 085781060695,bisa hubungi 085781060695,Jaecoo J5,medium,community_context,False,,,,False,not_relevant,no_adas_keyword,,UNKNOWN,,,,,,,
rec_8491c1a0109a3270,Jaecoo J5,Jaecoo J5 EV INDONESIA,https://www.facebook.com/groups/861576359777228,post_2,post_2_comment_48,post_2,comment,,,,"Indent Cepat
Ini solusinya.
Izin Post Admin
Sudah bisa dipesan
Lihat selengkapnya",https://www.facebook.com/groups/861576359777228,1789657989000,raw_data_all.jsonl,rec_8491c1a0109a3270,False,Indent Cepat Ini solusinya. Izin Post Admin Sudah bisa dipesan Lihat selengkapnya,indent cepat ini solusinya. izin post admin sudah bisa dipesan lihat selengkapnya,Jaecoo J5,medium,community_context,False,,,,False,not_relevant,no_adas_keyword,,UNKNOWN,,,,,,,
rec_9525e0e1dc0d904c,Jaecoo J5,Jaecoo J5 EV INDONESIA,https://www.facebook.com/groups/861576359777228,post_2,post_2_comment_49,post_2,comment,,,,"Update OTR Jadetabek Terbaru
Info pemesanan dan test drive bisa langsung datang ke showroom kita di Omoda | Jaecoo Pondok Pinang, lebih tepatnya di Jl. Ciputat Raya No. 80 Jakarta Selatan, Pondok Pinang.
Atau bisa fajar bawain unit test drivenya ke Rumah atau ke kantor kalian
Hub ; fajar 0897-9537-039",https://www.facebook.com/groups/861576359777228,1789657990000,raw_data_all.jsonl,rec_9525e0e1dc0d904c,False,"Update OTR Jadetabek Terbaru Info pemesanan dan test drive bisa langsung datang ke showroom kita di Omoda | Jaecoo Pondok Pinang, lebih tepatnya di Jl. Ciputat Raya No. 80 Jakarta Selatan, Pondok Pinang. Atau bisa fajar bawain unit test drivenya ke Rumah atau ke kantor kalian Hub ; fajar 0897-9537-039","update otr jadetabek terbaru info pemesanan dan test drive bisa langsung datang ke showroom kita di omoda | jaecoo pondok pinang, lebih tepatnya di jl. ciputat raya no. 80 jakarta selatan, pondok pinang. atau bisa fajar bawain unit test drivenya ke rumah atau ke kantor kalian hub ; fajar 0897-9537-039",Jaecoo J5,high,explicit_text_alias_strong,False,,,,False,not_relevant,no_adas_keyword,,UNKNOWN,,,,,,,
rec_8e05b217463f8592,Jaecoo J5,Jaecoo J5 EV INDONESIA,https://www.facebook.com/groups/861576359777228,post_2,post_2_comment_50,post_2,comment,,,,"Mobil Listrik Naik Kapal, Aturannya Bakal Diperkuat?
Kementerian Perhubungan tengah menyiapkan aturan terkait pengangkutan mobil listrik melalui kapal laut.… Lihat selengkapnya",https://www.facebook.com/groups/861576359777228,1789657993000,raw_data_all.jsonl,rec_8e05b217463f8592,False,"Mobil Listrik Naik Kapal, Aturannya Bakal Diperkuat? Kementerian Perhubungan tengah menyiapkan aturan terkait pengangkutan mobil listrik melalui kapal laut.… Lihat selengkapnya","mobil listrik naik kapal, aturannya bakal diperkuat? kementerian perhubungan tengah menyiapkan aturan terkait pengangkutan mobil listrik melalui kapal laut.… lihat selengkapnya",Jaecoo J5,medium,community_context,False,,,,False,not_relevant,no_adas_keyword,,UNKNOWN,,,,,,,
rec_2b6562acac42254d,Jaecoo J5,Jaecoo J5 EV INDONESIA,https://www.facebook.com/groups/861576359777228,post_2,post_2_comment_51,post_2,comment,,,,"Mobil Listrik Naik Kapal, Aturannya Bakal Diperkuat?",https://www.facebook.com/groups/861576359777228,1789657993000,raw_data_all.jsonl,rec_2b6562acac42254d,False,"Mobil Listrik Naik Kapal, Aturannya Bakal Diperkuat?","mobil listrik naik kapal, aturannya bakal diperkuat?",Jaecoo J5,medium,community_context,False,,,,False,not_relevant,no_adas_keyword,,UNKNOWN,,,,,,,
rec_4e444c4245c70f10,Jaecoo J5,Jaecoo J5 EV INDONESIA,https://www.facebook.com/groups/861576359777228,post_2,post_2_comment_52,post_2,comment,,,,Kementerian Perhubungan tengah menyiapkan aturan terkait pengangkutan mobil listrik melalui kapal laut.… Lihat selengkapnya,https://www.facebook.com/groups/861576359777228,1789657993000,raw_data_all.jsonl,rec_4e444c4245c70f10,False,Kementerian Perhubungan tengah menyiapkan aturan terkait pengangkutan mobil listrik melalui kapal laut.… Lihat selengkapnya,kementerian perhubungan tengah menyiapkan aturan terkait pengangkutan mobil listrik melalui kapal laut.… lihat selengkapnya,Jaecoo J5,medium,community_context,False,,,,False,not_relevant,no_adas_keyword,,UNKNOWN,,,,,,,
rec_da1b0b012b579acb,Jaecoo J5,Jaecoo J5 EV INDONESIA,https://www.facebook.com/groups/861576359777228,post_2,post_2_comment_53,post_2,comment,,,,"Bismillah.. dear Om Admin izin menawarkan ban velg serep baru gress 2026 Jaecoo J5
Velg Jaecoo Ori BARU
Ban Ori Giti Control P10 BARU 2026… Lihat selengkapnya",https://www.facebook.com/groups/861576359777228,1789657995000,raw_data_all.jsonl,rec_da1b0b012b579acb,False,Bismillah.. dear Om Admin izin menawarkan ban velg serep baru gress 2026 Jaecoo J5 Velg Jaecoo Ori BARU Ban Ori Giti Control P10 BARU 2026… Lihat selengkapnya,bismillah.. dear om admin izin menawarkan ban velg serep baru gress 2026 jaecoo j5 velg jaecoo ori baru ban ori giti control p10 baru 2026… lihat selengkapnya,Jaecoo J5,high,explicit_text_alias_strong,False,,,,False,not_relevant,no_adas_keyword,,UNKNOWN,,,,,,,
rec_c621ec5144eff031,Jaecoo J5,Jaecoo J5 EV INDONESIA,https://www.facebook.com/groups/861576359777228,post_2,post_2_comment_54,post_2,comment,,,,Bismillah.. dear Om Admin izin menawarkan ban velg serep baru gress 2026 Jaecoo J5,https://www.facebook.com/groups/861576359777228,1789657995000,raw_data_all.jsonl,rec_c621ec5144eff031,False,Bismillah.. dear Om Admin izin menawarkan ban velg serep baru gress 2026 Jaecoo J5,bismillah.. dear om admin izin menawarkan ban velg serep baru gress 2026 jaecoo j5,Jaecoo J5,high,explicit_text_alias_strong,False,,,,False,not_relevant,no_adas_keyword,,UNKNOWN,,,,,,,
rec_13a9ec39ece76d1b,Jaecoo J5,Jaecoo J5 EV INDONESIA,https://www.facebook.com/groups/861576359777228,post_2,post_2_comment_55,post_2,comment,,,,Velg Jaecoo Ori BARU,https://www.facebook.com/groups/861576359777228,1789657995000,raw_data_all.jsonl,rec_13a9ec39ece76d1b,False,Velg Jaecoo Ori BARU,velg jaecoo ori baru,Jaecoo J5,high,explicit_text_alias_strong,False,,,,False,not_relevant,no_adas_keyword,,UNKNOWN,,,,,,,
rec_6c0e00f67afcd94d,Jaecoo J5,Jaecoo J5 EV INDONESIA,https://www.facebook.com/groups/861576359777228,post_2,post_2_comment_56,post_2,comment,,,,Ban Ori Giti Control P10 BARU 2026… Lihat selengkapnya,https://www.facebook.com/groups/861576359777228,1789657996000,raw_data_all.jsonl,rec_6c0e00f67afcd94d,False,Ban Ori Giti Control P10 BARU 2026… Lihat selengkapnya,ban ori giti control p10 baru 2026… lihat selengkapnya,Jaecoo J5,medium,community_context,False,,,,False,not_relevant,no_adas_keyword,,UNKNOWN,,,,,,,
rec_815a935844aa4139,Jaecoo J5,Jaecoo J5 EV INDONESIA,https://www.facebook.com/groups/861576359777228,post_2,post_2_comment_57,post_2,comment,,,,Ambil satuan bisa? Saya mau 1,https://www.facebook.com/groups/861576359777228,1789657996000,raw_data_all.jsonl,rec_815a935844aa4139,False,Ambil satuan bisa? Saya mau 1,ambil satuan bisa? saya mau 1,Jaecoo J5,medium,community_context,False,,,,False,not_relevant,no_adas_keyword,,UNKNOWN,,,,,,,
rec_b5d8a1577486b8b4,Jaecoo J5,Jaecoo J5 EV INDONESIA,https://www.facebook.com/groups/861576359777228,post_2,post_2_comment_58,post_2,comment,,,,Mau 1 pak,https://www.facebook.com/groups/861576359777228,1789657996000,raw_data_all.jsonl,rec_b5d8a1577486b8b4,False,Mau 1 pak,mau 1 pak,Jaecoo J5,medium,community_context,False,,,,False,not_relevant,no_adas_keyword,,UNKNOWN,,,,,,,
rec_dec7882f6c5cf24d,Jaecoo J5,Jaecoo J5 EV INDONESIA,https://www.facebook.com/groups/861576359777228,post_2,post_2_comment_59,post_2,comment,,,,"Naik level nggak harus berlebihan. Cukup pilih JAECOO J5. 
Tampilan premium 
… Lihat selengkapnya",https://www.facebook.com/groups/861576359777228,1789657999000,raw_data_all.jsonl,rec_dec7882f6c5cf24d,False,Naik level nggak harus berlebihan. Cukup pilih JAECOO J5. Tampilan premium … Lihat selengkapnya,naik level nggak harus berlebihan. cukup pilih jaecoo j5. tampilan premium … lihat selengkapnya,Jaecoo J5,high,explicit_text_alias_strong,False,,,,False,not_relevant,no_adas_keyword,,UNKNOWN,,,,,,,
rec_9793a429a34b4eb1,Jaecoo J5,Jaecoo J5 EV INDONESIA,https://www.facebook.com/groups/861576359777228,post_2,post_2_comment_60,post_2,comment,,,,Naik level nggak harus berlebihan. Cukup pilih JAECOO J5.,https://www.facebook.com/groups/861576359777228,1789657999000,raw_data_all.jsonl,rec_9793a429a34b4eb1,False,Naik level nggak harus berlebihan. Cukup pilih JAECOO J5.,naik level nggak harus berlebihan. cukup pilih jaecoo j5.,Jaecoo J5,high,explicit_text_alias_strong,False,,,,False,not_relevant,no_adas_keyword,,UNKNOWN,,,,,,,
rec_5de91e6c88e335a2,Jaecoo J5,Jaecoo J5 EV INDONESIA,https://www.facebook.com/groups/861576359777228,post_2,post_2_comment_61,post_2,comment,,,,"Tampilan premium 
… Lihat selengkapnya",https://www.facebook.com/groups/861576359777228,1789657999000,raw_data_all.jsonl,rec_5de91e6c88e335a2,False,Tampilan premium … Lihat selengkapnya,tampilan premium … lihat selengkapnya,Jaecoo J5,medium,community_context,False,,,,False,not_relevant,no_adas_keyword,,UNKNOWN,,,,,,,
rec_4a52d83d0c835924,Jaecoo J5,Jaecoo J5 EV INDONESIA,https://www.facebook.com/groups/861576359777228,1118681010733427,,,post,,,,"Fresly Montana
  ·
1hari
Ambil satuan bisa? Saya mau 1
Balas
Bagikan",https://www.facebook.com/groups/861576359777228/posts/1118681010733427/?comment_id=1118684130733115&__cft__[0]=AZgd0oqT7Xu41GrvfJ5bhSBMGg9mqQAcT934cCkXoeIs1XZVYX7zUtpzqGyJpVxlrfkvLe9QDhqjViFRZP1OkyxySL7fnfl5M1BgCRi9OHW4nIESFCckTh5NxknT5kQPOu1vlHi0gwi6ILsk7dX-IJxdTGBRSefHvFc8RjQkKT0XJ2MkPXUjohkX97MxYQ&__tn__=R-R,1789658003000,raw_data_all.jsonl,rec_4a52d83d0c835924,False,Fresly Montana · 1hari Ambil satuan bisa? Saya mau 1 Balas Bagikan,fresly montana · 1hari ambil satuan bisa? saya mau 1 balas bagikan,Jaecoo J5,medium,community_context,False,,,,False,not_relevant,no_adas_keyword,,UNKNOWN,,,,,,,
rec_8cafedbc8998537e,Jaecoo J5,Jaecoo J5 EV INDONESIA,https://www.facebook.com/groups/861576359777228,1118681010733427,1118681010733427_comment_1,1118681010733427,comment,,,,"FORTUNER VNT TRD
TAHUN 2013
SURAT LENGKAP
PAJEK HIDUP 10.26
KM 88 RB RECORD
Lihat selengkapnya",https://www.facebook.com/groups/861576359777228/posts/1118681010733427/?comment_id=1118684130733115&__cft__[0]=AZgd0oqT7Xu41GrvfJ5bhSBMGg9mqQAcT934cCkXoeIs1XZVYX7zUtpzqGyJpVxlrfkvLe9QDhqjViFRZP1OkyxySL7fnfl5M1BgCRi9OHW4nIESFCckTh5NxknT5kQPOu1vlHi0gwi6ILsk7dX-IJxdTGBRSefHvFc8RjQkKT0XJ2MkPXUjohkX97MxYQ&__tn__=R-R,1789658009000,raw_data_all.jsonl,rec_8cafedbc8998537e,False,FORTUNER VNT TRD TAHUN 2013 SURAT LENGKAP PAJEK HIDUP 10.26 KM 88 RB RECORD Lihat selengkapnya,fortuner vnt trd tahun 2013 surat lengkap pajek hidup 10.26 km 88 rb record lihat selengkapnya,Jaecoo J5,medium,community_context,False,,,,False,not_relevant,no_adas_keyword,,UNKNOWN,,,,,,,
rec_0606da77ec620e79,Jaecoo J5,Jaecoo J5 EV INDONESIA,https://www.facebook.com/groups/861576359777228,1118681010733427,1118681010733427_comment_2,1118681010733427,comment,,,,"Bismillah.. dear Om Admin izin menawarkan ban velg serep baru gress 2026 Jaecoo J5
Velg Jaecoo Ori BARU
Ban Ori Giti Control P10 BARU 2026
Pentil BARU
Sudah dibalancing
Plus bonus:
Dongkrak 3ton BARU
Kunci roda BARU
Baut Ikat ban serep ori BARU
Ongkir COD Jarak 30 km Dari Depok
Untuk Jaecoo J5 kesayangan Om/Tante
Lokasi depok jawa barat
Harga 6jt net no tipu tipu insyaAllah amanah
Maaf khusus COD gak bisa kirim2 jauh ya om
Terima kasih",https://www.facebook.com/groups/861576359777228/posts/1118681010733427/?comment_id=1118684130733115&__cft__[0]=AZgd0oqT7Xu41GrvfJ5bhSBMGg9mqQAcT934cCkXoeIs1XZVYX7zUtpzqGyJpVxlrfkvLe9QDhqjViFRZP1OkyxySL7fnfl5M1BgCRi9OHW4nIESFCckTh5NxknT5kQPOu1vlHi0gwi6ILsk7dX-IJxdTGBRSefHvFc8RjQkKT0XJ2MkPXUjohkX97MxYQ&__tn__=R-R,1789658009000,raw_data_all.jsonl,rec_0606da77ec620e79,False,Bismillah.. dear Om Admin izin menawarkan ban velg serep baru gress 2026 Jaecoo J5 Velg Jaecoo Ori BARU Ban Ori Giti Control P10 BARU 2026 Pentil BARU Sudah dibalancing Plus bonus: Dongkrak 3ton BARU Kunci roda BARU Baut Ikat ban serep ori BARU Ongkir COD Jarak 30 km Dari Depok Untuk Jaecoo J5 kesayangan Om/Tante Lokasi depok jawa barat Harga 6jt net no tipu tipu insyaAllah amanah Maaf khusus COD gak bisa kirim2 jauh ya om Terima kasih,bismillah.. dear om admin izin menawarkan ban velg serep baru gress 2026 jaecoo j5 velg jaecoo ori baru ban ori giti control p10 baru 2026 pentil baru sudah dibalancing plus bonus: dongkrak 3ton baru kunci roda baru baut ikat ban serep ori baru ongkir cod jarak 30 km dari depok untuk jaecoo j5 kesayangan om/tante lokasi depok jawa barat harga 6jt net no tipu tipu insyaallah amanah maaf khusus cod gak bisa kirim2 jauh ya om terima kasih,Jaecoo J5,high,explicit_text_alias_strong,False,,,,False,not_relevant,no_adas_keyword,,UNKNOWN,,,,,,,
rec_9f9c614248101738,Jaecoo J5,Jaecoo J5 EV INDONESIA,https://www.facebook.com/groups/861576359777228,1118681010733427,1118681010733427_comment_3,1118681010733427,comment,,,,Bismillah.. dear Om Admin izin menawarkan ban velg serep baru gress 2026 Jaecoo J5,https://www.facebook.com/groups/861576359777228/posts/1118681010733427/?comment_id=1118684130733115&__cft__[0]=AZgd0oqT7Xu41GrvfJ5bhSBMGg9mqQAcT934cCkXoeIs1XZVYX7zUtpzqGyJpVxlrfkvLe9QDhqjViFRZP1OkyxySL7fnfl5M1BgCRi9OHW4nIESFCckTh5NxknT5kQPOu1vlHi0gwi6ILsk7dX-IJxdTGBRSefHvFc8RjQkKT0XJ2MkPXUjohkX97MxYQ&__tn__=R-R,1789658009000,raw_data_all.jsonl,rec_9f9c614248101738,False,Bismillah.. dear Om Admin izin menawarkan ban velg serep baru gress 2026 Jaecoo J5,bismillah.. dear om admin izin menawarkan ban velg serep baru gress 2026 jaecoo j5,Jaecoo J5,high,explicit_text_alias_strong,False,,,,False,not_relevant,no_adas_keyword,,UNKNOWN,,,,,,,
rec_cdd0bb563555ee2e,Jaecoo J5,Jaecoo J5 EV INDONESIA,https://www.facebook.com/groups/861576359777228,1118681010733427,1118681010733427_comment_4,1118681010733427,comment,,,,Velg Jaecoo Ori BARU,https://www.facebook.com/groups/861576359777228/posts/1118681010733427/?comment_id=1118684130733115&__cft__[0]=AZgd0oqT7Xu41GrvfJ5bhSBMGg9mqQAcT934cCkXoeIs1XZVYX7zUtpzqGyJpVxlrfkvLe9QDhqjViFRZP1OkyxySL7fnfl5M1BgCRi9OHW4nIESFCckTh5NxknT5kQPOu1vlHi0gwi6ILsk7dX-IJxdTGBRSefHvFc8RjQkKT0XJ2MkPXUjohkX97MxYQ&__tn__=R-R,1789658009000,raw_data_all.jsonl,rec_cdd0bb563555ee2e,False,Velg Jaecoo Ori BARU,velg jaecoo ori baru,Jaecoo J5,high,explicit_text_alias_strong,False,,,,False,not_relevant,no_adas_keyword,,UNKNOWN,,,,,,,
rec_115cdc1cfa7eb743,Jaecoo J5,Jaecoo J5 EV INDONESIA,https://www.facebook.com/groups/861576359777228,1118681010733427,1118681010733427_comment_5,1118681010733427,comment,,,,Ban Ori Giti Control P10 BARU 2026,https://www.facebook.com/groups/861576359777228/posts/1118681010733427/?comment_id=1118684130733115&__cft__[0]=AZgd0oqT7Xu41GrvfJ5bhSBMGg9mqQAcT934cCkXoeIs1XZVYX7zUtpzqGyJpVxlrfkvLe9QDhqjViFRZP1OkyxySL7fnfl5M1BgCRi9OHW4nIESFCckTh5NxknT5kQPOu1vlHi0gwi6ILsk7dX-IJxdTGBRSefHvFc8RjQkKT0XJ2MkPXUjohkX97MxYQ&__tn__=R-R,1789658009000,raw_data_all.jsonl,rec_115cdc1cfa7eb743,False,Ban Ori Giti Control P10 BARU 2026,ban ori giti control p10 baru 2026,Jaecoo J5,medium,community_context,False,,,,False,not_relevant,no_adas_keyword,,UNKNOWN,,,,,,,
rec_e7ef4afe24af2eb4,Jaecoo J5,Jaecoo J5 EV INDONESIA,https://www.facebook.com/groups/861576359777228,1118681010733427,1118681010733427_comment_6,1118681010733427,comment,,,,Pentil BARU,https://www.facebook.com/groups/861576359777228/posts/1118681010733427/?comment_id=1118684130733115&__cft__[0]=AZgd0oqT7Xu41GrvfJ5bhSBMGg9mqQAcT934cCkXoeIs1XZVYX7zUtpzqGyJpVxlrfkvLe9QDhqjViFRZP1OkyxySL7fnfl5M1BgCRi9OHW4nIESFCckTh5NxknT5kQPOu1vlHi0gwi6ILsk7dX-IJxdTGBRSefHvFc8RjQkKT0XJ2MkPXUjohkX97MxYQ&__tn__=R-R,1789658009000,raw_data_all.jsonl,rec_e7ef4afe24af2eb4,False,Pentil BARU,pentil baru,Jaecoo J5,medium,community_context,False,,,,False,not_relevant,no_adas_keyword,,UNKNOWN,,,,,,,
rec_7e4c6c283c9745d8,Jaecoo J5,Jaecoo J5 EV INDONESIA,https://www.facebook.com/groups/861576359777228,1118681010733427,1118681010733427_comment_7,1118681010733427,comment,,,,Sudah dibalancing,https://www.facebook.com/groups/861576359777228/posts/1118681010733427/?comment_id=1118684130733115&__cft__[0]=AZgd0oqT7Xu41GrvfJ5bhSBMGg9mqQAcT934cCkXoeIs1XZVYX7zUtpzqGyJpVxlrfkvLe9QDhqjViFRZP1OkyxySL7fnfl5M1BgCRi9OHW4nIESFCckTh5NxknT5kQPOu1vlHi0gwi6ILsk7dX-IJxdTGBRSefHvFc8RjQkKT0XJ2MkPXUjohkX97MxYQ&__tn__=R-R,1789658009000,raw_data_all.jsonl,rec_7e4c6c283c9745d8,False,Sudah dibalancing,sudah dibalancing,Jaecoo J5,medium,community_context,False,,,,False,not_relevant,no_adas_keyword,,UNKNOWN,,,,,,,
rec_2ecccae3cf5d3829,Jaecoo J5,Jaecoo J5 EV INDONESIA,https://www.facebook.com/groups/861576359777228,1118681010733427,1118681010733427_comment_8,1118681010733427,comment,,,,Plus bonus:,https://www.facebook.com/groups/861576359777228/posts/1118681010733427/?comment_id=1118684130733115&__cft__[0]=AZgd0oqT7Xu41GrvfJ5bhSBMGg9mqQAcT934cCkXoeIs1XZVYX7zUtpzqGyJpVxlrfkvLe9QDhqjViFRZP1OkyxySL7fnfl5M1BgCRi9OHW4nIESFCckTh5NxknT5kQPOu1vlHi0gwi6ILsk7dX-IJxdTGBRSefHvFc8RjQkKT0XJ2MkPXUjohkX97MxYQ&__tn__=R-R,1789658009000,raw_data_all.jsonl,rec_2ecccae3cf5d3829,False,Plus bonus:,plus bonus:,Jaecoo J5,medium,community_context,False,,,,False,not_relevant,no_adas_keyword,,UNKNOWN,,,,,,,
rec_c44428ec04ca1467,Jaecoo J5,Jaecoo J5 EV INDONESIA,https://www.facebook.com/groups/861576359777228,1118681010733427,1118681010733427_comment_9,1118681010733427,comment,,,,Dongkrak 3ton BARU,https://www.facebook.com/groups/861576359777228/posts/1118681010733427/?comment_id=1118684130733115&__cft__[0]=AZgd0oqT7Xu41GrvfJ5bhSBMGg9mqQAcT934cCkXoeIs1XZVYX7zUtpzqGyJpVxlrfkvLe9QDhqjViFRZP1OkyxySL7fnfl5M1BgCRi9OHW4nIESFCckTh5NxknT5kQPOu1vlHi0gwi6ILsk7dX-IJxdTGBRSefHvFc8RjQkKT0XJ2MkPXUjohkX97MxYQ&__tn__=R-R,1789658009000,raw_data_all.jsonl,rec_c44428ec04ca1467,False,Dongkrak 3ton BARU,dongkrak 3ton baru,Jaecoo J5,medium,community_context,False,,,,False,not_relevant,no_adas_keyword,,UNKNOWN,,,,,,,
rec_e677852520bdfbe3,Jaecoo J5,Jaecoo J5 EV INDONESIA,https://www.facebook.com/groups/861576359777228,1118681010733427,1118681010733427_comment_10,1118681010733427,comment,,,,Kunci roda BARU,https://www.facebook.com/groups/861576359777228/posts/1118681010733427/?comment_id=1118684130733115&__cft__[0]=AZgd0oqT7Xu41GrvfJ5bhSBMGg9mqQAcT934cCkXoeIs1XZVYX7zUtpzqGyJpVxlrfkvLe9QDhqjViFRZP1OkyxySL7fnfl5M1BgCRi9OHW4nIESFCckTh5NxknT5kQPOu1vlHi0gwi6ILsk7dX-IJxdTGBRSefHvFc8RjQkKT0XJ2MkPXUjohkX97MxYQ&__tn__=R-R,1789658010000,raw_data_all.jsonl,rec_e677852520bdfbe3,False,Kunci roda BARU,kunci roda baru,Jaecoo J5,medium,community_context,False,,,,False,not_relevant,no_adas_keyword,,UNKNOWN,,,,,,,
rec_b985687e4ec4c004,Jaecoo J5,Jaecoo J5 EV INDONESIA,https://www.facebook.com/groups/861576359777228,1118681010733427,1118681010733427_comment_11,1118681010733427,comment,,,,Baut Ikat ban serep ori BARU,https://www.facebook.com/groups/861576359777228/posts/1118681010733427/?comment_id=1118684130733115&__cft__[0]=AZgd0oqT7Xu41GrvfJ5bhSBMGg9mqQAcT934cCkXoeIs1XZVYX7zUtpzqGyJpVxlrfkvLe9QDhqjViFRZP1OkyxySL7fnfl5M1BgCRi9OHW4nIESFCckTh5NxknT5kQPOu1vlHi0gwi6ILsk7dX-IJxdTGBRSefHvFc8RjQkKT0XJ2MkPXUjohkX97MxYQ&__tn__=R-R,1789658010000,raw_data_all.jsonl,rec_b985687e4ec4c004,False,Baut Ikat ban serep ori BARU,baut ikat ban serep ori baru,Jaecoo J5,medium,community_context,False,,,,False,not_relevant,no_adas_keyword,,UNKNOWN,,,,,,,
rec_b257bc6c655eb8b5,Jaecoo J5,Jaecoo J5 EV INDONESIA,https://www.facebook.com/groups/861576359777228,1118681010733427,1118681010733427_comment_12,1118681010733427,comment,,,,Ongkir COD Jarak 30 km Dari Depok,https://www.facebook.com/groups/861576359777228/posts/1118681010733427/?comment_id=1118684130733115&__cft__[0]=AZgd0oqT7Xu41GrvfJ5bhSBMGg9mqQAcT934cCkXoeIs1XZVYX7zUtpzqGyJpVxlrfkvLe9QDhqjViFRZP1OkyxySL7fnfl5M1BgCRi9OHW4nIESFCckTh5NxknT5kQPOu1vlHi0gwi6ILsk7dX-IJxdTGBRSefHvFc8RjQkKT0XJ2MkPXUjohkX97MxYQ&__tn__=R-R,1789658010000,raw_data_all.jsonl,rec_b257bc6c655eb8b5,False,Ongkir COD Jarak 30 km Dari Depok,ongkir cod jarak 30 km dari depok,Jaecoo J5,medium,community_context,False,,,,False,not_relevant,no_adas_keyword,,UNKNOWN,,,,,,,
rec_9ff34fed16b8539d,Jaecoo J5,Jaecoo J5 EV INDONESIA,https://www.facebook.com/groups/861576359777228,1118681010733427,1118681010733427_comment_13,1118681010733427,comment,,,,Untuk Jaecoo J5 kesayangan Om/Tante,https://www.facebook.com/groups/861576359777228/posts/1118681010733427/?comment_id=1118684130733115&__cft__[0]=AZgd0oqT7Xu41GrvfJ5bhSBMGg9mqQAcT934cCkXoeIs1XZVYX7zUtpzqGyJpVxlrfkvLe9QDhqjViFRZP1OkyxySL7fnfl5M1BgCRi9OHW4nIESFCckTh5NxknT5kQPOu1vlHi0gwi6ILsk7dX-IJxdTGBRSefHvFc8RjQkKT0XJ2MkPXUjohkX97MxYQ&__tn__=R-R,1789658010000,raw_data_all.jsonl,rec_9ff34fed16b8539d,False,Untuk Jaecoo J5 kesayangan Om/Tante,untuk jaecoo j5 kesayangan om/tante,Jaecoo J5,high,explicit_text_alias_strong,False,,,,False,not_relevant,no_adas_keyword,,UNKNOWN,,,,,,,
rec_59e270b92d687d5b,Jaecoo J5,Jaecoo J5 EV INDONESIA,https://www.facebook.com/groups/861576359777228,1118681010733427,1118681010733427_comment_14,1118681010733427,comment,,,,Lokasi depok jawa barat,https://www.facebook.com/groups/861576359777228/posts/1118681010733427/?comment_id=1118684130733115&__cft__[0]=AZgd0oqT7Xu41GrvfJ5bhSBMGg9mqQAcT934cCkXoeIs1XZVYX7zUtpzqGyJpVxlrfkvLe9QDhqjViFRZP1OkyxySL7fnfl5M1BgCRi9OHW4nIESFCckTh5NxknT5kQPOu1vlHi0gwi6ILsk7dX-IJxdTGBRSefHvFc8RjQkKT0XJ2MkPXUjohkX97MxYQ&__tn__=R-R,1789658010000,raw_data_all.jsonl,rec_59e270b92d687d5b,False,Lokasi depok jawa barat,lokasi depok jawa barat,Jaecoo J5,medium,community_context,False,,,,False,not_relevant,no_adas_keyword,,UNKNOWN,,,,,,,
rec_7778de9e71514ebb,Jaecoo J5,Jaecoo J5 EV INDONESIA,https://www.facebook.com/groups/861576359777228,1118681010733427,1118681010733427_comment_15,1118681010733427,comment,,,,Harga 6jt net no tipu tipu insyaAllah amanah,https://www.facebook.com/groups/861576359777228/posts/1118681010733427/?comment_id=1118684130733115&__cft__[0]=AZgd0oqT7Xu41GrvfJ5bhSBMGg9mqQAcT934cCkXoeIs1XZVYX7zUtpzqGyJpVxlrfkvLe9QDhqjViFRZP1OkyxySL7fnfl5M1BgCRi9OHW4nIESFCckTh5NxknT5kQPOu1vlHi0gwi6ILsk7dX-IJxdTGBRSefHvFc8RjQkKT0XJ2MkPXUjohkX97MxYQ&__tn__=R-R,1789658010000,raw_data_all.jsonl,rec_7778de9e71514ebb,False,Harga 6jt net no tipu tipu insyaAllah amanah,harga 6jt net no tipu tipu insyaallah amanah,Jaecoo J5,medium,community_context,False,,,,False,not_relevant,no_adas_keyword,,UNKNOWN,,,,,,,
rec_148bb15695a12d5f,Jaecoo J5,Jaecoo J5 EV INDONESIA,https://www.facebook.com/groups/861576359777228,1118681010733427,1118681010733427_comment_16,1118681010733427,comment,,,,Maaf khusus COD gak bisa kirim2 jauh ya om,https://www.facebook.com/groups/861576359777228/posts/1118681010733427/?comment_id=1118684130733115&__cft__[0]=AZgd0oqT7Xu41GrvfJ5bhSBMGg9mqQAcT934cCkXoeIs1XZVYX7zUtpzqGyJpVxlrfkvLe9QDhqjViFRZP1OkyxySL7fnfl5M1BgCRi9OHW4nIESFCckTh5NxknT5kQPOu1vlHi0gwi6ILsk7dX-IJxdTGBRSefHvFc8RjQkKT0XJ2MkPXUjohkX97MxYQ&__tn__=R-R,1789658010000,raw_data_all.jsonl,rec_148bb15695a12d5f,False,Maaf khusus COD gak bisa kirim2 jauh ya om,maaf khusus cod gak bisa kirim2 jauh ya om,Jaecoo J5,medium,community_context,False,,,,False,not_relevant,no_adas_keyword,,UNKNOWN,,,,,,,
rec_662db8112e6cebc8,Jaecoo J5,Jaecoo J5 EV INDONESIA,https://www.facebook.com/groups/861576359777228,1118681010733427,1118681010733427_comment_17,1118681010733427,comment,,,,Terima kasih,https://www.facebook.com/groups/861576359777228/posts/1118681010733427/?comment_id=1118684130733115&__cft__[0]=AZgd0oqT7Xu41GrvfJ5bhSBMGg9mqQAcT934cCkXoeIs1XZVYX7zUtpzqGyJpVxlrfkvLe9QDhqjViFRZP1OkyxySL7fnfl5M1BgCRi9OHW4nIESFCckTh5NxknT5kQPOu1vlHi0gwi6ILsk7dX-IJxdTGBRSefHvFc8RjQkKT0XJ2MkPXUjohkX97MxYQ&__tn__=R-R,1789658010000,raw_data_all.jsonl,rec_662db8112e6cebc8,False,Terima kasih,terima kasih,Jaecoo J5,medium,community_context,False,,,,False,not_relevant,no_adas_keyword,,UNKNOWN,,,,,,,
rec_180d7aaefda9592c,Jaecoo J5,Jaecoo J5 EV INDONESIA,https://www.facebook.com/groups/861576359777228,1118681010733427,1118681010733427_comment_18,1118681010733427,comment,,,,Ambil satuan bisa? Saya mau 1,https://www.facebook.com/groups/861576359777228/posts/1118681010733427/?comment_id=1118684130733115&__cft__[0]=AZgd0oqT7Xu41GrvfJ5bhSBMGg9mqQAcT934cCkXoeIs1XZVYX7zUtpzqGyJpVxlrfkvLe9QDhqjViFRZP1OkyxySL7fnfl5M1BgCRi9OHW4nIESFCckTh5NxknT5kQPOu1vlHi0gwi6ILsk7dX-IJxdTGBRSefHvFc8RjQkKT0XJ2MkPXUjohkX97MxYQ&__tn__=R-R,1789658010000,raw_data_all.jsonl,rec_180d7aaefda9592c,False,Ambil satuan bisa? Saya mau 1,ambil satuan bisa? saya mau 1,Jaecoo J5,medium,community_context,False,,,,False,not_relevant,no_adas_keyword,,UNKNOWN,,,,,,,
rec_d893a79747f40f24,Jaecoo J5,Jaecoo J5 EV INDONESIA,https://www.facebook.com/groups/861576359777228,1118681010733427,1118681010733427_comment_19,1118681010733427,comment,,,,"Fresly Montana
siap om ini memang jual satuan 6jt",https://www.facebook.com/groups/861576359777228/posts/1118681010733427/?comment_id=1118684130733115&__cft__[0]=AZgd0oqT7Xu41GrvfJ5bhSBMGg9mqQAcT934cCkXoeIs1XZVYX7zUtpzqGyJpVxlrfkvLe9QDhqjViFRZP1OkyxySL7fnfl5M1BgCRi9OHW4nIESFCckTh5NxknT5kQPOu1vlHi0gwi6ILsk7dX-IJxdTGBRSefHvFc8RjQkKT0XJ2MkPXUjohkX97MxYQ&__tn__=R-R,1789658010000,raw_data_all.jsonl,rec_d893a79747f40f24,False,Fresly Montana siap om ini memang jual satuan 6jt,fresly montana siap om ini memang jual satuan 6jt,Jaecoo J5,medium,community_context,False,,,,False,not_relevant,no_adas_keyword,,UNKNOWN,,,,,,,
rec_68b6e64d2fe571e5,Jaecoo J5,Jaecoo J5 EV INDONESIA,https://www.facebook.com/groups/861576359777228,1118681010733427,1118681010733427_comment_20,1118681010733427,comment,,,,Mau 1 pak,https://www.facebook.com/groups/861576359777228/posts/1118681010733427/?comment_id=1118684130733115&__cft__[0]=AZgd0oqT7Xu41GrvfJ5bhSBMGg9mqQAcT934cCkXoeIs1XZVYX7zUtpzqGyJpVxlrfkvLe9QDhqjViFRZP1OkyxySL7fnfl5M1BgCRi9OHW4nIESFCckTh5NxknT5kQPOu1vlHi0gwi6ILsk7dX-IJxdTGBRSefHvFc8RjQkKT0XJ2MkPXUjohkX97MxYQ&__tn__=R-R,1789658010000,raw_data_all.jsonl,rec_68b6e64d2fe571e5,False,Mau 1 pak,mau 1 pak,Jaecoo J5,medium,community_context,False,,,,False,not_relevant,no_adas_keyword,,UNKNOWN,,,,,,,
rec_42604c7974ab6efe,Jaecoo J5,Jaecoo J5 EV INDONESIA,https://www.facebook.com/groups/861576359777228,1118681010733427,1118681010733427_comment_21,1118681010733427,comment,,,,Boelh pak,https://www.facebook.com/groups/861576359777228/posts/1118681010733427/?comment_id=1118684130733115&__cft__[0]=AZgd0oqT7Xu41GrvfJ5bhSBMGg9mqQAcT934cCkXoeIs1XZVYX7zUtpzqGyJpVxlrfkvLe9QDhqjViFRZP1OkyxySL7fnfl5M1BgCRi9OHW4nIESFCckTh5NxknT5kQPOu1vlHi0gwi6ILsk7dX-IJxdTGBRSefHvFc8RjQkKT0XJ2MkPXUjohkX97MxYQ&__tn__=R-R,1789658011000,raw_data_all.jsonl,rec_42604c7974ab6efe,False,Boelh pak,boelh pak,Jaecoo J5,medium,community_context,False,,,,False,not_relevant,no_adas_keyword,,UNKNOWN,,,,,,,
rec_09d70963021735fb,Jaecoo J5,Jaecoo J5 EV INDONESIA,https://www.facebook.com/groups/861576359777228,post_4,,,post,,,,"Mizanul Abrar
  ·
1hari
Mau 1 pak
Balas
Bagikan",https://www.facebook.com/groups/861576359777228,1789658078000,raw_data_all.jsonl,rec_09d70963021735fb,False,Mizanul Abrar · 1hari Mau 1 pak Balas Bagikan,mizanul abrar · 1hari mau 1 pak balas bagikan,Jaecoo J5,medium,community_context,False,,,,False,not_relevant,no_adas_keyword,,UNKNOWN,,,,,,,
rec_956d3a1b900aa828,Jaecoo J5,Jaecoo J5 EV INDONESIA,https://www.facebook.com/groups/861576359777228,post_4,post_4_comment_1,post_4,comment,,,,"izin tanya semua
tekanan angin paling nyaman di j5 berapa? thx all",https://www.facebook.com/groups/861576359777228,1789658082000,raw_data_all.jsonl,rec_956d3a1b900aa828,False,izin tanya semua tekanan angin paling nyaman di j5 berapa? thx all,izin tanya semua tekanan angin paling nyaman di j5 berapa? thx all,Jaecoo J5,high,explicit_text_alias_strong,False,,,,False,not_relevant,no_adas_keyword,,UNKNOWN,,,,,,,
rec_af7df220b9b76f95,Jaecoo J5,Jaecoo J5 EV INDONESIA,https://www.facebook.com/groups/861576359777228,post_4,post_4_comment_2,post_4,comment,,,,"Saya 34 om,",https://www.facebook.com/groups/861576359777228,1789658082000,raw_data_all.jsonl,rec_af7df220b9b76f95,False,"Saya 34 om,","saya 34 om,",Jaecoo J5,medium,community_context,False,,,,False,not_relevant,no_adas_keyword,,UNKNOWN,,,,,,,
rec_0b1eab2d0bb5902a,Jaecoo J5,Jaecoo J5 EV INDONESIA,https://www.facebook.com/groups/861576359777228,post_4,post_4_comment_3,post_4,comment,,,,32 nyuaman sekali,https://www.facebook.com/groups/861576359777228,1789658082000,raw_data_all.jsonl,rec_0b1eab2d0bb5902a,False,32 nyuaman sekali,32 nyuaman sekali,Jaecoo J5,medium,community_context,False,,,,False,not_relevant,no_adas_keyword,,UNKNOWN,,,,,,,
rec_4f99fdceeb2b6edc,Jaecoo J5,Jaecoo J5 EV INDONESIA,https://www.facebook.com/groups/861576359777228,post_4,post_4_comment_4,post_4,comment,,,,"Saya beli Jaecoo J5 di dealer Jaecoo Cibubur, sudah 3.5 bulan masih belum jadi STNK saya. Barusan diberhentikan polisi karena plat surat jalan sudah kadaluarsa. Setiap 2-3 hari saya tanyakan ke dealer dan selalu dijawab akan dikabari jika sudah ad. Saya harus bagaimana ya?  Apakah ada yg sama pengalamannya?",https://www.facebook.com/groups/861576359777228,1789658082000,raw_data_all.jsonl,rec_4f99fdceeb2b6edc,False,"Saya beli Jaecoo J5 di dealer Jaecoo Cibubur, sudah 3.5 bulan masih belum jadi STNK saya. Barusan diberhentikan polisi karena plat surat jalan sudah kadaluarsa. Setiap 2-3 hari saya tanyakan ke dealer dan selalu dijawab akan dikabari jika sudah ad. Saya harus bagaimana ya? Apakah ada yg sama pengalamannya?","saya beli jaecoo j5 di dealer jaecoo cibubur, sudah 3.5 bulan masih belum jadi stnk saya. barusan diberhentikan polisi karena plat surat jalan sudah kadaluarsa. setiap 2-3 hari saya tanyakan ke dealer dan selalu dijawab akan dikabari jika sudah ad. saya harus bagaimana ya? apakah ada yg sama pengalamannya?",Jaecoo J5,high,explicit_text_alias_strong,False,,,,False,not_relevant,no_adas_keyword,,UNKNOWN,,,,,,,
rec_1e146e2729c991a3,Jaecoo J5,Jaecoo J5 EV INDONESIA,https://www.facebook.com/groups/861576359777228,post_4,post_4_comment_5,post_4,comment,,,,"Temuin pimpinannya, kacab atau spv",https://www.facebook.com/groups/861576359777228,1789658082000,raw_data_all.jsonl,rec_1e146e2729c991a3,False,"Temuin pimpinannya, kacab atau spv","temuin pimpinannya, kacab atau spv",Jaecoo J5,medium,community_context,False,,,,False,not_relevant,no_adas_keyword,,UNKNOWN,,,,,,,
rec_b77a760e36346e01,Jaecoo J5,Jaecoo J5 EV INDONESIA,https://www.facebook.com/groups/861576359777228,post_4,post_4_comment_6,post_4,comment,,,,"Coba pm saya om, nanti di bantu",https://www.facebook.com/groups/861576359777228,1789658082000,raw_data_all.jsonl,rec_b77a760e36346e01,False,"Coba pm saya om, nanti di bantu","coba pm saya om, nanti di bantu",Jaecoo J5,medium,community_context,False,,,,False,not_relevant,no_adas_keyword,,UNKNOWN,,,,,,,
rec_8dcc6cae239f8e5c,Jaecoo J5,Jaecoo J5 EV INDONESIA,https://www.facebook.com/groups/861576359777228,post_4,post_4_comment_7,post_4,comment,,,,"panjang 4.380 mm, lebar 1.860 mm, dan tinggi 1.650 mm dengan wheelbase 2.620 mm.",https://www.facebook.com/groups/861576359777228,1789658082000,raw_data_all.jsonl,rec_8dcc6cae239f8e5c,False,"panjang 4.380 mm, lebar 1.860 mm, dan tinggi 1.650 mm dengan wheelbase 2.620 mm.","panjang 4.380 mm, lebar 1.860 mm, dan tinggi 1.650 mm dengan wheelbase 2.620 mm.",Jaecoo J5,medium,community_context,False,,,,False,not_relevant,no_adas_keyword,,UNKNOWN,,,,,,,
rec_d38c648a5c5f793a,Jaecoo J5,Jaecoo J5 EV INDONESIA,https://www.facebook.com/groups/861576359777228,post_4,post_4_comment_8,post_4,comment,,,,"profil ban 235/55 R18, suspensi depan MacPherson dan belakang multi-link.",https://www.facebook.com/groups/861576359777228,1789658082000,raw_data_all.jsonl,rec_d38c648a5c5f793a,False,"profil ban 235/55 R18, suspensi depan MacPherson dan belakang multi-link.","profil ban 235/55 r18, suspensi depan macpherson dan belakang multi-link.",Jaecoo J5,medium,community_context,False,,,,False,not_relevant,no_adas_keyword,,UNKNOWN,,,,,,,
rec_5bdee7e4c1116c07,Jaecoo J5,Jaecoo J5 EV INDONESIA,https://www.facebook.com/groups/861576359777228,post_4,post_4_comment_9,post_4,comment,,,,"Terima jasa instalasi PORTABLE CHARGER+Grounding, jika berminat bisa langsung whatshap ke nomer berikut
wa.me//+6285716670816",https://www.facebook.com/groups/861576359777228,1789658083000,raw_data_all.jsonl,rec_5bdee7e4c1116c07,False,"Terima jasa instalasi PORTABLE CHARGER+Grounding, jika berminat bisa langsung whatshap ke nomer berikut wa.me//+6285716670816","terima jasa instalasi portable charger+grounding, jika berminat bisa langsung whatshap ke nomer berikut wa.me//+6285716670816",Jaecoo J5,medium,community_context,False,,,,False,not_relevant,no_adas_keyword,,UNKNOWN,,,,,,,
rec_a54ce8d34608a418,Jaecoo J5,Jaecoo J5 EV INDONESIA,https://www.facebook.com/groups/861576359777228,post_4,post_4_comment_10,post_4,comment,,,,"Terima jasa instalasi PORTABLE CHARGER+Grounding, jika berminat bisa langsung whatshap ke nomer berikut",https://www.facebook.com/groups/861576359777228,1789658083000,raw_data_all.jsonl,rec_a54ce8d34608a418,False,"Terima jasa instalasi PORTABLE CHARGER+Grounding, jika berminat bisa langsung whatshap ke nomer berikut","terima jasa instalasi portable charger+grounding, jika berminat bisa langsung whatshap ke nomer berikut",Jaecoo J5,medium,community_context,False,,,,False,not_relevant,no_adas_keyword,,UNKNOWN,,,,,,,
rec_ac5181a8ed38d525,Jaecoo J5,Jaecoo J5 EV INDONESIA,https://www.facebook.com/groups/861576359777228,post_4,post_4_comment_11,post_4,comment,,,,wa.me//+6285716670816,https://www.facebook.com/groups/861576359777228,1789658083000,raw_data_all.jsonl,rec_ac5181a8ed38d525,False,wa.me//+6285716670816,wa.me//+6285716670816,Jaecoo J5,medium,community_context,False,,,,False,not_relevant,no_adas_keyword,,UNKNOWN,,,,,,,
rec_b97253c66d6ccc04,Jaecoo J5,Jaecoo J5 EV INDONESIA,https://www.facebook.com/groups/861576359777228,post_4,post_4_comment_12,post_4,comment,,,,"Bingung cari Jasa Instalasi portable charger yang amanah?, Tekcer ev solusi nya, yang mau pakai jasa instalasi kita boleh langsung di WhatsApp nomor dibawah 
Wa.me/+6285716670816",https://www.facebook.com/groups/861576359777228,1789658083000,raw_data_all.jsonl,rec_b97253c66d6ccc04,False,"Bingung cari Jasa Instalasi portable charger yang amanah?, Tekcer ev solusi nya, yang mau pakai jasa instalasi kita boleh langsung di WhatsApp nomor dibawah Wa.me/+6285716670816","bingung cari jasa instalasi portable charger yang amanah?, tekcer ev solusi nya, yang mau pakai jasa instalasi kita boleh langsung di whatsapp nomor dibawah wa.me/+6285716670816",Jaecoo J5,medium,community_context,False,,,,False,not_relevant,no_adas_keyword,,UNKNOWN,,,,,,,
rec_026c3dcc93e277e6,Jaecoo J5,Jaecoo J5 EV INDONESIA,https://www.facebook.com/groups/861576359777228,post_4,post_4_comment_13,post_4,comment,,,,"Bingung cari Jasa Instalasi portable charger yang amanah?, Tekcer ev solusi nya, yang mau pakai jasa instalasi kita boleh langsung di WhatsApp nomor dibawah",https://www.facebook.com/groups/861576359777228,1789658083000,raw_data_all.jsonl,rec_026c3dcc93e277e6,False,"Bingung cari Jasa Instalasi portable charger yang amanah?, Tekcer ev solusi nya, yang mau pakai jasa instalasi kita boleh langsung di WhatsApp nomor dibawah","bingung cari jasa instalasi portable charger yang amanah?, tekcer ev solusi nya, yang mau pakai jasa instalasi kita boleh langsung di whatsapp nomor dibawah",Jaecoo J5,medium,community_context,False,,,,False,not_relevant,no_adas_keyword,,UNKNOWN,,,,,,,
rec_4c6ce8c38ede92f0,Jaecoo J5,Jaecoo J5 EV INDONESIA,https://www.facebook.com/groups/861576359777228,post_4,post_4_comment_14,post_4,comment,,,,Wa.me/+6285716670816,https://www.facebook.com/groups/861576359777228,1789658083000,raw_data_all.jsonl,rec_4c6ce8c38ede92f0,False,Wa.me/+6285716670816,wa.me/+6285716670816,Jaecoo J5,medium,community_context,False,,,,False,not_relevant,no_adas_keyword,,UNKNOWN,,,,,,,
rec_89bcd4a73b9ad564,Jaecoo J5,Jaecoo J5 EV INDONESIA,https://www.facebook.com/groups/861576359777228,post_4,post_4_comment_15,post_4,comment,,,,"Om.om mau bertanya,kapasitas listrik dirumah utk pemasangan wallcharger utk jaecooj5 itu berapa volt ampere ya..
3500 VA cukup yak ?
Terimakasih infonya..om om yg ganteng",https://www.facebook.com/groups/861576359777228,1789658085000,raw_data_all.jsonl,rec_89bcd4a73b9ad564,False,"Om.om mau bertanya,kapasitas listrik dirumah utk pemasangan wallcharger utk jaecooj5 itu berapa volt ampere ya.. 3500 VA cukup yak ? Terimakasih infonya..om om yg ganteng","om.om mau bertanya,kapasitas listrik dirumah utk pemasangan wallcharger utk jaecooj5 itu berapa volt ampere ya.. 3500 va cukup yak ? terimakasih infonya..om om yg ganteng",Jaecoo J5,high,explicit_text_alias_strong,False,,,,False,not_relevant,no_adas_keyword,,UNKNOWN,,,,,,,
rec_2f682acadc55801b,Jaecoo J5,Jaecoo J5 EV INDONESIA,https://www.facebook.com/groups/861576359777228,post_4,post_4_comment_16,post_4,comment,,,,"Om.om mau bertanya,kapasitas listrik dirumah utk pemasangan wallcharger utk jaecooj5 itu berapa volt ampere ya..",https://www.facebook.com/groups/861576359777228,1789658086000,raw_data_all.jsonl,rec_2f682acadc55801b,False,"Om.om mau bertanya,kapasitas listrik dirumah utk pemasangan wallcharger utk jaecooj5 itu berapa volt ampere ya..","om.om mau bertanya,kapasitas listrik dirumah utk pemasangan wallcharger utk jaecooj5 itu berapa volt ampere ya..",Jaecoo J5,high,explicit_text_alias_strong,False,,,,False,not_relevant,no_adas_keyword,,UNKNOWN,,,,,,,
rec_4c3090df07c965ee,Jaecoo J5,Jaecoo J5 EV INDONESIA,https://www.facebook.com/groups/861576359777228,post_4,post_4_comment_17,post_4,comment,,,,3500 VA cukup yak ?,https://www.facebook.com/groups/861576359777228,1789658086000,raw_data_all.jsonl,rec_4c3090df07c965ee,False,3500 VA cukup yak ?,3500 va cukup yak ?,Jaecoo J5,medium,community_context,False,,,,False,not_relevant,no_adas_keyword,,UNKNOWN,,,,,,,
rec_01b087f247084fa6,Jaecoo J5,Jaecoo J5 EV INDONESIA,https://www.facebook.com/groups/861576359777228,post_4,post_4_comment_18,post_4,comment,,,,Terimakasih infonya..om om yg ganteng,https://www.facebook.com/groups/861576359777228,1789658086000,raw_data_all.jsonl,rec_01b087f247084fa6,False,Terimakasih infonya..om om yg ganteng,terimakasih infonya..om om yg ganteng,Jaecoo J5,medium,community_context,False,,,,False,not_relevant,no_adas_keyword,,UNKNOWN,,,,,,,
rec_44fbe610c74e0aaf,Jaecoo J5,Jaecoo J5 EV INDONESIA,https://www.facebook.com/groups/861576359777228,post_4,post_4_comment_19,post_4,comment,,,,"Cukup, kalau bisa masang aja terpisah dgn 2200 Om jgn dicampur dgn listrik rumah",https://www.facebook.com/groups/861576359777228,1789658086000,raw_data_all.jsonl,rec_44fbe610c74e0aaf,False,"Cukup, kalau bisa masang aja terpisah dgn 2200 Om jgn dicampur dgn listrik rumah","cukup, kalau bisa masang aja terpisah dgn 2200 om jgn dicampur dgn listrik rumah",Jaecoo J5,medium,community_context,False,,,,False,not_relevant,no_adas_keyword,,UNKNOWN,,,,,,,
rec_fee206e6e3d3fd19,Jaecoo J5,Jaecoo J5 EV INDONESIA,https://www.facebook.com/groups/861576359777228,post_4,post_4_comment_20,post_4,comment,,,,"Kalau wall charger mah minimal 7.700VA Om, karena wall charger rata-rata dijual dengan daya 7000 watt (32A). Kalau daya metera… Lihat selengkapnya",https://www.facebook.com/groups/861576359777228,1789658086000,raw_data_all.jsonl,rec_fee206e6e3d3fd19,False,"Kalau wall charger mah minimal 7.700VA Om, karena wall charger rata-rata dijual dengan daya 7000 watt (32A). Kalau daya metera… Lihat selengkapnya","kalau wall charger mah minimal 7.700va om, karena wall charger rata-rata dijual dengan daya 7000 watt (32a). kalau daya metera… lihat selengkapnya",Jaecoo J5,medium,community_context,False,,,,False,not_relevant,no_adas_keyword,,UNKNOWN,,,,,,,
rec_ef31ffa12ebe5e97,Jaecoo J5,Jaecoo J5 EV INDONESIA,https://www.facebook.com/groups/861576359777228,post_4,post_4_comment_21,post_4,comment,,,,"Bismilah
Ready stok yah om
BODYKIT JAECCO J5 WILD
Lihat selengkapnya",https://www.facebook.com/groups/861576359777228,1789658086000,raw_data_all.jsonl,rec_ef31ffa12ebe5e97,False,Bismilah Ready stok yah om BODYKIT JAECCO J5 WILD Lihat selengkapnya,bismilah ready stok yah om bodykit jaecco j5 wild lihat selengkapnya,Jaecoo J5,high,explicit_text_alias_strong,False,,,,False,not_relevant,no_adas_keyword,,UNKNOWN,,,,,,,
rec_442947d64f51d07b,Jaecoo J5,Jaecoo J5 EV INDONESIA,https://www.facebook.com/groups/861576359777228,post_4,post_4_comment_22,post_4,comment,,,,klo sudah terpasang sprri apa mas ?,https://www.facebook.com/groups/861576359777228,1789658086000,raw_data_all.jsonl,rec_442947d64f51d07b,False,klo sudah terpasang sprri apa mas ?,klo sudah terpasang sprri apa mas ?,Jaecoo J5,medium,community_context,False,,,,False,not_relevant,no_adas_keyword,,UNKNOWN,,,,,,,
rec_2c4ff41acb0b4576,Jaecoo J5,Jaecoo J5 EV INDONESIA,https://www.facebook.com/groups/861576359777228,post_4,post_4_comment_23,post_4,comment,,,,"Ma af nanya di sini ada yg pernah tes drive jaecoo J5 dengan Byd atto 1
Enak mana suspensi nya ???
dan perlindungan baterai nya bagus Atto 1 atau Jaecoo J5 ???",https://www.facebook.com/groups/861576359777228,1789658087000,raw_data_all.jsonl,rec_2c4ff41acb0b4576,False,Ma af nanya di sini ada yg pernah tes drive jaecoo J5 dengan Byd atto 1 Enak mana suspensi nya ??? dan perlindungan baterai nya bagus Atto 1 atau Jaecoo J5 ???,ma af nanya di sini ada yg pernah tes drive jaecoo j5 dengan byd atto 1 enak mana suspensi nya ??? dan perlindungan baterai nya bagus atto 1 atau jaecoo j5 ???,Jaecoo J5,high,explicit_text_alias_strong,False,,,,False,not_relevant,no_adas_keyword,,UNKNOWN,,,,,,,
rec_12c1e8d13036458e,Jaecoo J5,Jaecoo J5 EV INDONESIA,https://www.facebook.com/groups/861576359777228,post_4,post_4_comment_24,post_4,comment,,,,"Kalau segmentasi ny aja beda om, j5 premium city off-road, byw atto murni city car vs imbangnya chery q atau tiggo basic.",https://www.facebook.com/groups/861576359777228,1789658087000,raw_data_all.jsonl,rec_12c1e8d13036458e,False,"Kalau segmentasi ny aja beda om, j5 premium city off-road, byw atto murni city car vs imbangnya chery q atau tiggo basic.","kalau segmentasi ny aja beda om, j5 premium city off-road, byw atto murni city car vs imbangnya chery q atau tiggo basic.",Jaecoo J5,high,explicit_text_alias_strong,False,,,,False,not_relevant,no_adas_keyword,,UNKNOWN,,,,,,,
rec_1ea8110e3da21345,Jaecoo J5,Jaecoo J5 EV INDONESIA,https://www.facebook.com/groups/861576359777228,post_4,post_4_comment_25,post_4,comment,,,,"Punya dua dua nya om.. secara experience kenyamanan suspensi masih mending j5, atto 1 enak di mobilitas dan regen masih nyaman..",https://www.facebook.com/groups/861576359777228,1789658087000,raw_data_all.jsonl,rec_1ea8110e3da21345,False,"Punya dua dua nya om.. secara experience kenyamanan suspensi masih mending j5, atto 1 enak di mobilitas dan regen masih nyaman..","punya dua dua nya om.. secara experience kenyamanan suspensi masih mending j5, atto 1 enak di mobilitas dan regen masih nyaman..",Jaecoo J5,high,explicit_text_alias_strong,False,,,,False,not_relevant,no_adas_keyword,,UNKNOWN,,,,,,,
rec_9819acf6d6870ee1,Jaecoo J5,Jaecoo J5 EV INDONESIA,https://www.facebook.com/groups/861576359777228,post_4,post_4_comment_26,post_4,comment,,,,"Plat B ngecas di Semarang, ownernya ninggal mobil ga ninggalin nomer hape ke security.. pdhl sdh penuh... di Semarang SPKLU tdk sebanyak di Jakarta... 
kasihan yg antri… Lihat selengkapnya",https://www.facebook.com/groups/861576359777228,1789658089000,raw_data_all.jsonl,rec_9819acf6d6870ee1,False,"Plat B ngecas di Semarang, ownernya ninggal mobil ga ninggalin nomer hape ke security.. pdhl sdh penuh... di Semarang SPKLU tdk sebanyak di Jakarta... kasihan yg antri… Lihat selengkapnya","plat b ngecas di semarang, ownernya ninggal mobil ga ninggalin nomer hape ke security.. pdhl sdh penuh... di semarang spklu tdk sebanyak di jakarta... kasihan yg antri… lihat selengkapnya",Jaecoo J5,medium,community_context,False,,,,False,not_relevant,no_adas_keyword,,UNKNOWN,,,,,,,
rec_a7f3cf763c8713d4,Jaecoo J5,Jaecoo J5 EV INDONESIA,https://www.facebook.com/groups/861576359777228,post_4,post_4_comment_27,post_4,comment,,,,"Plat B ngecas di Semarang, ownernya ninggal mobil ga ninggalin nomer hape ke security.. pdhl sdh penuh... di Semarang SPKLU tdk sebanyak di Jakarta...",https://www.facebook.com/groups/861576359777228,1789658089000,raw_data_all.jsonl,rec_a7f3cf763c8713d4,False,"Plat B ngecas di Semarang, ownernya ninggal mobil ga ninggalin nomer hape ke security.. pdhl sdh penuh... di Semarang SPKLU tdk sebanyak di Jakarta...","plat b ngecas di semarang, ownernya ninggal mobil ga ninggalin nomer hape ke security.. pdhl sdh penuh... di semarang spklu tdk sebanyak di jakarta...",Jaecoo J5,medium,community_context,False,,,,False,not_relevant,no_adas_keyword,,UNKNOWN,,,,,,,
rec_492ca9fb029c8308,Jaecoo J5,Jaecoo J5 EV INDONESIA,https://www.facebook.com/groups/861576359777228,post_4,post_4_comment_28,post_4,comment,,,,kasihan yg antri… Lihat selengkapnya,https://www.facebook.com/groups/861576359777228,1789658089000,raw_data_all.jsonl,rec_492ca9fb029c8308,False,kasihan yg antri… Lihat selengkapnya,kasihan yg antri… lihat selengkapnya,Jaecoo J5,medium,community_context,False,,,,False,not_relevant,no_adas_keyword,,UNKNOWN,,,,,,,
rec_80e72ded8370907a,Jaecoo J5,Jaecoo J5 EV INDONESIA,https://www.facebook.com/groups/861576359777228,post_4,post_4_comment_29,post_4,comment,,,,Harusnya ada fee tambahan tiap menit kalau sudah full ngga dipindah,https://www.facebook.com/groups/861576359777228,1789658089000,raw_data_all.jsonl,rec_80e72ded8370907a,False,Harusnya ada fee tambahan tiap menit kalau sudah full ngga dipindah,harusnya ada fee tambahan tiap menit kalau sudah full ngga dipindah,Jaecoo J5,medium,community_context,False,,,,False,not_relevant,no_adas_keyword,,UNKNOWN,,,,,,,
rec_7f291fc0aec3c095,Jaecoo J5,Jaecoo J5 EV INDONESIA,https://www.facebook.com/groups/861576359777228,post_4,post_4_comment_30,post_4,comment,,,,"Next, produsen ev buat kendaraan otomotis release gun only, jika sudah 100% full. Soal mindahin mobil di spklu disediakan hidr… Lihat selengkapnya",https://www.facebook.com/groups/861576359777228,1789658089000,raw_data_all.jsonl,rec_7f291fc0aec3c095,False,"Next, produsen ev buat kendaraan otomotis release gun only, jika sudah 100% full. Soal mindahin mobil di spklu disediakan hidr… Lihat selengkapnya","next, produsen ev buat kendaraan otomotis release gun only, jika sudah 100% full. soal mindahin mobil di spklu disediakan hidr… lihat selengkapnya",Jaecoo J5,medium,community_context,False,,,,False,not_relevant,no_adas_keyword,,UNKNOWN,,,,,,,
rec_f6d243981204373f,Jaecoo J5,Jaecoo J5 EV INDONESIA,https://www.facebook.com/groups/861576359777228,post_4,post_4_comment_31,post_4,comment,,,,"Dengan semakin maraknya trend EV di Indonesia jadi makin marak juga penjual EV Charger di Indonesia.
Tapi banyak yg mengutamakan harga yg murah agar lebih bersaing dengan seller yg lain.
Jangan asal beli EV charger harus dipastikan:
1. Ada Garansi
2. Ada Certificate sudah lulus uji misalnya CE FCC Rohs dsb.
Lihat selengkapnya",https://www.facebook.com/groups/861576359777228,1789658091000,raw_data_all.jsonl,rec_f6d243981204373f,False,Dengan semakin maraknya trend EV di Indonesia jadi makin marak juga penjual EV Charger di Indonesia. Tapi banyak yg mengutamakan harga yg murah agar lebih bersaing dengan seller yg lain. Jangan asal beli EV charger harus dipastikan: 1. Ada Garansi 2. Ada Certificate sudah lulus uji misalnya CE FCC Rohs dsb. Lihat selengkapnya,dengan semakin maraknya trend ev di indonesia jadi makin marak juga penjual ev charger di indonesia. tapi banyak yg mengutamakan harga yg murah agar lebih bersaing dengan seller yg lain. jangan asal beli ev charger harus dipastikan: 1. ada garansi 2. ada certificate sudah lulus uji misalnya ce fcc rohs dsb. lihat selengkapnya,Jaecoo J5,medium,community_context,False,,,,False,not_relevant,no_adas_keyword,,UNKNOWN,,,,,,,
rec_a291733a6da06129,Jaecoo J5,Jaecoo J5 EV INDONESIA,https://www.facebook.com/groups/861576359777228,post_4,post_4_comment_32,post_4,comment,,,,Otoproject console storage Jaecoo J5,https://www.facebook.com/groups/861576359777228,1789658093000,raw_data_all.jsonl,rec_a291733a6da06129,False,Otoproject console storage Jaecoo J5,otoproject console storage jaecoo j5,Jaecoo J5,high,explicit_text_alias_strong,False,,,,False,not_relevant,no_adas_keyword,,UNKNOWN,,,,,,,
rec_331f9ac5aba1e234,Jaecoo J5,Jaecoo J5 EV INDONESIA,https://www.facebook.com/groups/861576359777228,post_4,post_4_comment_33,post_4,comment,,,,"Izin ya Min..
Buat temen-temen Jaecoo J5 yang pengen handling lebih mantap dan mobil terasa lebih stabil saat bermanuver maupun cornering, (Stabilizer ReinforX)  bisa jadi pilihan.
yang mau tanya tanya atau mau langsung pasang, boleh chat saya.… Lihat selengkapnya",https://www.facebook.com/groups/861576359777228,1789658094000,raw_data_all.jsonl,rec_331f9ac5aba1e234,False,"Izin ya Min.. Buat temen-temen Jaecoo J5 yang pengen handling lebih mantap dan mobil terasa lebih stabil saat bermanuver maupun cornering, (Stabilizer ReinforX) bisa jadi pilihan. yang mau tanya tanya atau mau langsung pasang, boleh chat saya.… Lihat selengkapnya","izin ya min.. buat temen-temen jaecoo j5 yang pengen handling lebih mantap dan mobil terasa lebih stabil saat bermanuver maupun cornering, (stabilizer reinforx) bisa jadi pilihan. yang mau tanya tanya atau mau langsung pasang, boleh chat saya.… lihat selengkapnya",Jaecoo J5,high,explicit_text_alias_strong,False,,,,False,not_relevant,no_adas_keyword,,UNKNOWN,,,,,,,
rec_57954d86cb50d701,Jaecoo J5,Jaecoo J5 EV INDONESIA,https://www.facebook.com/groups/861576359777228,post_4,post_4_comment_34,post_4,comment,,,,Izin ya Min..,https://www.facebook.com/groups/861576359777228,1789658095000,raw_data_all.jsonl,rec_57954d86cb50d701,False,Izin ya Min..,izin ya min..,Jaecoo J5,medium,community_context,False,,,,False,not_relevant,no_adas_keyword,,UNKNOWN,,,,,,,
rec_575d8f9d2f3c1429,Jaecoo J5,Jaecoo J5 EV INDONESIA,https://www.facebook.com/groups/861576359777228,post_4,post_4_comment_35,post_4,comment,,,,"Buat temen-temen Jaecoo J5 yang pengen handling lebih mantap dan mobil terasa lebih stabil saat bermanuver maupun cornering, (Stabilizer ReinforX)  bisa jadi pilihan.",https://www.facebook.com/groups/861576359777228,1789658095000,raw_data_all.jsonl,rec_575d8f9d2f3c1429,False,"Buat temen-temen Jaecoo J5 yang pengen handling lebih mantap dan mobil terasa lebih stabil saat bermanuver maupun cornering, (Stabilizer ReinforX) bisa jadi pilihan.","buat temen-temen jaecoo j5 yang pengen handling lebih mantap dan mobil terasa lebih stabil saat bermanuver maupun cornering, (stabilizer reinforx) bisa jadi pilihan.",Jaecoo J5,high,explicit_text_alias_strong,False,,,,False,not_relevant,no_adas_keyword,,UNKNOWN,,,,,,,
rec_287bf49f44155fbd,Jaecoo J5,Jaecoo J5 EV INDONESIA,https://www.facebook.com/groups/861576359777228,post_4,post_4_comment_36,post_4,comment,,,,"yang mau tanya tanya atau mau langsung pasang, boleh chat saya.… Lihat selengkapnya",https://www.facebook.com/groups/861576359777228,1789658096000,raw_data_all.jsonl,rec_287bf49f44155fbd,False,"yang mau tanya tanya atau mau langsung pasang, boleh chat saya.… Lihat selengkapnya","yang mau tanya tanya atau mau langsung pasang, boleh chat saya.… lihat selengkapnya",Jaecoo J5,medium,community_context,False,,,,False,not_relevant,no_adas_keyword,,UNKNOWN,,,,,,,
rec_e555d6cffb66e40e,Jaecoo J5,Jaecoo J5 EV INDONESIA,https://www.facebook.com/groups/861576359777228,post_4,post_4_comment_37,post_4,comment,,,,"EVCity sebentar lagi hadir di Summarecon Crown Gading. Masih sneak peek dulu, detailnya jangan spill dulu ya 
… Lihat selengkapnya",https://www.facebook.com/groups/861576359777228,1789658098000,raw_data_all.jsonl,rec_e555d6cffb66e40e,False,"EVCity sebentar lagi hadir di Summarecon Crown Gading. Masih sneak peek dulu, detailnya jangan spill dulu ya … Lihat selengkapnya","evcity sebentar lagi hadir di summarecon crown gading. masih sneak peek dulu, detailnya jangan spill dulu ya … lihat selengkapnya",Jaecoo J5,medium,community_context,False,,,,False,not_relevant,no_adas_keyword,,UNKNOWN,,,,,,,
rec_484f1ea9bef85510,Jaecoo J5,Jaecoo J5 EV INDONESIA,https://www.facebook.com/groups/861576359777228,post_4,post_4_comment_38,post_4,comment,,,,"Yang mau pasang ppf full bodyy 
081226602624",https://www.facebook.com/groups/861576359777228,1789658102000,raw_data_all.jsonl,rec_484f1ea9bef85510,False,Yang mau pasang ppf full bodyy 081226602624,yang mau pasang ppf full bodyy 081226602624,Jaecoo J5,medium,community_context,False,,,,False,not_relevant,no_adas_keyword,,UNKNOWN,,,,,,,
rec_18b444ea1f5f6622,Jaecoo J5,Jaecoo J5 EV INDONESIA,https://www.facebook.com/groups/861576359777228,post_4,post_4_comment_39,post_4,comment,,,,Yang mau pasang ppf full bodyy,https://www.facebook.com/groups/861576359777228,1789658102000,raw_data_all.jsonl,rec_18b444ea1f5f6622,False,Yang mau pasang ppf full bodyy,yang mau pasang ppf full bodyy,Jaecoo J5,medium,community_context,False,,,,False,not_relevant,no_adas_keyword,,UNKNOWN,,,,,,,
rec_b0ff030e6e4eed24,Jaecoo J5,Jaecoo J5 EV INDONESIA,https://www.facebook.com/groups/861576359777228,post_4,post_4_comment_40,post_4,comment,,,,081226602624,https://www.facebook.com/groups/861576359777228,1789658102000,raw_data_all.jsonl,rec_b0ff030e6e4eed24,False,081226602624,081226602624,Jaecoo J5,medium,community_context,False,,,,False,not_relevant,no_adas_keyword,,UNKNOWN,,,,,,,
rec_bd5dd22d160ba041,Jaecoo J5,Jaecoo J5 EV INDONESIA,https://www.facebook.com/groups/861576359777228,post_4,post_4_comment_41,post_4,comment,,,,Di mana ini..,https://www.facebook.com/groups/861576359777228,1789658102000,raw_data_all.jsonl,rec_bd5dd22d160ba041,False,Di mana ini..,di mana ini..,Jaecoo J5,medium,community_context,False,,,,False,not_relevant,no_adas_keyword,,UNKNOWN,,,,,,,
rec_62300fb19926494b,Jaecoo J5,Jaecoo J5 EV INDONESIA,https://www.facebook.com/groups/861576359777228,post_4,post_4_comment_42,post_4,comment,,,,"Di jual velg + ban oem jaecoo j5.
Harga @4.8 bisa nego.
Lokasi jalan duku, Petukangan Utara.jaksel.
Di utamakan cod biar sama2 aman..
Wa 089635865649..
Lihat selengkapnya",https://www.facebook.com/groups/861576359777228,1789658105000,raw_data_all.jsonl,rec_62300fb19926494b,False,"Di jual velg + ban oem jaecoo j5. Harga [mention] .8 bisa nego. Lokasi jalan duku, Petukangan Utara.jaksel. Di utamakan cod biar sama2 aman.. Wa 089635865649.. Lihat selengkapnya","di jual velg + ban oem jaecoo j5. harga [mention] .8 bisa nego. lokasi jalan duku, petukangan utara.jaksel. di utamakan cod biar sama2 aman.. wa 089635865649.. lihat selengkapnya",Jaecoo J5,high,explicit_text_alias_strong,False,,,,False,not_relevant,no_adas_keyword,,UNKNOWN,,,,,,,
rec_eccebab5e6806442,Jaecoo J5,Jaecoo J5 EV INDONESIA,https://www.facebook.com/groups/861576359777228,post_4,post_4_comment_43,post_4,comment,,,,Bisa cod pak,https://www.facebook.com/groups/861576359777228,1789658105000,raw_data_all.jsonl,rec_eccebab5e6806442,False,Bisa cod pak,bisa cod pak,Jaecoo J5,medium,community_context,False,,,,False,not_relevant,no_adas_keyword,,UNKNOWN,,,,,,,
rec_6ad696d230144f79,Jaecoo J5,Jaecoo J5 EV INDONESIA,https://www.facebook.com/groups/861576359777228,post_4,post_4_comment_44,post_4,comment,,,,Harga satuan 4.8 bisa nego,https://www.facebook.com/groups/861576359777228,1789658105000,raw_data_all.jsonl,rec_6ad696d230144f79,False,Harga satuan 4.8 bisa nego,harga satuan 4.8 bisa nego,Jaecoo J5,medium,community_context,False,,,,False,not_relevant,no_adas_keyword,,UNKNOWN,,,,,,,
rec_ea7edbddd5779519,Jaecoo J5,Jaecoo J5 EV INDONESIA,https://www.facebook.com/groups/861576359777228,post_4,post_4_comment_45,post_4,comment,,,,"WTB
Velg + Ban original copotan Jaecoo J5, dm aja harganya, penipu minggir dulu buang2 wkt, cocok harga lgsg COD di Tangerang yaa, makasih",https://www.facebook.com/groups/861576359777228,1789658106000,raw_data_all.jsonl,rec_ea7edbddd5779519,False,"WTB Velg + Ban original copotan Jaecoo J5, dm aja harganya, penipu minggir dulu buang2 wkt, cocok harga lgsg COD di Tangerang yaa, makasih","wtb velg + ban original copotan jaecoo j5, dm aja harganya, penipu minggir dulu buang2 wkt, cocok harga lgsg cod di tangerang yaa, makasih",Jaecoo J5,high,explicit_text_alias_strong,False,,,,False,not_relevant,no_adas_keyword,,UNKNOWN,,,,,,,
rec_8e66d162c99d8dcc,Jaecoo J5,Jaecoo J5 EV INDONESIA,https://www.facebook.com/groups/861576359777228,post_4,post_4_comment_46,post_4,comment,,,,Home service wrap,https://www.facebook.com/groups/861576359777228,1789658106000,raw_data_all.jsonl,rec_8e66d162c99d8dcc,False,Home service wrap,home service wrap,Jaecoo J5,medium,community_context,False,,,,False,not_relevant,no_adas_keyword,,UNKNOWN,,,,,,,
rec_6f3f40b69d46bf84,Jaecoo J5,Jaecoo J5 EV INDONESIA,https://www.facebook.com/groups/861576359777228,post_4,post_4_comment_47,post_4,comment,,,,"Bisa hubungi
085781060695",https://www.facebook.com/groups/861576359777228,1789658106000,raw_data_all.jsonl,rec_6f3f40b69d46bf84,False,Bisa hubungi 085781060695,bisa hubungi 085781060695,Jaecoo J5,medium,community_context,False,,,,False,not_relevant,no_adas_keyword,,UNKNOWN,,,,,,,
rec_c3f0d85a5892a14a,Jaecoo J5,Jaecoo J5 EV INDONESIA,https://www.facebook.com/groups/861576359777228,post_4,post_4_comment_48,post_4,comment,,,,"Indent Cepat
Ini solusinya.
Izin Post Admin
Sudah bisa dipesan
Lihat selengkapnya",https://www.facebook.com/groups/861576359777228,1789658109000,raw_data_all.jsonl,rec_c3f0d85a5892a14a,False,Indent Cepat Ini solusinya. Izin Post Admin Sudah bisa dipesan Lihat selengkapnya,indent cepat ini solusinya. izin post admin sudah bisa dipesan lihat selengkapnya,Jaecoo J5,medium,community_context,False,,,,False,not_relevant,no_adas_keyword,,UNKNOWN,,,,,,,
rec_dcd3579d145d69f6,Jaecoo J5,Jaecoo J5 EV INDONESIA,https://www.facebook.com/groups/861576359777228,post_4,post_4_comment_49,post_4,comment,,,,"Update OTR Jadetabek Terbaru
Info pemesanan dan test drive bisa langsung datang ke showroom kita di Omoda | Jaecoo Pondok Pinang, lebih tepatnya di Jl. Ciputat Raya No. 80 Jakarta Selatan, Pondok Pinang.
Atau bisa fajar bawain unit test drivenya ke Rumah atau ke kantor kalian
Hub ; fajar 0897-9537-039",https://www.facebook.com/groups/861576359777228,1789658111000,raw_data_all.jsonl,rec_dcd3579d145d69f6,False,"Update OTR Jadetabek Terbaru Info pemesanan dan test drive bisa langsung datang ke showroom kita di Omoda | Jaecoo Pondok Pinang, lebih tepatnya di Jl. Ciputat Raya No. 80 Jakarta Selatan, Pondok Pinang. Atau bisa fajar bawain unit test drivenya ke Rumah atau ke kantor kalian Hub ; fajar 0897-9537-039","update otr jadetabek terbaru info pemesanan dan test drive bisa langsung datang ke showroom kita di omoda | jaecoo pondok pinang, lebih tepatnya di jl. ciputat raya no. 80 jakarta selatan, pondok pinang. atau bisa fajar bawain unit test drivenya ke rumah atau ke kantor kalian hub ; fajar 0897-9537-039",Jaecoo J5,high,explicit_text_alias_strong,False,,,,False,not_relevant,no_adas_keyword,,UNKNOWN,,,,,,,
rec_a609a6b93bcdee15,Jaecoo J5,Jaecoo J5 EV INDONESIA,https://www.facebook.com/groups/861576359777228,post_4,post_4_comment_50,post_4,comment,,,,"Mobil Listrik Naik Kapal, Aturannya Bakal Diperkuat?
Kementerian Perhubungan tengah menyiapkan aturan terkait pengangkutan mobil listrik melalui kapal laut.… Lihat selengkapnya",https://www.facebook.com/groups/861576359777228,1789658112000,raw_data_all.jsonl,rec_a609a6b93bcdee15,False,"Mobil Listrik Naik Kapal, Aturannya Bakal Diperkuat? Kementerian Perhubungan tengah menyiapkan aturan terkait pengangkutan mobil listrik melalui kapal laut.… Lihat selengkapnya","mobil listrik naik kapal, aturannya bakal diperkuat? kementerian perhubungan tengah menyiapkan aturan terkait pengangkutan mobil listrik melalui kapal laut.… lihat selengkapnya",Jaecoo J5,medium,community_context,False,,,,False,not_relevant,no_adas_keyword,,UNKNOWN,,,,,,,
rec_a33ca43c91e38ec1,Jaecoo J5,Jaecoo J5 EV INDONESIA,https://www.facebook.com/groups/861576359777228,post_4,post_4_comment_51,post_4,comment,,,,"Mobil Listrik Naik Kapal, Aturannya Bakal Diperkuat?",https://www.facebook.com/groups/861576359777228,1789658112000,raw_data_all.jsonl,rec_a33ca43c91e38ec1,False,"Mobil Listrik Naik Kapal, Aturannya Bakal Diperkuat?","mobil listrik naik kapal, aturannya bakal diperkuat?",Jaecoo J5,medium,community_context,False,,,,False,not_relevant,no_adas_keyword,,UNKNOWN,,,,,,,
rec_d88932e74b1ba672,Jaecoo J5,Jaecoo J5 EV INDONESIA,https://www.facebook.com/groups/861576359777228,post_4,post_4_comment_52,post_4,comment,,,,Kementerian Perhubungan tengah menyiapkan aturan terkait pengangkutan mobil listrik melalui kapal laut.… Lihat selengkapnya,https://www.facebook.com/groups/861576359777228,1789658112000,raw_data_all.jsonl,rec_d88932e74b1ba672,False,Kementerian Perhubungan tengah menyiapkan aturan terkait pengangkutan mobil listrik melalui kapal laut.… Lihat selengkapnya,kementerian perhubungan tengah menyiapkan aturan terkait pengangkutan mobil listrik melalui kapal laut.… lihat selengkapnya,Jaecoo J5,medium,community_context,False,,,,False,not_relevant,no_adas_keyword,,UNKNOWN,,,,,,,
rec_4ca74859f08a0898,Jaecoo J5,Jaecoo J5 EV INDONESIA,https://www.facebook.com/groups/861576359777228,post_4,post_4_comment_53,post_4,comment,,,,"Bismillah.. dear Om Admin izin menawarkan ban velg serep baru gress 2026 Jaecoo J5
Velg Jaecoo Ori BARU
Ban Ori Giti Control P10 BARU 2026… Lihat selengkapnya",https://www.facebook.com/groups/861576359777228,1789658114000,raw_data_all.jsonl,rec_4ca74859f08a0898,False,Bismillah.. dear Om Admin izin menawarkan ban velg serep baru gress 2026 Jaecoo J5 Velg Jaecoo Ori BARU Ban Ori Giti Control P10 BARU 2026… Lihat selengkapnya,bismillah.. dear om admin izin menawarkan ban velg serep baru gress 2026 jaecoo j5 velg jaecoo ori baru ban ori giti control p10 baru 2026… lihat selengkapnya,Jaecoo J5,high,explicit_text_alias_strong,False,,,,False,not_relevant,no_adas_keyword,,UNKNOWN,,,,,,,
rec_9182d82fe077f5f6,Jaecoo J5,Jaecoo J5 EV INDONESIA,https://www.facebook.com/groups/861576359777228,post_4,post_4_comment_54,post_4,comment,,,,Bismillah.. dear Om Admin izin menawarkan ban velg serep baru gress 2026 Jaecoo J5,https://www.facebook.com/groups/861576359777228,1789658114000,raw_data_all.jsonl,rec_9182d82fe077f5f6,False,Bismillah.. dear Om Admin izin menawarkan ban velg serep baru gress 2026 Jaecoo J5,bismillah.. dear om admin izin menawarkan ban velg serep baru gress 2026 jaecoo j5,Jaecoo J5,high,explicit_text_alias_strong,False,,,,False,not_relevant,no_adas_keyword,,UNKNOWN,,,,,,,
rec_2b365ed1a0575f18,Jaecoo J5,Jaecoo J5 EV INDONESIA,https://www.facebook.com/groups/861576359777228,post_4,post_4_comment_55,post_4,comment,,,,Velg Jaecoo Ori BARU,https://www.facebook.com/groups/861576359777228,1789658114000,raw_data_all.jsonl,rec_2b365ed1a0575f18,False,Velg Jaecoo Ori BARU,velg jaecoo ori baru,Jaecoo J5,high,explicit_text_alias_strong,False,,,,False,not_relevant,no_adas_keyword,,UNKNOWN,,,,,,,
rec_137c64903a90f7ec,Jaecoo J5,Jaecoo J5 EV INDONESIA,https://www.facebook.com/groups/861576359777228,post_4,post_4_comment_56,post_4,comment,,,,Ban Ori Giti Control P10 BARU 2026… Lihat selengkapnya,https://www.facebook.com/groups/861576359777228,1789658114000,raw_data_all.jsonl,rec_137c64903a90f7ec,False,Ban Ori Giti Control P10 BARU 2026… Lihat selengkapnya,ban ori giti control p10 baru 2026… lihat selengkapnya,Jaecoo J5,medium,community_context,False,,,,False,not_relevant,no_adas_keyword,,UNKNOWN,,,,,,,
rec_12b1ccd2de0f9fac,Jaecoo J5,Jaecoo J5 EV INDONESIA,https://www.facebook.com/groups/861576359777228,post_4,post_4_comment_57,post_4,comment,,,,Ambil satuan bisa? Saya mau 1,https://www.facebook.com/groups/861576359777228,1789658114000,raw_data_all.jsonl,rec_12b1ccd2de0f9fac,False,Ambil satuan bisa? Saya mau 1,ambil satuan bisa? saya mau 1,Jaecoo J5,medium,community_context,False,,,,False,not_relevant,no_adas_keyword,,UNKNOWN,,,,,,,
rec_cc526fa4f56d920a,Jaecoo J5,Jaecoo J5 EV INDONESIA,https://www.facebook.com/groups/861576359777228,post_4,post_4_comment_58,post_4,comment,,,,Mau 1 pak,https://www.facebook.com/groups/861576359777228,1789658114000,raw_data_all.jsonl,rec_cc526fa4f56d920a,False,Mau 1 pak,mau 1 pak,Jaecoo J5,medium,community_context,False,,,,False,not_relevant,no_adas_keyword,,UNKNOWN,,,,,,,
rec_bb991645c8e90862,Jaecoo J5,Jaecoo J5 EV INDONESIA,https://www.facebook.com/groups/861576359777228,post_4,post_4_comment_59,post_4,comment,,,,"Naik level nggak harus berlebihan. Cukup pilih JAECOO J5. 
Tampilan premium 
… Lihat selengkapnya",https://www.facebook.com/groups/861576359777228,1789658116000,raw_data_all.jsonl,rec_bb991645c8e90862,False,Naik level nggak harus berlebihan. Cukup pilih JAECOO J5. Tampilan premium … Lihat selengkapnya,naik level nggak harus berlebihan. cukup pilih jaecoo j5. tampilan premium … lihat selengkapnya,Jaecoo J5,high,explicit_text_alias_strong,False,,,,False,not_relevant,no_adas_keyword,,UNKNOWN,,,,,,,
rec_a457c0a080995948,Jaecoo J5,Jaecoo J5 EV INDONESIA,https://www.facebook.com/groups/861576359777228,post_4,post_4_comment_60,post_4,comment,,,,Naik level nggak harus berlebihan. Cukup pilih JAECOO J5.,https://www.facebook.com/groups/861576359777228,1789658116000,raw_data_all.jsonl,rec_a457c0a080995948,False,Naik level nggak harus berlebihan. Cukup pilih JAECOO J5.,naik level nggak harus berlebihan. cukup pilih jaecoo j5.,Jaecoo J5,high,explicit_text_alias_strong,False,,,,False,not_relevant,no_adas_keyword,,UNKNOWN,,,,,,,
rec_cb0d44ecbac4531a,Jaecoo J5,Jaecoo J5 EV INDONESIA,https://www.facebook.com/groups/861576359777228,post_4,post_4_comment_61,post_4,comment,,,,"Tampilan premium 
… Lihat selengkapnya",https://www.facebook.com/groups/861576359777228,1789658116000,raw_data_all.jsonl,rec_cb0d44ecbac4531a,False,Tampilan premium … Lihat selengkapnya,tampilan premium … lihat selengkapnya,Jaecoo J5,medium,community_context,False,,,,False,not_relevant,no_adas_keyword,,UNKNOWN,,,,,,,
rec_1aefcd9a523dfaff,Jaecoo J5,Jaecoo J5 EV INDONESIA,https://www.facebook.com/groups/861576359777228,1117777857490409,,,post,,,,"Hann Crist
  ·
12 jam
  ·
Pembuat
Tunggu apa lagi
Balas
Bagikan",https://www.facebook.com/groups/861576359777228/posts/1117777857490409/?comment_id=1119498147318380&__cft__[0]=AZhBKvwzwl2RyiuM-dUkxUDfvOucMCef-RxezSsVJaNxSmVJWDIhUHBTgpWzXxqGOl-KxMM11jz5LXrPZzzkI8N8tY9MN-a2oUUmr2kV2hr3Qup7CFv6G39VKUKimeVul2awbtKg57XtuSCBjCNpXs2Xwn37QfHRDJB9t1Odiqny2tlZ8AMf36MlxSwfbSBQJqOLAKk4yQ52vjn7bg&__tn__=R-R,1789658123000,raw_data_all.jsonl,rec_1aefcd9a523dfaff,False,Hann Crist · 12 jam · Pembuat Tunggu apa lagi Balas Bagikan,hann crist · 12 jam · pembuat tunggu apa lagi balas bagikan,Jaecoo J5,medium,community_context,False,,,,False,not_relevant,no_adas_keyword,,UNKNOWN,,,,,,,
rec_cacbfa7e0ce53144,Jaecoo J5,Jaecoo J5 EV INDONESIA,https://www.facebook.com/groups/861576359777228,1117777857490409,1117777857490409_comment_1,1117777857490409,comment,,,,"FORTUNER VNT TRD
TAHUN 2013
SURAT LENGKAP
PAJEK HIDUP 10.26
KM 88 RB RECORD
Lihat selengkapnya",https://www.facebook.com/groups/861576359777228/posts/1117777857490409/?comment_id=1119498147318380&__cft__[0]=AZhBKvwzwl2RyiuM-dUkxUDfvOucMCef-RxezSsVJaNxSmVJWDIhUHBTgpWzXxqGOl-KxMM11jz5LXrPZzzkI8N8tY9MN-a2oUUmr2kV2hr3Qup7CFv6G39VKUKimeVul2awbtKg57XtuSCBjCNpXs2Xwn37QfHRDJB9t1Odiqny2tlZ8AMf36MlxSwfbSBQJqOLAKk4yQ52vjn7bg&__tn__=R-R,1789658127000,raw_data_all.jsonl,rec_cacbfa7e0ce53144,False,FORTUNER VNT TRD TAHUN 2013 SURAT LENGKAP PAJEK HIDUP 10.26 KM 88 RB RECORD Lihat selengkapnya,fortuner vnt trd tahun 2013 surat lengkap pajek hidup 10.26 km 88 rb record lihat selengkapnya,Jaecoo J5,medium,community_context,False,,,,False,not_relevant,no_adas_keyword,,UNKNOWN,,,,,,,
rec_6e2f1ea1f2109ac8,Jaecoo J5,Jaecoo J5 EV INDONESIA,https://www.facebook.com/groups/861576359777228,1117777857490409,1117777857490409_comment_2,1117777857490409,comment,,,,"Langsung wa Chris
Ada stock nomor rangka
 YUK gas 
0895358076789.
YUU BANYAK PROMO MENARIK
HANYA DI JAECOO ARTA PLUIT",https://www.facebook.com/groups/861576359777228/posts/1117777857490409/?comment_id=1119498147318380&__cft__[0]=AZhBKvwzwl2RyiuM-dUkxUDfvOucMCef-RxezSsVJaNxSmVJWDIhUHBTgpWzXxqGOl-KxMM11jz5LXrPZzzkI8N8tY9MN-a2oUUmr2kV2hr3Qup7CFv6G39VKUKimeVul2awbtKg57XtuSCBjCNpXs2Xwn37QfHRDJB9t1Odiqny2tlZ8AMf36MlxSwfbSBQJqOLAKk4yQ52vjn7bg&__tn__=R-R,1789658127000,raw_data_all.jsonl,rec_6e2f1ea1f2109ac8,False,Langsung wa Chris Ada stock nomor rangka YUK gas 0895358076789. YUU BANYAK PROMO MENARIK HANYA DI JAECOO ARTA PLUIT,langsung wa chris ada stock nomor rangka yuk gas 0895358076789. yuu banyak promo menarik hanya di jaecoo arta pluit,Jaecoo J5,high,explicit_text_alias_strong,False,,,,False,not_relevant,no_adas_keyword,,UNKNOWN,,,,,,,
rec_9dd63c19444da100,Jaecoo J5,Jaecoo J5 EV INDONESIA,https://www.facebook.com/groups/861576359777228,1117777857490409,1117777857490409_comment_3,1117777857490409,comment,,,,Langsung wa Chris,https://www.facebook.com/groups/861576359777228/posts/1117777857490409/?comment_id=1119498147318380&__cft__[0]=AZhBKvwzwl2RyiuM-dUkxUDfvOucMCef-RxezSsVJaNxSmVJWDIhUHBTgpWzXxqGOl-KxMM11jz5LXrPZzzkI8N8tY9MN-a2oUUmr2kV2hr3Qup7CFv6G39VKUKimeVul2awbtKg57XtuSCBjCNpXs2Xwn37QfHRDJB9t1Odiqny2tlZ8AMf36MlxSwfbSBQJqOLAKk4yQ52vjn7bg&__tn__=R-R,1789658127000,raw_data_all.jsonl,rec_9dd63c19444da100,False,Langsung wa Chris,langsung wa chris,Jaecoo J5,medium,community_context,False,,,,False,not_relevant,no_adas_keyword,,UNKNOWN,,,,,,,
rec_9cd026d93de4afcb,Jaecoo J5,Jaecoo J5 EV INDONESIA,https://www.facebook.com/groups/861576359777228,1117777857490409,1117777857490409_comment_4,1117777857490409,comment,,,,"Ada stock nomor rangka
 YUK gas",https://www.facebook.com/groups/861576359777228/posts/1117777857490409/?comment_id=1119498147318380&__cft__[0]=AZhBKvwzwl2RyiuM-dUkxUDfvOucMCef-RxezSsVJaNxSmVJWDIhUHBTgpWzXxqGOl-KxMM11jz5LXrPZzzkI8N8tY9MN-a2oUUmr2kV2hr3Qup7CFv6G39VKUKimeVul2awbtKg57XtuSCBjCNpXs2Xwn37QfHRDJB9t1Odiqny2tlZ8AMf36MlxSwfbSBQJqOLAKk4yQ52vjn7bg&__tn__=R-R,1789658127000,raw_data_all.jsonl,rec_9cd026d93de4afcb,False,Ada stock nomor rangka YUK gas,ada stock nomor rangka yuk gas,Jaecoo J5,medium,community_context,False,,,,False,not_relevant,no_adas_keyword,,UNKNOWN,,,,,,,
rec_09781b4b814d3abf,Jaecoo J5,Jaecoo J5 EV INDONESIA,https://www.facebook.com/groups/861576359777228,1117777857490409,1117777857490409_comment_5,1117777857490409,comment,,,,0895358076789.,https://www.facebook.com/groups/861576359777228/posts/1117777857490409/?comment_id=1119498147318380&__cft__[0]=AZhBKvwzwl2RyiuM-dUkxUDfvOucMCef-RxezSsVJaNxSmVJWDIhUHBTgpWzXxqGOl-KxMM11jz5LXrPZzzkI8N8tY9MN-a2oUUmr2kV2hr3Qup7CFv6G39VKUKimeVul2awbtKg57XtuSCBjCNpXs2Xwn37QfHRDJB9t1Odiqny2tlZ8AMf36MlxSwfbSBQJqOLAKk4yQ52vjn7bg&__tn__=R-R,1789658127000,raw_data_all.jsonl,rec_09781b4b814d3abf,False,0895358076789.,0895358076789.,Jaecoo J5,medium,community_context,False,,,,False,not_relevant,no_adas_keyword,,UNKNOWN,,,,,,,
rec_c21ebf19b007215a,Jaecoo J5,Jaecoo J5 EV INDONESIA,https://www.facebook.com/groups/861576359777228,1117777857490409,1117777857490409_comment_6,1117777857490409,comment,,,,YUU BANYAK PROMO MENARIK,https://www.facebook.com/groups/861576359777228/posts/1117777857490409/?comment_id=1119498147318380&__cft__[0]=AZhBKvwzwl2RyiuM-dUkxUDfvOucMCef-RxezSsVJaNxSmVJWDIhUHBTgpWzXxqGOl-KxMM11jz5LXrPZzzkI8N8tY9MN-a2oUUmr2kV2hr3Qup7CFv6G39VKUKimeVul2awbtKg57XtuSCBjCNpXs2Xwn37QfHRDJB9t1Odiqny2tlZ8AMf36MlxSwfbSBQJqOLAKk4yQ52vjn7bg&__tn__=R-R,1789658127000,raw_data_all.jsonl,rec_c21ebf19b007215a,False,YUU BANYAK PROMO MENARIK,yuu banyak promo menarik,Jaecoo J5,medium,community_context,False,,,,False,not_relevant,no_adas_keyword,,UNKNOWN,,,,,,,
rec_ce38ffcafd9bd3f6,Jaecoo J5,Jaecoo J5 EV INDONESIA,https://www.facebook.com/groups/861576359777228,1117777857490409,1117777857490409_comment_7,1117777857490409,comment,,,,HANYA DI JAECOO ARTA PLUIT,https://www.facebook.com/groups/861576359777228/posts/1117777857490409/?comment_id=1119498147318380&__cft__[0]=AZhBKvwzwl2RyiuM-dUkxUDfvOucMCef-RxezSsVJaNxSmVJWDIhUHBTgpWzXxqGOl-KxMM11jz5LXrPZzzkI8N8tY9MN-a2oUUmr2kV2hr3Qup7CFv6G39VKUKimeVul2awbtKg57XtuSCBjCNpXs2Xwn37QfHRDJB9t1Odiqny2tlZ8AMf36MlxSwfbSBQJqOLAKk4yQ52vjn7bg&__tn__=R-R,1789658127000,raw_data_all.jsonl,rec_ce38ffcafd9bd3f6,False,HANYA DI JAECOO ARTA PLUIT,hanya di jaecoo arta pluit,Jaecoo J5,high,explicit_text_alias_strong,False,,,,False,not_relevant,no_adas_keyword,,UNKNOWN,,,,,,,
rec_9525fbfa8b479863,Jaecoo J5,Jaecoo J5 EV INDONESIA,https://www.facebook.com/groups/861576359777228,1117777857490409,1117777857490409_comment_8,1117777857490409,comment,,,,Tunggu apa lagi,https://www.facebook.com/groups/861576359777228/posts/1117777857490409/?comment_id=1119498147318380&__cft__[0]=AZhBKvwzwl2RyiuM-dUkxUDfvOucMCef-RxezSsVJaNxSmVJWDIhUHBTgpWzXxqGOl-KxMM11jz5LXrPZzzkI8N8tY9MN-a2oUUmr2kV2hr3Qup7CFv6G39VKUKimeVul2awbtKg57XtuSCBjCNpXs2Xwn37QfHRDJB9t1Odiqny2tlZ8AMf36MlxSwfbSBQJqOLAKk4yQ52vjn7bg&__tn__=R-R,1789658127000,raw_data_all.jsonl,rec_9525fbfa8b479863,False,Tunggu apa lagi,tunggu apa lagi,Jaecoo J5,medium,community_context,False,,,,False,not_relevant,no_adas_keyword,,UNKNOWN,,,,,,,
rec_5944090d6c3eac69,Jaecoo J5,Jaecoo J5 EV INDONESIA,https://www.facebook.com/groups/861576359777228,1117777857490409,1117777857490409_comment_9,1117777857490409,comment,,,,Yuk gaiss,https://www.facebook.com/groups/861576359777228/posts/1117777857490409/?comment_id=1119498147318380&__cft__[0]=AZhBKvwzwl2RyiuM-dUkxUDfvOucMCef-RxezSsVJaNxSmVJWDIhUHBTgpWzXxqGOl-KxMM11jz5LXrPZzzkI8N8tY9MN-a2oUUmr2kV2hr3Qup7CFv6G39VKUKimeVul2awbtKg57XtuSCBjCNpXs2Xwn37QfHRDJB9t1Odiqny2tlZ8AMf36MlxSwfbSBQJqOLAKk4yQ52vjn7bg&__tn__=R-R,1789658127000,raw_data_all.jsonl,rec_5944090d6c3eac69,False,Yuk gaiss,yuk gaiss,Jaecoo J5,medium,community_context,False,,,,False,not_relevant,no_adas_keyword,,UNKNOWN,,,,,,,
rec_678d57434cd95c2b,Jaecoo J5,Jaecoo J5 EV INDONESIA,https://www.facebook.com/groups/861576359777228,post_6,,,post,,,,"Hann Crist
  ·
12 jam
  ·
Pembuat
Yuk gaiss
Balas
Bagikan",https://www.facebook.com/groups/861576359777228,1789658194000,raw_data_all.jsonl,rec_678d57434cd95c2b,False,Hann Crist · 12 jam · Pembuat Yuk gaiss Balas Bagikan,hann crist · 12 jam · pembuat yuk gaiss balas bagikan,Jaecoo J5,medium,community_context,False,,,,False,not_relevant,no_adas_keyword,,UNKNOWN,,,,,,,
rec_907f4a8bf6aa9693,Jaecoo J5,Jaecoo J5 EV INDONESIA,https://www.facebook.com/groups/861576359777228,post_6,post_6_comment_1,post_6,comment,,,,"izin tanya semua
tekanan angin paling nyaman di j5 berapa? thx all",https://www.facebook.com/groups/861576359777228,1789658198000,raw_data_all.jsonl,rec_907f4a8bf6aa9693,False,izin tanya semua tekanan angin paling nyaman di j5 berapa? thx all,izin tanya semua tekanan angin paling nyaman di j5 berapa? thx all,Jaecoo J5,high,explicit_text_alias_strong,False,,,,False,not_relevant,no_adas_keyword,,UNKNOWN,,,,,,,
rec_ab1554add1013224,Jaecoo J5,Jaecoo J5 EV INDONESIA,https://www.facebook.com/groups/861576359777228,post_6,post_6_comment_2,post_6,comment,,,,"Saya 34 om,",https://www.facebook.com/groups/861576359777228,1789658198000,raw_data_all.jsonl,rec_ab1554add1013224,False,"Saya 34 om,","saya 34 om,",Jaecoo J5,medium,community_context,False,,,,False,not_relevant,no_adas_keyword,,UNKNOWN,,,,,,,
rec_4659235e60fa0f01,Jaecoo J5,Jaecoo J5 EV INDONESIA,https://www.facebook.com/groups/861576359777228,post_6,post_6_comment_3,post_6,comment,,,,32 nyuaman sekali,https://www.facebook.com/groups/861576359777228,1789658198000,raw_data_all.jsonl,rec_4659235e60fa0f01,False,32 nyuaman sekali,32 nyuaman sekali,Jaecoo J5,medium,community_context,False,,,,False,not_relevant,no_adas_keyword,,UNKNOWN,,,,,,,
rec_215ad20992c578c0,Jaecoo J5,Jaecoo J5 EV INDONESIA,https://www.facebook.com/groups/861576359777228,post_6,post_6_comment_4,post_6,comment,,,,"panjang 4.380 mm, lebar 1.860 mm, dan tinggi 1.650 mm dengan wheelbase 2.620 mm.",https://www.facebook.com/groups/861576359777228,1789658198000,raw_data_all.jsonl,rec_215ad20992c578c0,False,"panjang 4.380 mm, lebar 1.860 mm, dan tinggi 1.650 mm dengan wheelbase 2.620 mm.","panjang 4.380 mm, lebar 1.860 mm, dan tinggi 1.650 mm dengan wheelbase 2.620 mm.",Jaecoo J5,medium,community_context,False,,,,False,not_relevant,no_adas_keyword,,UNKNOWN,,,,,,,
rec_cc1adb77c35227b4,Jaecoo J5,Jaecoo J5 EV INDONESIA,https://www.facebook.com/groups/861576359777228,post_6,post_6_comment_5,post_6,comment,,,,"profil ban 235/55 R18, suspensi depan MacPherson dan belakang multi-link.",https://www.facebook.com/groups/861576359777228,1789658198000,raw_data_all.jsonl,rec_cc1adb77c35227b4,False,"profil ban 235/55 R18, suspensi depan MacPherson dan belakang multi-link.","profil ban 235/55 r18, suspensi depan macpherson dan belakang multi-link.",Jaecoo J5,medium,community_context,False,,,,False,not_relevant,no_adas_keyword,,UNKNOWN,,,,,,,
rec_5130ba598de21d9e,Jaecoo J5,Jaecoo J5 EV INDONESIA,https://www.facebook.com/groups/861576359777228,post_6,post_6_comment_6,post_6,comment,,,,"Saya beli Jaecoo J5 di dealer Jaecoo Cibubur, sudah 3.5 bulan masih belum jadi STNK saya. Barusan diberhentikan polisi karena plat surat jalan sudah kadaluarsa. Setiap 2-3 hari saya tanyakan ke dealer dan selalu dijawab akan dikabari jika sudah ad. Saya harus bagaimana ya?  Apakah ada yg sama pengalamannya?",https://www.facebook.com/groups/861576359777228,1789658199000,raw_data_all.jsonl,rec_5130ba598de21d9e,False,"Saya beli Jaecoo J5 di dealer Jaecoo Cibubur, sudah 3.5 bulan masih belum jadi STNK saya. Barusan diberhentikan polisi karena plat surat jalan sudah kadaluarsa. Setiap 2-3 hari saya tanyakan ke dealer dan selalu dijawab akan dikabari jika sudah ad. Saya harus bagaimana ya? Apakah ada yg sama pengalamannya?","saya beli jaecoo j5 di dealer jaecoo cibubur, sudah 3.5 bulan masih belum jadi stnk saya. barusan diberhentikan polisi karena plat surat jalan sudah kadaluarsa. setiap 2-3 hari saya tanyakan ke dealer dan selalu dijawab akan dikabari jika sudah ad. saya harus bagaimana ya? apakah ada yg sama pengalamannya?",Jaecoo J5,high,explicit_text_alias_strong,False,,,,False,not_relevant,no_adas_keyword,,UNKNOWN,,,,,,,
rec_4655f5ff5188da62,Jaecoo J5,Jaecoo J5 EV INDONESIA,https://www.facebook.com/groups/861576359777228,post_6,post_6_comment_7,post_6,comment,,,,"Temuin pimpinannya, kacab atau spv",https://www.facebook.com/groups/861576359777228,1789658200000,raw_data_all.jsonl,rec_4655f5ff5188da62,False,"Temuin pimpinannya, kacab atau spv","temuin pimpinannya, kacab atau spv",Jaecoo J5,medium,community_context,False,,,,False,not_relevant,no_adas_keyword,,UNKNOWN,,,,,,,
rec_15e61469d9c64d4b,Jaecoo J5,Jaecoo J5 EV INDONESIA,https://www.facebook.com/groups/861576359777228,post_6,post_6_comment_8,post_6,comment,,,,"Coba pm saya om, nanti di bantu",https://www.facebook.com/groups/861576359777228,1789658200000,raw_data_all.jsonl,rec_15e61469d9c64d4b,False,"Coba pm saya om, nanti di bantu","coba pm saya om, nanti di bantu",Jaecoo J5,medium,community_context,False,,,,False,not_relevant,no_adas_keyword,,UNKNOWN,,,,,,,
rec_94a1a2aef3e77331,Jaecoo J5,Jaecoo J5 EV INDONESIA,https://www.facebook.com/groups/861576359777228,post_6,post_6_comment_9,post_6,comment,,,,"Terima jasa instalasi PORTABLE CHARGER+Grounding, jika berminat bisa langsung whatshap ke nomer berikut
wa.me//+6285716670816",https://www.facebook.com/groups/861576359777228,1789658200000,raw_data_all.jsonl,rec_94a1a2aef3e77331,False,"Terima jasa instalasi PORTABLE CHARGER+Grounding, jika berminat bisa langsung whatshap ke nomer berikut wa.me//+6285716670816","terima jasa instalasi portable charger+grounding, jika berminat bisa langsung whatshap ke nomer berikut wa.me//+6285716670816",Jaecoo J5,medium,community_context,False,,,,False,not_relevant,no_adas_keyword,,UNKNOWN,,,,,,,
rec_cbb3a18001002dfa,Jaecoo J5,Jaecoo J5 EV INDONESIA,https://www.facebook.com/groups/861576359777228,post_6,post_6_comment_10,post_6,comment,,,,"Terima jasa instalasi PORTABLE CHARGER+Grounding, jika berminat bisa langsung whatshap ke nomer berikut",https://www.facebook.com/groups/861576359777228,1789658200000,raw_data_all.jsonl,rec_cbb3a18001002dfa,False,"Terima jasa instalasi PORTABLE CHARGER+Grounding, jika berminat bisa langsung whatshap ke nomer berikut","terima jasa instalasi portable charger+grounding, jika berminat bisa langsung whatshap ke nomer berikut",Jaecoo J5,medium,community_context,False,,,,False,not_relevant,no_adas_keyword,,UNKNOWN,,,,,,,
rec_deaf7abf00c48796,Jaecoo J5,Jaecoo J5 EV INDONESIA,https://www.facebook.com/groups/861576359777228,post_6,post_6_comment_11,post_6,comment,,,,wa.me//+6285716670816,https://www.facebook.com/groups/861576359777228,1789658200000,raw_data_all.jsonl,rec_deaf7abf00c48796,False,wa.me//+6285716670816,wa.me//+6285716670816,Jaecoo J5,medium,community_context,False,,,,False,not_relevant,no_adas_keyword,,UNKNOWN,,,,,,,
rec_ef29f97c54f28982,Jaecoo J5,Jaecoo J5 EV INDONESIA,https://www.facebook.com/groups/861576359777228,post_6,post_6_comment_12,post_6,comment,,,,"Bingung cari Jasa Instalasi portable charger yang amanah?, Tekcer ev solusi nya, yang mau pakai jasa instalasi kita boleh langsung di WhatsApp nomor dibawah 
Wa.me/+6285716670816",https://www.facebook.com/groups/861576359777228,1789658200000,raw_data_all.jsonl,rec_ef29f97c54f28982,False,"Bingung cari Jasa Instalasi portable charger yang amanah?, Tekcer ev solusi nya, yang mau pakai jasa instalasi kita boleh langsung di WhatsApp nomor dibawah Wa.me/+6285716670816","bingung cari jasa instalasi portable charger yang amanah?, tekcer ev solusi nya, yang mau pakai jasa instalasi kita boleh langsung di whatsapp nomor dibawah wa.me/+6285716670816",Jaecoo J5,medium,community_context,False,,,,False,not_relevant,no_adas_keyword,,UNKNOWN,,,,,,,
rec_16d288325cf09179,Jaecoo J5,Jaecoo J5 EV INDONESIA,https://www.facebook.com/groups/861576359777228,post_6,post_6_comment_13,post_6,comment,,,,"Bingung cari Jasa Instalasi portable charger yang amanah?, Tekcer ev solusi nya, yang mau pakai jasa instalasi kita boleh langsung di WhatsApp nomor dibawah",https://www.facebook.com/groups/861576359777228,1789658200000,raw_data_all.jsonl,rec_16d288325cf09179,False,"Bingung cari Jasa Instalasi portable charger yang amanah?, Tekcer ev solusi nya, yang mau pakai jasa instalasi kita boleh langsung di WhatsApp nomor dibawah","bingung cari jasa instalasi portable charger yang amanah?, tekcer ev solusi nya, yang mau pakai jasa instalasi kita boleh langsung di whatsapp nomor dibawah",Jaecoo J5,medium,community_context,False,,,,False,not_relevant,no_adas_keyword,,UNKNOWN,,,,,,,
rec_bf61396b38d021d6,Jaecoo J5,Jaecoo J5 EV INDONESIA,https://www.facebook.com/groups/861576359777228,post_6,post_6_comment_14,post_6,comment,,,,Wa.me/+6285716670816,https://www.facebook.com/groups/861576359777228,1789658200000,raw_data_all.jsonl,rec_bf61396b38d021d6,False,Wa.me/+6285716670816,wa.me/+6285716670816,Jaecoo J5,medium,community_context,False,,,,False,not_relevant,no_adas_keyword,,UNKNOWN,,,,,,,
rec_93c3ef4f21f41b91,Jaecoo J5,Jaecoo J5 EV INDONESIA,https://www.facebook.com/groups/861576359777228,post_6,post_6_comment_15,post_6,comment,,,,"Om.om mau bertanya,kapasitas listrik dirumah utk pemasangan wallcharger utk jaecooj5 itu berapa volt ampere ya..
3500 VA cukup yak ?
Terimakasih infonya..om om yg ganteng",https://www.facebook.com/groups/861576359777228,1789658202000,raw_data_all.jsonl,rec_93c3ef4f21f41b91,False,"Om.om mau bertanya,kapasitas listrik dirumah utk pemasangan wallcharger utk jaecooj5 itu berapa volt ampere ya.. 3500 VA cukup yak ? Terimakasih infonya..om om yg ganteng","om.om mau bertanya,kapasitas listrik dirumah utk pemasangan wallcharger utk jaecooj5 itu berapa volt ampere ya.. 3500 va cukup yak ? terimakasih infonya..om om yg ganteng",Jaecoo J5,high,explicit_text_alias_strong,False,,,,False,not_relevant,no_adas_keyword,,UNKNOWN,,,,,,,
rec_680a3b5eb282405e,Jaecoo J5,Jaecoo J5 EV INDONESIA,https://www.facebook.com/groups/861576359777228,post_6,post_6_comment_16,post_6,comment,,,,"Om.om mau bertanya,kapasitas listrik dirumah utk pemasangan wallcharger utk jaecooj5 itu berapa volt ampere ya..",https://www.facebook.com/groups/861576359777228,1789658202000,raw_data_all.jsonl,rec_680a3b5eb282405e,False,"Om.om mau bertanya,kapasitas listrik dirumah utk pemasangan wallcharger utk jaecooj5 itu berapa volt ampere ya..","om.om mau bertanya,kapasitas listrik dirumah utk pemasangan wallcharger utk jaecooj5 itu berapa volt ampere ya..",Jaecoo J5,high,explicit_text_alias_strong,False,,,,False,not_relevant,no_adas_keyword,,UNKNOWN,,,,,,,
rec_2af805b0491610f0,Jaecoo J5,Jaecoo J5 EV INDONESIA,https://www.facebook.com/groups/861576359777228,post_6,post_6_comment_17,post_6,comment,,,,3500 VA cukup yak ?,https://www.facebook.com/groups/861576359777228,1789658202000,raw_data_all.jsonl,rec_2af805b0491610f0,False,3500 VA cukup yak ?,3500 va cukup yak ?,Jaecoo J5,medium,community_context,False,,,,False,not_relevant,no_adas_keyword,,UNKNOWN,,,,,,,
rec_52fb687c148506bf,Jaecoo J5,Jaecoo J5 EV INDONESIA,https://www.facebook.com/groups/861576359777228,post_6,post_6_comment_18,post_6,comment,,,,Terimakasih infonya..om om yg ganteng,https://www.facebook.com/groups/861576359777228,1789658202000,raw_data_all.jsonl,rec_52fb687c148506bf,False,Terimakasih infonya..om om yg ganteng,terimakasih infonya..om om yg ganteng,Jaecoo J5,medium,community_context,False,,,,False,not_relevant,no_adas_keyword,,UNKNOWN,,,,,,,
rec_f4438e8824ce0479,Jaecoo J5,Jaecoo J5 EV INDONESIA,https://www.facebook.com/groups/861576359777228,post_6,post_6_comment_19,post_6,comment,,,,"Cukup, kalau bisa masang aja terpisah dgn 2200 Om jgn dicampur dgn listrik rumah",https://www.facebook.com/groups/861576359777228,1789658202000,raw_data_all.jsonl,rec_f4438e8824ce0479,False,"Cukup, kalau bisa masang aja terpisah dgn 2200 Om jgn dicampur dgn listrik rumah","cukup, kalau bisa masang aja terpisah dgn 2200 om jgn dicampur dgn listrik rumah",Jaecoo J5,medium,community_context,False,,,,False,not_relevant,no_adas_keyword,,UNKNOWN,,,,,,,
rec_f2ad0342914a3e42,Jaecoo J5,Jaecoo J5 EV INDONESIA,https://www.facebook.com/groups/861576359777228,post_6,post_6_comment_20,post_6,comment,,,,"Kalau wall charger mah minimal 7.700VA Om, karena wall charger rata-rata dijual dengan daya 7000 watt (32A). Kalau daya metera… Lihat selengkapnya",https://www.facebook.com/groups/861576359777228,1789658202000,raw_data_all.jsonl,rec_f2ad0342914a3e42,False,"Kalau wall charger mah minimal 7.700VA Om, karena wall charger rata-rata dijual dengan daya 7000 watt (32A). Kalau daya metera… Lihat selengkapnya","kalau wall charger mah minimal 7.700va om, karena wall charger rata-rata dijual dengan daya 7000 watt (32a). kalau daya metera… lihat selengkapnya",Jaecoo J5,medium,community_context,False,,,,False,not_relevant,no_adas_keyword,,UNKNOWN,,,,,,,
rec_1bb678067fcab7d2,Jaecoo J5,Jaecoo J5 EV INDONESIA,https://www.facebook.com/groups/861576359777228,post_6,post_6_comment_21,post_6,comment,,,,"Bismilah
Ready stok yah om
BODYKIT JAECCO J5 WILD
Lihat selengkapnya",https://www.facebook.com/groups/861576359777228,1789658202000,raw_data_all.jsonl,rec_1bb678067fcab7d2,False,Bismilah Ready stok yah om BODYKIT JAECCO J5 WILD Lihat selengkapnya,bismilah ready stok yah om bodykit jaecco j5 wild lihat selengkapnya,Jaecoo J5,high,explicit_text_alias_strong,False,,,,False,not_relevant,no_adas_keyword,,UNKNOWN,,,,,,,
rec_0e4c73becaf84364,Jaecoo J5,Jaecoo J5 EV INDONESIA,https://www.facebook.com/groups/861576359777228,post_6,post_6_comment_22,post_6,comment,,,,klo sudah terpasang sprri apa mas ?,https://www.facebook.com/groups/861576359777228,1789658202000,raw_data_all.jsonl,rec_0e4c73becaf84364,False,klo sudah terpasang sprri apa mas ?,klo sudah terpasang sprri apa mas ?,Jaecoo J5,medium,community_context,False,,,,False,not_relevant,no_adas_keyword,,UNKNOWN,,,,,,,
rec_904f9298de29753f,Jaecoo J5,Jaecoo J5 EV INDONESIA,https://www.facebook.com/groups/861576359777228,post_6,post_6_comment_23,post_6,comment,,,,"Ma af nanya di sini ada yg pernah tes drive jaecoo J5 dengan Byd atto 1
Enak mana suspensi nya ???
dan perlindungan baterai nya bagus Atto 1 atau Jaecoo J5 ???",https://www.facebook.com/groups/861576359777228,1789658204000,raw_data_all.jsonl,rec_904f9298de29753f,False,Ma af nanya di sini ada yg pernah tes drive jaecoo J5 dengan Byd atto 1 Enak mana suspensi nya ??? dan perlindungan baterai nya bagus Atto 1 atau Jaecoo J5 ???,ma af nanya di sini ada yg pernah tes drive jaecoo j5 dengan byd atto 1 enak mana suspensi nya ??? dan perlindungan baterai nya bagus atto 1 atau jaecoo j5 ???,Jaecoo J5,high,explicit_text_alias_strong,False,,,,False,not_relevant,no_adas_keyword,,UNKNOWN,,,,,,,
rec_b8d921cea0d2b653,Jaecoo J5,Jaecoo J5 EV INDONESIA,https://www.facebook.com/groups/861576359777228,post_6,post_6_comment_24,post_6,comment,,,,"Kalau segmentasi ny aja beda om, j5 premium city off-road, byw atto murni city car vs imbangnya chery q atau tiggo basic.",https://www.facebook.com/groups/861576359777228,1789658204000,raw_data_all.jsonl,rec_b8d921cea0d2b653,False,"Kalau segmentasi ny aja beda om, j5 premium city off-road, byw atto murni city car vs imbangnya chery q atau tiggo basic.","kalau segmentasi ny aja beda om, j5 premium city off-road, byw atto murni city car vs imbangnya chery q atau tiggo basic.",Jaecoo J5,high,explicit_text_alias_strong,False,,,,False,not_relevant,no_adas_keyword,,UNKNOWN,,,,,,,
rec_ccabf54dc98c22f9,Jaecoo J5,Jaecoo J5 EV INDONESIA,https://www.facebook.com/groups/861576359777228,post_6,post_6_comment_25,post_6,comment,,,,"Punya dua dua nya om.. secara experience kenyamanan suspensi masih mending j5, atto 1 enak di mobilitas dan regen masih nyaman..",https://www.facebook.com/groups/861576359777228,1789658204000,raw_data_all.jsonl,rec_ccabf54dc98c22f9,False,"Punya dua dua nya om.. secara experience kenyamanan suspensi masih mending j5, atto 1 enak di mobilitas dan regen masih nyaman..","punya dua dua nya om.. secara experience kenyamanan suspensi masih mending j5, atto 1 enak di mobilitas dan regen masih nyaman..",Jaecoo J5,high,explicit_text_alias_strong,False,,,,False,not_relevant,no_adas_keyword,,UNKNOWN,,,,,,,
rec_931bbedfc356aa90,Jaecoo J5,Jaecoo J5 EV INDONESIA,https://www.facebook.com/groups/861576359777228,post_6,post_6_comment_26,post_6,comment,,,,"Plat B ngecas di Semarang, ownernya ninggal mobil ga ninggalin nomer hape ke security.. pdhl sdh penuh... di Semarang SPKLU tdk sebanyak di Jakarta... 
kasihan yg antri… Lihat selengkapnya",https://www.facebook.com/groups/861576359777228,1789658205000,raw_data_all.jsonl,rec_931bbedfc356aa90,False,"Plat B ngecas di Semarang, ownernya ninggal mobil ga ninggalin nomer hape ke security.. pdhl sdh penuh... di Semarang SPKLU tdk sebanyak di Jakarta... kasihan yg antri… Lihat selengkapnya","plat b ngecas di semarang, ownernya ninggal mobil ga ninggalin nomer hape ke security.. pdhl sdh penuh... di semarang spklu tdk sebanyak di jakarta... kasihan yg antri… lihat selengkapnya",Jaecoo J5,medium,community_context,False,,,,False,not_relevant,no_adas_keyword,,UNKNOWN,,,,,,,
rec_86991dddc3d5576f,Jaecoo J5,Jaecoo J5 EV INDONESIA,https://www.facebook.com/groups/861576359777228,post_6,post_6_comment_27,post_6,comment,,,,"Plat B ngecas di Semarang, ownernya ninggal mobil ga ninggalin nomer hape ke security.. pdhl sdh penuh... di Semarang SPKLU tdk sebanyak di Jakarta...",https://www.facebook.com/groups/861576359777228,1789658205000,raw_data_all.jsonl,rec_86991dddc3d5576f,False,"Plat B ngecas di Semarang, ownernya ninggal mobil ga ninggalin nomer hape ke security.. pdhl sdh penuh... di Semarang SPKLU tdk sebanyak di Jakarta...","plat b ngecas di semarang, ownernya ninggal mobil ga ninggalin nomer hape ke security.. pdhl sdh penuh... di semarang spklu tdk sebanyak di jakarta...",Jaecoo J5,medium,community_context,False,,,,False,not_relevant,no_adas_keyword,,UNKNOWN,,,,,,,
rec_196f53bd1425f465,Jaecoo J5,Jaecoo J5 EV INDONESIA,https://www.facebook.com/groups/861576359777228,post_6,post_6_comment_28,post_6,comment,,,,kasihan yg antri… Lihat selengkapnya,https://www.facebook.com/groups/861576359777228,1789658205000,raw_data_all.jsonl,rec_196f53bd1425f465,False,kasihan yg antri… Lihat selengkapnya,kasihan yg antri… lihat selengkapnya,Jaecoo J5,medium,community_context,False,,,,False,not_relevant,no_adas_keyword,,UNKNOWN,,,,,,,
rec_db5ac891dc725616,Jaecoo J5,Jaecoo J5 EV INDONESIA,https://www.facebook.com/groups/861576359777228,post_6,post_6_comment_29,post_6,comment,,,,Harusnya ada fee tambahan tiap menit kalau sudah full ngga dipindah,https://www.facebook.com/groups/861576359777228,1789658205000,raw_data_all.jsonl,rec_db5ac891dc725616,False,Harusnya ada fee tambahan tiap menit kalau sudah full ngga dipindah,harusnya ada fee tambahan tiap menit kalau sudah full ngga dipindah,Jaecoo J5,medium,community_context,False,,,,False,not_relevant,no_adas_keyword,,UNKNOWN,,,,,,,
rec_598eb97073f1c442,Jaecoo J5,Jaecoo J5 EV INDONESIA,https://www.facebook.com/groups/861576359777228,post_6,post_6_comment_30,post_6,comment,,,,"Next, produsen ev buat kendaraan otomotis release gun only, jika sudah 100% full. Soal mindahin mobil di spklu disediakan hidr… Lihat selengkapnya",https://www.facebook.com/groups/861576359777228,1789658205000,raw_data_all.jsonl,rec_598eb97073f1c442,False,"Next, produsen ev buat kendaraan otomotis release gun only, jika sudah 100% full. Soal mindahin mobil di spklu disediakan hidr… Lihat selengkapnya","next, produsen ev buat kendaraan otomotis release gun only, jika sudah 100% full. soal mindahin mobil di spklu disediakan hidr… lihat selengkapnya",Jaecoo J5,medium,community_context,False,,,,False,not_relevant,no_adas_keyword,,UNKNOWN,,,,,,,
rec_7d4ff649d203d403,Jaecoo J5,Jaecoo J5 EV INDONESIA,https://www.facebook.com/groups/861576359777228,post_6,post_6_comment_31,post_6,comment,,,,"Dengan semakin maraknya trend EV di Indonesia jadi makin marak juga penjual EV Charger di Indonesia.
Tapi banyak yg mengutamakan harga yg murah agar lebih bersaing dengan seller yg lain.
Jangan asal beli EV charger harus dipastikan:
1. Ada Garansi
2. Ada Certificate sudah lulus uji misalnya CE FCC Rohs dsb.
Lihat selengkapnya",https://www.facebook.com/groups/861576359777228,1789658207000,raw_data_all.jsonl,rec_7d4ff649d203d403,False,Dengan semakin maraknya trend EV di Indonesia jadi makin marak juga penjual EV Charger di Indonesia. Tapi banyak yg mengutamakan harga yg murah agar lebih bersaing dengan seller yg lain. Jangan asal beli EV charger harus dipastikan: 1. Ada Garansi 2. Ada Certificate sudah lulus uji misalnya CE FCC Rohs dsb. Lihat selengkapnya,dengan semakin maraknya trend ev di indonesia jadi makin marak juga penjual ev charger di indonesia. tapi banyak yg mengutamakan harga yg murah agar lebih bersaing dengan seller yg lain. jangan asal beli ev charger harus dipastikan: 1. ada garansi 2. ada certificate sudah lulus uji misalnya ce fcc rohs dsb. lihat selengkapnya,Jaecoo J5,medium,community_context,False,,,,False,not_relevant,no_adas_keyword,,UNKNOWN,,,,,,,
rec_394c8110f9c8e3f9,Jaecoo J5,Jaecoo J5 EV INDONESIA,https://www.facebook.com/groups/861576359777228,post_6,post_6_comment_32,post_6,comment,,,,Otoproject console storage Jaecoo J5,https://www.facebook.com/groups/861576359777228,1789658209000,raw_data_all.jsonl,rec_394c8110f9c8e3f9,False,Otoproject console storage Jaecoo J5,otoproject console storage jaecoo j5,Jaecoo J5,high,explicit_text_alias_strong,False,,,,False,not_relevant,no_adas_keyword,,UNKNOWN,,,,,,,
rec_20ea20f6754330f5,Jaecoo J5,Jaecoo J5 EV INDONESIA,https://www.facebook.com/groups/861576359777228,post_6,post_6_comment_33,post_6,comment,,,,"Izin ya Min..
Buat temen-temen Jaecoo J5 yang pengen handling lebih mantap dan mobil terasa lebih stabil saat bermanuver maupun cornering, (Stabilizer ReinforX)  bisa jadi pilihan.
yang mau tanya tanya atau mau langsung pasang, boleh chat saya.… Lihat selengkapnya",https://www.facebook.com/groups/861576359777228,1789658210000,raw_data_all.jsonl,rec_20ea20f6754330f5,False,"Izin ya Min.. Buat temen-temen Jaecoo J5 yang pengen handling lebih mantap dan mobil terasa lebih stabil saat bermanuver maupun cornering, (Stabilizer ReinforX) bisa jadi pilihan. yang mau tanya tanya atau mau langsung pasang, boleh chat saya.… Lihat selengkapnya","izin ya min.. buat temen-temen jaecoo j5 yang pengen handling lebih mantap dan mobil terasa lebih stabil saat bermanuver maupun cornering, (stabilizer reinforx) bisa jadi pilihan. yang mau tanya tanya atau mau langsung pasang, boleh chat saya.… lihat selengkapnya",Jaecoo J5,high,explicit_text_alias_strong,False,,,,False,not_relevant,no_adas_keyword,,UNKNOWN,,,,,,,
rec_e518daf2f5f59ed1,Jaecoo J5,Jaecoo J5 EV INDONESIA,https://www.facebook.com/groups/861576359777228,post_6,post_6_comment_34,post_6,comment,,,,Izin ya Min..,https://www.facebook.com/groups/861576359777228,1789658210000,raw_data_all.jsonl,rec_e518daf2f5f59ed1,False,Izin ya Min..,izin ya min..,Jaecoo J5,medium,community_context,False,,,,False,not_relevant,no_adas_keyword,,UNKNOWN,,,,,,,
rec_7677cf45df420e7a,Jaecoo J5,Jaecoo J5 EV INDONESIA,https://www.facebook.com/groups/861576359777228,post_6,post_6_comment_35,post_6,comment,,,,"Buat temen-temen Jaecoo J5 yang pengen handling lebih mantap dan mobil terasa lebih stabil saat bermanuver maupun cornering, (Stabilizer ReinforX)  bisa jadi pilihan.",https://www.facebook.com/groups/861576359777228,1789658210000,raw_data_all.jsonl,rec_7677cf45df420e7a,False,"Buat temen-temen Jaecoo J5 yang pengen handling lebih mantap dan mobil terasa lebih stabil saat bermanuver maupun cornering, (Stabilizer ReinforX) bisa jadi pilihan.","buat temen-temen jaecoo j5 yang pengen handling lebih mantap dan mobil terasa lebih stabil saat bermanuver maupun cornering, (stabilizer reinforx) bisa jadi pilihan.",Jaecoo J5,high,explicit_text_alias_strong,False,,,,False,not_relevant,no_adas_keyword,,UNKNOWN,,,,,,,
rec_40d5bbee5b51d2ef,Jaecoo J5,Jaecoo J5 EV INDONESIA,https://www.facebook.com/groups/861576359777228,post_6,post_6_comment_36,post_6,comment,,,,"yang mau tanya tanya atau mau langsung pasang, boleh chat saya.… Lihat selengkapnya",https://www.facebook.com/groups/861576359777228,1789658210000,raw_data_all.jsonl,rec_40d5bbee5b51d2ef,False,"yang mau tanya tanya atau mau langsung pasang, boleh chat saya.… Lihat selengkapnya","yang mau tanya tanya atau mau langsung pasang, boleh chat saya.… lihat selengkapnya",Jaecoo J5,medium,community_context,False,,,,False,not_relevant,no_adas_keyword,,UNKNOWN,,,,,,,
rec_afa8c701f3e3858a,Jaecoo J5,Jaecoo J5 EV INDONESIA,https://www.facebook.com/groups/861576359777228,post_6,post_6_comment_37,post_6,comment,,,,"EVCity sebentar lagi hadir di Summarecon Crown Gading. Masih sneak peek dulu, detailnya jangan spill dulu ya 
… Lihat selengkapnya",https://www.facebook.com/groups/861576359777228,1789658212000,raw_data_all.jsonl,rec_afa8c701f3e3858a,False,"EVCity sebentar lagi hadir di Summarecon Crown Gading. Masih sneak peek dulu, detailnya jangan spill dulu ya … Lihat selengkapnya","evcity sebentar lagi hadir di summarecon crown gading. masih sneak peek dulu, detailnya jangan spill dulu ya … lihat selengkapnya",Jaecoo J5,medium,community_context,False,,,,False,not_relevant,no_adas_keyword,,UNKNOWN,,,,,,,
rec_ad1ff79c3d265fbe,Jaecoo J5,Jaecoo J5 EV INDONESIA,https://www.facebook.com/groups/861576359777228,post_6,post_6_comment_38,post_6,comment,,,,"Yang mau pasang ppf full bodyy 
081226602624",https://www.facebook.com/groups/861576359777228,1789658214000,raw_data_all.jsonl,rec_ad1ff79c3d265fbe,False,Yang mau pasang ppf full bodyy 081226602624,yang mau pasang ppf full bodyy 081226602624,Jaecoo J5,medium,community_context,False,,,,False,not_relevant,no_adas_keyword,,UNKNOWN,,,,,,,
rec_9cc391ded735cb56,Jaecoo J5,Jaecoo J5 EV INDONESIA,https://www.facebook.com/groups/861576359777228,post_6,post_6_comment_39,post_6,comment,,,,Yang mau pasang ppf full bodyy,https://www.facebook.com/groups/861576359777228,1789658214000,raw_data_all.jsonl,rec_9cc391ded735cb56,False,Yang mau pasang ppf full bodyy,yang mau pasang ppf full bodyy,Jaecoo J5,medium,community_context,False,,,,False,not_relevant,no_adas_keyword,,UNKNOWN,,,,,,,
rec_94cc3182c0adf767,Jaecoo J5,Jaecoo J5 EV INDONESIA,https://www.facebook.com/groups/861576359777228,post_6,post_6_comment_40,post_6,comment,,,,081226602624,https://www.facebook.com/groups/861576359777228,1789658214000,raw_data_all.jsonl,rec_94cc3182c0adf767,False,081226602624,081226602624,Jaecoo J5,medium,community_context,False,,,,False,not_relevant,no_adas_keyword,,UNKNOWN,,,,,,,
rec_05f1d5505fdd9deb,Jaecoo J5,Jaecoo J5 EV INDONESIA,https://www.facebook.com/groups/861576359777228,post_6,post_6_comment_41,post_6,comment,,,,Di mana ini..,https://www.facebook.com/groups/861576359777228,1789658214000,raw_data_all.jsonl,rec_05f1d5505fdd9deb,False,Di mana ini..,di mana ini..,Jaecoo J5,medium,community_context,False,,,,False,not_relevant,no_adas_keyword,,UNKNOWN,,,,,,,
rec_3ca76f3bf6ac908e,Jaecoo J5,Jaecoo J5 EV INDONESIA,https://www.facebook.com/groups/861576359777228,post_6,post_6_comment_42,post_6,comment,,,,"Di jual velg + ban oem jaecoo j5.
Harga @4.8 bisa nego.
Lokasi jalan duku, Petukangan Utara.jaksel.
Di utamakan cod biar sama2 aman..
Wa 089635865649..
Lihat selengkapnya",https://www.facebook.com/groups/861576359777228,1789658216000,raw_data_all.jsonl,rec_3ca76f3bf6ac908e,False,"Di jual velg + ban oem jaecoo j5. Harga [mention] .8 bisa nego. Lokasi jalan duku, Petukangan Utara.jaksel. Di utamakan cod biar sama2 aman.. Wa 089635865649.. Lihat selengkapnya","di jual velg + ban oem jaecoo j5. harga [mention] .8 bisa nego. lokasi jalan duku, petukangan utara.jaksel. di utamakan cod biar sama2 aman.. wa 089635865649.. lihat selengkapnya",Jaecoo J5,high,explicit_text_alias_strong,False,,,,False,not_relevant,no_adas_keyword,,UNKNOWN,,,,,,,
rec_7fecbe0d10b56b66,Jaecoo J5,Jaecoo J5 EV INDONESIA,https://www.facebook.com/groups/861576359777228,post_6,post_6_comment_43,post_6,comment,,,,Bisa cod pak,https://www.facebook.com/groups/861576359777228,1789658216000,raw_data_all.jsonl,rec_7fecbe0d10b56b66,False,Bisa cod pak,bisa cod pak,Jaecoo J5,medium,community_context,False,,,,False,not_relevant,no_adas_keyword,,UNKNOWN,,,,,,,
rec_2179e9c2848c89a0,Jaecoo J5,Jaecoo J5 EV INDONESIA,https://www.facebook.com/groups/861576359777228,post_6,post_6_comment_44,post_6,comment,,,,Harga satuan 4.8 bisa nego,https://www.facebook.com/groups/861576359777228,1789658216000,raw_data_all.jsonl,rec_2179e9c2848c89a0,False,Harga satuan 4.8 bisa nego,harga satuan 4.8 bisa nego,Jaecoo J5,medium,community_context,False,,,,False,not_relevant,no_adas_keyword,,UNKNOWN,,,,,,,
rec_506500737384c21b,Jaecoo J5,Jaecoo J5 EV INDONESIA,https://www.facebook.com/groups/861576359777228,post_6,post_6_comment_45,post_6,comment,,,,"WTB
Velg + Ban original copotan Jaecoo J5, dm aja harganya, penipu minggir dulu buang2 wkt, cocok harga lgsg COD di Tangerang yaa, makasih",https://www.facebook.com/groups/861576359777228,1789658217000,raw_data_all.jsonl,rec_506500737384c21b,False,"WTB Velg + Ban original copotan Jaecoo J5, dm aja harganya, penipu minggir dulu buang2 wkt, cocok harga lgsg COD di Tangerang yaa, makasih","wtb velg + ban original copotan jaecoo j5, dm aja harganya, penipu minggir dulu buang2 wkt, cocok harga lgsg cod di tangerang yaa, makasih",Jaecoo J5,high,explicit_text_alias_strong,False,,,,False,not_relevant,no_adas_keyword,,UNKNOWN,,,,,,,
rec_6295eba4e289bb91,Jaecoo J5,Jaecoo J5 EV INDONESIA,https://www.facebook.com/groups/861576359777228,post_6,post_6_comment_46,post_6,comment,,,,Home service wrap,https://www.facebook.com/groups/861576359777228,1789658217000,raw_data_all.jsonl,rec_6295eba4e289bb91,False,Home service wrap,home service wrap,Jaecoo J5,medium,community_context,False,,,,False,not_relevant,no_adas_keyword,,UNKNOWN,,,,,,,
rec_ed49b26d8533603c,Jaecoo J5,Jaecoo J5 EV INDONESIA,https://www.facebook.com/groups/861576359777228,post_6,post_6_comment_47,post_6,comment,,,,"Bisa hubungi
085781060695",https://www.facebook.com/groups/861576359777228,1789658217000,raw_data_all.jsonl,rec_ed49b26d8533603c,False,Bisa hubungi 085781060695,bisa hubungi 085781060695,Jaecoo J5,medium,community_context,False,,,,False,not_relevant,no_adas_keyword,,UNKNOWN,,,,,,,
rec_0b61540874652749,Jaecoo J5,Jaecoo J5 EV INDONESIA,https://www.facebook.com/groups/861576359777228,post_6,post_6_comment_48,post_6,comment,,,,"Indent Cepat
Ini solusinya.
Izin Post Admin
Sudah bisa dipesan
Lihat selengkapnya",https://www.facebook.com/groups/861576359777228,1789658219000,raw_data_all.jsonl,rec_0b61540874652749,False,Indent Cepat Ini solusinya. Izin Post Admin Sudah bisa dipesan Lihat selengkapnya,indent cepat ini solusinya. izin post admin sudah bisa dipesan lihat selengkapnya,Jaecoo J5,medium,community_context,False,,,,False,not_relevant,no_adas_keyword,,UNKNOWN,,,,,,,
rec_93b6ef9f694b45f7,Jaecoo J5,Jaecoo J5 EV INDONESIA,https://www.facebook.com/groups/861576359777228,post_6,post_6_comment_49,post_6,comment,,,,"Update OTR Jadetabek Terbaru
Info pemesanan dan test drive bisa langsung datang ke showroom kita di Omoda | Jaecoo Pondok Pinang, lebih tepatnya di Jl. Ciputat Raya No. 80 Jakarta Selatan, Pondok Pinang.
Atau bisa fajar bawain unit test drivenya ke Rumah atau ke kantor kalian
Hub ; fajar 0897-9537-039",https://www.facebook.com/groups/861576359777228,1789658221000,raw_data_all.jsonl,rec_93b6ef9f694b45f7,False,"Update OTR Jadetabek Terbaru Info pemesanan dan test drive bisa langsung datang ke showroom kita di Omoda | Jaecoo Pondok Pinang, lebih tepatnya di Jl. Ciputat Raya No. 80 Jakarta Selatan, Pondok Pinang. Atau bisa fajar bawain unit test drivenya ke Rumah atau ke kantor kalian Hub ; fajar 0897-9537-039","update otr jadetabek terbaru info pemesanan dan test drive bisa langsung datang ke showroom kita di omoda | jaecoo pondok pinang, lebih tepatnya di jl. ciputat raya no. 80 jakarta selatan, pondok pinang. atau bisa fajar bawain unit test drivenya ke rumah atau ke kantor kalian hub ; fajar 0897-9537-039",Jaecoo J5,high,explicit_text_alias_strong,False,,,,False,not_relevant,no_adas_keyword,,UNKNOWN,,,,,,,
rec_9665482872637c33,Jaecoo J5,Jaecoo J5 EV INDONESIA,https://www.facebook.com/groups/861576359777228,post_6,post_6_comment_50,post_6,comment,,,,"Mobil Listrik Naik Kapal, Aturannya Bakal Diperkuat?
Kementerian Perhubungan tengah menyiapkan aturan terkait pengangkutan mobil listrik melalui kapal laut.… Lihat selengkapnya",https://www.facebook.com/groups/861576359777228,1789658224000,raw_data_all.jsonl,rec_9665482872637c33,False,"Mobil Listrik Naik Kapal, Aturannya Bakal Diperkuat? Kementerian Perhubungan tengah menyiapkan aturan terkait pengangkutan mobil listrik melalui kapal laut.… Lihat selengkapnya","mobil listrik naik kapal, aturannya bakal diperkuat? kementerian perhubungan tengah menyiapkan aturan terkait pengangkutan mobil listrik melalui kapal laut.… lihat selengkapnya",Jaecoo J5,medium,community_context,False,,,,False,not_relevant,no_adas_keyword,,UNKNOWN,,,,,,,
rec_127f6364a6767c9f,Jaecoo J5,Jaecoo J5 EV INDONESIA,https://www.facebook.com/groups/861576359777228,post_6,post_6_comment_51,post_6,comment,,,,"Mobil Listrik Naik Kapal, Aturannya Bakal Diperkuat?",https://www.facebook.com/groups/861576359777228,1789658224000,raw_data_all.jsonl,rec_127f6364a6767c9f,False,"Mobil Listrik Naik Kapal, Aturannya Bakal Diperkuat?","mobil listrik naik kapal, aturannya bakal diperkuat?",Jaecoo J5,medium,community_context,False,,,,False,not_relevant,no_adas_keyword,,UNKNOWN,,,,,,,
rec_b177debf6d2935c2,Jaecoo J5,Jaecoo J5 EV INDONESIA,https://www.facebook.com/groups/861576359777228,post_6,post_6_comment_52,post_6,comment,,,,Kementerian Perhubungan tengah menyiapkan aturan terkait pengangkutan mobil listrik melalui kapal laut.… Lihat selengkapnya,https://www.facebook.com/groups/861576359777228,1789658224000,raw_data_all.jsonl,rec_b177debf6d2935c2,False,Kementerian Perhubungan tengah menyiapkan aturan terkait pengangkutan mobil listrik melalui kapal laut.… Lihat selengkapnya,kementerian perhubungan tengah menyiapkan aturan terkait pengangkutan mobil listrik melalui kapal laut.… lihat selengkapnya,Jaecoo J5,medium,community_context,False,,,,False,not_relevant,no_adas_keyword,,UNKNOWN,,,,,,,
rec_680b5362aa802fcb,Jaecoo J5,Jaecoo J5 EV INDONESIA,https://www.facebook.com/groups/861576359777228,post_6,post_6_comment_53,post_6,comment,,,,"Bismillah.. dear Om Admin izin menawarkan ban velg serep baru gress 2026 Jaecoo J5
Velg Jaecoo Ori BARU
Ban Ori Giti Control P10 BARU 2026… Lihat selengkapnya",https://www.facebook.com/groups/861576359777228,1789658225000,raw_data_all.jsonl,rec_680b5362aa802fcb,False,Bismillah.. dear Om Admin izin menawarkan ban velg serep baru gress 2026 Jaecoo J5 Velg Jaecoo Ori BARU Ban Ori Giti Control P10 BARU 2026… Lihat selengkapnya,bismillah.. dear om admin izin menawarkan ban velg serep baru gress 2026 jaecoo j5 velg jaecoo ori baru ban ori giti control p10 baru 2026… lihat selengkapnya,Jaecoo J5,high,explicit_text_alias_strong,False,,,,False,not_relevant,no_adas_keyword,,UNKNOWN,,,,,,,
rec_a20ba1d92388e0d7,Jaecoo J5,Jaecoo J5 EV INDONESIA,https://www.facebook.com/groups/861576359777228,post_6,post_6_comment_54,post_6,comment,,,,Bismillah.. dear Om Admin izin menawarkan ban velg serep baru gress 2026 Jaecoo J5,https://www.facebook.com/groups/861576359777228,1789658225000,raw_data_all.jsonl,rec_a20ba1d92388e0d7,False,Bismillah.. dear Om Admin izin menawarkan ban velg serep baru gress 2026 Jaecoo J5,bismillah.. dear om admin izin menawarkan ban velg serep baru gress 2026 jaecoo j5,Jaecoo J5,high,explicit_text_alias_strong,False,,,,False,not_relevant,no_adas_keyword,,UNKNOWN,,,,,,,
rec_6968503b72b92464,Jaecoo J5,Jaecoo J5 EV INDONESIA,https://www.facebook.com/groups/861576359777228,post_6,post_6_comment_55,post_6,comment,,,,Velg Jaecoo Ori BARU,https://www.facebook.com/groups/861576359777228,1789658225000,raw_data_all.jsonl,rec_6968503b72b92464,False,Velg Jaecoo Ori BARU,velg jaecoo ori baru,Jaecoo J5,high,explicit_text_alias_strong,False,,,,False,not_relevant,no_adas_keyword,,UNKNOWN,,,,,,,
rec_637921b8cb57e360,Jaecoo J5,Jaecoo J5 EV INDONESIA,https://www.facebook.com/groups/861576359777228,post_6,post_6_comment_56,post_6,comment,,,,Ban Ori Giti Control P10 BARU 2026… Lihat selengkapnya,https://www.facebook.com/groups/861576359777228,1789658225000,raw_data_all.jsonl,rec_637921b8cb57e360,False,Ban Ori Giti Control P10 BARU 2026… Lihat selengkapnya,ban ori giti control p10 baru 2026… lihat selengkapnya,Jaecoo J5,medium,community_context,False,,,,False,not_relevant,no_adas_keyword,,UNKNOWN,,,,,,,
rec_6a37c39b2797ecfd,Jaecoo J5,Jaecoo J5 EV INDONESIA,https://www.facebook.com/groups/861576359777228,post_6,post_6_comment_57,post_6,comment,,,,Ambil satuan bisa? Saya mau 1,https://www.facebook.com/groups/861576359777228,1789658225000,raw_data_all.jsonl,rec_6a37c39b2797ecfd,False,Ambil satuan bisa? Saya mau 1,ambil satuan bisa? saya mau 1,Jaecoo J5,medium,community_context,False,,,,False,not_relevant,no_adas_keyword,,UNKNOWN,,,,,,,
rec_7707d47cf383c86c,Jaecoo J5,Jaecoo J5 EV INDONESIA,https://www.facebook.com/groups/861576359777228,post_6,post_6_comment_58,post_6,comment,,,,Mau 1 pak,https://www.facebook.com/groups/861576359777228,1789658225000,raw_data_all.jsonl,rec_7707d47cf383c86c,False,Mau 1 pak,mau 1 pak,Jaecoo J5,medium,community_context,False,,,,False,not_relevant,no_adas_keyword,,UNKNOWN,,,,,,,
rec_9c19ee38bce535c2,Jaecoo J5,Jaecoo J5 EV INDONESIA,https://www.facebook.com/groups/861576359777228,post_6,post_6_comment_59,post_6,comment,,,,"Naik level nggak harus berlebihan. Cukup pilih JAECOO J5. 
Tampilan premium 
… Lihat selengkapnya",https://www.facebook.com/groups/861576359777228,1789658227000,raw_data_all.jsonl,rec_9c19ee38bce535c2,False,Naik level nggak harus berlebihan. Cukup pilih JAECOO J5. Tampilan premium … Lihat selengkapnya,naik level nggak harus berlebihan. cukup pilih jaecoo j5. tampilan premium … lihat selengkapnya,Jaecoo J5,high,explicit_text_alias_strong,False,,,,False,not_relevant,no_adas_keyword,,UNKNOWN,,,,,,,
rec_2d4a08d9c0efad7d,Jaecoo J5,Jaecoo J5 EV INDONESIA,https://www.facebook.com/groups/861576359777228,post_6,post_6_comment_60,post_6,comment,,,,Naik level nggak harus berlebihan. Cukup pilih JAECOO J5.,https://www.facebook.com/groups/861576359777228,1789658227000,raw_data_all.jsonl,rec_2d4a08d9c0efad7d,False,Naik level nggak harus berlebihan. Cukup pilih JAECOO J5.,naik level nggak harus berlebihan. cukup pilih jaecoo j5.,Jaecoo J5,high,explicit_text_alias_strong,False,,,,False,not_relevant,no_adas_keyword,,UNKNOWN,,,,,,,
rec_521973af407c5e3f,Jaecoo J5,Jaecoo J5 EV INDONESIA,https://www.facebook.com/groups/861576359777228,post_6,post_6_comment_61,post_6,comment,,,,"Tampilan premium 
… Lihat selengkapnya",https://www.facebook.com/groups/861576359777228,1789658227000,raw_data_all.jsonl,rec_521973af407c5e3f,False,Tampilan premium … Lihat selengkapnya,tampilan premium … lihat selengkapnya,Jaecoo J5,medium,community_context,False,,,,False,not_relevant,no_adas_keyword,,UNKNOWN,,,,,,,
rec_b2aac221a3447064,Jaecoo J5,Jaecoo J5 EV INDONESIA,https://www.facebook.com/groups/861576359777228,1117551637513031,,,post,,,,"Gabriel Go
  ·
2 hari
Kl dg orang ga dikenal better via pihak ke3 (shoppee/tokped misalnya) kl orangny ribet fix itu penipu om, krn kl orang niat ju… Lihat selengkapnya
Balas
Bagikan
1",https://www.facebook.com/groups/861576359777228/posts/1117551637513031/?comment_id=1117731050828423&__cft__[0]=AZhw5hR8X6bXmDmaRtRksQPnS2cUGf5TiP0rXjquS4Go33Gs-d1F0mw-Jq30Yt7vMgCHQ0GxPR1e_BRUuVfLG9GxxTh4pR5iSUNYDrOeBfjnsViWAMuer-O45xVVsE_sfLCHuYvqHVrc-esbIhzWMIB6LvhJg9r_cdqARhtgUILVUnnjIuYmppHVpzu8HZh9u1Ck&__tn__=R-R,1789658246000,raw_data_all.jsonl,rec_b2aac221a3447064,False,"Gabriel Go · 2 hari Kl dg orang ga dikenal better via pihak ke3 (shoppee/tokped misalnya) kl orangny ribet fix itu penipu om, krn kl orang niat ju… Lihat selengkapnya Balas Bagikan 1","gabriel go · 2 hari kl dg orang ga dikenal better via pihak ke3 (shoppee/tokped misalnya) kl orangny ribet fix itu penipu om, krn kl orang niat ju… lihat selengkapnya balas bagikan 1",Jaecoo J5,medium,community_context,False,,,,False,not_relevant,no_adas_keyword,,UNKNOWN,,,,,,,
rec_025c49a9fdce3bd3,Jaecoo J5,Jaecoo J5 EV INDONESIA,https://www.facebook.com/groups/861576359777228,1117551637513031,1117551637513031_comment_1,1117551637513031,comment,,,,"FORTUNER VNT TRD
TAHUN 2013
SURAT LENGKAP
PAJEK HIDUP 10.26
KM 88 RB RECORD
Lihat selengkapnya",https://www.facebook.com/groups/861576359777228/posts/1117551637513031/?comment_id=1117731050828423&__cft__[0]=AZhw5hR8X6bXmDmaRtRksQPnS2cUGf5TiP0rXjquS4Go33Gs-d1F0mw-Jq30Yt7vMgCHQ0GxPR1e_BRUuVfLG9GxxTh4pR5iSUNYDrOeBfjnsViWAMuer-O45xVVsE_sfLCHuYvqHVrc-esbIhzWMIB6LvhJg9r_cdqARhtgUILVUnnjIuYmppHVpzu8HZh9u1Ck&__tn__=R-R,1789658252000,raw_data_all.jsonl,rec_025c49a9fdce3bd3,False,FORTUNER VNT TRD TAHUN 2013 SURAT LENGKAP PAJEK HIDUP 10.26 KM 88 RB RECORD Lihat selengkapnya,fortuner vnt trd tahun 2013 surat lengkap pajek hidup 10.26 km 88 rb record lihat selengkapnya,Jaecoo J5,medium,community_context,False,,,,False,not_relevant,no_adas_keyword,,UNKNOWN,,,,,,,
rec_2bc263debef237ca,Jaecoo J5,Jaecoo J5 EV INDONESIA,https://www.facebook.com/groups/861576359777228,1117551637513031,1117551637513031_comment_2,1117551637513031,comment,,,,Hati2 dengan penawaran penjualan Ban j5 atas nama Jovi Tama atau Alvian. Sindikat penipu sby jkt. Saya sdh kena beli Ban dikirim hanya kardus. Meskipun dikasih resi dari JNE. Nama berubah2 dan beberapa kali posting menawarkan ban copotan kalau saya liat di group ini. No hp yg dipakai 0881010069588 dan 081584229964. Profilnya pakai nama AJS atau AJS art. No rek tujuan pakai bank BRI atas nama nurwahidin no 035801000027562 atau pakai dana no 0881010069588. Tlg dibantu jika kenal spy tdk ada member yg kena tipu. Dan bisa saya laporkan ke pihak berwajib,https://www.facebook.com/groups/861576359777228/posts/1117551637513031/?comment_id=1117731050828423&__cft__[0]=AZhw5hR8X6bXmDmaRtRksQPnS2cUGf5TiP0rXjquS4Go33Gs-d1F0mw-Jq30Yt7vMgCHQ0GxPR1e_BRUuVfLG9GxxTh4pR5iSUNYDrOeBfjnsViWAMuer-O45xVVsE_sfLCHuYvqHVrc-esbIhzWMIB6LvhJg9r_cdqARhtgUILVUnnjIuYmppHVpzu8HZh9u1Ck&__tn__=R-R,1789658252000,raw_data_all.jsonl,rec_2bc263debef237ca,False,Hati2 dengan penawaran penjualan Ban j5 atas nama Jovi Tama atau Alvian. Sindikat penipu sby jkt. Saya sdh kena beli Ban dikirim hanya kardus. Meskipun dikasih resi dari JNE. Nama berubah2 dan beberapa kali posting menawarkan ban copotan kalau saya liat di group ini. No hp yg dipakai 0881010069588 dan 081584229964. Profilnya pakai nama AJS atau AJS art. No rek tujuan pakai bank BRI atas nama nurwahidin no 035801000027562 atau pakai dana no 0881010069588. Tlg dibantu jika kenal spy tdk ada member yg kena tipu. Dan bisa saya laporkan ke pihak berwajib,hati2 dengan penawaran penjualan ban j5 atas nama jovi tama atau alvian. sindikat penipu sby jkt. saya sdh kena beli ban dikirim hanya kardus. meskipun dikasih resi dari jne. nama berubah2 dan beberapa kali posting menawarkan ban copotan kalau saya liat di group ini. no hp yg dipakai 0881010069588 dan 081584229964. profilnya pakai nama ajs atau ajs art. no rek tujuan pakai bank bri atas nama nurwahidin no 035801000027562 atau pakai dana no 0881010069588. tlg dibantu jika kenal spy tdk ada member yg kena tipu. dan bisa saya laporkan ke pihak berwajib,Jaecoo J5,high,explicit_text_alias_strong,False,,,,False,not_relevant,no_adas_keyword,,UNKNOWN,,,,,,,
rec_88a96e75bdc0ead2,Jaecoo J5,Jaecoo J5 EV INDONESIA,https://www.facebook.com/groups/861576359777228,1117551637513031,1117551637513031_comment_3,1117551637513031,comment,,,,"Kl dg orang ga dikenal better via pihak ke3 (shoppee/tokped misalnya) kl orangny ribet fix itu penipu om, krn kl orang niat jualan pasti ok2 krn kan tinggal masukin aja di etalaseny, kirim link, bayar proses kirim deh",https://www.facebook.com/groups/861576359777228/posts/1117551637513031/?comment_id=1117731050828423&__cft__[0]=AZhw5hR8X6bXmDmaRtRksQPnS2cUGf5TiP0rXjquS4Go33Gs-d1F0mw-Jq30Yt7vMgCHQ0GxPR1e_BRUuVfLG9GxxTh4pR5iSUNYDrOeBfjnsViWAMuer-O45xVVsE_sfLCHuYvqHVrc-esbIhzWMIB6LvhJg9r_cdqARhtgUILVUnnjIuYmppHVpzu8HZh9u1Ck&__tn__=R-R,1789658252000,raw_data_all.jsonl,rec_88a96e75bdc0ead2,False,"Kl dg orang ga dikenal better via pihak ke3 (shoppee/tokped misalnya) kl orangny ribet fix itu penipu om, krn kl orang niat jualan pasti ok2 krn kan tinggal masukin aja di etalaseny, kirim link, bayar proses kirim deh","kl dg orang ga dikenal better via pihak ke3 (shoppee/tokped misalnya) kl orangny ribet fix itu penipu om, krn kl orang niat jualan pasti ok2 krn kan tinggal masukin aja di etalaseny, kirim link, bayar proses kirim deh",Jaecoo J5,medium,community_context,False,,,,False,not_relevant,no_adas_keyword,,UNKNOWN,,,,,,,
rec_c26431c9695e7ec8,Jaecoo J5,Jaecoo J5 EV INDONESIA,https://www.facebook.com/groups/861576359777228,1117551637513031,1117551637513031_comment_4,1117551637513031,comment,,,,Ini namanya,https://www.facebook.com/groups/861576359777228/posts/1117551637513031/?comment_id=1117731050828423&__cft__[0]=AZhw5hR8X6bXmDmaRtRksQPnS2cUGf5TiP0rXjquS4Go33Gs-d1F0mw-Jq30Yt7vMgCHQ0GxPR1e_BRUuVfLG9GxxTh4pR5iSUNYDrOeBfjnsViWAMuer-O45xVVsE_sfLCHuYvqHVrc-esbIhzWMIB6LvhJg9r_cdqARhtgUILVUnnjIuYmppHVpzu8HZh9u1Ck&__tn__=R-R,1789658252000,raw_data_all.jsonl,rec_c26431c9695e7ec8,False,Ini namanya,ini namanya,Jaecoo J5,medium,community_context,False,,,,False,not_relevant,no_adas_keyword,,UNKNOWN,,,,,,,
rec_1b78a037f192d65a,Jaecoo J5,Jaecoo J5 EV INDONESIA,https://www.facebook.com/groups/861576359777228,1117551637513031,1117551637513031_comment_5,1117551637513031,comment,,,,Saya beli velg dikirim cuma kardus saja,https://www.facebook.com/groups/861576359777228/posts/1117551637513031/?comment_id=1117731050828423&__cft__[0]=AZhw5hR8X6bXmDmaRtRksQPnS2cUGf5TiP0rXjquS4Go33Gs-d1F0mw-Jq30Yt7vMgCHQ0GxPR1e_BRUuVfLG9GxxTh4pR5iSUNYDrOeBfjnsViWAMuer-O45xVVsE_sfLCHuYvqHVrc-esbIhzWMIB6LvhJg9r_cdqARhtgUILVUnnjIuYmppHVpzu8HZh9u1Ck&__tn__=R-R,1789658252000,raw_data_all.jsonl,rec_1b78a037f192d65a,False,Saya beli velg dikirim cuma kardus saja,saya beli velg dikirim cuma kardus saja,Jaecoo J5,medium,community_context,False,,,,False,not_relevant,no_adas_keyword,,UNKNOWN,,,,,,,
rec_e991b484a899e47f,Jaecoo J5,Jaecoo J5 EV INDONESIA,https://www.facebook.com/groups/861576359777228,1117551637513031,1117551637513031_comment_6,1117551637513031,comment,,,,"Banyak om penipu disini, gw aja hampir kena, pdhl ngajakin COD, skrg gonta ganti nama klo liat di chat fb nya..",https://www.facebook.com/groups/861576359777228/posts/1117551637513031/?comment_id=1117731050828423&__cft__[0]=AZhw5hR8X6bXmDmaRtRksQPnS2cUGf5TiP0rXjquS4Go33Gs-d1F0mw-Jq30Yt7vMgCHQ0GxPR1e_BRUuVfLG9GxxTh4pR5iSUNYDrOeBfjnsViWAMuer-O45xVVsE_sfLCHuYvqHVrc-esbIhzWMIB6LvhJg9r_cdqARhtgUILVUnnjIuYmppHVpzu8HZh9u1Ck&__tn__=R-R,1789658252000,raw_data_all.jsonl,rec_e991b484a899e47f,False,"Banyak om penipu disini, gw aja hampir kena, pdhl ngajakin COD, skrg gonta ganti nama klo liat di chat fb nya..","banyak om penipu disini, gw aja hampir kena, pdhl ngajakin cod, skrg gonta ganti nama klo liat di chat fb nya..",Jaecoo J5,medium,community_context,False,,,,False,not_relevant,no_adas_keyword,,UNKNOWN,,,,,,,
rec_8e85fc7a9229e256,Jaecoo J5,Jaecoo J5 EV INDONESIA,https://www.facebook.com/groups/861576359777228,1117551637513031,1117551637513031_comment_7,1117551637513031,comment,,,,"Semoga yg nipu, hati gak tenang, makan gak nikmat, tdr gak nyenyak, hati terus gelisah sampe akhir hayat, aminnn",https://www.facebook.com/groups/861576359777228/posts/1117551637513031/?comment_id=1117731050828423&__cft__[0]=AZhw5hR8X6bXmDmaRtRksQPnS2cUGf5TiP0rXjquS4Go33Gs-d1F0mw-Jq30Yt7vMgCHQ0GxPR1e_BRUuVfLG9GxxTh4pR5iSUNYDrOeBfjnsViWAMuer-O45xVVsE_sfLCHuYvqHVrc-esbIhzWMIB6LvhJg9r_cdqARhtgUILVUnnjIuYmppHVpzu8HZh9u1Ck&__tn__=R-R,1789658252000,raw_data_all.jsonl,rec_8e85fc7a9229e256,False,"Semoga yg nipu, hati gak tenang, makan gak nikmat, tdr gak nyenyak, hati terus gelisah sampe akhir hayat, aminnn","semoga yg nipu, hati gak tenang, makan gak nikmat, tdr gak nyenyak, hati terus gelisah sampe akhir hayat, aminnn",Jaecoo J5,medium,community_context,False,,,,False,not_relevant,no_adas_keyword,,UNKNOWN,,,,,,,
rec_62ab232113e9b4c7,Jaecoo J5,Jaecoo J5 EV INDONESIA,https://www.facebook.com/groups/861576359777228,1117551637513031,1117551637513031_comment_8,1117551637513031,comment,,,,Lebih baik cod KLO Deket atau KLO jauh rekber,https://www.facebook.com/groups/861576359777228/posts/1117551637513031/?comment_id=1117731050828423&__cft__[0]=AZhw5hR8X6bXmDmaRtRksQPnS2cUGf5TiP0rXjquS4Go33Gs-d1F0mw-Jq30Yt7vMgCHQ0GxPR1e_BRUuVfLG9GxxTh4pR5iSUNYDrOeBfjnsViWAMuer-O45xVVsE_sfLCHuYvqHVrc-esbIhzWMIB6LvhJg9r_cdqARhtgUILVUnnjIuYmppHVpzu8HZh9u1Ck&__tn__=R-R,1789658252000,raw_data_all.jsonl,rec_62ab232113e9b4c7,False,Lebih baik cod KLO Deket atau KLO jauh rekber,lebih baik cod klo deket atau klo jauh rekber,Jaecoo J5,medium,community_context,False,,,,False,not_relevant,no_adas_keyword,,UNKNOWN,,,,,,,
rec_9c96b6737b678ef7,Jaecoo J5,Jaecoo J5 EV INDONESIA,https://www.facebook.com/groups/861576359777228,1117551637513031,1117551637513031_comment_9,1117551637513031,comment,,,,Pemain lama ini ud sering beredar di semua group mobil,https://www.facebook.com/groups/861576359777228/posts/1117551637513031/?comment_id=1117731050828423&__cft__[0]=AZhw5hR8X6bXmDmaRtRksQPnS2cUGf5TiP0rXjquS4Go33Gs-d1F0mw-Jq30Yt7vMgCHQ0GxPR1e_BRUuVfLG9GxxTh4pR5iSUNYDrOeBfjnsViWAMuer-O45xVVsE_sfLCHuYvqHVrc-esbIhzWMIB6LvhJg9r_cdqARhtgUILVUnnjIuYmppHVpzu8HZh9u1Ck&__tn__=R-R,1789658252000,raw_data_all.jsonl,rec_9c96b6737b678ef7,False,Pemain lama ini ud sering beredar di semua group mobil,pemain lama ini ud sering beredar di semua group mobil,Jaecoo J5,medium,community_context,False,,,,False,not_relevant,no_adas_keyword,,UNKNOWN,,,,,,,
rec_80fc434c3f3f7259,Jaecoo J5,Jaecoo J5 EV INDONESIA,https://www.facebook.com/groups/861576359777228,1117551637513031,1117551637513031_comment_10,1117551637513031,comment,,,,"Duh kasihan Om, saya yg jualan asli jadi susah.. Memang jgn tergiur harga murah sih",https://www.facebook.com/groups/861576359777228/posts/1117551637513031/?comment_id=1117731050828423&__cft__[0]=AZhw5hR8X6bXmDmaRtRksQPnS2cUGf5TiP0rXjquS4Go33Gs-d1F0mw-Jq30Yt7vMgCHQ0GxPR1e_BRUuVfLG9GxxTh4pR5iSUNYDrOeBfjnsViWAMuer-O45xVVsE_sfLCHuYvqHVrc-esbIhzWMIB6LvhJg9r_cdqARhtgUILVUnnjIuYmppHVpzu8HZh9u1Ck&__tn__=R-R,1789658252000,raw_data_all.jsonl,rec_80fc434c3f3f7259,False,"Duh kasihan Om, saya yg jualan asli jadi susah.. Memang jgn tergiur harga murah sih","duh kasihan om, saya yg jualan asli jadi susah.. memang jgn tergiur harga murah sih",Jaecoo J5,medium,community_context,False,,,,False,not_relevant,no_adas_keyword,,UNKNOWN,,,,,,,
rec_de7e9aae8f36430f,Jaecoo J5,Jaecoo J5 EV INDONESIA,https://www.facebook.com/groups/861576359777228,1117551637513031,1117551637513031_comment_11,1117551637513031,comment,,,,Kalau aman via shope sy juga melayani,https://www.facebook.com/groups/861576359777228/posts/1117551637513031/?comment_id=1117731050828423&__cft__[0]=AZhw5hR8X6bXmDmaRtRksQPnS2cUGf5TiP0rXjquS4Go33Gs-d1F0mw-Jq30Yt7vMgCHQ0GxPR1e_BRUuVfLG9GxxTh4pR5iSUNYDrOeBfjnsViWAMuer-O45xVVsE_sfLCHuYvqHVrc-esbIhzWMIB6LvhJg9r_cdqARhtgUILVUnnjIuYmppHVpzu8HZh9u1Ck&__tn__=R-R,1789658252000,raw_data_all.jsonl,rec_de7e9aae8f36430f,False,Kalau aman via shope sy juga melayani,kalau aman via shope sy juga melayani,Jaecoo J5,medium,community_context,False,,,,False,not_relevant,no_adas_keyword,,UNKNOWN,,,,,,,
rec_c7c9a5f14ccb96b6,Jaecoo J5,Jaecoo J5 EV INDONESIA,https://www.facebook.com/groups/861576359777228,1117551637513031,1117551637513031_comment_12,1117551637513031,comment,,,,Mending beli di Shopee jelas aman https://s.shopee.co.id/6L4S1Vb0QD,https://www.facebook.com/groups/861576359777228/posts/1117551637513031/?comment_id=1117731050828423&__cft__[0]=AZhw5hR8X6bXmDmaRtRksQPnS2cUGf5TiP0rXjquS4Go33Gs-d1F0mw-Jq30Yt7vMgCHQ0GxPR1e_BRUuVfLG9GxxTh4pR5iSUNYDrOeBfjnsViWAMuer-O45xVVsE_sfLCHuYvqHVrc-esbIhzWMIB6LvhJg9r_cdqARhtgUILVUnnjIuYmppHVpzu8HZh9u1Ck&__tn__=R-R,1789658252000,raw_data_all.jsonl,rec_c7c9a5f14ccb96b6,False,Mending beli di Shopee jelas aman [url],mending beli di shopee jelas aman [url],Jaecoo J5,medium,community_context,False,,,,False,not_relevant,no_adas_keyword,,UNKNOWN,,,,,,,
rec_97aa80cb118a0816,Jaecoo J5,Jaecoo J5 EV INDONESIA,https://www.facebook.com/groups/861576359777228,1112934944641367,,,post,,,,"Rido Setiawan
  ·
1minggu
Temuin pimpinannya, kacab atau spv
Balas
Bagikan
1",https://www.facebook.com/groups/861576359777228/posts/1112934944641367/?comment_id=1113042141297314&__cft__[0]=AZhe0c5no1RN0S94GDX58DTCUv7McWoMWl_9Of-wkYPEwe7QAERmVsb3WmYEaBGWylL2zEmGrMApr7Hc1FEj-sNX-qJTANJhG4fv4-O3cwOepUlO4hngRLzKI7sRK7sDrsPOSK_iA_nBYfWZbifEGrG0jNb2glSHW8iuzZbCOoZaEI-mFQVkWM0lSXLA2-6ulhT_v3sSwf3jIotfpTgI&__tn__=R-R,1789658461000,raw_data_all.jsonl,rec_97aa80cb118a0816,False,"Rido Setiawan · 1minggu Temuin pimpinannya, kacab atau spv Balas Bagikan 1","rido setiawan · 1minggu temuin pimpinannya, kacab atau spv balas bagikan 1",Jaecoo J5,medium,community_context,False,,,,False,not_relevant,no_adas_keyword,,UNKNOWN,,,,,,,
rec_2eb8afab06d0687e,Jaecoo J5,Jaecoo J5 EV INDONESIA,https://www.facebook.com/groups/861576359777228,1112934944641367,1112934944641367_comment_1,1112934944641367,comment,,,,"FORTUNER VNT TRD
TAHUN 2013
SURAT LENGKAP
PAJEK HIDUP 10.26
KM 88 RB RECORD
Lihat selengkapnya",https://www.facebook.com/groups/861576359777228/posts/1112934944641367/?comment_id=1113042141297314&__cft__[0]=AZhe0c5no1RN0S94GDX58DTCUv7McWoMWl_9Of-wkYPEwe7QAERmVsb3WmYEaBGWylL2zEmGrMApr7Hc1FEj-sNX-qJTANJhG4fv4-O3cwOepUlO4hngRLzKI7sRK7sDrsPOSK_iA_nBYfWZbifEGrG0jNb2glSHW8iuzZbCOoZaEI-mFQVkWM0lSXLA2-6ulhT_v3sSwf3jIotfpTgI&__tn__=R-R,1789658466000,raw_data_all.jsonl,rec_2eb8afab06d0687e,False,FORTUNER VNT TRD TAHUN 2013 SURAT LENGKAP PAJEK HIDUP 10.26 KM 88 RB RECORD Lihat selengkapnya,fortuner vnt trd tahun 2013 surat lengkap pajek hidup 10.26 km 88 rb record lihat selengkapnya,Jaecoo J5,medium,community_context,False,,,,False,not_relevant,no_adas_keyword,,UNKNOWN,,,,,,,
rec_4be1337227d76dfa,Jaecoo J5,Jaecoo J5 EV INDONESIA,https://www.facebook.com/groups/861576359777228,1112934944641367,1112934944641367_comment_2,1112934944641367,comment,,,,"Saya beli Jaecoo J5 di dealer Jaecoo Cibubur, sudah 3.5 bulan masih belum jadi STNK saya. Barusan diberhentikan polisi karena plat surat jalan sudah kadaluarsa. Setiap 2-3 hari saya tanyakan ke dealer dan selalu dijawab akan dikabari jika sudah ad. Saya harus bagaimana ya?  Apakah ada yg sama pengalamannya?",https://www.facebook.com/groups/861576359777228/posts/1112934944641367/?comment_id=1113042141297314&__cft__[0]=AZhe0c5no1RN0S94GDX58DTCUv7McWoMWl_9Of-wkYPEwe7QAERmVsb3WmYEaBGWylL2zEmGrMApr7Hc1FEj-sNX-qJTANJhG4fv4-O3cwOepUlO4hngRLzKI7sRK7sDrsPOSK_iA_nBYfWZbifEGrG0jNb2glSHW8iuzZbCOoZaEI-mFQVkWM0lSXLA2-6ulhT_v3sSwf3jIotfpTgI&__tn__=R-R,1789658466000,raw_data_all.jsonl,rec_4be1337227d76dfa,False,"Saya beli Jaecoo J5 di dealer Jaecoo Cibubur, sudah 3.5 bulan masih belum jadi STNK saya. Barusan diberhentikan polisi karena plat surat jalan sudah kadaluarsa. Setiap 2-3 hari saya tanyakan ke dealer dan selalu dijawab akan dikabari jika sudah ad. Saya harus bagaimana ya? Apakah ada yg sama pengalamannya?","saya beli jaecoo j5 di dealer jaecoo cibubur, sudah 3.5 bulan masih belum jadi stnk saya. barusan diberhentikan polisi karena plat surat jalan sudah kadaluarsa. setiap 2-3 hari saya tanyakan ke dealer dan selalu dijawab akan dikabari jika sudah ad. saya harus bagaimana ya? apakah ada yg sama pengalamannya?",Jaecoo J5,high,explicit_text_alias_strong,False,,,,False,not_relevant,no_adas_keyword,,UNKNOWN,,,,,,,
rec_0c1ceb5fcb6ecd4d,Jaecoo J5,Jaecoo J5 EV INDONESIA,https://www.facebook.com/groups/861576359777228,1112934944641367,1112934944641367_comment_3,1112934944641367,comment,,,,"Temuin pimpinannya, kacab atau spv",https://www.facebook.com/groups/861576359777228/posts/1112934944641367/?comment_id=1113042141297314&__cft__[0]=AZhe0c5no1RN0S94GDX58DTCUv7McWoMWl_9Of-wkYPEwe7QAERmVsb3WmYEaBGWylL2zEmGrMApr7Hc1FEj-sNX-qJTANJhG4fv4-O3cwOepUlO4hngRLzKI7sRK7sDrsPOSK_iA_nBYfWZbifEGrG0jNb2glSHW8iuzZbCOoZaEI-mFQVkWM0lSXLA2-6ulhT_v3sSwf3jIotfpTgI&__tn__=R-R,1789658466000,raw_data_all.jsonl,rec_0c1ceb5fcb6ecd4d,False,"Temuin pimpinannya, kacab atau spv","temuin pimpinannya, kacab atau spv",Jaecoo J5,medium,community_context,False,,,,False,not_relevant,no_adas_keyword,,UNKNOWN,,,,,,,
rec_07d4ee4f21ce60ee,Jaecoo J5,Jaecoo J5 EV INDONESIA,https://www.facebook.com/groups/861576359777228,1112934944641367,1112934944641367_comment_4,1112934944641367,comment,,,,"Rido Setiawan
ga akan ngaruh, soalnya stnk ga mungkin di tahan sama sales, spv atau kacab wkwk beda divisi",https://www.facebook.com/groups/861576359777228/posts/1112934944641367/?comment_id=1113042141297314&__cft__[0]=AZhe0c5no1RN0S94GDX58DTCUv7McWoMWl_9Of-wkYPEwe7QAERmVsb3WmYEaBGWylL2zEmGrMApr7Hc1FEj-sNX-qJTANJhG4fv4-O3cwOepUlO4hngRLzKI7sRK7sDrsPOSK_iA_nBYfWZbifEGrG0jNb2glSHW8iuzZbCOoZaEI-mFQVkWM0lSXLA2-6ulhT_v3sSwf3jIotfpTgI&__tn__=R-R,1789658466000,raw_data_all.jsonl,rec_07d4ee4f21ce60ee,False,"Rido Setiawan ga akan ngaruh, soalnya stnk ga mungkin di tahan sama sales, spv atau kacab wkwk beda divisi","rido setiawan ga akan ngaruh, soalnya stnk ga mungkin di tahan sama sales, spv atau kacab wkwk beda divisi",Jaecoo J5,medium,community_context,False,,,,False,not_relevant,no_adas_keyword,,UNKNOWN,,,,,,,
rec_9382b2c394274918,Jaecoo J5,Jaecoo J5 EV INDONESIA,https://www.facebook.com/groups/861576359777228,1112934944641367,1112934944641367_comment_5,1112934944641367,comment,,,,"Rido Setiawan
kalo udah jadi jg pasti di kasih, soalnya sales juga ga mungkin nahan2 mereka juga pasti kesel klo di tanyain terus ke admin2",https://www.facebook.com/groups/861576359777228/posts/1112934944641367/?comment_id=1113042141297314&__cft__[0]=AZhe0c5no1RN0S94GDX58DTCUv7McWoMWl_9Of-wkYPEwe7QAERmVsb3WmYEaBGWylL2zEmGrMApr7Hc1FEj-sNX-qJTANJhG4fv4-O3cwOepUlO4hngRLzKI7sRK7sDrsPOSK_iA_nBYfWZbifEGrG0jNb2glSHW8iuzZbCOoZaEI-mFQVkWM0lSXLA2-6ulhT_v3sSwf3jIotfpTgI&__tn__=R-R,1789658466000,raw_data_all.jsonl,rec_9382b2c394274918,False,"Rido Setiawan kalo udah jadi jg pasti di kasih, soalnya sales juga ga mungkin nahan2 mereka juga pasti kesel klo di tanyain terus ke admin2","rido setiawan kalo udah jadi jg pasti di kasih, soalnya sales juga ga mungkin nahan2 mereka juga pasti kesel klo di tanyain terus ke admin2",Jaecoo J5,medium,community_context,False,,,,False,not_relevant,no_adas_keyword,,UNKNOWN,,,,,,,
rec_ff3ebb0fa7a3d2da,Jaecoo J5,Jaecoo J5 EV INDONESIA,https://www.facebook.com/groups/861576359777228,1112934944641367,1112934944641367_comment_6,1112934944641367,comment,,,,"Coba pm saya om, nanti di bantu",https://www.facebook.com/groups/861576359777228/posts/1112934944641367/?comment_id=1113042141297314&__cft__[0]=AZhe0c5no1RN0S94GDX58DTCUv7McWoMWl_9Of-wkYPEwe7QAERmVsb3WmYEaBGWylL2zEmGrMApr7Hc1FEj-sNX-qJTANJhG4fv4-O3cwOepUlO4hngRLzKI7sRK7sDrsPOSK_iA_nBYfWZbifEGrG0jNb2glSHW8iuzZbCOoZaEI-mFQVkWM0lSXLA2-6ulhT_v3sSwf3jIotfpTgI&__tn__=R-R,1789658466000,raw_data_all.jsonl,rec_ff3ebb0fa7a3d2da,False,"Coba pm saya om, nanti di bantu","coba pm saya om, nanti di bantu",Jaecoo J5,medium,community_context,False,,,,False,not_relevant,no_adas_keyword,,UNKNOWN,,,,,,,
rec_565cdb2c92578a0c,Jaecoo J5,Jaecoo J5 EV INDONESIA,https://www.facebook.com/groups/861576359777228,1112934944641367,1112934944641367_comment_7,1112934944641367,comment,,,,"Saya 3,5 bln dan plat sementaranya cuma 1 bln kalau diperpajang 1,5jt/bln dan kalau bpkb hampir 6 bulan sampai sekarang belum jadi...saya jeacoo mampang...ampunn",https://www.facebook.com/groups/861576359777228/posts/1112934944641367/?comment_id=1113042141297314&__cft__[0]=AZhe0c5no1RN0S94GDX58DTCUv7McWoMWl_9Of-wkYPEwe7QAERmVsb3WmYEaBGWylL2zEmGrMApr7Hc1FEj-sNX-qJTANJhG4fv4-O3cwOepUlO4hngRLzKI7sRK7sDrsPOSK_iA_nBYfWZbifEGrG0jNb2glSHW8iuzZbCOoZaEI-mFQVkWM0lSXLA2-6ulhT_v3sSwf3jIotfpTgI&__tn__=R-R,1789658466000,raw_data_all.jsonl,rec_565cdb2c92578a0c,False,"Saya 3,5 bln dan plat sementaranya cuma 1 bln kalau diperpajang 1,5jt/bln dan kalau bpkb hampir 6 bulan sampai sekarang belum jadi...saya jeacoo mampang...ampunn","saya 3,5 bln dan plat sementaranya cuma 1 bln kalau diperpajang 1,5jt/bln dan kalau bpkb hampir 6 bulan sampai sekarang belum jadi...saya jeacoo mampang...ampunn",Jaecoo J5,medium,community_context,False,,,,False,not_relevant,no_adas_keyword,,UNKNOWN,,,,,,,
rec_4a5bff39f71cb79b,Jaecoo J5,Jaecoo J5 EV INDONESIA,https://www.facebook.com/groups/861576359777228,1112934944641367,1112934944641367_comment_8,1112934944641367,comment,,,,"Coba tlp ke CSI pusat pak 0800 1 7979 79. Waktu itu saya sebulan setelah DO blm keluar STNK, tanya ke dealer katanya faktur dari pusat yg blm terbit, makanya blm bisa diurus STNK. Trus hub CSI, fakturnya udh jadi dan udh dikirim ke dealer (tp pas sy tanya mgkn memang blm sampai dealer). Beberapa hari setelahnya, sy dikabari faktur udh sampe dan lgsg diurus ke samsat.. sekitar 2 minggu STNK siap.",https://www.facebook.com/groups/861576359777228/posts/1112934944641367/?comment_id=1113042141297314&__cft__[0]=AZhe0c5no1RN0S94GDX58DTCUv7McWoMWl_9Of-wkYPEwe7QAERmVsb3WmYEaBGWylL2zEmGrMApr7Hc1FEj-sNX-qJTANJhG4fv4-O3cwOepUlO4hngRLzKI7sRK7sDrsPOSK_iA_nBYfWZbifEGrG0jNb2glSHW8iuzZbCOoZaEI-mFQVkWM0lSXLA2-6ulhT_v3sSwf3jIotfpTgI&__tn__=R-R,1789658466000,raw_data_all.jsonl,rec_4a5bff39f71cb79b,False,"Coba tlp ke CSI pusat pak 0800 1 7979 79. Waktu itu saya sebulan setelah DO blm keluar STNK, tanya ke dealer katanya faktur dari pusat yg blm terbit, makanya blm bisa diurus STNK. Trus hub CSI, fakturnya udh jadi dan udh dikirim ke dealer (tp pas sy tanya mgkn memang blm sampai dealer). Beberapa hari setelahnya, sy dikabari faktur udh sampe dan lgsg diurus ke samsat.. sekitar 2 minggu STNK siap.","coba tlp ke csi pusat pak 0800 1 7979 79. waktu itu saya sebulan setelah do blm keluar stnk, tanya ke dealer katanya faktur dari pusat yg blm terbit, makanya blm bisa diurus stnk. trus hub csi, fakturnya udh jadi dan udh dikirim ke dealer (tp pas sy tanya mgkn memang blm sampai dealer). beberapa hari setelahnya, sy dikabari faktur udh sampe dan lgsg diurus ke samsat.. sekitar 2 minggu stnk siap.",Jaecoo J5,medium,community_context,False,,,,False,not_relevant,no_adas_keyword,,UNKNOWN,,,,,,,
rec_001dbe1e3e8a8fd0,Jaecoo J5,Jaecoo J5 EV INDONESIA,https://www.facebook.com/groups/861576359777228,1112934944641367,1112934944641367_comment_9,1112934944641367,comment,,,,Alhamdulillah hari ini STNK akhirnya saya terima. Setelah 4 bulan sejak terima unit mobilnya,https://www.facebook.com/groups/861576359777228/posts/1112934944641367/?comment_id=1113042141297314&__cft__[0]=AZhe0c5no1RN0S94GDX58DTCUv7McWoMWl_9Of-wkYPEwe7QAERmVsb3WmYEaBGWylL2zEmGrMApr7Hc1FEj-sNX-qJTANJhG4fv4-O3cwOepUlO4hngRLzKI7sRK7sDrsPOSK_iA_nBYfWZbifEGrG0jNb2glSHW8iuzZbCOoZaEI-mFQVkWM0lSXLA2-6ulhT_v3sSwf3jIotfpTgI&__tn__=R-R,1789658466000,raw_data_all.jsonl,rec_001dbe1e3e8a8fd0,False,Alhamdulillah hari ini STNK akhirnya saya terima. Setelah 4 bulan sejak terima unit mobilnya,alhamdulillah hari ini stnk akhirnya saya terima. setelah 4 bulan sejak terima unit mobilnya,Jaecoo J5,medium,community_context,False,,,,False,not_relevant,no_adas_keyword,,UNKNOWN,,,,,,,
rec_ce8b837273b392bc,Jaecoo J5,Jaecoo J5 EV INDONESIA,https://www.facebook.com/groups/861576359777228,1112934944641367,1112934944641367_comment_10,1112934944641367,comment,,,,Sama lagi dealernya,https://www.facebook.com/groups/861576359777228/posts/1112934944641367/?comment_id=1113042141297314&__cft__[0]=AZhe0c5no1RN0S94GDX58DTCUv7McWoMWl_9Of-wkYPEwe7QAERmVsb3WmYEaBGWylL2zEmGrMApr7Hc1FEj-sNX-qJTANJhG4fv4-O3cwOepUlO4hngRLzKI7sRK7sDrsPOSK_iA_nBYfWZbifEGrG0jNb2glSHW8iuzZbCOoZaEI-mFQVkWM0lSXLA2-6ulhT_v3sSwf3jIotfpTgI&__tn__=R-R,1789658466000,raw_data_all.jsonl,rec_ce8b837273b392bc,False,Sama lagi dealernya,sama lagi dealernya,Jaecoo J5,medium,community_context,False,,,,False,not_relevant,no_adas_keyword,,UNKNOWN,,,,,,,
